{
"type": "FeatureCollection",
"name": "KiliNP_Tiling_Grid_Polygons",
"crs": { "type": "name", "properties": { "name": "urn:ogc:def:crs:EPSG::32737" } },
"features": [
{ "type": "Feature", "properties": { }, "geometry": { "type": "MultiPolygon", "coordinates": [ [ [ [ 281645.962702552322298, 9663494.117625862360001 ], [ 281645.962702552322298, 9664524.867625862360001 ], [ 283148.162702552275732, 9664524.867625862360001 ], [ 283148.162702552275732, 9663494.117625862360001 ], [ 281645.962702552322298, 9663494.117625862360001 ] ] ] ] } },
{ "type": "Feature", "properties": { }, "geometry": { "type": "MultiPolygon", "coordinates": [ [ [ [ 283148.16270255233394, 9663494.117625862360001 ], [ 283148.16270255233394, 9664524.867625862360001 ], [ 284650.362702552287374, 9664524.867625862360001 ], [ 284650.362702552287374, 9663494.117625862360001 ], [ 283148.16270255233394, 9663494.117625862360001 ] ] ] ] } },
{ "type": "Feature", "properties": { }, "geometry": { "type": "MultiPolygon", "coordinates": [ [ [ [ 284650.362702552345581, 9663494.117625862360001 ], [ 284650.362702552345581, 9664524.867625862360001 ], [ 286152.562702552299015, 9664524.867625862360001 ], [ 286152.562702552299015, 9663494.117625862360001 ], [ 284650.362702552345581, 9663494.117625862360001 ] ] ] ] } },
{ "type": "Feature", "properties": { }, "geometry": { "type": "MultiPolygon", "coordinates": [ [ [ [ 286152.562702552357223, 9663494.117625862360001 ], [ 286152.562702552357223, 9664524.867625862360001 ], [ 287654.762702552310657, 9664524.867625862360001 ], [ 287654.762702552310657, 9663494.117625862360001 ], [ 286152.562702552357223, 9663494.117625862360001 ] ] ] ] } },
{ "type": "Feature", "properties": { }, "geometry": { "type": "MultiPolygon", "coordinates": [ [ [ [ 287654.762702552368864, 9663494.117625862360001 ], [ 287654.762702552368864, 9664524.867625862360001 ], [ 289156.962702552322298, 9664524.867625862360001 ], [ 289156.962702552322298, 9663494.117625862360001 ], [ 287654.762702552368864, 9663494.117625862360001 ] ] ] ] } },
{ "type": "Feature", "properties": { }, "geometry": { "type": "MultiPolygon", "coordinates": [ [ [ [ 289156.962702552322298, 9663494.117625862360001 ], [ 289156.962702552322298, 9664524.867625862360001 ], [ 290659.162702552275732, 9664524.867625862360001 ], [ 290659.162702552275732, 9663494.117625862360001 ], [ 289156.962702552322298, 9663494.117625862360001 ] ] ] ] } },
{ "type": "Feature", "properties": { }, "geometry": { "type": "MultiPolygon", "coordinates": [ [ [ [ 290659.16270255233394, 9663494.117625862360001 ], [ 290659.16270255233394, 9664524.867625862360001 ], [ 292161.362702552287374, 9664524.867625862360001 ], [ 292161.362702552287374, 9663494.117625862360001 ], [ 290659.16270255233394, 9663494.117625862360001 ] ] ] ] } },
{ "type": "Feature", "properties": { }, "geometry": { "type": "MultiPolygon", "coordinates": [ [ [ [ 292161.362702552345581, 9663494.117625862360001 ], [ 292161.362702552345581, 9664524.867625862360001 ], [ 293663.562702552299015, 9664524.867625862360001 ], [ 293663.562702552299015, 9663494.117625862360001 ], [ 292161.362702552345581, 9663494.117625862360001 ] ] ] ] } },
{ "type": "Feature", "properties": { }, "geometry": { "type": "MultiPolygon", "coordinates": [ [ [ [ 293663.562702552357223, 9663494.117625862360001 ], [ 293663.562702552357223, 9664524.867625862360001 ], [ 295165.762702552310657, 9664524.867625862360001 ], [ 295165.762702552310657, 9663494.117625862360001 ], [ 293663.562702552357223, 9663494.117625862360001 ] ] ] ] } },
{ "type": "Feature", "properties": { }, "geometry": { "type": "MultiPolygon", "coordinates": [ [ [ [ 295165.762702552368864, 9663494.117625862360001 ], [ 295165.762702552368864, 9664524.867625862360001 ], [ 296667.962702552322298, 9664524.867625862360001 ], [ 296667.962702552322298, 9663494.117625862360001 ], [ 295165.762702552368864, 9663494.117625862360001 ] ] ] ] } },
{ "type": "Feature", "properties": { }, "geometry": { "type": "MultiPolygon", "coordinates": [ [ [ [ 296667.962702552322298, 9663494.117625862360001 ], [ 296667.962702552322298, 9664524.867625862360001 ], [ 298170.162702552275732, 9664524.867625862360001 ], [ 298170.162702552275732, 9663494.117625862360001 ], [ 296667.962702552322298, 9663494.117625862360001 ] ] ] ] } },
{ "type": "Feature", "properties": { }, "geometry": { "type": "MultiPolygon", "coordinates": [ [ [ [ 298170.16270255233394, 9663494.117625862360001 ], [ 298170.16270255233394, 9664524.867625862360001 ], [ 299672.362702552287374, 9664524.867625862360001 ], [ 299672.362702552287374, 9663494.117625862360001 ], [ 298170.16270255233394, 9663494.117625862360001 ] ] ] ] } },
{ "type": "Feature", "properties": { }, "geometry": { "type": "MultiPolygon", "coordinates": [ [ [ [ 299672.362702552345581, 9663494.117625862360001 ], [ 299672.362702552345581, 9664524.867625862360001 ], [ 301174.562702552299015, 9664524.867625862360001 ], [ 301174.562702552299015, 9663494.117625862360001 ], [ 299672.362702552345581, 9663494.117625862360001 ] ] ] ] } },
{ "type": "Feature", "properties": { }, "geometry": { "type": "MultiPolygon", "coordinates": [ [ [ [ 301174.562702552357223, 9663494.117625862360001 ], [ 301174.562702552357223, 9664524.867625862360001 ], [ 302676.762702552310657, 9664524.867625862360001 ], [ 302676.762702552310657, 9663494.117625862360001 ], [ 301174.562702552357223, 9663494.117625862360001 ] ] ] ] } },
{ "type": "Feature", "properties": { }, "geometry": { "type": "MultiPolygon", "coordinates": [ [ [ [ 302676.762702552368864, 9663494.117625862360001 ], [ 302676.762702552368864, 9664524.867625862360001 ], [ 304178.962702552322298, 9664524.867625862360001 ], [ 304178.962702552322298, 9663494.117625862360001 ], [ 302676.762702552368864, 9663494.117625862360001 ] ] ] ] } },
{ "type": "Feature", "properties": { }, "geometry": { "type": "MultiPolygon", "coordinates": [ [ [ [ 304178.962702552322298, 9663494.117625862360001 ], [ 304178.962702552322298, 9664524.867625862360001 ], [ 305681.162702552275732, 9664524.867625862360001 ], [ 305681.162702552275732, 9663494.117625862360001 ], [ 304178.962702552322298, 9663494.117625862360001 ] ] ] ] } },
{ "type": "Feature", "properties": { }, "geometry": { "type": "MultiPolygon", "coordinates": [ [ [ [ 305681.16270255233394, 9663494.117625862360001 ], [ 305681.16270255233394, 9664524.867625862360001 ], [ 307183.362702552287374, 9664524.867625862360001 ], [ 307183.362702552287374, 9663494.117625862360001 ], [ 305681.16270255233394, 9663494.117625862360001 ] ] ] ] } },
{ "type": "Feature", "properties": { }, "geometry": { "type": "MultiPolygon", "coordinates": [ [ [ [ 307183.362702552345581, 9663494.117625862360001 ], [ 307183.362702552345581, 9664524.867625862360001 ], [ 308685.562702552299015, 9664524.867625862360001 ], [ 308685.562702552299015, 9663494.117625862360001 ], [ 307183.362702552345581, 9663494.117625862360001 ] ] ] ] } },
{ "type": "Feature", "properties": { }, "geometry": { "type": "MultiPolygon", "coordinates": [ [ [ [ 308685.562702552357223, 9663494.117625862360001 ], [ 308685.562702552357223, 9664524.867625862360001 ], [ 310187.762702552310657, 9664524.867625862360001 ], [ 310187.762702552310657, 9663494.117625862360001 ], [ 308685.562702552357223, 9663494.117625862360001 ] ] ] ] } },
{ "type": "Feature", "properties": { }, "geometry": { "type": "MultiPolygon", "coordinates": [ [ [ [ 310187.762702552368864, 9663494.117625862360001 ], [ 310187.762702552368864, 9664524.867625862360001 ], [ 311689.962702552322298, 9664524.867625862360001 ], [ 311689.962702552322298, 9663494.117625862360001 ], [ 310187.762702552368864, 9663494.117625862360001 ] ] ] ] } },
{ "type": "Feature", "properties": { }, "geometry": { "type": "MultiPolygon", "coordinates": [ [ [ [ 311689.962702552322298, 9663494.117625862360001 ], [ 311689.962702552322298, 9664524.867625862360001 ], [ 313192.162702552275732, 9664524.867625862360001 ], [ 313192.162702552275732, 9663494.117625862360001 ], [ 311689.962702552322298, 9663494.117625862360001 ] ] ] ] } },
{ "type": "Feature", "properties": { }, "geometry": { "type": "MultiPolygon", "coordinates": [ [ [ [ 313192.16270255233394, 9663494.117625862360001 ], [ 313192.16270255233394, 9664524.867625862360001 ], [ 314694.362702552287374, 9664524.867625862360001 ], [ 314694.362702552287374, 9663494.117625862360001 ], [ 313192.16270255233394, 9663494.117625862360001 ] ] ] ] } },
{ "type": "Feature", "properties": { }, "geometry": { "type": "MultiPolygon", "coordinates": [ [ [ [ 314694.362702552345581, 9663494.117625862360001 ], [ 314694.362702552345581, 9664524.867625862360001 ], [ 316196.562702552299015, 9664524.867625862360001 ], [ 316196.562702552299015, 9663494.117625862360001 ], [ 314694.362702552345581, 9663494.117625862360001 ] ] ] ] } },
{ "type": "Feature", "properties": { }, "geometry": { "type": "MultiPolygon", "coordinates": [ [ [ [ 316196.562702552357223, 9663494.117625862360001 ], [ 316196.562702552357223, 9664524.867625862360001 ], [ 317698.762702552310657, 9664524.867625862360001 ], [ 317698.762702552310657, 9663494.117625862360001 ], [ 316196.562702552357223, 9663494.117625862360001 ] ] ] ] } },
{ "type": "Feature", "properties": { }, "geometry": { "type": "MultiPolygon", "coordinates": [ [ [ [ 317698.762702552368864, 9663494.117625862360001 ], [ 317698.762702552368864, 9664524.867625862360001 ], [ 319200.962702552322298, 9664524.867625862360001 ], [ 319200.962702552322298, 9663494.117625862360001 ], [ 317698.762702552368864, 9663494.117625862360001 ] ] ] ] } },
{ "type": "Feature", "properties": { }, "geometry": { "type": "MultiPolygon", "coordinates": [ [ [ [ 319200.962702552322298, 9663494.117625862360001 ], [ 319200.962702552322298, 9664524.867625862360001 ], [ 320703.162702552275732, 9664524.867625862360001 ], [ 320703.162702552275732, 9663494.117625862360001 ], [ 319200.962702552322298, 9663494.117625862360001 ] ] ] ] } },
{ "type": "Feature", "properties": { }, "geometry": { "type": "MultiPolygon", "coordinates": [ [ [ [ 320703.16270255233394, 9663494.117625862360001 ], [ 320703.16270255233394, 9664524.867625862360001 ], [ 322205.362702552287374, 9664524.867625862360001 ], [ 322205.362702552287374, 9663494.117625862360001 ], [ 320703.16270255233394, 9663494.117625862360001 ] ] ] ] } },
{ "type": "Feature", "properties": { }, "geometry": { "type": "MultiPolygon", "coordinates": [ [ [ [ 322205.362702552345581, 9663494.117625862360001 ], [ 322205.362702552345581, 9664524.867625862360001 ], [ 323707.562702552299015, 9664524.867625862360001 ], [ 323707.562702552299015, 9663494.117625862360001 ], [ 322205.362702552345581, 9663494.117625862360001 ] ] ] ] } },
{ "type": "Feature", "properties": { }, "geometry": { "type": "MultiPolygon", "coordinates": [ [ [ [ 323707.562702552357223, 9663494.117625862360001 ], [ 323707.562702552357223, 9664524.867625862360001 ], [ 325209.762702552310657, 9664524.867625862360001 ], [ 325209.762702552310657, 9663494.117625862360001 ], [ 323707.562702552357223, 9663494.117625862360001 ] ] ] ] } },
{ "type": "Feature", "properties": { }, "geometry": { "type": "MultiPolygon", "coordinates": [ [ [ [ 325209.762702552368864, 9663494.117625862360001 ], [ 325209.762702552368864, 9664524.867625862360001 ], [ 326711.962702552322298, 9664524.867625862360001 ], [ 326711.962702552322298, 9663494.117625862360001 ], [ 325209.762702552368864, 9663494.117625862360001 ] ] ] ] } },
{ "type": "Feature", "properties": { }, "geometry": { "type": "MultiPolygon", "coordinates": [ [ [ [ 326711.962702552322298, 9663494.117625862360001 ], [ 326711.962702552322298, 9664524.867625862360001 ], [ 328214.162702552275732, 9664524.867625862360001 ], [ 328214.162702552275732, 9663494.117625862360001 ], [ 326711.962702552322298, 9663494.117625862360001 ] ] ] ] } },
{ "type": "Feature", "properties": { }, "geometry": { "type": "MultiPolygon", "coordinates": [ [ [ [ 328214.16270255233394, 9663494.117625862360001 ], [ 328214.16270255233394, 9664524.867625862360001 ], [ 329716.362702552287374, 9664524.867625862360001 ], [ 329716.362702552287374, 9663494.117625862360001 ], [ 328214.16270255233394, 9663494.117625862360001 ] ] ] ] } },
{ "type": "Feature", "properties": { }, "geometry": { "type": "MultiPolygon", "coordinates": [ [ [ [ 329716.362702552345581, 9663494.117625862360001 ], [ 329716.362702552345581, 9664524.867625862360001 ], [ 331218.562702552299015, 9664524.867625862360001 ], [ 331218.562702552299015, 9663494.117625862360001 ], [ 329716.362702552345581, 9663494.117625862360001 ] ] ] ] } },
{ "type": "Feature", "properties": { }, "geometry": { "type": "MultiPolygon", "coordinates": [ [ [ [ 331218.562702552357223, 9663494.117625862360001 ], [ 331218.562702552357223, 9664524.867625862360001 ], [ 332720.762702552310657, 9664524.867625862360001 ], [ 332720.762702552310657, 9663494.117625862360001 ], [ 331218.562702552357223, 9663494.117625862360001 ] ] ] ] } },
{ "type": "Feature", "properties": { }, "geometry": { "type": "MultiPolygon", "coordinates": [ [ [ [ 332720.762702552368864, 9663494.117625862360001 ], [ 332720.762702552368864, 9664524.867625862360001 ], [ 334222.962702552322298, 9664524.867625862360001 ], [ 334222.962702552322298, 9663494.117625862360001 ], [ 332720.762702552368864, 9663494.117625862360001 ] ] ] ] } },
{ "type": "Feature", "properties": { }, "geometry": { "type": "MultiPolygon", "coordinates": [ [ [ [ 334222.962702552322298, 9663494.117625862360001 ], [ 334222.962702552322298, 9664524.867625862360001 ], [ 335725.162702552275732, 9664524.867625862360001 ], [ 335725.162702552275732, 9663494.117625862360001 ], [ 334222.962702552322298, 9663494.117625862360001 ] ] ] ] } },
{ "type": "Feature", "properties": { }, "geometry": { "type": "MultiPolygon", "coordinates": [ [ [ [ 335725.16270255233394, 9663494.117625862360001 ], [ 335725.16270255233394, 9664524.867625862360001 ], [ 337227.362702552287374, 9664524.867625862360001 ], [ 337227.362702552287374, 9663494.117625862360001 ], [ 335725.16270255233394, 9663494.117625862360001 ] ] ] ] } },
{ "type": "Feature", "properties": { }, "geometry": { "type": "MultiPolygon", "coordinates": [ [ [ [ 337227.362702552345581, 9663494.117625862360001 ], [ 337227.362702552345581, 9664524.867625862360001 ], [ 338729.562702552299015, 9664524.867625862360001 ], [ 338729.562702552299015, 9663494.117625862360001 ], [ 337227.362702552345581, 9663494.117625862360001 ] ] ] ] } },
{ "type": "Feature", "properties": { }, "geometry": { "type": "MultiPolygon", "coordinates": [ [ [ [ 338729.562702552357223, 9663494.117625862360001 ], [ 338729.562702552357223, 9664524.867625862360001 ], [ 340231.762702552310657, 9664524.867625862360001 ], [ 340231.762702552310657, 9663494.117625862360001 ], [ 338729.562702552357223, 9663494.117625862360001 ] ] ] ] } },
{ "type": "Feature", "properties": { }, "geometry": { "type": "MultiPolygon", "coordinates": [ [ [ [ 340231.762702552368864, 9663494.117625862360001 ], [ 340231.762702552368864, 9664524.867625862360001 ], [ 341733.962702552322298, 9664524.867625862360001 ], [ 341733.962702552322298, 9663494.117625862360001 ], [ 340231.762702552368864, 9663494.117625862360001 ] ] ] ] } },
{ "type": "Feature", "properties": { }, "geometry": { "type": "MultiPolygon", "coordinates": [ [ [ [ 341733.962702552322298, 9663494.117625862360001 ], [ 341733.962702552322298, 9664524.867625862360001 ], [ 343236.162702552275732, 9664524.867625862360001 ], [ 343236.162702552275732, 9663494.117625862360001 ], [ 341733.962702552322298, 9663494.117625862360001 ] ] ] ] } },
{ "type": "Feature", "properties": { }, "geometry": { "type": "MultiPolygon", "coordinates": [ [ [ [ 343236.16270255233394, 9663494.117625862360001 ], [ 343236.16270255233394, 9664524.867625862360001 ], [ 344738.362702552287374, 9664524.867625862360001 ], [ 344738.362702552287374, 9663494.117625862360001 ], [ 343236.16270255233394, 9663494.117625862360001 ] ] ] ] } },
{ "type": "Feature", "properties": { }, "geometry": { "type": "MultiPolygon", "coordinates": [ [ [ [ 344738.362702552345581, 9663494.117625862360001 ], [ 344738.362702552345581, 9664524.867625862360001 ], [ 346240.562702552299015, 9664524.867625862360001 ], [ 346240.562702552299015, 9663494.117625862360001 ], [ 344738.362702552345581, 9663494.117625862360001 ] ] ] ] } },
{ "type": "Feature", "properties": { }, "geometry": { "type": "MultiPolygon", "coordinates": [ [ [ [ 346240.562702552357223, 9663494.117625862360001 ], [ 346240.562702552357223, 9664524.867625862360001 ], [ 347742.762702552310657, 9664524.867625862360001 ], [ 347742.762702552310657, 9663494.117625862360001 ], [ 346240.562702552357223, 9663494.117625862360001 ] ] ] ] } },
{ "type": "Feature", "properties": { }, "geometry": { "type": "MultiPolygon", "coordinates": [ [ [ [ 347742.762702552368864, 9663494.117625862360001 ], [ 347742.762702552368864, 9664524.867625862360001 ], [ 349244.962702552322298, 9664524.867625862360001 ], [ 349244.962702552322298, 9663494.117625862360001 ], [ 347742.762702552368864, 9663494.117625862360001 ] ] ] ] } },
{ "type": "Feature", "properties": { }, "geometry": { "type": "MultiPolygon", "coordinates": [ [ [ [ 349244.962702552322298, 9663494.117625862360001 ], [ 349244.962702552322298, 9664524.867625862360001 ], [ 350747.162702552275732, 9664524.867625862360001 ], [ 350747.162702552275732, 9663494.117625862360001 ], [ 349244.962702552322298, 9663494.117625862360001 ] ] ] ] } },
{ "type": "Feature", "properties": { }, "geometry": { "type": "MultiPolygon", "coordinates": [ [ [ [ 350747.16270255233394, 9663494.117625862360001 ], [ 350747.16270255233394, 9664524.867625862360001 ], [ 352249.362702552287374, 9664524.867625862360001 ], [ 352249.362702552287374, 9663494.117625862360001 ], [ 350747.16270255233394, 9663494.117625862360001 ] ] ] ] } },
{ "type": "Feature", "properties": { }, "geometry": { "type": "MultiPolygon", "coordinates": [ [ [ [ 352249.362702552345581, 9663494.117625862360001 ], [ 352249.362702552345581, 9664524.867625862360001 ], [ 353751.562702552299015, 9664524.867625862360001 ], [ 353751.562702552299015, 9663494.117625862360001 ], [ 352249.362702552345581, 9663494.117625862360001 ] ] ] ] } },
{ "type": "Feature", "properties": { }, "geometry": { "type": "MultiPolygon", "coordinates": [ [ [ [ 353751.562702552357223, 9663494.117625862360001 ], [ 353751.562702552357223, 9664524.867625862360001 ], [ 355253.762702552310657, 9664524.867625862360001 ], [ 355253.762702552310657, 9663494.117625862360001 ], [ 353751.562702552357223, 9663494.117625862360001 ] ] ] ] } },
{ "type": "Feature", "properties": { }, "geometry": { "type": "MultiPolygon", "coordinates": [ [ [ [ 355253.762702552368864, 9663494.117625862360001 ], [ 355253.762702552368864, 9664524.867625862360001 ], [ 356755.962702552322298, 9664524.867625862360001 ], [ 356755.962702552322298, 9663494.117625862360001 ], [ 355253.762702552368864, 9663494.117625862360001 ] ] ] ] } },
{ "type": "Feature", "properties": { }, "geometry": { "type": "MultiPolygon", "coordinates": [ [ [ [ 281645.962702552322298, 9662463.367625862360001 ], [ 281645.962702552322298, 9663494.117625862360001 ], [ 283148.162702552275732, 9663494.117625862360001 ], [ 283148.162702552275732, 9662463.367625862360001 ], [ 281645.962702552322298, 9662463.367625862360001 ] ] ] ] } },
{ "type": "Feature", "properties": { }, "geometry": { "type": "MultiPolygon", "coordinates": [ [ [ [ 283148.16270255233394, 9662463.367625862360001 ], [ 283148.16270255233394, 9663494.117625862360001 ], [ 284650.362702552287374, 9663494.117625862360001 ], [ 284650.362702552287374, 9662463.367625862360001 ], [ 283148.16270255233394, 9662463.367625862360001 ] ] ] ] } },
{ "type": "Feature", "properties": { }, "geometry": { "type": "MultiPolygon", "coordinates": [ [ [ [ 284650.362702552345581, 9662463.367625862360001 ], [ 284650.362702552345581, 9663494.117625862360001 ], [ 286152.562702552299015, 9663494.117625862360001 ], [ 286152.562702552299015, 9662463.367625862360001 ], [ 284650.362702552345581, 9662463.367625862360001 ] ] ] ] } },
{ "type": "Feature", "properties": { }, "geometry": { "type": "MultiPolygon", "coordinates": [ [ [ [ 286152.562702552357223, 9662463.367625862360001 ], [ 286152.562702552357223, 9663494.117625862360001 ], [ 287654.762702552310657, 9663494.117625862360001 ], [ 287654.762702552310657, 9662463.367625862360001 ], [ 286152.562702552357223, 9662463.367625862360001 ] ] ] ] } },
{ "type": "Feature", "properties": { }, "geometry": { "type": "MultiPolygon", "coordinates": [ [ [ [ 287654.762702552368864, 9662463.367625862360001 ], [ 287654.762702552368864, 9663494.117625862360001 ], [ 289156.962702552322298, 9663494.117625862360001 ], [ 289156.962702552322298, 9662463.367625862360001 ], [ 287654.762702552368864, 9662463.367625862360001 ] ] ] ] } },
{ "type": "Feature", "properties": { }, "geometry": { "type": "MultiPolygon", "coordinates": [ [ [ [ 289156.962702552322298, 9662463.367625862360001 ], [ 289156.962702552322298, 9663494.117625862360001 ], [ 290659.162702552275732, 9663494.117625862360001 ], [ 290659.162702552275732, 9662463.367625862360001 ], [ 289156.962702552322298, 9662463.367625862360001 ] ] ] ] } },
{ "type": "Feature", "properties": { }, "geometry": { "type": "MultiPolygon", "coordinates": [ [ [ [ 290659.16270255233394, 9662463.367625862360001 ], [ 290659.16270255233394, 9663494.117625862360001 ], [ 292161.362702552287374, 9663494.117625862360001 ], [ 292161.362702552287374, 9662463.367625862360001 ], [ 290659.16270255233394, 9662463.367625862360001 ] ] ] ] } },
{ "type": "Feature", "properties": { }, "geometry": { "type": "MultiPolygon", "coordinates": [ [ [ [ 292161.362702552345581, 9662463.367625862360001 ], [ 292161.362702552345581, 9663494.117625862360001 ], [ 293663.562702552299015, 9663494.117625862360001 ], [ 293663.562702552299015, 9662463.367625862360001 ], [ 292161.362702552345581, 9662463.367625862360001 ] ] ] ] } },
{ "type": "Feature", "properties": { }, "geometry": { "type": "MultiPolygon", "coordinates": [ [ [ [ 293663.562702552357223, 9662463.367625862360001 ], [ 293663.562702552357223, 9663494.117625862360001 ], [ 295165.762702552310657, 9663494.117625862360001 ], [ 295165.762702552310657, 9662463.367625862360001 ], [ 293663.562702552357223, 9662463.367625862360001 ] ] ] ] } },
{ "type": "Feature", "properties": { }, "geometry": { "type": "MultiPolygon", "coordinates": [ [ [ [ 295165.762702552368864, 9662463.367625862360001 ], [ 295165.762702552368864, 9663494.117625862360001 ], [ 296667.962702552322298, 9663494.117625862360001 ], [ 296667.962702552322298, 9662463.367625862360001 ], [ 295165.762702552368864, 9662463.367625862360001 ] ] ] ] } },
{ "type": "Feature", "properties": { }, "geometry": { "type": "MultiPolygon", "coordinates": [ [ [ [ 296667.962702552322298, 9662463.367625862360001 ], [ 296667.962702552322298, 9663494.117625862360001 ], [ 298170.162702552275732, 9663494.117625862360001 ], [ 298170.162702552275732, 9662463.367625862360001 ], [ 296667.962702552322298, 9662463.367625862360001 ] ] ] ] } },
{ "type": "Feature", "properties": { }, "geometry": { "type": "MultiPolygon", "coordinates": [ [ [ [ 298170.16270255233394, 9662463.367625862360001 ], [ 298170.16270255233394, 9663494.117625862360001 ], [ 299672.362702552287374, 9663494.117625862360001 ], [ 299672.362702552287374, 9662463.367625862360001 ], [ 298170.16270255233394, 9662463.367625862360001 ] ] ] ] } },
{ "type": "Feature", "properties": { }, "geometry": { "type": "MultiPolygon", "coordinates": [ [ [ [ 299672.362702552345581, 9662463.367625862360001 ], [ 299672.362702552345581, 9663494.117625862360001 ], [ 301174.562702552299015, 9663494.117625862360001 ], [ 301174.562702552299015, 9662463.367625862360001 ], [ 299672.362702552345581, 9662463.367625862360001 ] ] ] ] } },
{ "type": "Feature", "properties": { }, "geometry": { "type": "MultiPolygon", "coordinates": [ [ [ [ 301174.562702552357223, 9662463.367625862360001 ], [ 301174.562702552357223, 9663494.117625862360001 ], [ 302676.762702552310657, 9663494.117625862360001 ], [ 302676.762702552310657, 9662463.367625862360001 ], [ 301174.562702552357223, 9662463.367625862360001 ] ] ] ] } },
{ "type": "Feature", "properties": { }, "geometry": { "type": "MultiPolygon", "coordinates": [ [ [ [ 302676.762702552368864, 9662463.367625862360001 ], [ 302676.762702552368864, 9663494.117625862360001 ], [ 304178.962702552322298, 9663494.117625862360001 ], [ 304178.962702552322298, 9662463.367625862360001 ], [ 302676.762702552368864, 9662463.367625862360001 ] ] ] ] } },
{ "type": "Feature", "properties": { }, "geometry": { "type": "MultiPolygon", "coordinates": [ [ [ [ 304178.962702552322298, 9662463.367625862360001 ], [ 304178.962702552322298, 9663494.117625862360001 ], [ 305681.162702552275732, 9663494.117625862360001 ], [ 305681.162702552275732, 9662463.367625862360001 ], [ 304178.962702552322298, 9662463.367625862360001 ] ] ] ] } },
{ "type": "Feature", "properties": { }, "geometry": { "type": "MultiPolygon", "coordinates": [ [ [ [ 305681.16270255233394, 9662463.367625862360001 ], [ 305681.16270255233394, 9663494.117625862360001 ], [ 307183.362702552287374, 9663494.117625862360001 ], [ 307183.362702552287374, 9662463.367625862360001 ], [ 305681.16270255233394, 9662463.367625862360001 ] ] ] ] } },
{ "type": "Feature", "properties": { }, "geometry": { "type": "MultiPolygon", "coordinates": [ [ [ [ 307183.362702552345581, 9662463.367625862360001 ], [ 307183.362702552345581, 9663494.117625862360001 ], [ 308685.562702552299015, 9663494.117625862360001 ], [ 308685.562702552299015, 9662463.367625862360001 ], [ 307183.362702552345581, 9662463.367625862360001 ] ] ] ] } },
{ "type": "Feature", "properties": { }, "geometry": { "type": "MultiPolygon", "coordinates": [ [ [ [ 308685.562702552357223, 9662463.367625862360001 ], [ 308685.562702552357223, 9663494.117625862360001 ], [ 310187.762702552310657, 9663494.117625862360001 ], [ 310187.762702552310657, 9662463.367625862360001 ], [ 308685.562702552357223, 9662463.367625862360001 ] ] ] ] } },
{ "type": "Feature", "properties": { }, "geometry": { "type": "MultiPolygon", "coordinates": [ [ [ [ 310187.762702552368864, 9662463.367625862360001 ], [ 310187.762702552368864, 9663494.117625862360001 ], [ 311689.962702552322298, 9663494.117625862360001 ], [ 311689.962702552322298, 9662463.367625862360001 ], [ 310187.762702552368864, 9662463.367625862360001 ] ] ] ] } },
{ "type": "Feature", "properties": { }, "geometry": { "type": "MultiPolygon", "coordinates": [ [ [ [ 311689.962702552322298, 9662463.367625862360001 ], [ 311689.962702552322298, 9663494.117625862360001 ], [ 313192.162702552275732, 9663494.117625862360001 ], [ 313192.162702552275732, 9662463.367625862360001 ], [ 311689.962702552322298, 9662463.367625862360001 ] ] ] ] } },
{ "type": "Feature", "properties": { }, "geometry": { "type": "MultiPolygon", "coordinates": [ [ [ [ 313192.16270255233394, 9662463.367625862360001 ], [ 313192.16270255233394, 9663494.117625862360001 ], [ 314694.362702552287374, 9663494.117625862360001 ], [ 314694.362702552287374, 9662463.367625862360001 ], [ 313192.16270255233394, 9662463.367625862360001 ] ] ] ] } },
{ "type": "Feature", "properties": { }, "geometry": { "type": "MultiPolygon", "coordinates": [ [ [ [ 314694.362702552345581, 9662463.367625862360001 ], [ 314694.362702552345581, 9663494.117625862360001 ], [ 316196.562702552299015, 9663494.117625862360001 ], [ 316196.562702552299015, 9662463.367625862360001 ], [ 314694.362702552345581, 9662463.367625862360001 ] ] ] ] } },
{ "type": "Feature", "properties": { }, "geometry": { "type": "MultiPolygon", "coordinates": [ [ [ [ 316196.562702552357223, 9662463.367625862360001 ], [ 316196.562702552357223, 9663494.117625862360001 ], [ 317698.762702552310657, 9663494.117625862360001 ], [ 317698.762702552310657, 9662463.367625862360001 ], [ 316196.562702552357223, 9662463.367625862360001 ] ] ] ] } },
{ "type": "Feature", "properties": { }, "geometry": { "type": "MultiPolygon", "coordinates": [ [ [ [ 317698.762702552368864, 9662463.367625862360001 ], [ 317698.762702552368864, 9663494.117625862360001 ], [ 319200.962702552322298, 9663494.117625862360001 ], [ 319200.962702552322298, 9662463.367625862360001 ], [ 317698.762702552368864, 9662463.367625862360001 ] ] ] ] } },
{ "type": "Feature", "properties": { }, "geometry": { "type": "MultiPolygon", "coordinates": [ [ [ [ 319200.962702552322298, 9662463.367625862360001 ], [ 319200.962702552322298, 9663494.117625862360001 ], [ 320703.162702552275732, 9663494.117625862360001 ], [ 320703.162702552275732, 9662463.367625862360001 ], [ 319200.962702552322298, 9662463.367625862360001 ] ] ] ] } },
{ "type": "Feature", "properties": { }, "geometry": { "type": "MultiPolygon", "coordinates": [ [ [ [ 320703.16270255233394, 9662463.367625862360001 ], [ 320703.16270255233394, 9663494.117625862360001 ], [ 322205.362702552287374, 9663494.117625862360001 ], [ 322205.362702552287374, 9662463.367625862360001 ], [ 320703.16270255233394, 9662463.367625862360001 ] ] ] ] } },
{ "type": "Feature", "properties": { }, "geometry": { "type": "MultiPolygon", "coordinates": [ [ [ [ 322205.362702552345581, 9662463.367625862360001 ], [ 322205.362702552345581, 9663494.117625862360001 ], [ 323707.562702552299015, 9663494.117625862360001 ], [ 323707.562702552299015, 9662463.367625862360001 ], [ 322205.362702552345581, 9662463.367625862360001 ] ] ] ] } },
{ "type": "Feature", "properties": { }, "geometry": { "type": "MultiPolygon", "coordinates": [ [ [ [ 323707.562702552357223, 9662463.367625862360001 ], [ 323707.562702552357223, 9663494.117625862360001 ], [ 325209.762702552310657, 9663494.117625862360001 ], [ 325209.762702552310657, 9662463.367625862360001 ], [ 323707.562702552357223, 9662463.367625862360001 ] ] ] ] } },
{ "type": "Feature", "properties": { }, "geometry": { "type": "MultiPolygon", "coordinates": [ [ [ [ 325209.762702552368864, 9662463.367625862360001 ], [ 325209.762702552368864, 9663494.117625862360001 ], [ 326711.962702552322298, 9663494.117625862360001 ], [ 326711.962702552322298, 9662463.367625862360001 ], [ 325209.762702552368864, 9662463.367625862360001 ] ] ] ] } },
{ "type": "Feature", "properties": { }, "geometry": { "type": "MultiPolygon", "coordinates": [ [ [ [ 326711.962702552322298, 9662463.367625862360001 ], [ 326711.962702552322298, 9663494.117625862360001 ], [ 328214.162702552275732, 9663494.117625862360001 ], [ 328214.162702552275732, 9662463.367625862360001 ], [ 326711.962702552322298, 9662463.367625862360001 ] ] ] ] } },
{ "type": "Feature", "properties": { }, "geometry": { "type": "MultiPolygon", "coordinates": [ [ [ [ 328214.16270255233394, 9662463.367625862360001 ], [ 328214.16270255233394, 9663494.117625862360001 ], [ 329716.362702552287374, 9663494.117625862360001 ], [ 329716.362702552287374, 9662463.367625862360001 ], [ 328214.16270255233394, 9662463.367625862360001 ] ] ] ] } },
{ "type": "Feature", "properties": { }, "geometry": { "type": "MultiPolygon", "coordinates": [ [ [ [ 329716.362702552345581, 9662463.367625862360001 ], [ 329716.362702552345581, 9663494.117625862360001 ], [ 331218.562702552299015, 9663494.117625862360001 ], [ 331218.562702552299015, 9662463.367625862360001 ], [ 329716.362702552345581, 9662463.367625862360001 ] ] ] ] } },
{ "type": "Feature", "properties": { }, "geometry": { "type": "MultiPolygon", "coordinates": [ [ [ [ 331218.562702552357223, 9662463.367625862360001 ], [ 331218.562702552357223, 9663494.117625862360001 ], [ 332720.762702552310657, 9663494.117625862360001 ], [ 332720.762702552310657, 9662463.367625862360001 ], [ 331218.562702552357223, 9662463.367625862360001 ] ] ] ] } },
{ "type": "Feature", "properties": { }, "geometry": { "type": "MultiPolygon", "coordinates": [ [ [ [ 332720.762702552368864, 9662463.367625862360001 ], [ 332720.762702552368864, 9663494.117625862360001 ], [ 334222.962702552322298, 9663494.117625862360001 ], [ 334222.962702552322298, 9662463.367625862360001 ], [ 332720.762702552368864, 9662463.367625862360001 ] ] ] ] } },
{ "type": "Feature", "properties": { }, "geometry": { "type": "MultiPolygon", "coordinates": [ [ [ [ 334222.962702552322298, 9662463.367625862360001 ], [ 334222.962702552322298, 9663494.117625862360001 ], [ 335725.162702552275732, 9663494.117625862360001 ], [ 335725.162702552275732, 9662463.367625862360001 ], [ 334222.962702552322298, 9662463.367625862360001 ] ] ] ] } },
{ "type": "Feature", "properties": { }, "geometry": { "type": "MultiPolygon", "coordinates": [ [ [ [ 335725.16270255233394, 9662463.367625862360001 ], [ 335725.16270255233394, 9663494.117625862360001 ], [ 337227.362702552287374, 9663494.117625862360001 ], [ 337227.362702552287374, 9662463.367625862360001 ], [ 335725.16270255233394, 9662463.367625862360001 ] ] ] ] } },
{ "type": "Feature", "properties": { }, "geometry": { "type": "MultiPolygon", "coordinates": [ [ [ [ 337227.362702552345581, 9662463.367625862360001 ], [ 337227.362702552345581, 9663494.117625862360001 ], [ 338729.562702552299015, 9663494.117625862360001 ], [ 338729.562702552299015, 9662463.367625862360001 ], [ 337227.362702552345581, 9662463.367625862360001 ] ] ] ] } },
{ "type": "Feature", "properties": { }, "geometry": { "type": "MultiPolygon", "coordinates": [ [ [ [ 338729.562702552357223, 9662463.367625862360001 ], [ 338729.562702552357223, 9663494.117625862360001 ], [ 340231.762702552310657, 9663494.117625862360001 ], [ 340231.762702552310657, 9662463.367625862360001 ], [ 338729.562702552357223, 9662463.367625862360001 ] ] ] ] } },
{ "type": "Feature", "properties": { }, "geometry": { "type": "MultiPolygon", "coordinates": [ [ [ [ 340231.762702552368864, 9662463.367625862360001 ], [ 340231.762702552368864, 9663494.117625862360001 ], [ 341733.962702552322298, 9663494.117625862360001 ], [ 341733.962702552322298, 9662463.367625862360001 ], [ 340231.762702552368864, 9662463.367625862360001 ] ] ] ] } },
{ "type": "Feature", "properties": { }, "geometry": { "type": "MultiPolygon", "coordinates": [ [ [ [ 341733.962702552322298, 9662463.367625862360001 ], [ 341733.962702552322298, 9663494.117625862360001 ], [ 343236.162702552275732, 9663494.117625862360001 ], [ 343236.162702552275732, 9662463.367625862360001 ], [ 341733.962702552322298, 9662463.367625862360001 ] ] ] ] } },
{ "type": "Feature", "properties": { }, "geometry": { "type": "MultiPolygon", "coordinates": [ [ [ [ 343236.16270255233394, 9662463.367625862360001 ], [ 343236.16270255233394, 9663494.117625862360001 ], [ 344738.362702552287374, 9663494.117625862360001 ], [ 344738.362702552287374, 9662463.367625862360001 ], [ 343236.16270255233394, 9662463.367625862360001 ] ] ] ] } },
{ "type": "Feature", "properties": { }, "geometry": { "type": "MultiPolygon", "coordinates": [ [ [ [ 344738.362702552345581, 9662463.367625862360001 ], [ 344738.362702552345581, 9663494.117625862360001 ], [ 346240.562702552299015, 9663494.117625862360001 ], [ 346240.562702552299015, 9662463.367625862360001 ], [ 344738.362702552345581, 9662463.367625862360001 ] ] ] ] } },
{ "type": "Feature", "properties": { }, "geometry": { "type": "MultiPolygon", "coordinates": [ [ [ [ 346240.562702552357223, 9662463.367625862360001 ], [ 346240.562702552357223, 9663494.117625862360001 ], [ 347742.762702552310657, 9663494.117625862360001 ], [ 347742.762702552310657, 9662463.367625862360001 ], [ 346240.562702552357223, 9662463.367625862360001 ] ] ] ] } },
{ "type": "Feature", "properties": { }, "geometry": { "type": "MultiPolygon", "coordinates": [ [ [ [ 347742.762702552368864, 9662463.367625862360001 ], [ 347742.762702552368864, 9663494.117625862360001 ], [ 349244.962702552322298, 9663494.117625862360001 ], [ 349244.962702552322298, 9662463.367625862360001 ], [ 347742.762702552368864, 9662463.367625862360001 ] ] ] ] } },
{ "type": "Feature", "properties": { }, "geometry": { "type": "MultiPolygon", "coordinates": [ [ [ [ 349244.962702552322298, 9662463.367625862360001 ], [ 349244.962702552322298, 9663494.117625862360001 ], [ 350747.162702552275732, 9663494.117625862360001 ], [ 350747.162702552275732, 9662463.367625862360001 ], [ 349244.962702552322298, 9662463.367625862360001 ] ] ] ] } },
{ "type": "Feature", "properties": { }, "geometry": { "type": "MultiPolygon", "coordinates": [ [ [ [ 350747.16270255233394, 9662463.367625862360001 ], [ 350747.16270255233394, 9663494.117625862360001 ], [ 352249.362702552287374, 9663494.117625862360001 ], [ 352249.362702552287374, 9662463.367625862360001 ], [ 350747.16270255233394, 9662463.367625862360001 ] ] ] ] } },
{ "type": "Feature", "properties": { }, "geometry": { "type": "MultiPolygon", "coordinates": [ [ [ [ 352249.362702552345581, 9662463.367625862360001 ], [ 352249.362702552345581, 9663494.117625862360001 ], [ 353751.562702552299015, 9663494.117625862360001 ], [ 353751.562702552299015, 9662463.367625862360001 ], [ 352249.362702552345581, 9662463.367625862360001 ] ] ] ] } },
{ "type": "Feature", "properties": { }, "geometry": { "type": "MultiPolygon", "coordinates": [ [ [ [ 353751.562702552357223, 9662463.367625862360001 ], [ 353751.562702552357223, 9663494.117625862360001 ], [ 355253.762702552310657, 9663494.117625862360001 ], [ 355253.762702552310657, 9662463.367625862360001 ], [ 353751.562702552357223, 9662463.367625862360001 ] ] ] ] } },
{ "type": "Feature", "properties": { }, "geometry": { "type": "MultiPolygon", "coordinates": [ [ [ [ 355253.762702552368864, 9662463.367625862360001 ], [ 355253.762702552368864, 9663494.117625862360001 ], [ 356755.962702552322298, 9663494.117625862360001 ], [ 356755.962702552322298, 9662463.367625862360001 ], [ 355253.762702552368864, 9662463.367625862360001 ] ] ] ] } },
{ "type": "Feature", "properties": { }, "geometry": { "type": "MultiPolygon", "coordinates": [ [ [ [ 281645.962702552322298, 9661432.617625862360001 ], [ 281645.962702552322298, 9662463.367625862360001 ], [ 283148.162702552275732, 9662463.367625862360001 ], [ 283148.162702552275732, 9661432.617625862360001 ], [ 281645.962702552322298, 9661432.617625862360001 ] ] ] ] } },
{ "type": "Feature", "properties": { }, "geometry": { "type": "MultiPolygon", "coordinates": [ [ [ [ 283148.16270255233394, 9661432.617625862360001 ], [ 283148.16270255233394, 9662463.367625862360001 ], [ 284650.362702552287374, 9662463.367625862360001 ], [ 284650.362702552287374, 9661432.617625862360001 ], [ 283148.16270255233394, 9661432.617625862360001 ] ] ] ] } },
{ "type": "Feature", "properties": { }, "geometry": { "type": "MultiPolygon", "coordinates": [ [ [ [ 284650.362702552345581, 9661432.617625862360001 ], [ 284650.362702552345581, 9662463.367625862360001 ], [ 286152.562702552299015, 9662463.367625862360001 ], [ 286152.562702552299015, 9661432.617625862360001 ], [ 284650.362702552345581, 9661432.617625862360001 ] ] ] ] } },
{ "type": "Feature", "properties": { }, "geometry": { "type": "MultiPolygon", "coordinates": [ [ [ [ 286152.562702552357223, 9661432.617625862360001 ], [ 286152.562702552357223, 9662463.367625862360001 ], [ 287654.762702552310657, 9662463.367625862360001 ], [ 287654.762702552310657, 9661432.617625862360001 ], [ 286152.562702552357223, 9661432.617625862360001 ] ] ] ] } },
{ "type": "Feature", "properties": { }, "geometry": { "type": "MultiPolygon", "coordinates": [ [ [ [ 287654.762702552368864, 9661432.617625862360001 ], [ 287654.762702552368864, 9662463.367625862360001 ], [ 289156.962702552322298, 9662463.367625862360001 ], [ 289156.962702552322298, 9661432.617625862360001 ], [ 287654.762702552368864, 9661432.617625862360001 ] ] ] ] } },
{ "type": "Feature", "properties": { }, "geometry": { "type": "MultiPolygon", "coordinates": [ [ [ [ 289156.962702552322298, 9661432.617625862360001 ], [ 289156.962702552322298, 9662463.367625862360001 ], [ 290659.162702552275732, 9662463.367625862360001 ], [ 290659.162702552275732, 9661432.617625862360001 ], [ 289156.962702552322298, 9661432.617625862360001 ] ] ] ] } },
{ "type": "Feature", "properties": { }, "geometry": { "type": "MultiPolygon", "coordinates": [ [ [ [ 290659.16270255233394, 9661432.617625862360001 ], [ 290659.16270255233394, 9662463.367625862360001 ], [ 292161.362702552287374, 9662463.367625862360001 ], [ 292161.362702552287374, 9661432.617625862360001 ], [ 290659.16270255233394, 9661432.617625862360001 ] ] ] ] } },
{ "type": "Feature", "properties": { }, "geometry": { "type": "MultiPolygon", "coordinates": [ [ [ [ 292161.362702552345581, 9661432.617625862360001 ], [ 292161.362702552345581, 9662463.367625862360001 ], [ 293663.562702552299015, 9662463.367625862360001 ], [ 293663.562702552299015, 9661432.617625862360001 ], [ 292161.362702552345581, 9661432.617625862360001 ] ] ] ] } },
{ "type": "Feature", "properties": { }, "geometry": { "type": "MultiPolygon", "coordinates": [ [ [ [ 293663.562702552357223, 9661432.617625862360001 ], [ 293663.562702552357223, 9662463.367625862360001 ], [ 295165.762702552310657, 9662463.367625862360001 ], [ 295165.762702552310657, 9661432.617625862360001 ], [ 293663.562702552357223, 9661432.617625862360001 ] ] ] ] } },
{ "type": "Feature", "properties": { }, "geometry": { "type": "MultiPolygon", "coordinates": [ [ [ [ 295165.762702552368864, 9661432.617625862360001 ], [ 295165.762702552368864, 9662463.367625862360001 ], [ 296667.962702552322298, 9662463.367625862360001 ], [ 296667.962702552322298, 9661432.617625862360001 ], [ 295165.762702552368864, 9661432.617625862360001 ] ] ] ] } },
{ "type": "Feature", "properties": { }, "geometry": { "type": "MultiPolygon", "coordinates": [ [ [ [ 296667.962702552322298, 9661432.617625862360001 ], [ 296667.962702552322298, 9662463.367625862360001 ], [ 298170.162702552275732, 9662463.367625862360001 ], [ 298170.162702552275732, 9661432.617625862360001 ], [ 296667.962702552322298, 9661432.617625862360001 ] ] ] ] } },
{ "type": "Feature", "properties": { }, "geometry": { "type": "MultiPolygon", "coordinates": [ [ [ [ 298170.16270255233394, 9661432.617625862360001 ], [ 298170.16270255233394, 9662463.367625862360001 ], [ 299672.362702552287374, 9662463.367625862360001 ], [ 299672.362702552287374, 9661432.617625862360001 ], [ 298170.16270255233394, 9661432.617625862360001 ] ] ] ] } },
{ "type": "Feature", "properties": { }, "geometry": { "type": "MultiPolygon", "coordinates": [ [ [ [ 299672.362702552345581, 9661432.617625862360001 ], [ 299672.362702552345581, 9662463.367625862360001 ], [ 301174.562702552299015, 9662463.367625862360001 ], [ 301174.562702552299015, 9661432.617625862360001 ], [ 299672.362702552345581, 9661432.617625862360001 ] ] ] ] } },
{ "type": "Feature", "properties": { }, "geometry": { "type": "MultiPolygon", "coordinates": [ [ [ [ 301174.562702552357223, 9661432.617625862360001 ], [ 301174.562702552357223, 9662463.367625862360001 ], [ 302676.762702552310657, 9662463.367625862360001 ], [ 302676.762702552310657, 9661432.617625862360001 ], [ 301174.562702552357223, 9661432.617625862360001 ] ] ] ] } },
{ "type": "Feature", "properties": { }, "geometry": { "type": "MultiPolygon", "coordinates": [ [ [ [ 302676.762702552368864, 9661432.617625862360001 ], [ 302676.762702552368864, 9662463.367625862360001 ], [ 304178.962702552322298, 9662463.367625862360001 ], [ 304178.962702552322298, 9661432.617625862360001 ], [ 302676.762702552368864, 9661432.617625862360001 ] ] ] ] } },
{ "type": "Feature", "properties": { }, "geometry": { "type": "MultiPolygon", "coordinates": [ [ [ [ 304178.962702552322298, 9661432.617625862360001 ], [ 304178.962702552322298, 9662463.367625862360001 ], [ 305681.162702552275732, 9662463.367625862360001 ], [ 305681.162702552275732, 9661432.617625862360001 ], [ 304178.962702552322298, 9661432.617625862360001 ] ] ] ] } },
{ "type": "Feature", "properties": { }, "geometry": { "type": "MultiPolygon", "coordinates": [ [ [ [ 305681.16270255233394, 9661432.617625862360001 ], [ 305681.16270255233394, 9662463.367625862360001 ], [ 307183.362702552287374, 9662463.367625862360001 ], [ 307183.362702552287374, 9661432.617625862360001 ], [ 305681.16270255233394, 9661432.617625862360001 ] ] ] ] } },
{ "type": "Feature", "properties": { }, "geometry": { "type": "MultiPolygon", "coordinates": [ [ [ [ 307183.362702552345581, 9661432.617625862360001 ], [ 307183.362702552345581, 9662463.367625862360001 ], [ 308685.562702552299015, 9662463.367625862360001 ], [ 308685.562702552299015, 9661432.617625862360001 ], [ 307183.362702552345581, 9661432.617625862360001 ] ] ] ] } },
{ "type": "Feature", "properties": { }, "geometry": { "type": "MultiPolygon", "coordinates": [ [ [ [ 308685.562702552357223, 9661432.617625862360001 ], [ 308685.562702552357223, 9662463.367625862360001 ], [ 310187.762702552310657, 9662463.367625862360001 ], [ 310187.762702552310657, 9661432.617625862360001 ], [ 308685.562702552357223, 9661432.617625862360001 ] ] ] ] } },
{ "type": "Feature", "properties": { }, "geometry": { "type": "MultiPolygon", "coordinates": [ [ [ [ 310187.762702552368864, 9661432.617625862360001 ], [ 310187.762702552368864, 9662463.367625862360001 ], [ 311689.962702552322298, 9662463.367625862360001 ], [ 311689.962702552322298, 9661432.617625862360001 ], [ 310187.762702552368864, 9661432.617625862360001 ] ] ] ] } },
{ "type": "Feature", "properties": { }, "geometry": { "type": "MultiPolygon", "coordinates": [ [ [ [ 311689.962702552322298, 9661432.617625862360001 ], [ 311689.962702552322298, 9662463.367625862360001 ], [ 313192.162702552275732, 9662463.367625862360001 ], [ 313192.162702552275732, 9661432.617625862360001 ], [ 311689.962702552322298, 9661432.617625862360001 ] ] ] ] } },
{ "type": "Feature", "properties": { }, "geometry": { "type": "MultiPolygon", "coordinates": [ [ [ [ 313192.16270255233394, 9661432.617625862360001 ], [ 313192.16270255233394, 9662463.367625862360001 ], [ 314694.362702552287374, 9662463.367625862360001 ], [ 314694.362702552287374, 9661432.617625862360001 ], [ 313192.16270255233394, 9661432.617625862360001 ] ] ] ] } },
{ "type": "Feature", "properties": { }, "geometry": { "type": "MultiPolygon", "coordinates": [ [ [ [ 314694.362702552345581, 9661432.617625862360001 ], [ 314694.362702552345581, 9662463.367625862360001 ], [ 316196.562702552299015, 9662463.367625862360001 ], [ 316196.562702552299015, 9661432.617625862360001 ], [ 314694.362702552345581, 9661432.617625862360001 ] ] ] ] } },
{ "type": "Feature", "properties": { }, "geometry": { "type": "MultiPolygon", "coordinates": [ [ [ [ 316196.562702552357223, 9661432.617625862360001 ], [ 316196.562702552357223, 9662463.367625862360001 ], [ 317698.762702552310657, 9662463.367625862360001 ], [ 317698.762702552310657, 9661432.617625862360001 ], [ 316196.562702552357223, 9661432.617625862360001 ] ] ] ] } },
{ "type": "Feature", "properties": { }, "geometry": { "type": "MultiPolygon", "coordinates": [ [ [ [ 317698.762702552368864, 9661432.617625862360001 ], [ 317698.762702552368864, 9662463.367625862360001 ], [ 319200.962702552322298, 9662463.367625862360001 ], [ 319200.962702552322298, 9661432.617625862360001 ], [ 317698.762702552368864, 9661432.617625862360001 ] ] ] ] } },
{ "type": "Feature", "properties": { }, "geometry": { "type": "MultiPolygon", "coordinates": [ [ [ [ 319200.962702552322298, 9661432.617625862360001 ], [ 319200.962702552322298, 9662463.367625862360001 ], [ 320703.162702552275732, 9662463.367625862360001 ], [ 320703.162702552275732, 9661432.617625862360001 ], [ 319200.962702552322298, 9661432.617625862360001 ] ] ] ] } },
{ "type": "Feature", "properties": { }, "geometry": { "type": "MultiPolygon", "coordinates": [ [ [ [ 320703.16270255233394, 9661432.617625862360001 ], [ 320703.16270255233394, 9662463.367625862360001 ], [ 322205.362702552287374, 9662463.367625862360001 ], [ 322205.362702552287374, 9661432.617625862360001 ], [ 320703.16270255233394, 9661432.617625862360001 ] ] ] ] } },
{ "type": "Feature", "properties": { }, "geometry": { "type": "MultiPolygon", "coordinates": [ [ [ [ 322205.362702552345581, 9661432.617625862360001 ], [ 322205.362702552345581, 9662463.367625862360001 ], [ 323707.562702552299015, 9662463.367625862360001 ], [ 323707.562702552299015, 9661432.617625862360001 ], [ 322205.362702552345581, 9661432.617625862360001 ] ] ] ] } },
{ "type": "Feature", "properties": { }, "geometry": { "type": "MultiPolygon", "coordinates": [ [ [ [ 323707.562702552357223, 9661432.617625862360001 ], [ 323707.562702552357223, 9662463.367625862360001 ], [ 325209.762702552310657, 9662463.367625862360001 ], [ 325209.762702552310657, 9661432.617625862360001 ], [ 323707.562702552357223, 9661432.617625862360001 ] ] ] ] } },
{ "type": "Feature", "properties": { }, "geometry": { "type": "MultiPolygon", "coordinates": [ [ [ [ 325209.762702552368864, 9661432.617625862360001 ], [ 325209.762702552368864, 9662463.367625862360001 ], [ 326711.962702552322298, 9662463.367625862360001 ], [ 326711.962702552322298, 9661432.617625862360001 ], [ 325209.762702552368864, 9661432.617625862360001 ] ] ] ] } },
{ "type": "Feature", "properties": { }, "geometry": { "type": "MultiPolygon", "coordinates": [ [ [ [ 326711.962702552322298, 9661432.617625862360001 ], [ 326711.962702552322298, 9662463.367625862360001 ], [ 328214.162702552275732, 9662463.367625862360001 ], [ 328214.162702552275732, 9661432.617625862360001 ], [ 326711.962702552322298, 9661432.617625862360001 ] ] ] ] } },
{ "type": "Feature", "properties": { }, "geometry": { "type": "MultiPolygon", "coordinates": [ [ [ [ 328214.16270255233394, 9661432.617625862360001 ], [ 328214.16270255233394, 9662463.367625862360001 ], [ 329716.362702552287374, 9662463.367625862360001 ], [ 329716.362702552287374, 9661432.617625862360001 ], [ 328214.16270255233394, 9661432.617625862360001 ] ] ] ] } },
{ "type": "Feature", "properties": { }, "geometry": { "type": "MultiPolygon", "coordinates": [ [ [ [ 329716.362702552345581, 9661432.617625862360001 ], [ 329716.362702552345581, 9662463.367625862360001 ], [ 331218.562702552299015, 9662463.367625862360001 ], [ 331218.562702552299015, 9661432.617625862360001 ], [ 329716.362702552345581, 9661432.617625862360001 ] ] ] ] } },
{ "type": "Feature", "properties": { }, "geometry": { "type": "MultiPolygon", "coordinates": [ [ [ [ 331218.562702552357223, 9661432.617625862360001 ], [ 331218.562702552357223, 9662463.367625862360001 ], [ 332720.762702552310657, 9662463.367625862360001 ], [ 332720.762702552310657, 9661432.617625862360001 ], [ 331218.562702552357223, 9661432.617625862360001 ] ] ] ] } },
{ "type": "Feature", "properties": { }, "geometry": { "type": "MultiPolygon", "coordinates": [ [ [ [ 332720.762702552368864, 9661432.617625862360001 ], [ 332720.762702552368864, 9662463.367625862360001 ], [ 334222.962702552322298, 9662463.367625862360001 ], [ 334222.962702552322298, 9661432.617625862360001 ], [ 332720.762702552368864, 9661432.617625862360001 ] ] ] ] } },
{ "type": "Feature", "properties": { }, "geometry": { "type": "MultiPolygon", "coordinates": [ [ [ [ 334222.962702552322298, 9661432.617625862360001 ], [ 334222.962702552322298, 9662463.367625862360001 ], [ 335725.162702552275732, 9662463.367625862360001 ], [ 335725.162702552275732, 9661432.617625862360001 ], [ 334222.962702552322298, 9661432.617625862360001 ] ] ] ] } },
{ "type": "Feature", "properties": { }, "geometry": { "type": "MultiPolygon", "coordinates": [ [ [ [ 335725.16270255233394, 9661432.617625862360001 ], [ 335725.16270255233394, 9662463.367625862360001 ], [ 337227.362702552287374, 9662463.367625862360001 ], [ 337227.362702552287374, 9661432.617625862360001 ], [ 335725.16270255233394, 9661432.617625862360001 ] ] ] ] } },
{ "type": "Feature", "properties": { }, "geometry": { "type": "MultiPolygon", "coordinates": [ [ [ [ 337227.362702552345581, 9661432.617625862360001 ], [ 337227.362702552345581, 9662463.367625862360001 ], [ 338729.562702552299015, 9662463.367625862360001 ], [ 338729.562702552299015, 9661432.617625862360001 ], [ 337227.362702552345581, 9661432.617625862360001 ] ] ] ] } },
{ "type": "Feature", "properties": { }, "geometry": { "type": "MultiPolygon", "coordinates": [ [ [ [ 338729.562702552357223, 9661432.617625862360001 ], [ 338729.562702552357223, 9662463.367625862360001 ], [ 340231.762702552310657, 9662463.367625862360001 ], [ 340231.762702552310657, 9661432.617625862360001 ], [ 338729.562702552357223, 9661432.617625862360001 ] ] ] ] } },
{ "type": "Feature", "properties": { }, "geometry": { "type": "MultiPolygon", "coordinates": [ [ [ [ 340231.762702552368864, 9661432.617625862360001 ], [ 340231.762702552368864, 9662463.367625862360001 ], [ 341733.962702552322298, 9662463.367625862360001 ], [ 341733.962702552322298, 9661432.617625862360001 ], [ 340231.762702552368864, 9661432.617625862360001 ] ] ] ] } },
{ "type": "Feature", "properties": { }, "geometry": { "type": "MultiPolygon", "coordinates": [ [ [ [ 341733.962702552322298, 9661432.617625862360001 ], [ 341733.962702552322298, 9662463.367625862360001 ], [ 343236.162702552275732, 9662463.367625862360001 ], [ 343236.162702552275732, 9661432.617625862360001 ], [ 341733.962702552322298, 9661432.617625862360001 ] ] ] ] } },
{ "type": "Feature", "properties": { }, "geometry": { "type": "MultiPolygon", "coordinates": [ [ [ [ 343236.16270255233394, 9661432.617625862360001 ], [ 343236.16270255233394, 9662463.367625862360001 ], [ 344738.362702552287374, 9662463.367625862360001 ], [ 344738.362702552287374, 9661432.617625862360001 ], [ 343236.16270255233394, 9661432.617625862360001 ] ] ] ] } },
{ "type": "Feature", "properties": { }, "geometry": { "type": "MultiPolygon", "coordinates": [ [ [ [ 344738.362702552345581, 9661432.617625862360001 ], [ 344738.362702552345581, 9662463.367625862360001 ], [ 346240.562702552299015, 9662463.367625862360001 ], [ 346240.562702552299015, 9661432.617625862360001 ], [ 344738.362702552345581, 9661432.617625862360001 ] ] ] ] } },
{ "type": "Feature", "properties": { }, "geometry": { "type": "MultiPolygon", "coordinates": [ [ [ [ 346240.562702552357223, 9661432.617625862360001 ], [ 346240.562702552357223, 9662463.367625862360001 ], [ 347742.762702552310657, 9662463.367625862360001 ], [ 347742.762702552310657, 9661432.617625862360001 ], [ 346240.562702552357223, 9661432.617625862360001 ] ] ] ] } },
{ "type": "Feature", "properties": { }, "geometry": { "type": "MultiPolygon", "coordinates": [ [ [ [ 347742.762702552368864, 9661432.617625862360001 ], [ 347742.762702552368864, 9662463.367625862360001 ], [ 349244.962702552322298, 9662463.367625862360001 ], [ 349244.962702552322298, 9661432.617625862360001 ], [ 347742.762702552368864, 9661432.617625862360001 ] ] ] ] } },
{ "type": "Feature", "properties": { }, "geometry": { "type": "MultiPolygon", "coordinates": [ [ [ [ 349244.962702552322298, 9661432.617625862360001 ], [ 349244.962702552322298, 9662463.367625862360001 ], [ 350747.162702552275732, 9662463.367625862360001 ], [ 350747.162702552275732, 9661432.617625862360001 ], [ 349244.962702552322298, 9661432.617625862360001 ] ] ] ] } },
{ "type": "Feature", "properties": { }, "geometry": { "type": "MultiPolygon", "coordinates": [ [ [ [ 350747.16270255233394, 9661432.617625862360001 ], [ 350747.16270255233394, 9662463.367625862360001 ], [ 352249.362702552287374, 9662463.367625862360001 ], [ 352249.362702552287374, 9661432.617625862360001 ], [ 350747.16270255233394, 9661432.617625862360001 ] ] ] ] } },
{ "type": "Feature", "properties": { }, "geometry": { "type": "MultiPolygon", "coordinates": [ [ [ [ 352249.362702552345581, 9661432.617625862360001 ], [ 352249.362702552345581, 9662463.367625862360001 ], [ 353751.562702552299015, 9662463.367625862360001 ], [ 353751.562702552299015, 9661432.617625862360001 ], [ 352249.362702552345581, 9661432.617625862360001 ] ] ] ] } },
{ "type": "Feature", "properties": { }, "geometry": { "type": "MultiPolygon", "coordinates": [ [ [ [ 353751.562702552357223, 9661432.617625862360001 ], [ 353751.562702552357223, 9662463.367625862360001 ], [ 355253.762702552310657, 9662463.367625862360001 ], [ 355253.762702552310657, 9661432.617625862360001 ], [ 353751.562702552357223, 9661432.617625862360001 ] ] ] ] } },
{ "type": "Feature", "properties": { }, "geometry": { "type": "MultiPolygon", "coordinates": [ [ [ [ 355253.762702552368864, 9661432.617625862360001 ], [ 355253.762702552368864, 9662463.367625862360001 ], [ 356755.962702552322298, 9662463.367625862360001 ], [ 356755.962702552322298, 9661432.617625862360001 ], [ 355253.762702552368864, 9661432.617625862360001 ] ] ] ] } },
{ "type": "Feature", "properties": { }, "geometry": { "type": "MultiPolygon", "coordinates": [ [ [ [ 281645.962702552322298, 9660401.867625862360001 ], [ 281645.962702552322298, 9661432.617625862360001 ], [ 283148.162702552275732, 9661432.617625862360001 ], [ 283148.162702552275732, 9660401.867625862360001 ], [ 281645.962702552322298, 9660401.867625862360001 ] ] ] ] } },
{ "type": "Feature", "properties": { }, "geometry": { "type": "MultiPolygon", "coordinates": [ [ [ [ 283148.16270255233394, 9660401.867625862360001 ], [ 283148.16270255233394, 9661432.617625862360001 ], [ 284650.362702552287374, 9661432.617625862360001 ], [ 284650.362702552287374, 9660401.867625862360001 ], [ 283148.16270255233394, 9660401.867625862360001 ] ] ] ] } },
{ "type": "Feature", "properties": { }, "geometry": { "type": "MultiPolygon", "coordinates": [ [ [ [ 284650.362702552345581, 9660401.867625862360001 ], [ 284650.362702552345581, 9661432.617625862360001 ], [ 286152.562702552299015, 9661432.617625862360001 ], [ 286152.562702552299015, 9660401.867625862360001 ], [ 284650.362702552345581, 9660401.867625862360001 ] ] ] ] } },
{ "type": "Feature", "properties": { }, "geometry": { "type": "MultiPolygon", "coordinates": [ [ [ [ 286152.562702552357223, 9660401.867625862360001 ], [ 286152.562702552357223, 9661432.617625862360001 ], [ 287654.762702552310657, 9661432.617625862360001 ], [ 287654.762702552310657, 9660401.867625862360001 ], [ 286152.562702552357223, 9660401.867625862360001 ] ] ] ] } },
{ "type": "Feature", "properties": { }, "geometry": { "type": "MultiPolygon", "coordinates": [ [ [ [ 287654.762702552368864, 9660401.867625862360001 ], [ 287654.762702552368864, 9661432.617625862360001 ], [ 289156.962702552322298, 9661432.617625862360001 ], [ 289156.962702552322298, 9660401.867625862360001 ], [ 287654.762702552368864, 9660401.867625862360001 ] ] ] ] } },
{ "type": "Feature", "properties": { }, "geometry": { "type": "MultiPolygon", "coordinates": [ [ [ [ 289156.962702552322298, 9660401.867625862360001 ], [ 289156.962702552322298, 9661432.617625862360001 ], [ 290659.162702552275732, 9661432.617625862360001 ], [ 290659.162702552275732, 9660401.867625862360001 ], [ 289156.962702552322298, 9660401.867625862360001 ] ] ] ] } },
{ "type": "Feature", "properties": { }, "geometry": { "type": "MultiPolygon", "coordinates": [ [ [ [ 290659.16270255233394, 9660401.867625862360001 ], [ 290659.16270255233394, 9661432.617625862360001 ], [ 292161.362702552287374, 9661432.617625862360001 ], [ 292161.362702552287374, 9660401.867625862360001 ], [ 290659.16270255233394, 9660401.867625862360001 ] ] ] ] } },
{ "type": "Feature", "properties": { }, "geometry": { "type": "MultiPolygon", "coordinates": [ [ [ [ 292161.362702552345581, 9660401.867625862360001 ], [ 292161.362702552345581, 9661432.617625862360001 ], [ 293663.562702552299015, 9661432.617625862360001 ], [ 293663.562702552299015, 9660401.867625862360001 ], [ 292161.362702552345581, 9660401.867625862360001 ] ] ] ] } },
{ "type": "Feature", "properties": { }, "geometry": { "type": "MultiPolygon", "coordinates": [ [ [ [ 293663.562702552357223, 9660401.867625862360001 ], [ 293663.562702552357223, 9661432.617625862360001 ], [ 295165.762702552310657, 9661432.617625862360001 ], [ 295165.762702552310657, 9660401.867625862360001 ], [ 293663.562702552357223, 9660401.867625862360001 ] ] ] ] } },
{ "type": "Feature", "properties": { }, "geometry": { "type": "MultiPolygon", "coordinates": [ [ [ [ 295165.762702552368864, 9660401.867625862360001 ], [ 295165.762702552368864, 9661432.617625862360001 ], [ 296667.962702552322298, 9661432.617625862360001 ], [ 296667.962702552322298, 9660401.867625862360001 ], [ 295165.762702552368864, 9660401.867625862360001 ] ] ] ] } },
{ "type": "Feature", "properties": { }, "geometry": { "type": "MultiPolygon", "coordinates": [ [ [ [ 296667.962702552322298, 9660401.867625862360001 ], [ 296667.962702552322298, 9661432.617625862360001 ], [ 298170.162702552275732, 9661432.617625862360001 ], [ 298170.162702552275732, 9660401.867625862360001 ], [ 296667.962702552322298, 9660401.867625862360001 ] ] ] ] } },
{ "type": "Feature", "properties": { }, "geometry": { "type": "MultiPolygon", "coordinates": [ [ [ [ 298170.16270255233394, 9660401.867625862360001 ], [ 298170.16270255233394, 9661432.617625862360001 ], [ 299672.362702552287374, 9661432.617625862360001 ], [ 299672.362702552287374, 9660401.867625862360001 ], [ 298170.16270255233394, 9660401.867625862360001 ] ] ] ] } },
{ "type": "Feature", "properties": { }, "geometry": { "type": "MultiPolygon", "coordinates": [ [ [ [ 299672.362702552345581, 9660401.867625862360001 ], [ 299672.362702552345581, 9661432.617625862360001 ], [ 301174.562702552299015, 9661432.617625862360001 ], [ 301174.562702552299015, 9660401.867625862360001 ], [ 299672.362702552345581, 9660401.867625862360001 ] ] ] ] } },
{ "type": "Feature", "properties": { }, "geometry": { "type": "MultiPolygon", "coordinates": [ [ [ [ 301174.562702552357223, 9660401.867625862360001 ], [ 301174.562702552357223, 9661432.617625862360001 ], [ 302676.762702552310657, 9661432.617625862360001 ], [ 302676.762702552310657, 9660401.867625862360001 ], [ 301174.562702552357223, 9660401.867625862360001 ] ] ] ] } },
{ "type": "Feature", "properties": { }, "geometry": { "type": "MultiPolygon", "coordinates": [ [ [ [ 302676.762702552368864, 9660401.867625862360001 ], [ 302676.762702552368864, 9661432.617625862360001 ], [ 304178.962702552322298, 9661432.617625862360001 ], [ 304178.962702552322298, 9660401.867625862360001 ], [ 302676.762702552368864, 9660401.867625862360001 ] ] ] ] } },
{ "type": "Feature", "properties": { }, "geometry": { "type": "MultiPolygon", "coordinates": [ [ [ [ 304178.962702552322298, 9660401.867625862360001 ], [ 304178.962702552322298, 9661432.617625862360001 ], [ 305681.162702552275732, 9661432.617625862360001 ], [ 305681.162702552275732, 9660401.867625862360001 ], [ 304178.962702552322298, 9660401.867625862360001 ] ] ] ] } },
{ "type": "Feature", "properties": { }, "geometry": { "type": "MultiPolygon", "coordinates": [ [ [ [ 305681.16270255233394, 9660401.867625862360001 ], [ 305681.16270255233394, 9661432.617625862360001 ], [ 307183.362702552287374, 9661432.617625862360001 ], [ 307183.362702552287374, 9660401.867625862360001 ], [ 305681.16270255233394, 9660401.867625862360001 ] ] ] ] } },
{ "type": "Feature", "properties": { }, "geometry": { "type": "MultiPolygon", "coordinates": [ [ [ [ 307183.362702552345581, 9660401.867625862360001 ], [ 307183.362702552345581, 9661432.617625862360001 ], [ 308685.562702552299015, 9661432.617625862360001 ], [ 308685.562702552299015, 9660401.867625862360001 ], [ 307183.362702552345581, 9660401.867625862360001 ] ] ] ] } },
{ "type": "Feature", "properties": { }, "geometry": { "type": "MultiPolygon", "coordinates": [ [ [ [ 308685.562702552357223, 9660401.867625862360001 ], [ 308685.562702552357223, 9661432.617625862360001 ], [ 310187.762702552310657, 9661432.617625862360001 ], [ 310187.762702552310657, 9660401.867625862360001 ], [ 308685.562702552357223, 9660401.867625862360001 ] ] ] ] } },
{ "type": "Feature", "properties": { }, "geometry": { "type": "MultiPolygon", "coordinates": [ [ [ [ 310187.762702552368864, 9660401.867625862360001 ], [ 310187.762702552368864, 9661432.617625862360001 ], [ 311689.962702552322298, 9661432.617625862360001 ], [ 311689.962702552322298, 9660401.867625862360001 ], [ 310187.762702552368864, 9660401.867625862360001 ] ] ] ] } },
{ "type": "Feature", "properties": { }, "geometry": { "type": "MultiPolygon", "coordinates": [ [ [ [ 311689.962702552322298, 9660401.867625862360001 ], [ 311689.962702552322298, 9661432.617625862360001 ], [ 313192.162702552275732, 9661432.617625862360001 ], [ 313192.162702552275732, 9660401.867625862360001 ], [ 311689.962702552322298, 9660401.867625862360001 ] ] ] ] } },
{ "type": "Feature", "properties": { }, "geometry": { "type": "MultiPolygon", "coordinates": [ [ [ [ 313192.16270255233394, 9660401.867625862360001 ], [ 313192.16270255233394, 9661432.617625862360001 ], [ 314694.362702552287374, 9661432.617625862360001 ], [ 314694.362702552287374, 9660401.867625862360001 ], [ 313192.16270255233394, 9660401.867625862360001 ] ] ] ] } },
{ "type": "Feature", "properties": { }, "geometry": { "type": "MultiPolygon", "coordinates": [ [ [ [ 314694.362702552345581, 9660401.867625862360001 ], [ 314694.362702552345581, 9661432.617625862360001 ], [ 316196.562702552299015, 9661432.617625862360001 ], [ 316196.562702552299015, 9660401.867625862360001 ], [ 314694.362702552345581, 9660401.867625862360001 ] ] ] ] } },
{ "type": "Feature", "properties": { }, "geometry": { "type": "MultiPolygon", "coordinates": [ [ [ [ 316196.562702552357223, 9660401.867625862360001 ], [ 316196.562702552357223, 9661432.617625862360001 ], [ 317698.762702552310657, 9661432.617625862360001 ], [ 317698.762702552310657, 9660401.867625862360001 ], [ 316196.562702552357223, 9660401.867625862360001 ] ] ] ] } },
{ "type": "Feature", "properties": { }, "geometry": { "type": "MultiPolygon", "coordinates": [ [ [ [ 317698.762702552368864, 9660401.867625862360001 ], [ 317698.762702552368864, 9661432.617625862360001 ], [ 319200.962702552322298, 9661432.617625862360001 ], [ 319200.962702552322298, 9660401.867625862360001 ], [ 317698.762702552368864, 9660401.867625862360001 ] ] ] ] } },
{ "type": "Feature", "properties": { }, "geometry": { "type": "MultiPolygon", "coordinates": [ [ [ [ 319200.962702552322298, 9660401.867625862360001 ], [ 319200.962702552322298, 9661432.617625862360001 ], [ 320703.162702552275732, 9661432.617625862360001 ], [ 320703.162702552275732, 9660401.867625862360001 ], [ 319200.962702552322298, 9660401.867625862360001 ] ] ] ] } },
{ "type": "Feature", "properties": { }, "geometry": { "type": "MultiPolygon", "coordinates": [ [ [ [ 320703.16270255233394, 9660401.867625862360001 ], [ 320703.16270255233394, 9661432.617625862360001 ], [ 322205.362702552287374, 9661432.617625862360001 ], [ 322205.362702552287374, 9660401.867625862360001 ], [ 320703.16270255233394, 9660401.867625862360001 ] ] ] ] } },
{ "type": "Feature", "properties": { }, "geometry": { "type": "MultiPolygon", "coordinates": [ [ [ [ 322205.362702552345581, 9660401.867625862360001 ], [ 322205.362702552345581, 9661432.617625862360001 ], [ 323707.562702552299015, 9661432.617625862360001 ], [ 323707.562702552299015, 9660401.867625862360001 ], [ 322205.362702552345581, 9660401.867625862360001 ] ] ] ] } },
{ "type": "Feature", "properties": { }, "geometry": { "type": "MultiPolygon", "coordinates": [ [ [ [ 323707.562702552357223, 9660401.867625862360001 ], [ 323707.562702552357223, 9661432.617625862360001 ], [ 325209.762702552310657, 9661432.617625862360001 ], [ 325209.762702552310657, 9660401.867625862360001 ], [ 323707.562702552357223, 9660401.867625862360001 ] ] ] ] } },
{ "type": "Feature", "properties": { }, "geometry": { "type": "MultiPolygon", "coordinates": [ [ [ [ 325209.762702552368864, 9660401.867625862360001 ], [ 325209.762702552368864, 9661432.617625862360001 ], [ 326711.962702552322298, 9661432.617625862360001 ], [ 326711.962702552322298, 9660401.867625862360001 ], [ 325209.762702552368864, 9660401.867625862360001 ] ] ] ] } },
{ "type": "Feature", "properties": { }, "geometry": { "type": "MultiPolygon", "coordinates": [ [ [ [ 326711.962702552322298, 9660401.867625862360001 ], [ 326711.962702552322298, 9661432.617625862360001 ], [ 328214.162702552275732, 9661432.617625862360001 ], [ 328214.162702552275732, 9660401.867625862360001 ], [ 326711.962702552322298, 9660401.867625862360001 ] ] ] ] } },
{ "type": "Feature", "properties": { }, "geometry": { "type": "MultiPolygon", "coordinates": [ [ [ [ 328214.16270255233394, 9660401.867625862360001 ], [ 328214.16270255233394, 9661432.617625862360001 ], [ 329716.362702552287374, 9661432.617625862360001 ], [ 329716.362702552287374, 9660401.867625862360001 ], [ 328214.16270255233394, 9660401.867625862360001 ] ] ] ] } },
{ "type": "Feature", "properties": { }, "geometry": { "type": "MultiPolygon", "coordinates": [ [ [ [ 329716.362702552345581, 9660401.867625862360001 ], [ 329716.362702552345581, 9661432.617625862360001 ], [ 331218.562702552299015, 9661432.617625862360001 ], [ 331218.562702552299015, 9660401.867625862360001 ], [ 329716.362702552345581, 9660401.867625862360001 ] ] ] ] } },
{ "type": "Feature", "properties": { }, "geometry": { "type": "MultiPolygon", "coordinates": [ [ [ [ 331218.562702552357223, 9660401.867625862360001 ], [ 331218.562702552357223, 9661432.617625862360001 ], [ 332720.762702552310657, 9661432.617625862360001 ], [ 332720.762702552310657, 9660401.867625862360001 ], [ 331218.562702552357223, 9660401.867625862360001 ] ] ] ] } },
{ "type": "Feature", "properties": { }, "geometry": { "type": "MultiPolygon", "coordinates": [ [ [ [ 332720.762702552368864, 9660401.867625862360001 ], [ 332720.762702552368864, 9661432.617625862360001 ], [ 334222.962702552322298, 9661432.617625862360001 ], [ 334222.962702552322298, 9660401.867625862360001 ], [ 332720.762702552368864, 9660401.867625862360001 ] ] ] ] } },
{ "type": "Feature", "properties": { }, "geometry": { "type": "MultiPolygon", "coordinates": [ [ [ [ 334222.962702552322298, 9660401.867625862360001 ], [ 334222.962702552322298, 9661432.617625862360001 ], [ 335725.162702552275732, 9661432.617625862360001 ], [ 335725.162702552275732, 9660401.867625862360001 ], [ 334222.962702552322298, 9660401.867625862360001 ] ] ] ] } },
{ "type": "Feature", "properties": { }, "geometry": { "type": "MultiPolygon", "coordinates": [ [ [ [ 335725.16270255233394, 9660401.867625862360001 ], [ 335725.16270255233394, 9661432.617625862360001 ], [ 337227.362702552287374, 9661432.617625862360001 ], [ 337227.362702552287374, 9660401.867625862360001 ], [ 335725.16270255233394, 9660401.867625862360001 ] ] ] ] } },
{ "type": "Feature", "properties": { }, "geometry": { "type": "MultiPolygon", "coordinates": [ [ [ [ 337227.362702552345581, 9660401.867625862360001 ], [ 337227.362702552345581, 9661432.617625862360001 ], [ 338729.562702552299015, 9661432.617625862360001 ], [ 338729.562702552299015, 9660401.867625862360001 ], [ 337227.362702552345581, 9660401.867625862360001 ] ] ] ] } },
{ "type": "Feature", "properties": { }, "geometry": { "type": "MultiPolygon", "coordinates": [ [ [ [ 338729.562702552357223, 9660401.867625862360001 ], [ 338729.562702552357223, 9661432.617625862360001 ], [ 340231.762702552310657, 9661432.617625862360001 ], [ 340231.762702552310657, 9660401.867625862360001 ], [ 338729.562702552357223, 9660401.867625862360001 ] ] ] ] } },
{ "type": "Feature", "properties": { }, "geometry": { "type": "MultiPolygon", "coordinates": [ [ [ [ 340231.762702552368864, 9660401.867625862360001 ], [ 340231.762702552368864, 9661432.617625862360001 ], [ 341733.962702552322298, 9661432.617625862360001 ], [ 341733.962702552322298, 9660401.867625862360001 ], [ 340231.762702552368864, 9660401.867625862360001 ] ] ] ] } },
{ "type": "Feature", "properties": { }, "geometry": { "type": "MultiPolygon", "coordinates": [ [ [ [ 341733.962702552322298, 9660401.867625862360001 ], [ 341733.962702552322298, 9661432.617625862360001 ], [ 343236.162702552275732, 9661432.617625862360001 ], [ 343236.162702552275732, 9660401.867625862360001 ], [ 341733.962702552322298, 9660401.867625862360001 ] ] ] ] } },
{ "type": "Feature", "properties": { }, "geometry": { "type": "MultiPolygon", "coordinates": [ [ [ [ 343236.16270255233394, 9660401.867625862360001 ], [ 343236.16270255233394, 9661432.617625862360001 ], [ 344738.362702552287374, 9661432.617625862360001 ], [ 344738.362702552287374, 9660401.867625862360001 ], [ 343236.16270255233394, 9660401.867625862360001 ] ] ] ] } },
{ "type": "Feature", "properties": { }, "geometry": { "type": "MultiPolygon", "coordinates": [ [ [ [ 344738.362702552345581, 9660401.867625862360001 ], [ 344738.362702552345581, 9661432.617625862360001 ], [ 346240.562702552299015, 9661432.617625862360001 ], [ 346240.562702552299015, 9660401.867625862360001 ], [ 344738.362702552345581, 9660401.867625862360001 ] ] ] ] } },
{ "type": "Feature", "properties": { }, "geometry": { "type": "MultiPolygon", "coordinates": [ [ [ [ 346240.562702552357223, 9660401.867625862360001 ], [ 346240.562702552357223, 9661432.617625862360001 ], [ 347742.762702552310657, 9661432.617625862360001 ], [ 347742.762702552310657, 9660401.867625862360001 ], [ 346240.562702552357223, 9660401.867625862360001 ] ] ] ] } },
{ "type": "Feature", "properties": { }, "geometry": { "type": "MultiPolygon", "coordinates": [ [ [ [ 347742.762702552368864, 9660401.867625862360001 ], [ 347742.762702552368864, 9661432.617625862360001 ], [ 349244.962702552322298, 9661432.617625862360001 ], [ 349244.962702552322298, 9660401.867625862360001 ], [ 347742.762702552368864, 9660401.867625862360001 ] ] ] ] } },
{ "type": "Feature", "properties": { }, "geometry": { "type": "MultiPolygon", "coordinates": [ [ [ [ 349244.962702552322298, 9660401.867625862360001 ], [ 349244.962702552322298, 9661432.617625862360001 ], [ 350747.162702552275732, 9661432.617625862360001 ], [ 350747.162702552275732, 9660401.867625862360001 ], [ 349244.962702552322298, 9660401.867625862360001 ] ] ] ] } },
{ "type": "Feature", "properties": { }, "geometry": { "type": "MultiPolygon", "coordinates": [ [ [ [ 350747.16270255233394, 9660401.867625862360001 ], [ 350747.16270255233394, 9661432.617625862360001 ], [ 352249.362702552287374, 9661432.617625862360001 ], [ 352249.362702552287374, 9660401.867625862360001 ], [ 350747.16270255233394, 9660401.867625862360001 ] ] ] ] } },
{ "type": "Feature", "properties": { }, "geometry": { "type": "MultiPolygon", "coordinates": [ [ [ [ 352249.362702552345581, 9660401.867625862360001 ], [ 352249.362702552345581, 9661432.617625862360001 ], [ 353751.562702552299015, 9661432.617625862360001 ], [ 353751.562702552299015, 9660401.867625862360001 ], [ 352249.362702552345581, 9660401.867625862360001 ] ] ] ] } },
{ "type": "Feature", "properties": { }, "geometry": { "type": "MultiPolygon", "coordinates": [ [ [ [ 353751.562702552357223, 9660401.867625862360001 ], [ 353751.562702552357223, 9661432.617625862360001 ], [ 355253.762702552310657, 9661432.617625862360001 ], [ 355253.762702552310657, 9660401.867625862360001 ], [ 353751.562702552357223, 9660401.867625862360001 ] ] ] ] } },
{ "type": "Feature", "properties": { }, "geometry": { "type": "MultiPolygon", "coordinates": [ [ [ [ 355253.762702552368864, 9660401.867625862360001 ], [ 355253.762702552368864, 9661432.617625862360001 ], [ 356755.962702552322298, 9661432.617625862360001 ], [ 356755.962702552322298, 9660401.867625862360001 ], [ 355253.762702552368864, 9660401.867625862360001 ] ] ] ] } },
{ "type": "Feature", "properties": { }, "geometry": { "type": "MultiPolygon", "coordinates": [ [ [ [ 281645.962702552322298, 9659371.117625862360001 ], [ 281645.962702552322298, 9660401.867625862360001 ], [ 283148.162702552275732, 9660401.867625862360001 ], [ 283148.162702552275732, 9659371.117625862360001 ], [ 281645.962702552322298, 9659371.117625862360001 ] ] ] ] } },
{ "type": "Feature", "properties": { }, "geometry": { "type": "MultiPolygon", "coordinates": [ [ [ [ 283148.16270255233394, 9659371.117625862360001 ], [ 283148.16270255233394, 9660401.867625862360001 ], [ 284650.362702552287374, 9660401.867625862360001 ], [ 284650.362702552287374, 9659371.117625862360001 ], [ 283148.16270255233394, 9659371.117625862360001 ] ] ] ] } },
{ "type": "Feature", "properties": { }, "geometry": { "type": "MultiPolygon", "coordinates": [ [ [ [ 284650.362702552345581, 9659371.117625862360001 ], [ 284650.362702552345581, 9660401.867625862360001 ], [ 286152.562702552299015, 9660401.867625862360001 ], [ 286152.562702552299015, 9659371.117625862360001 ], [ 284650.362702552345581, 9659371.117625862360001 ] ] ] ] } },
{ "type": "Feature", "properties": { }, "geometry": { "type": "MultiPolygon", "coordinates": [ [ [ [ 286152.562702552357223, 9659371.117625862360001 ], [ 286152.562702552357223, 9660401.867625862360001 ], [ 287654.762702552310657, 9660401.867625862360001 ], [ 287654.762702552310657, 9659371.117625862360001 ], [ 286152.562702552357223, 9659371.117625862360001 ] ] ] ] } },
{ "type": "Feature", "properties": { }, "geometry": { "type": "MultiPolygon", "coordinates": [ [ [ [ 287654.762702552368864, 9659371.117625862360001 ], [ 287654.762702552368864, 9660401.867625862360001 ], [ 289156.962702552322298, 9660401.867625862360001 ], [ 289156.962702552322298, 9659371.117625862360001 ], [ 287654.762702552368864, 9659371.117625862360001 ] ] ] ] } },
{ "type": "Feature", "properties": { }, "geometry": { "type": "MultiPolygon", "coordinates": [ [ [ [ 289156.962702552322298, 9659371.117625862360001 ], [ 289156.962702552322298, 9660401.867625862360001 ], [ 290659.162702552275732, 9660401.867625862360001 ], [ 290659.162702552275732, 9659371.117625862360001 ], [ 289156.962702552322298, 9659371.117625862360001 ] ] ] ] } },
{ "type": "Feature", "properties": { }, "geometry": { "type": "MultiPolygon", "coordinates": [ [ [ [ 290659.16270255233394, 9659371.117625862360001 ], [ 290659.16270255233394, 9660401.867625862360001 ], [ 292161.362702552287374, 9660401.867625862360001 ], [ 292161.362702552287374, 9659371.117625862360001 ], [ 290659.16270255233394, 9659371.117625862360001 ] ] ] ] } },
{ "type": "Feature", "properties": { }, "geometry": { "type": "MultiPolygon", "coordinates": [ [ [ [ 292161.362702552345581, 9659371.117625862360001 ], [ 292161.362702552345581, 9660401.867625862360001 ], [ 293663.562702552299015, 9660401.867625862360001 ], [ 293663.562702552299015, 9659371.117625862360001 ], [ 292161.362702552345581, 9659371.117625862360001 ] ] ] ] } },
{ "type": "Feature", "properties": { }, "geometry": { "type": "MultiPolygon", "coordinates": [ [ [ [ 293663.562702552357223, 9659371.117625862360001 ], [ 293663.562702552357223, 9660401.867625862360001 ], [ 295165.762702552310657, 9660401.867625862360001 ], [ 295165.762702552310657, 9659371.117625862360001 ], [ 293663.562702552357223, 9659371.117625862360001 ] ] ] ] } },
{ "type": "Feature", "properties": { }, "geometry": { "type": "MultiPolygon", "coordinates": [ [ [ [ 295165.762702552368864, 9659371.117625862360001 ], [ 295165.762702552368864, 9660401.867625862360001 ], [ 296667.962702552322298, 9660401.867625862360001 ], [ 296667.962702552322298, 9659371.117625862360001 ], [ 295165.762702552368864, 9659371.117625862360001 ] ] ] ] } },
{ "type": "Feature", "properties": { }, "geometry": { "type": "MultiPolygon", "coordinates": [ [ [ [ 296667.962702552322298, 9659371.117625862360001 ], [ 296667.962702552322298, 9660401.867625862360001 ], [ 298170.162702552275732, 9660401.867625862360001 ], [ 298170.162702552275732, 9659371.117625862360001 ], [ 296667.962702552322298, 9659371.117625862360001 ] ] ] ] } },
{ "type": "Feature", "properties": { }, "geometry": { "type": "MultiPolygon", "coordinates": [ [ [ [ 298170.16270255233394, 9659371.117625862360001 ], [ 298170.16270255233394, 9660401.867625862360001 ], [ 299672.362702552287374, 9660401.867625862360001 ], [ 299672.362702552287374, 9659371.117625862360001 ], [ 298170.16270255233394, 9659371.117625862360001 ] ] ] ] } },
{ "type": "Feature", "properties": { }, "geometry": { "type": "MultiPolygon", "coordinates": [ [ [ [ 299672.362702552345581, 9659371.117625862360001 ], [ 299672.362702552345581, 9660401.867625862360001 ], [ 301174.562702552299015, 9660401.867625862360001 ], [ 301174.562702552299015, 9659371.117625862360001 ], [ 299672.362702552345581, 9659371.117625862360001 ] ] ] ] } },
{ "type": "Feature", "properties": { }, "geometry": { "type": "MultiPolygon", "coordinates": [ [ [ [ 301174.562702552357223, 9659371.117625862360001 ], [ 301174.562702552357223, 9660401.867625862360001 ], [ 302676.762702552310657, 9660401.867625862360001 ], [ 302676.762702552310657, 9659371.117625862360001 ], [ 301174.562702552357223, 9659371.117625862360001 ] ] ] ] } },
{ "type": "Feature", "properties": { }, "geometry": { "type": "MultiPolygon", "coordinates": [ [ [ [ 302676.762702552368864, 9659371.117625862360001 ], [ 302676.762702552368864, 9660401.867625862360001 ], [ 304178.962702552322298, 9660401.867625862360001 ], [ 304178.962702552322298, 9659371.117625862360001 ], [ 302676.762702552368864, 9659371.117625862360001 ] ] ] ] } },
{ "type": "Feature", "properties": { }, "geometry": { "type": "MultiPolygon", "coordinates": [ [ [ [ 304178.962702552322298, 9659371.117625862360001 ], [ 304178.962702552322298, 9660401.867625862360001 ], [ 305681.162702552275732, 9660401.867625862360001 ], [ 305681.162702552275732, 9659371.117625862360001 ], [ 304178.962702552322298, 9659371.117625862360001 ] ] ] ] } },
{ "type": "Feature", "properties": { }, "geometry": { "type": "MultiPolygon", "coordinates": [ [ [ [ 305681.16270255233394, 9659371.117625862360001 ], [ 305681.16270255233394, 9660401.867625862360001 ], [ 307183.362702552287374, 9660401.867625862360001 ], [ 307183.362702552287374, 9659371.117625862360001 ], [ 305681.16270255233394, 9659371.117625862360001 ] ] ] ] } },
{ "type": "Feature", "properties": { }, "geometry": { "type": "MultiPolygon", "coordinates": [ [ [ [ 307183.362702552345581, 9659371.117625862360001 ], [ 307183.362702552345581, 9660401.867625862360001 ], [ 308685.562702552299015, 9660401.867625862360001 ], [ 308685.562702552299015, 9659371.117625862360001 ], [ 307183.362702552345581, 9659371.117625862360001 ] ] ] ] } },
{ "type": "Feature", "properties": { }, "geometry": { "type": "MultiPolygon", "coordinates": [ [ [ [ 308685.562702552357223, 9659371.117625862360001 ], [ 308685.562702552357223, 9660401.867625862360001 ], [ 310187.762702552310657, 9660401.867625862360001 ], [ 310187.762702552310657, 9659371.117625862360001 ], [ 308685.562702552357223, 9659371.117625862360001 ] ] ] ] } },
{ "type": "Feature", "properties": { }, "geometry": { "type": "MultiPolygon", "coordinates": [ [ [ [ 310187.762702552368864, 9659371.117625862360001 ], [ 310187.762702552368864, 9660401.867625862360001 ], [ 311689.962702552322298, 9660401.867625862360001 ], [ 311689.962702552322298, 9659371.117625862360001 ], [ 310187.762702552368864, 9659371.117625862360001 ] ] ] ] } },
{ "type": "Feature", "properties": { }, "geometry": { "type": "MultiPolygon", "coordinates": [ [ [ [ 311689.962702552322298, 9659371.117625862360001 ], [ 311689.962702552322298, 9660401.867625862360001 ], [ 313192.162702552275732, 9660401.867625862360001 ], [ 313192.162702552275732, 9659371.117625862360001 ], [ 311689.962702552322298, 9659371.117625862360001 ] ] ] ] } },
{ "type": "Feature", "properties": { }, "geometry": { "type": "MultiPolygon", "coordinates": [ [ [ [ 313192.16270255233394, 9659371.117625862360001 ], [ 313192.16270255233394, 9660401.867625862360001 ], [ 314694.362702552287374, 9660401.867625862360001 ], [ 314694.362702552287374, 9659371.117625862360001 ], [ 313192.16270255233394, 9659371.117625862360001 ] ] ] ] } },
{ "type": "Feature", "properties": { }, "geometry": { "type": "MultiPolygon", "coordinates": [ [ [ [ 314694.362702552345581, 9659371.117625862360001 ], [ 314694.362702552345581, 9660401.867625862360001 ], [ 316196.562702552299015, 9660401.867625862360001 ], [ 316196.562702552299015, 9659371.117625862360001 ], [ 314694.362702552345581, 9659371.117625862360001 ] ] ] ] } },
{ "type": "Feature", "properties": { }, "geometry": { "type": "MultiPolygon", "coordinates": [ [ [ [ 316196.562702552357223, 9659371.117625862360001 ], [ 316196.562702552357223, 9660401.867625862360001 ], [ 317698.762702552310657, 9660401.867625862360001 ], [ 317698.762702552310657, 9659371.117625862360001 ], [ 316196.562702552357223, 9659371.117625862360001 ] ] ] ] } },
{ "type": "Feature", "properties": { }, "geometry": { "type": "MultiPolygon", "coordinates": [ [ [ [ 317698.762702552368864, 9659371.117625862360001 ], [ 317698.762702552368864, 9660401.867625862360001 ], [ 319200.962702552322298, 9660401.867625862360001 ], [ 319200.962702552322298, 9659371.117625862360001 ], [ 317698.762702552368864, 9659371.117625862360001 ] ] ] ] } },
{ "type": "Feature", "properties": { }, "geometry": { "type": "MultiPolygon", "coordinates": [ [ [ [ 319200.962702552322298, 9659371.117625862360001 ], [ 319200.962702552322298, 9660401.867625862360001 ], [ 320703.162702552275732, 9660401.867625862360001 ], [ 320703.162702552275732, 9659371.117625862360001 ], [ 319200.962702552322298, 9659371.117625862360001 ] ] ] ] } },
{ "type": "Feature", "properties": { }, "geometry": { "type": "MultiPolygon", "coordinates": [ [ [ [ 320703.16270255233394, 9659371.117625862360001 ], [ 320703.16270255233394, 9660401.867625862360001 ], [ 322205.362702552287374, 9660401.867625862360001 ], [ 322205.362702552287374, 9659371.117625862360001 ], [ 320703.16270255233394, 9659371.117625862360001 ] ] ] ] } },
{ "type": "Feature", "properties": { }, "geometry": { "type": "MultiPolygon", "coordinates": [ [ [ [ 322205.362702552345581, 9659371.117625862360001 ], [ 322205.362702552345581, 9660401.867625862360001 ], [ 323707.562702552299015, 9660401.867625862360001 ], [ 323707.562702552299015, 9659371.117625862360001 ], [ 322205.362702552345581, 9659371.117625862360001 ] ] ] ] } },
{ "type": "Feature", "properties": { }, "geometry": { "type": "MultiPolygon", "coordinates": [ [ [ [ 323707.562702552357223, 9659371.117625862360001 ], [ 323707.562702552357223, 9660401.867625862360001 ], [ 325209.762702552310657, 9660401.867625862360001 ], [ 325209.762702552310657, 9659371.117625862360001 ], [ 323707.562702552357223, 9659371.117625862360001 ] ] ] ] } },
{ "type": "Feature", "properties": { }, "geometry": { "type": "MultiPolygon", "coordinates": [ [ [ [ 325209.762702552368864, 9659371.117625862360001 ], [ 325209.762702552368864, 9660401.867625862360001 ], [ 326711.962702552322298, 9660401.867625862360001 ], [ 326711.962702552322298, 9659371.117625862360001 ], [ 325209.762702552368864, 9659371.117625862360001 ] ] ] ] } },
{ "type": "Feature", "properties": { }, "geometry": { "type": "MultiPolygon", "coordinates": [ [ [ [ 326711.962702552322298, 9659371.117625862360001 ], [ 326711.962702552322298, 9660401.867625862360001 ], [ 328214.162702552275732, 9660401.867625862360001 ], [ 328214.162702552275732, 9659371.117625862360001 ], [ 326711.962702552322298, 9659371.117625862360001 ] ] ] ] } },
{ "type": "Feature", "properties": { }, "geometry": { "type": "MultiPolygon", "coordinates": [ [ [ [ 328214.16270255233394, 9659371.117625862360001 ], [ 328214.16270255233394, 9660401.867625862360001 ], [ 329716.362702552287374, 9660401.867625862360001 ], [ 329716.362702552287374, 9659371.117625862360001 ], [ 328214.16270255233394, 9659371.117625862360001 ] ] ] ] } },
{ "type": "Feature", "properties": { }, "geometry": { "type": "MultiPolygon", "coordinates": [ [ [ [ 329716.362702552345581, 9659371.117625862360001 ], [ 329716.362702552345581, 9660401.867625862360001 ], [ 331218.562702552299015, 9660401.867625862360001 ], [ 331218.562702552299015, 9659371.117625862360001 ], [ 329716.362702552345581, 9659371.117625862360001 ] ] ] ] } },
{ "type": "Feature", "properties": { }, "geometry": { "type": "MultiPolygon", "coordinates": [ [ [ [ 331218.562702552357223, 9659371.117625862360001 ], [ 331218.562702552357223, 9660401.867625862360001 ], [ 332720.762702552310657, 9660401.867625862360001 ], [ 332720.762702552310657, 9659371.117625862360001 ], [ 331218.562702552357223, 9659371.117625862360001 ] ] ] ] } },
{ "type": "Feature", "properties": { }, "geometry": { "type": "MultiPolygon", "coordinates": [ [ [ [ 332720.762702552368864, 9659371.117625862360001 ], [ 332720.762702552368864, 9660401.867625862360001 ], [ 334222.962702552322298, 9660401.867625862360001 ], [ 334222.962702552322298, 9659371.117625862360001 ], [ 332720.762702552368864, 9659371.117625862360001 ] ] ] ] } },
{ "type": "Feature", "properties": { }, "geometry": { "type": "MultiPolygon", "coordinates": [ [ [ [ 334222.962702552322298, 9659371.117625862360001 ], [ 334222.962702552322298, 9660401.867625862360001 ], [ 335725.162702552275732, 9660401.867625862360001 ], [ 335725.162702552275732, 9659371.117625862360001 ], [ 334222.962702552322298, 9659371.117625862360001 ] ] ] ] } },
{ "type": "Feature", "properties": { }, "geometry": { "type": "MultiPolygon", "coordinates": [ [ [ [ 335725.16270255233394, 9659371.117625862360001 ], [ 335725.16270255233394, 9660401.867625862360001 ], [ 337227.362702552287374, 9660401.867625862360001 ], [ 337227.362702552287374, 9659371.117625862360001 ], [ 335725.16270255233394, 9659371.117625862360001 ] ] ] ] } },
{ "type": "Feature", "properties": { }, "geometry": { "type": "MultiPolygon", "coordinates": [ [ [ [ 337227.362702552345581, 9659371.117625862360001 ], [ 337227.362702552345581, 9660401.867625862360001 ], [ 338729.562702552299015, 9660401.867625862360001 ], [ 338729.562702552299015, 9659371.117625862360001 ], [ 337227.362702552345581, 9659371.117625862360001 ] ] ] ] } },
{ "type": "Feature", "properties": { }, "geometry": { "type": "MultiPolygon", "coordinates": [ [ [ [ 338729.562702552357223, 9659371.117625862360001 ], [ 338729.562702552357223, 9660401.867625862360001 ], [ 340231.762702552310657, 9660401.867625862360001 ], [ 340231.762702552310657, 9659371.117625862360001 ], [ 338729.562702552357223, 9659371.117625862360001 ] ] ] ] } },
{ "type": "Feature", "properties": { }, "geometry": { "type": "MultiPolygon", "coordinates": [ [ [ [ 340231.762702552368864, 9659371.117625862360001 ], [ 340231.762702552368864, 9660401.867625862360001 ], [ 341733.962702552322298, 9660401.867625862360001 ], [ 341733.962702552322298, 9659371.117625862360001 ], [ 340231.762702552368864, 9659371.117625862360001 ] ] ] ] } },
{ "type": "Feature", "properties": { }, "geometry": { "type": "MultiPolygon", "coordinates": [ [ [ [ 341733.962702552322298, 9659371.117625862360001 ], [ 341733.962702552322298, 9660401.867625862360001 ], [ 343236.162702552275732, 9660401.867625862360001 ], [ 343236.162702552275732, 9659371.117625862360001 ], [ 341733.962702552322298, 9659371.117625862360001 ] ] ] ] } },
{ "type": "Feature", "properties": { }, "geometry": { "type": "MultiPolygon", "coordinates": [ [ [ [ 343236.16270255233394, 9659371.117625862360001 ], [ 343236.16270255233394, 9660401.867625862360001 ], [ 344738.362702552287374, 9660401.867625862360001 ], [ 344738.362702552287374, 9659371.117625862360001 ], [ 343236.16270255233394, 9659371.117625862360001 ] ] ] ] } },
{ "type": "Feature", "properties": { }, "geometry": { "type": "MultiPolygon", "coordinates": [ [ [ [ 344738.362702552345581, 9659371.117625862360001 ], [ 344738.362702552345581, 9660401.867625862360001 ], [ 346240.562702552299015, 9660401.867625862360001 ], [ 346240.562702552299015, 9659371.117625862360001 ], [ 344738.362702552345581, 9659371.117625862360001 ] ] ] ] } },
{ "type": "Feature", "properties": { }, "geometry": { "type": "MultiPolygon", "coordinates": [ [ [ [ 346240.562702552357223, 9659371.117625862360001 ], [ 346240.562702552357223, 9660401.867625862360001 ], [ 347742.762702552310657, 9660401.867625862360001 ], [ 347742.762702552310657, 9659371.117625862360001 ], [ 346240.562702552357223, 9659371.117625862360001 ] ] ] ] } },
{ "type": "Feature", "properties": { }, "geometry": { "type": "MultiPolygon", "coordinates": [ [ [ [ 347742.762702552368864, 9659371.117625862360001 ], [ 347742.762702552368864, 9660401.867625862360001 ], [ 349244.962702552322298, 9660401.867625862360001 ], [ 349244.962702552322298, 9659371.117625862360001 ], [ 347742.762702552368864, 9659371.117625862360001 ] ] ] ] } },
{ "type": "Feature", "properties": { }, "geometry": { "type": "MultiPolygon", "coordinates": [ [ [ [ 349244.962702552322298, 9659371.117625862360001 ], [ 349244.962702552322298, 9660401.867625862360001 ], [ 350747.162702552275732, 9660401.867625862360001 ], [ 350747.162702552275732, 9659371.117625862360001 ], [ 349244.962702552322298, 9659371.117625862360001 ] ] ] ] } },
{ "type": "Feature", "properties": { }, "geometry": { "type": "MultiPolygon", "coordinates": [ [ [ [ 350747.16270255233394, 9659371.117625862360001 ], [ 350747.16270255233394, 9660401.867625862360001 ], [ 352249.362702552287374, 9660401.867625862360001 ], [ 352249.362702552287374, 9659371.117625862360001 ], [ 350747.16270255233394, 9659371.117625862360001 ] ] ] ] } },
{ "type": "Feature", "properties": { }, "geometry": { "type": "MultiPolygon", "coordinates": [ [ [ [ 352249.362702552345581, 9659371.117625862360001 ], [ 352249.362702552345581, 9660401.867625862360001 ], [ 353751.562702552299015, 9660401.867625862360001 ], [ 353751.562702552299015, 9659371.117625862360001 ], [ 352249.362702552345581, 9659371.117625862360001 ] ] ] ] } },
{ "type": "Feature", "properties": { }, "geometry": { "type": "MultiPolygon", "coordinates": [ [ [ [ 353751.562702552357223, 9659371.117625862360001 ], [ 353751.562702552357223, 9660401.867625862360001 ], [ 355253.762702552310657, 9660401.867625862360001 ], [ 355253.762702552310657, 9659371.117625862360001 ], [ 353751.562702552357223, 9659371.117625862360001 ] ] ] ] } },
{ "type": "Feature", "properties": { }, "geometry": { "type": "MultiPolygon", "coordinates": [ [ [ [ 355253.762702552368864, 9659371.117625862360001 ], [ 355253.762702552368864, 9660401.867625862360001 ], [ 356755.962702552322298, 9660401.867625862360001 ], [ 356755.962702552322298, 9659371.117625862360001 ], [ 355253.762702552368864, 9659371.117625862360001 ] ] ] ] } },
{ "type": "Feature", "properties": { }, "geometry": { "type": "MultiPolygon", "coordinates": [ [ [ [ 281645.962702552322298, 9658340.367625862360001 ], [ 281645.962702552322298, 9659371.117625862360001 ], [ 283148.162702552275732, 9659371.117625862360001 ], [ 283148.162702552275732, 9658340.367625862360001 ], [ 281645.962702552322298, 9658340.367625862360001 ] ] ] ] } },
{ "type": "Feature", "properties": { }, "geometry": { "type": "MultiPolygon", "coordinates": [ [ [ [ 283148.16270255233394, 9658340.367625862360001 ], [ 283148.16270255233394, 9659371.117625862360001 ], [ 284650.362702552287374, 9659371.117625862360001 ], [ 284650.362702552287374, 9658340.367625862360001 ], [ 283148.16270255233394, 9658340.367625862360001 ] ] ] ] } },
{ "type": "Feature", "properties": { }, "geometry": { "type": "MultiPolygon", "coordinates": [ [ [ [ 284650.362702552345581, 9658340.367625862360001 ], [ 284650.362702552345581, 9659371.117625862360001 ], [ 286152.562702552299015, 9659371.117625862360001 ], [ 286152.562702552299015, 9658340.367625862360001 ], [ 284650.362702552345581, 9658340.367625862360001 ] ] ] ] } },
{ "type": "Feature", "properties": { }, "geometry": { "type": "MultiPolygon", "coordinates": [ [ [ [ 286152.562702552357223, 9658340.367625862360001 ], [ 286152.562702552357223, 9659371.117625862360001 ], [ 287654.762702552310657, 9659371.117625862360001 ], [ 287654.762702552310657, 9658340.367625862360001 ], [ 286152.562702552357223, 9658340.367625862360001 ] ] ] ] } },
{ "type": "Feature", "properties": { }, "geometry": { "type": "MultiPolygon", "coordinates": [ [ [ [ 287654.762702552368864, 9658340.367625862360001 ], [ 287654.762702552368864, 9659371.117625862360001 ], [ 289156.962702552322298, 9659371.117625862360001 ], [ 289156.962702552322298, 9658340.367625862360001 ], [ 287654.762702552368864, 9658340.367625862360001 ] ] ] ] } },
{ "type": "Feature", "properties": { }, "geometry": { "type": "MultiPolygon", "coordinates": [ [ [ [ 289156.962702552322298, 9658340.367625862360001 ], [ 289156.962702552322298, 9659371.117625862360001 ], [ 290659.162702552275732, 9659371.117625862360001 ], [ 290659.162702552275732, 9658340.367625862360001 ], [ 289156.962702552322298, 9658340.367625862360001 ] ] ] ] } },
{ "type": "Feature", "properties": { }, "geometry": { "type": "MultiPolygon", "coordinates": [ [ [ [ 290659.16270255233394, 9658340.367625862360001 ], [ 290659.16270255233394, 9659371.117625862360001 ], [ 292161.362702552287374, 9659371.117625862360001 ], [ 292161.362702552287374, 9658340.367625862360001 ], [ 290659.16270255233394, 9658340.367625862360001 ] ] ] ] } },
{ "type": "Feature", "properties": { }, "geometry": { "type": "MultiPolygon", "coordinates": [ [ [ [ 292161.362702552345581, 9658340.367625862360001 ], [ 292161.362702552345581, 9659371.117625862360001 ], [ 293663.562702552299015, 9659371.117625862360001 ], [ 293663.562702552299015, 9658340.367625862360001 ], [ 292161.362702552345581, 9658340.367625862360001 ] ] ] ] } },
{ "type": "Feature", "properties": { }, "geometry": { "type": "MultiPolygon", "coordinates": [ [ [ [ 293663.562702552357223, 9658340.367625862360001 ], [ 293663.562702552357223, 9659371.117625862360001 ], [ 295165.762702552310657, 9659371.117625862360001 ], [ 295165.762702552310657, 9658340.367625862360001 ], [ 293663.562702552357223, 9658340.367625862360001 ] ] ] ] } },
{ "type": "Feature", "properties": { }, "geometry": { "type": "MultiPolygon", "coordinates": [ [ [ [ 295165.762702552368864, 9658340.367625862360001 ], [ 295165.762702552368864, 9659371.117625862360001 ], [ 296667.962702552322298, 9659371.117625862360001 ], [ 296667.962702552322298, 9658340.367625862360001 ], [ 295165.762702552368864, 9658340.367625862360001 ] ] ] ] } },
{ "type": "Feature", "properties": { }, "geometry": { "type": "MultiPolygon", "coordinates": [ [ [ [ 296667.962702552322298, 9658340.367625862360001 ], [ 296667.962702552322298, 9659371.117625862360001 ], [ 298170.162702552275732, 9659371.117625862360001 ], [ 298170.162702552275732, 9658340.367625862360001 ], [ 296667.962702552322298, 9658340.367625862360001 ] ] ] ] } },
{ "type": "Feature", "properties": { }, "geometry": { "type": "MultiPolygon", "coordinates": [ [ [ [ 298170.16270255233394, 9658340.367625862360001 ], [ 298170.16270255233394, 9659371.117625862360001 ], [ 299672.362702552287374, 9659371.117625862360001 ], [ 299672.362702552287374, 9658340.367625862360001 ], [ 298170.16270255233394, 9658340.367625862360001 ] ] ] ] } },
{ "type": "Feature", "properties": { }, "geometry": { "type": "MultiPolygon", "coordinates": [ [ [ [ 299672.362702552345581, 9658340.367625862360001 ], [ 299672.362702552345581, 9659371.117625862360001 ], [ 301174.562702552299015, 9659371.117625862360001 ], [ 301174.562702552299015, 9658340.367625862360001 ], [ 299672.362702552345581, 9658340.367625862360001 ] ] ] ] } },
{ "type": "Feature", "properties": { }, "geometry": { "type": "MultiPolygon", "coordinates": [ [ [ [ 301174.562702552357223, 9658340.367625862360001 ], [ 301174.562702552357223, 9659371.117625862360001 ], [ 302676.762702552310657, 9659371.117625862360001 ], [ 302676.762702552310657, 9658340.367625862360001 ], [ 301174.562702552357223, 9658340.367625862360001 ] ] ] ] } },
{ "type": "Feature", "properties": { }, "geometry": { "type": "MultiPolygon", "coordinates": [ [ [ [ 302676.762702552368864, 9658340.367625862360001 ], [ 302676.762702552368864, 9659371.117625862360001 ], [ 304178.962702552322298, 9659371.117625862360001 ], [ 304178.962702552322298, 9658340.367625862360001 ], [ 302676.762702552368864, 9658340.367625862360001 ] ] ] ] } },
{ "type": "Feature", "properties": { }, "geometry": { "type": "MultiPolygon", "coordinates": [ [ [ [ 304178.962702552322298, 9658340.367625862360001 ], [ 304178.962702552322298, 9659371.117625862360001 ], [ 305681.162702552275732, 9659371.117625862360001 ], [ 305681.162702552275732, 9658340.367625862360001 ], [ 304178.962702552322298, 9658340.367625862360001 ] ] ] ] } },
{ "type": "Feature", "properties": { }, "geometry": { "type": "MultiPolygon", "coordinates": [ [ [ [ 305681.16270255233394, 9658340.367625862360001 ], [ 305681.16270255233394, 9659371.117625862360001 ], [ 307183.362702552287374, 9659371.117625862360001 ], [ 307183.362702552287374, 9658340.367625862360001 ], [ 305681.16270255233394, 9658340.367625862360001 ] ] ] ] } },
{ "type": "Feature", "properties": { }, "geometry": { "type": "MultiPolygon", "coordinates": [ [ [ [ 307183.362702552345581, 9658340.367625862360001 ], [ 307183.362702552345581, 9659371.117625862360001 ], [ 308685.562702552299015, 9659371.117625862360001 ], [ 308685.562702552299015, 9658340.367625862360001 ], [ 307183.362702552345581, 9658340.367625862360001 ] ] ] ] } },
{ "type": "Feature", "properties": { }, "geometry": { "type": "MultiPolygon", "coordinates": [ [ [ [ 308685.562702552357223, 9658340.367625862360001 ], [ 308685.562702552357223, 9659371.117625862360001 ], [ 310187.762702552310657, 9659371.117625862360001 ], [ 310187.762702552310657, 9658340.367625862360001 ], [ 308685.562702552357223, 9658340.367625862360001 ] ] ] ] } },
{ "type": "Feature", "properties": { }, "geometry": { "type": "MultiPolygon", "coordinates": [ [ [ [ 310187.762702552368864, 9658340.367625862360001 ], [ 310187.762702552368864, 9659371.117625862360001 ], [ 311689.962702552322298, 9659371.117625862360001 ], [ 311689.962702552322298, 9658340.367625862360001 ], [ 310187.762702552368864, 9658340.367625862360001 ] ] ] ] } },
{ "type": "Feature", "properties": { }, "geometry": { "type": "MultiPolygon", "coordinates": [ [ [ [ 311689.962702552322298, 9658340.367625862360001 ], [ 311689.962702552322298, 9659371.117625862360001 ], [ 313192.162702552275732, 9659371.117625862360001 ], [ 313192.162702552275732, 9658340.367625862360001 ], [ 311689.962702552322298, 9658340.367625862360001 ] ] ] ] } },
{ "type": "Feature", "properties": { }, "geometry": { "type": "MultiPolygon", "coordinates": [ [ [ [ 313192.16270255233394, 9658340.367625862360001 ], [ 313192.16270255233394, 9659371.117625862360001 ], [ 314694.362702552287374, 9659371.117625862360001 ], [ 314694.362702552287374, 9658340.367625862360001 ], [ 313192.16270255233394, 9658340.367625862360001 ] ] ] ] } },
{ "type": "Feature", "properties": { }, "geometry": { "type": "MultiPolygon", "coordinates": [ [ [ [ 314694.362702552345581, 9658340.367625862360001 ], [ 314694.362702552345581, 9659371.117625862360001 ], [ 316196.562702552299015, 9659371.117625862360001 ], [ 316196.562702552299015, 9658340.367625862360001 ], [ 314694.362702552345581, 9658340.367625862360001 ] ] ] ] } },
{ "type": "Feature", "properties": { }, "geometry": { "type": "MultiPolygon", "coordinates": [ [ [ [ 316196.562702552357223, 9658340.367625862360001 ], [ 316196.562702552357223, 9659371.117625862360001 ], [ 317698.762702552310657, 9659371.117625862360001 ], [ 317698.762702552310657, 9658340.367625862360001 ], [ 316196.562702552357223, 9658340.367625862360001 ] ] ] ] } },
{ "type": "Feature", "properties": { }, "geometry": { "type": "MultiPolygon", "coordinates": [ [ [ [ 317698.762702552368864, 9658340.367625862360001 ], [ 317698.762702552368864, 9659371.117625862360001 ], [ 319200.962702552322298, 9659371.117625862360001 ], [ 319200.962702552322298, 9658340.367625862360001 ], [ 317698.762702552368864, 9658340.367625862360001 ] ] ] ] } },
{ "type": "Feature", "properties": { }, "geometry": { "type": "MultiPolygon", "coordinates": [ [ [ [ 319200.962702552322298, 9658340.367625862360001 ], [ 319200.962702552322298, 9659371.117625862360001 ], [ 320703.162702552275732, 9659371.117625862360001 ], [ 320703.162702552275732, 9658340.367625862360001 ], [ 319200.962702552322298, 9658340.367625862360001 ] ] ] ] } },
{ "type": "Feature", "properties": { }, "geometry": { "type": "MultiPolygon", "coordinates": [ [ [ [ 320703.16270255233394, 9658340.367625862360001 ], [ 320703.16270255233394, 9659371.117625862360001 ], [ 322205.362702552287374, 9659371.117625862360001 ], [ 322205.362702552287374, 9658340.367625862360001 ], [ 320703.16270255233394, 9658340.367625862360001 ] ] ] ] } },
{ "type": "Feature", "properties": { }, "geometry": { "type": "MultiPolygon", "coordinates": [ [ [ [ 322205.362702552345581, 9658340.367625862360001 ], [ 322205.362702552345581, 9659371.117625862360001 ], [ 323707.562702552299015, 9659371.117625862360001 ], [ 323707.562702552299015, 9658340.367625862360001 ], [ 322205.362702552345581, 9658340.367625862360001 ] ] ] ] } },
{ "type": "Feature", "properties": { }, "geometry": { "type": "MultiPolygon", "coordinates": [ [ [ [ 323707.562702552357223, 9658340.367625862360001 ], [ 323707.562702552357223, 9659371.117625862360001 ], [ 325209.762702552310657, 9659371.117625862360001 ], [ 325209.762702552310657, 9658340.367625862360001 ], [ 323707.562702552357223, 9658340.367625862360001 ] ] ] ] } },
{ "type": "Feature", "properties": { }, "geometry": { "type": "MultiPolygon", "coordinates": [ [ [ [ 325209.762702552368864, 9658340.367625862360001 ], [ 325209.762702552368864, 9659371.117625862360001 ], [ 326711.962702552322298, 9659371.117625862360001 ], [ 326711.962702552322298, 9658340.367625862360001 ], [ 325209.762702552368864, 9658340.367625862360001 ] ] ] ] } },
{ "type": "Feature", "properties": { }, "geometry": { "type": "MultiPolygon", "coordinates": [ [ [ [ 326711.962702552322298, 9658340.367625862360001 ], [ 326711.962702552322298, 9659371.117625862360001 ], [ 328214.162702552275732, 9659371.117625862360001 ], [ 328214.162702552275732, 9658340.367625862360001 ], [ 326711.962702552322298, 9658340.367625862360001 ] ] ] ] } },
{ "type": "Feature", "properties": { }, "geometry": { "type": "MultiPolygon", "coordinates": [ [ [ [ 328214.16270255233394, 9658340.367625862360001 ], [ 328214.16270255233394, 9659371.117625862360001 ], [ 329716.362702552287374, 9659371.117625862360001 ], [ 329716.362702552287374, 9658340.367625862360001 ], [ 328214.16270255233394, 9658340.367625862360001 ] ] ] ] } },
{ "type": "Feature", "properties": { }, "geometry": { "type": "MultiPolygon", "coordinates": [ [ [ [ 329716.362702552345581, 9658340.367625862360001 ], [ 329716.362702552345581, 9659371.117625862360001 ], [ 331218.562702552299015, 9659371.117625862360001 ], [ 331218.562702552299015, 9658340.367625862360001 ], [ 329716.362702552345581, 9658340.367625862360001 ] ] ] ] } },
{ "type": "Feature", "properties": { }, "geometry": { "type": "MultiPolygon", "coordinates": [ [ [ [ 331218.562702552357223, 9658340.367625862360001 ], [ 331218.562702552357223, 9659371.117625862360001 ], [ 332720.762702552310657, 9659371.117625862360001 ], [ 332720.762702552310657, 9658340.367625862360001 ], [ 331218.562702552357223, 9658340.367625862360001 ] ] ] ] } },
{ "type": "Feature", "properties": { }, "geometry": { "type": "MultiPolygon", "coordinates": [ [ [ [ 332720.762702552368864, 9658340.367625862360001 ], [ 332720.762702552368864, 9659371.117625862360001 ], [ 334222.962702552322298, 9659371.117625862360001 ], [ 334222.962702552322298, 9658340.367625862360001 ], [ 332720.762702552368864, 9658340.367625862360001 ] ] ] ] } },
{ "type": "Feature", "properties": { }, "geometry": { "type": "MultiPolygon", "coordinates": [ [ [ [ 334222.962702552322298, 9658340.367625862360001 ], [ 334222.962702552322298, 9659371.117625862360001 ], [ 335725.162702552275732, 9659371.117625862360001 ], [ 335725.162702552275732, 9658340.367625862360001 ], [ 334222.962702552322298, 9658340.367625862360001 ] ] ] ] } },
{ "type": "Feature", "properties": { }, "geometry": { "type": "MultiPolygon", "coordinates": [ [ [ [ 335725.16270255233394, 9658340.367625862360001 ], [ 335725.16270255233394, 9659371.117625862360001 ], [ 337227.362702552287374, 9659371.117625862360001 ], [ 337227.362702552287374, 9658340.367625862360001 ], [ 335725.16270255233394, 9658340.367625862360001 ] ] ] ] } },
{ "type": "Feature", "properties": { }, "geometry": { "type": "MultiPolygon", "coordinates": [ [ [ [ 337227.362702552345581, 9658340.367625862360001 ], [ 337227.362702552345581, 9659371.117625862360001 ], [ 338729.562702552299015, 9659371.117625862360001 ], [ 338729.562702552299015, 9658340.367625862360001 ], [ 337227.362702552345581, 9658340.367625862360001 ] ] ] ] } },
{ "type": "Feature", "properties": { }, "geometry": { "type": "MultiPolygon", "coordinates": [ [ [ [ 338729.562702552357223, 9658340.367625862360001 ], [ 338729.562702552357223, 9659371.117625862360001 ], [ 340231.762702552310657, 9659371.117625862360001 ], [ 340231.762702552310657, 9658340.367625862360001 ], [ 338729.562702552357223, 9658340.367625862360001 ] ] ] ] } },
{ "type": "Feature", "properties": { }, "geometry": { "type": "MultiPolygon", "coordinates": [ [ [ [ 340231.762702552368864, 9658340.367625862360001 ], [ 340231.762702552368864, 9659371.117625862360001 ], [ 341733.962702552322298, 9659371.117625862360001 ], [ 341733.962702552322298, 9658340.367625862360001 ], [ 340231.762702552368864, 9658340.367625862360001 ] ] ] ] } },
{ "type": "Feature", "properties": { }, "geometry": { "type": "MultiPolygon", "coordinates": [ [ [ [ 341733.962702552322298, 9658340.367625862360001 ], [ 341733.962702552322298, 9659371.117625862360001 ], [ 343236.162702552275732, 9659371.117625862360001 ], [ 343236.162702552275732, 9658340.367625862360001 ], [ 341733.962702552322298, 9658340.367625862360001 ] ] ] ] } },
{ "type": "Feature", "properties": { }, "geometry": { "type": "MultiPolygon", "coordinates": [ [ [ [ 343236.16270255233394, 9658340.367625862360001 ], [ 343236.16270255233394, 9659371.117625862360001 ], [ 344738.362702552287374, 9659371.117625862360001 ], [ 344738.362702552287374, 9658340.367625862360001 ], [ 343236.16270255233394, 9658340.367625862360001 ] ] ] ] } },
{ "type": "Feature", "properties": { }, "geometry": { "type": "MultiPolygon", "coordinates": [ [ [ [ 344738.362702552345581, 9658340.367625862360001 ], [ 344738.362702552345581, 9659371.117625862360001 ], [ 346240.562702552299015, 9659371.117625862360001 ], [ 346240.562702552299015, 9658340.367625862360001 ], [ 344738.362702552345581, 9658340.367625862360001 ] ] ] ] } },
{ "type": "Feature", "properties": { }, "geometry": { "type": "MultiPolygon", "coordinates": [ [ [ [ 346240.562702552357223, 9658340.367625862360001 ], [ 346240.562702552357223, 9659371.117625862360001 ], [ 347742.762702552310657, 9659371.117625862360001 ], [ 347742.762702552310657, 9658340.367625862360001 ], [ 346240.562702552357223, 9658340.367625862360001 ] ] ] ] } },
{ "type": "Feature", "properties": { }, "geometry": { "type": "MultiPolygon", "coordinates": [ [ [ [ 347742.762702552368864, 9658340.367625862360001 ], [ 347742.762702552368864, 9659371.117625862360001 ], [ 349244.962702552322298, 9659371.117625862360001 ], [ 349244.962702552322298, 9658340.367625862360001 ], [ 347742.762702552368864, 9658340.367625862360001 ] ] ] ] } },
{ "type": "Feature", "properties": { }, "geometry": { "type": "MultiPolygon", "coordinates": [ [ [ [ 349244.962702552322298, 9658340.367625862360001 ], [ 349244.962702552322298, 9659371.117625862360001 ], [ 350747.162702552275732, 9659371.117625862360001 ], [ 350747.162702552275732, 9658340.367625862360001 ], [ 349244.962702552322298, 9658340.367625862360001 ] ] ] ] } },
{ "type": "Feature", "properties": { }, "geometry": { "type": "MultiPolygon", "coordinates": [ [ [ [ 350747.16270255233394, 9658340.367625862360001 ], [ 350747.16270255233394, 9659371.117625862360001 ], [ 352249.362702552287374, 9659371.117625862360001 ], [ 352249.362702552287374, 9658340.367625862360001 ], [ 350747.16270255233394, 9658340.367625862360001 ] ] ] ] } },
{ "type": "Feature", "properties": { }, "geometry": { "type": "MultiPolygon", "coordinates": [ [ [ [ 352249.362702552345581, 9658340.367625862360001 ], [ 352249.362702552345581, 9659371.117625862360001 ], [ 353751.562702552299015, 9659371.117625862360001 ], [ 353751.562702552299015, 9658340.367625862360001 ], [ 352249.362702552345581, 9658340.367625862360001 ] ] ] ] } },
{ "type": "Feature", "properties": { }, "geometry": { "type": "MultiPolygon", "coordinates": [ [ [ [ 353751.562702552357223, 9658340.367625862360001 ], [ 353751.562702552357223, 9659371.117625862360001 ], [ 355253.762702552310657, 9659371.117625862360001 ], [ 355253.762702552310657, 9658340.367625862360001 ], [ 353751.562702552357223, 9658340.367625862360001 ] ] ] ] } },
{ "type": "Feature", "properties": { }, "geometry": { "type": "MultiPolygon", "coordinates": [ [ [ [ 355253.762702552368864, 9658340.367625862360001 ], [ 355253.762702552368864, 9659371.117625862360001 ], [ 356755.962702552322298, 9659371.117625862360001 ], [ 356755.962702552322298, 9658340.367625862360001 ], [ 355253.762702552368864, 9658340.367625862360001 ] ] ] ] } },
{ "type": "Feature", "properties": { }, "geometry": { "type": "MultiPolygon", "coordinates": [ [ [ [ 281645.962702552322298, 9657309.617625862360001 ], [ 281645.962702552322298, 9658340.367625862360001 ], [ 283148.162702552275732, 9658340.367625862360001 ], [ 283148.162702552275732, 9657309.617625862360001 ], [ 281645.962702552322298, 9657309.617625862360001 ] ] ] ] } },
{ "type": "Feature", "properties": { }, "geometry": { "type": "MultiPolygon", "coordinates": [ [ [ [ 283148.16270255233394, 9657309.617625862360001 ], [ 283148.16270255233394, 9658340.367625862360001 ], [ 284650.362702552287374, 9658340.367625862360001 ], [ 284650.362702552287374, 9657309.617625862360001 ], [ 283148.16270255233394, 9657309.617625862360001 ] ] ] ] } },
{ "type": "Feature", "properties": { }, "geometry": { "type": "MultiPolygon", "coordinates": [ [ [ [ 284650.362702552345581, 9657309.617625862360001 ], [ 284650.362702552345581, 9658340.367625862360001 ], [ 286152.562702552299015, 9658340.367625862360001 ], [ 286152.562702552299015, 9657309.617625862360001 ], [ 284650.362702552345581, 9657309.617625862360001 ] ] ] ] } },
{ "type": "Feature", "properties": { }, "geometry": { "type": "MultiPolygon", "coordinates": [ [ [ [ 286152.562702552357223, 9657309.617625862360001 ], [ 286152.562702552357223, 9658340.367625862360001 ], [ 287654.762702552310657, 9658340.367625862360001 ], [ 287654.762702552310657, 9657309.617625862360001 ], [ 286152.562702552357223, 9657309.617625862360001 ] ] ] ] } },
{ "type": "Feature", "properties": { }, "geometry": { "type": "MultiPolygon", "coordinates": [ [ [ [ 287654.762702552368864, 9657309.617625862360001 ], [ 287654.762702552368864, 9658340.367625862360001 ], [ 289156.962702552322298, 9658340.367625862360001 ], [ 289156.962702552322298, 9657309.617625862360001 ], [ 287654.762702552368864, 9657309.617625862360001 ] ] ] ] } },
{ "type": "Feature", "properties": { }, "geometry": { "type": "MultiPolygon", "coordinates": [ [ [ [ 289156.962702552322298, 9657309.617625862360001 ], [ 289156.962702552322298, 9658340.367625862360001 ], [ 290659.162702552275732, 9658340.367625862360001 ], [ 290659.162702552275732, 9657309.617625862360001 ], [ 289156.962702552322298, 9657309.617625862360001 ] ] ] ] } },
{ "type": "Feature", "properties": { }, "geometry": { "type": "MultiPolygon", "coordinates": [ [ [ [ 290659.16270255233394, 9657309.617625862360001 ], [ 290659.16270255233394, 9658340.367625862360001 ], [ 292161.362702552287374, 9658340.367625862360001 ], [ 292161.362702552287374, 9657309.617625862360001 ], [ 290659.16270255233394, 9657309.617625862360001 ] ] ] ] } },
{ "type": "Feature", "properties": { }, "geometry": { "type": "MultiPolygon", "coordinates": [ [ [ [ 292161.362702552345581, 9657309.617625862360001 ], [ 292161.362702552345581, 9658340.367625862360001 ], [ 293663.562702552299015, 9658340.367625862360001 ], [ 293663.562702552299015, 9657309.617625862360001 ], [ 292161.362702552345581, 9657309.617625862360001 ] ] ] ] } },
{ "type": "Feature", "properties": { }, "geometry": { "type": "MultiPolygon", "coordinates": [ [ [ [ 293663.562702552357223, 9657309.617625862360001 ], [ 293663.562702552357223, 9658340.367625862360001 ], [ 295165.762702552310657, 9658340.367625862360001 ], [ 295165.762702552310657, 9657309.617625862360001 ], [ 293663.562702552357223, 9657309.617625862360001 ] ] ] ] } },
{ "type": "Feature", "properties": { }, "geometry": { "type": "MultiPolygon", "coordinates": [ [ [ [ 295165.762702552368864, 9657309.617625862360001 ], [ 295165.762702552368864, 9658340.367625862360001 ], [ 296667.962702552322298, 9658340.367625862360001 ], [ 296667.962702552322298, 9657309.617625862360001 ], [ 295165.762702552368864, 9657309.617625862360001 ] ] ] ] } },
{ "type": "Feature", "properties": { }, "geometry": { "type": "MultiPolygon", "coordinates": [ [ [ [ 296667.962702552322298, 9657309.617625862360001 ], [ 296667.962702552322298, 9658340.367625862360001 ], [ 298170.162702552275732, 9658340.367625862360001 ], [ 298170.162702552275732, 9657309.617625862360001 ], [ 296667.962702552322298, 9657309.617625862360001 ] ] ] ] } },
{ "type": "Feature", "properties": { }, "geometry": { "type": "MultiPolygon", "coordinates": [ [ [ [ 298170.16270255233394, 9657309.617625862360001 ], [ 298170.16270255233394, 9658340.367625862360001 ], [ 299672.362702552287374, 9658340.367625862360001 ], [ 299672.362702552287374, 9657309.617625862360001 ], [ 298170.16270255233394, 9657309.617625862360001 ] ] ] ] } },
{ "type": "Feature", "properties": { }, "geometry": { "type": "MultiPolygon", "coordinates": [ [ [ [ 299672.362702552345581, 9657309.617625862360001 ], [ 299672.362702552345581, 9658340.367625862360001 ], [ 301174.562702552299015, 9658340.367625862360001 ], [ 301174.562702552299015, 9657309.617625862360001 ], [ 299672.362702552345581, 9657309.617625862360001 ] ] ] ] } },
{ "type": "Feature", "properties": { }, "geometry": { "type": "MultiPolygon", "coordinates": [ [ [ [ 301174.562702552357223, 9657309.617625862360001 ], [ 301174.562702552357223, 9658340.367625862360001 ], [ 302676.762702552310657, 9658340.367625862360001 ], [ 302676.762702552310657, 9657309.617625862360001 ], [ 301174.562702552357223, 9657309.617625862360001 ] ] ] ] } },
{ "type": "Feature", "properties": { }, "geometry": { "type": "MultiPolygon", "coordinates": [ [ [ [ 302676.762702552368864, 9657309.617625862360001 ], [ 302676.762702552368864, 9658340.367625862360001 ], [ 304178.962702552322298, 9658340.367625862360001 ], [ 304178.962702552322298, 9657309.617625862360001 ], [ 302676.762702552368864, 9657309.617625862360001 ] ] ] ] } },
{ "type": "Feature", "properties": { }, "geometry": { "type": "MultiPolygon", "coordinates": [ [ [ [ 304178.962702552322298, 9657309.617625862360001 ], [ 304178.962702552322298, 9658340.367625862360001 ], [ 305681.162702552275732, 9658340.367625862360001 ], [ 305681.162702552275732, 9657309.617625862360001 ], [ 304178.962702552322298, 9657309.617625862360001 ] ] ] ] } },
{ "type": "Feature", "properties": { }, "geometry": { "type": "MultiPolygon", "coordinates": [ [ [ [ 305681.16270255233394, 9657309.617625862360001 ], [ 305681.16270255233394, 9658340.367625862360001 ], [ 307183.362702552287374, 9658340.367625862360001 ], [ 307183.362702552287374, 9657309.617625862360001 ], [ 305681.16270255233394, 9657309.617625862360001 ] ] ] ] } },
{ "type": "Feature", "properties": { }, "geometry": { "type": "MultiPolygon", "coordinates": [ [ [ [ 307183.362702552345581, 9657309.617625862360001 ], [ 307183.362702552345581, 9658340.367625862360001 ], [ 308685.562702552299015, 9658340.367625862360001 ], [ 308685.562702552299015, 9657309.617625862360001 ], [ 307183.362702552345581, 9657309.617625862360001 ] ] ] ] } },
{ "type": "Feature", "properties": { }, "geometry": { "type": "MultiPolygon", "coordinates": [ [ [ [ 308685.562702552357223, 9657309.617625862360001 ], [ 308685.562702552357223, 9658340.367625862360001 ], [ 310187.762702552310657, 9658340.367625862360001 ], [ 310187.762702552310657, 9657309.617625862360001 ], [ 308685.562702552357223, 9657309.617625862360001 ] ] ] ] } },
{ "type": "Feature", "properties": { }, "geometry": { "type": "MultiPolygon", "coordinates": [ [ [ [ 310187.762702552368864, 9657309.617625862360001 ], [ 310187.762702552368864, 9658340.367625862360001 ], [ 311689.962702552322298, 9658340.367625862360001 ], [ 311689.962702552322298, 9657309.617625862360001 ], [ 310187.762702552368864, 9657309.617625862360001 ] ] ] ] } },
{ "type": "Feature", "properties": { }, "geometry": { "type": "MultiPolygon", "coordinates": [ [ [ [ 311689.962702552322298, 9657309.617625862360001 ], [ 311689.962702552322298, 9658340.367625862360001 ], [ 313192.162702552275732, 9658340.367625862360001 ], [ 313192.162702552275732, 9657309.617625862360001 ], [ 311689.962702552322298, 9657309.617625862360001 ] ] ] ] } },
{ "type": "Feature", "properties": { }, "geometry": { "type": "MultiPolygon", "coordinates": [ [ [ [ 313192.16270255233394, 9657309.617625862360001 ], [ 313192.16270255233394, 9658340.367625862360001 ], [ 314694.362702552287374, 9658340.367625862360001 ], [ 314694.362702552287374, 9657309.617625862360001 ], [ 313192.16270255233394, 9657309.617625862360001 ] ] ] ] } },
{ "type": "Feature", "properties": { }, "geometry": { "type": "MultiPolygon", "coordinates": [ [ [ [ 314694.362702552345581, 9657309.617625862360001 ], [ 314694.362702552345581, 9658340.367625862360001 ], [ 316196.562702552299015, 9658340.367625862360001 ], [ 316196.562702552299015, 9657309.617625862360001 ], [ 314694.362702552345581, 9657309.617625862360001 ] ] ] ] } },
{ "type": "Feature", "properties": { }, "geometry": { "type": "MultiPolygon", "coordinates": [ [ [ [ 316196.562702552357223, 9657309.617625862360001 ], [ 316196.562702552357223, 9658340.367625862360001 ], [ 317698.762702552310657, 9658340.367625862360001 ], [ 317698.762702552310657, 9657309.617625862360001 ], [ 316196.562702552357223, 9657309.617625862360001 ] ] ] ] } },
{ "type": "Feature", "properties": { }, "geometry": { "type": "MultiPolygon", "coordinates": [ [ [ [ 317698.762702552368864, 9657309.617625862360001 ], [ 317698.762702552368864, 9658340.367625862360001 ], [ 319200.962702552322298, 9658340.367625862360001 ], [ 319200.962702552322298, 9657309.617625862360001 ], [ 317698.762702552368864, 9657309.617625862360001 ] ] ] ] } },
{ "type": "Feature", "properties": { }, "geometry": { "type": "MultiPolygon", "coordinates": [ [ [ [ 319200.962702552322298, 9657309.617625862360001 ], [ 319200.962702552322298, 9658340.367625862360001 ], [ 320703.162702552275732, 9658340.367625862360001 ], [ 320703.162702552275732, 9657309.617625862360001 ], [ 319200.962702552322298, 9657309.617625862360001 ] ] ] ] } },
{ "type": "Feature", "properties": { }, "geometry": { "type": "MultiPolygon", "coordinates": [ [ [ [ 320703.16270255233394, 9657309.617625862360001 ], [ 320703.16270255233394, 9658340.367625862360001 ], [ 322205.362702552287374, 9658340.367625862360001 ], [ 322205.362702552287374, 9657309.617625862360001 ], [ 320703.16270255233394, 9657309.617625862360001 ] ] ] ] } },
{ "type": "Feature", "properties": { }, "geometry": { "type": "MultiPolygon", "coordinates": [ [ [ [ 322205.362702552345581, 9657309.617625862360001 ], [ 322205.362702552345581, 9658340.367625862360001 ], [ 323707.562702552299015, 9658340.367625862360001 ], [ 323707.562702552299015, 9657309.617625862360001 ], [ 322205.362702552345581, 9657309.617625862360001 ] ] ] ] } },
{ "type": "Feature", "properties": { }, "geometry": { "type": "MultiPolygon", "coordinates": [ [ [ [ 323707.562702552357223, 9657309.617625862360001 ], [ 323707.562702552357223, 9658340.367625862360001 ], [ 325209.762702552310657, 9658340.367625862360001 ], [ 325209.762702552310657, 9657309.617625862360001 ], [ 323707.562702552357223, 9657309.617625862360001 ] ] ] ] } },
{ "type": "Feature", "properties": { }, "geometry": { "type": "MultiPolygon", "coordinates": [ [ [ [ 325209.762702552368864, 9657309.617625862360001 ], [ 325209.762702552368864, 9658340.367625862360001 ], [ 326711.962702552322298, 9658340.367625862360001 ], [ 326711.962702552322298, 9657309.617625862360001 ], [ 325209.762702552368864, 9657309.617625862360001 ] ] ] ] } },
{ "type": "Feature", "properties": { }, "geometry": { "type": "MultiPolygon", "coordinates": [ [ [ [ 326711.962702552322298, 9657309.617625862360001 ], [ 326711.962702552322298, 9658340.367625862360001 ], [ 328214.162702552275732, 9658340.367625862360001 ], [ 328214.162702552275732, 9657309.617625862360001 ], [ 326711.962702552322298, 9657309.617625862360001 ] ] ] ] } },
{ "type": "Feature", "properties": { }, "geometry": { "type": "MultiPolygon", "coordinates": [ [ [ [ 328214.16270255233394, 9657309.617625862360001 ], [ 328214.16270255233394, 9658340.367625862360001 ], [ 329716.362702552287374, 9658340.367625862360001 ], [ 329716.362702552287374, 9657309.617625862360001 ], [ 328214.16270255233394, 9657309.617625862360001 ] ] ] ] } },
{ "type": "Feature", "properties": { }, "geometry": { "type": "MultiPolygon", "coordinates": [ [ [ [ 329716.362702552345581, 9657309.617625862360001 ], [ 329716.362702552345581, 9658340.367625862360001 ], [ 331218.562702552299015, 9658340.367625862360001 ], [ 331218.562702552299015, 9657309.617625862360001 ], [ 329716.362702552345581, 9657309.617625862360001 ] ] ] ] } },
{ "type": "Feature", "properties": { }, "geometry": { "type": "MultiPolygon", "coordinates": [ [ [ [ 331218.562702552357223, 9657309.617625862360001 ], [ 331218.562702552357223, 9658340.367625862360001 ], [ 332720.762702552310657, 9658340.367625862360001 ], [ 332720.762702552310657, 9657309.617625862360001 ], [ 331218.562702552357223, 9657309.617625862360001 ] ] ] ] } },
{ "type": "Feature", "properties": { }, "geometry": { "type": "MultiPolygon", "coordinates": [ [ [ [ 332720.762702552368864, 9657309.617625862360001 ], [ 332720.762702552368864, 9658340.367625862360001 ], [ 334222.962702552322298, 9658340.367625862360001 ], [ 334222.962702552322298, 9657309.617625862360001 ], [ 332720.762702552368864, 9657309.617625862360001 ] ] ] ] } },
{ "type": "Feature", "properties": { }, "geometry": { "type": "MultiPolygon", "coordinates": [ [ [ [ 334222.962702552322298, 9657309.617625862360001 ], [ 334222.962702552322298, 9658340.367625862360001 ], [ 335725.162702552275732, 9658340.367625862360001 ], [ 335725.162702552275732, 9657309.617625862360001 ], [ 334222.962702552322298, 9657309.617625862360001 ] ] ] ] } },
{ "type": "Feature", "properties": { }, "geometry": { "type": "MultiPolygon", "coordinates": [ [ [ [ 335725.16270255233394, 9657309.617625862360001 ], [ 335725.16270255233394, 9658340.367625862360001 ], [ 337227.362702552287374, 9658340.367625862360001 ], [ 337227.362702552287374, 9657309.617625862360001 ], [ 335725.16270255233394, 9657309.617625862360001 ] ] ] ] } },
{ "type": "Feature", "properties": { }, "geometry": { "type": "MultiPolygon", "coordinates": [ [ [ [ 337227.362702552345581, 9657309.617625862360001 ], [ 337227.362702552345581, 9658340.367625862360001 ], [ 338729.562702552299015, 9658340.367625862360001 ], [ 338729.562702552299015, 9657309.617625862360001 ], [ 337227.362702552345581, 9657309.617625862360001 ] ] ] ] } },
{ "type": "Feature", "properties": { }, "geometry": { "type": "MultiPolygon", "coordinates": [ [ [ [ 338729.562702552357223, 9657309.617625862360001 ], [ 338729.562702552357223, 9658340.367625862360001 ], [ 340231.762702552310657, 9658340.367625862360001 ], [ 340231.762702552310657, 9657309.617625862360001 ], [ 338729.562702552357223, 9657309.617625862360001 ] ] ] ] } },
{ "type": "Feature", "properties": { }, "geometry": { "type": "MultiPolygon", "coordinates": [ [ [ [ 340231.762702552368864, 9657309.617625862360001 ], [ 340231.762702552368864, 9658340.367625862360001 ], [ 341733.962702552322298, 9658340.367625862360001 ], [ 341733.962702552322298, 9657309.617625862360001 ], [ 340231.762702552368864, 9657309.617625862360001 ] ] ] ] } },
{ "type": "Feature", "properties": { }, "geometry": { "type": "MultiPolygon", "coordinates": [ [ [ [ 341733.962702552322298, 9657309.617625862360001 ], [ 341733.962702552322298, 9658340.367625862360001 ], [ 343236.162702552275732, 9658340.367625862360001 ], [ 343236.162702552275732, 9657309.617625862360001 ], [ 341733.962702552322298, 9657309.617625862360001 ] ] ] ] } },
{ "type": "Feature", "properties": { }, "geometry": { "type": "MultiPolygon", "coordinates": [ [ [ [ 343236.16270255233394, 9657309.617625862360001 ], [ 343236.16270255233394, 9658340.367625862360001 ], [ 344738.362702552287374, 9658340.367625862360001 ], [ 344738.362702552287374, 9657309.617625862360001 ], [ 343236.16270255233394, 9657309.617625862360001 ] ] ] ] } },
{ "type": "Feature", "properties": { }, "geometry": { "type": "MultiPolygon", "coordinates": [ [ [ [ 344738.362702552345581, 9657309.617625862360001 ], [ 344738.362702552345581, 9658340.367625862360001 ], [ 346240.562702552299015, 9658340.367625862360001 ], [ 346240.562702552299015, 9657309.617625862360001 ], [ 344738.362702552345581, 9657309.617625862360001 ] ] ] ] } },
{ "type": "Feature", "properties": { }, "geometry": { "type": "MultiPolygon", "coordinates": [ [ [ [ 346240.562702552357223, 9657309.617625862360001 ], [ 346240.562702552357223, 9658340.367625862360001 ], [ 347742.762702552310657, 9658340.367625862360001 ], [ 347742.762702552310657, 9657309.617625862360001 ], [ 346240.562702552357223, 9657309.617625862360001 ] ] ] ] } },
{ "type": "Feature", "properties": { }, "geometry": { "type": "MultiPolygon", "coordinates": [ [ [ [ 347742.762702552368864, 9657309.617625862360001 ], [ 347742.762702552368864, 9658340.367625862360001 ], [ 349244.962702552322298, 9658340.367625862360001 ], [ 349244.962702552322298, 9657309.617625862360001 ], [ 347742.762702552368864, 9657309.617625862360001 ] ] ] ] } },
{ "type": "Feature", "properties": { }, "geometry": { "type": "MultiPolygon", "coordinates": [ [ [ [ 349244.962702552322298, 9657309.617625862360001 ], [ 349244.962702552322298, 9658340.367625862360001 ], [ 350747.162702552275732, 9658340.367625862360001 ], [ 350747.162702552275732, 9657309.617625862360001 ], [ 349244.962702552322298, 9657309.617625862360001 ] ] ] ] } },
{ "type": "Feature", "properties": { }, "geometry": { "type": "MultiPolygon", "coordinates": [ [ [ [ 350747.16270255233394, 9657309.617625862360001 ], [ 350747.16270255233394, 9658340.367625862360001 ], [ 352249.362702552287374, 9658340.367625862360001 ], [ 352249.362702552287374, 9657309.617625862360001 ], [ 350747.16270255233394, 9657309.617625862360001 ] ] ] ] } },
{ "type": "Feature", "properties": { }, "geometry": { "type": "MultiPolygon", "coordinates": [ [ [ [ 352249.362702552345581, 9657309.617625862360001 ], [ 352249.362702552345581, 9658340.367625862360001 ], [ 353751.562702552299015, 9658340.367625862360001 ], [ 353751.562702552299015, 9657309.617625862360001 ], [ 352249.362702552345581, 9657309.617625862360001 ] ] ] ] } },
{ "type": "Feature", "properties": { }, "geometry": { "type": "MultiPolygon", "coordinates": [ [ [ [ 353751.562702552357223, 9657309.617625862360001 ], [ 353751.562702552357223, 9658340.367625862360001 ], [ 355253.762702552310657, 9658340.367625862360001 ], [ 355253.762702552310657, 9657309.617625862360001 ], [ 353751.562702552357223, 9657309.617625862360001 ] ] ] ] } },
{ "type": "Feature", "properties": { }, "geometry": { "type": "MultiPolygon", "coordinates": [ [ [ [ 355253.762702552368864, 9657309.617625862360001 ], [ 355253.762702552368864, 9658340.367625862360001 ], [ 356755.962702552322298, 9658340.367625862360001 ], [ 356755.962702552322298, 9657309.617625862360001 ], [ 355253.762702552368864, 9657309.617625862360001 ] ] ] ] } },
{ "type": "Feature", "properties": { }, "geometry": { "type": "MultiPolygon", "coordinates": [ [ [ [ 281645.962702552322298, 9656278.867625862360001 ], [ 281645.962702552322298, 9657309.617625862360001 ], [ 283148.162702552275732, 9657309.617625862360001 ], [ 283148.162702552275732, 9656278.867625862360001 ], [ 281645.962702552322298, 9656278.867625862360001 ] ] ] ] } },
{ "type": "Feature", "properties": { }, "geometry": { "type": "MultiPolygon", "coordinates": [ [ [ [ 283148.16270255233394, 9656278.867625862360001 ], [ 283148.16270255233394, 9657309.617625862360001 ], [ 284650.362702552287374, 9657309.617625862360001 ], [ 284650.362702552287374, 9656278.867625862360001 ], [ 283148.16270255233394, 9656278.867625862360001 ] ] ] ] } },
{ "type": "Feature", "properties": { }, "geometry": { "type": "MultiPolygon", "coordinates": [ [ [ [ 284650.362702552345581, 9656278.867625862360001 ], [ 284650.362702552345581, 9657309.617625862360001 ], [ 286152.562702552299015, 9657309.617625862360001 ], [ 286152.562702552299015, 9656278.867625862360001 ], [ 284650.362702552345581, 9656278.867625862360001 ] ] ] ] } },
{ "type": "Feature", "properties": { }, "geometry": { "type": "MultiPolygon", "coordinates": [ [ [ [ 286152.562702552357223, 9656278.867625862360001 ], [ 286152.562702552357223, 9657309.617625862360001 ], [ 287654.762702552310657, 9657309.617625862360001 ], [ 287654.762702552310657, 9656278.867625862360001 ], [ 286152.562702552357223, 9656278.867625862360001 ] ] ] ] } },
{ "type": "Feature", "properties": { }, "geometry": { "type": "MultiPolygon", "coordinates": [ [ [ [ 287654.762702552368864, 9656278.867625862360001 ], [ 287654.762702552368864, 9657309.617625862360001 ], [ 289156.962702552322298, 9657309.617625862360001 ], [ 289156.962702552322298, 9656278.867625862360001 ], [ 287654.762702552368864, 9656278.867625862360001 ] ] ] ] } },
{ "type": "Feature", "properties": { }, "geometry": { "type": "MultiPolygon", "coordinates": [ [ [ [ 289156.962702552322298, 9656278.867625862360001 ], [ 289156.962702552322298, 9657309.617625862360001 ], [ 290659.162702552275732, 9657309.617625862360001 ], [ 290659.162702552275732, 9656278.867625862360001 ], [ 289156.962702552322298, 9656278.867625862360001 ] ] ] ] } },
{ "type": "Feature", "properties": { }, "geometry": { "type": "MultiPolygon", "coordinates": [ [ [ [ 290659.16270255233394, 9656278.867625862360001 ], [ 290659.16270255233394, 9657309.617625862360001 ], [ 292161.362702552287374, 9657309.617625862360001 ], [ 292161.362702552287374, 9656278.867625862360001 ], [ 290659.16270255233394, 9656278.867625862360001 ] ] ] ] } },
{ "type": "Feature", "properties": { }, "geometry": { "type": "MultiPolygon", "coordinates": [ [ [ [ 292161.362702552345581, 9656278.867625862360001 ], [ 292161.362702552345581, 9657309.617625862360001 ], [ 293663.562702552299015, 9657309.617625862360001 ], [ 293663.562702552299015, 9656278.867625862360001 ], [ 292161.362702552345581, 9656278.867625862360001 ] ] ] ] } },
{ "type": "Feature", "properties": { }, "geometry": { "type": "MultiPolygon", "coordinates": [ [ [ [ 293663.562702552357223, 9656278.867625862360001 ], [ 293663.562702552357223, 9657309.617625862360001 ], [ 295165.762702552310657, 9657309.617625862360001 ], [ 295165.762702552310657, 9656278.867625862360001 ], [ 293663.562702552357223, 9656278.867625862360001 ] ] ] ] } },
{ "type": "Feature", "properties": { }, "geometry": { "type": "MultiPolygon", "coordinates": [ [ [ [ 295165.762702552368864, 9656278.867625862360001 ], [ 295165.762702552368864, 9657309.617625862360001 ], [ 296667.962702552322298, 9657309.617625862360001 ], [ 296667.962702552322298, 9656278.867625862360001 ], [ 295165.762702552368864, 9656278.867625862360001 ] ] ] ] } },
{ "type": "Feature", "properties": { }, "geometry": { "type": "MultiPolygon", "coordinates": [ [ [ [ 296667.962702552322298, 9656278.867625862360001 ], [ 296667.962702552322298, 9657309.617625862360001 ], [ 298170.162702552275732, 9657309.617625862360001 ], [ 298170.162702552275732, 9656278.867625862360001 ], [ 296667.962702552322298, 9656278.867625862360001 ] ] ] ] } },
{ "type": "Feature", "properties": { }, "geometry": { "type": "MultiPolygon", "coordinates": [ [ [ [ 298170.16270255233394, 9656278.867625862360001 ], [ 298170.16270255233394, 9657309.617625862360001 ], [ 299672.362702552287374, 9657309.617625862360001 ], [ 299672.362702552287374, 9656278.867625862360001 ], [ 298170.16270255233394, 9656278.867625862360001 ] ] ] ] } },
{ "type": "Feature", "properties": { }, "geometry": { "type": "MultiPolygon", "coordinates": [ [ [ [ 299672.362702552345581, 9656278.867625862360001 ], [ 299672.362702552345581, 9657309.617625862360001 ], [ 301174.562702552299015, 9657309.617625862360001 ], [ 301174.562702552299015, 9656278.867625862360001 ], [ 299672.362702552345581, 9656278.867625862360001 ] ] ] ] } },
{ "type": "Feature", "properties": { }, "geometry": { "type": "MultiPolygon", "coordinates": [ [ [ [ 301174.562702552357223, 9656278.867625862360001 ], [ 301174.562702552357223, 9657309.617625862360001 ], [ 302676.762702552310657, 9657309.617625862360001 ], [ 302676.762702552310657, 9656278.867625862360001 ], [ 301174.562702552357223, 9656278.867625862360001 ] ] ] ] } },
{ "type": "Feature", "properties": { }, "geometry": { "type": "MultiPolygon", "coordinates": [ [ [ [ 302676.762702552368864, 9656278.867625862360001 ], [ 302676.762702552368864, 9657309.617625862360001 ], [ 304178.962702552322298, 9657309.617625862360001 ], [ 304178.962702552322298, 9656278.867625862360001 ], [ 302676.762702552368864, 9656278.867625862360001 ] ] ] ] } },
{ "type": "Feature", "properties": { }, "geometry": { "type": "MultiPolygon", "coordinates": [ [ [ [ 304178.962702552322298, 9656278.867625862360001 ], [ 304178.962702552322298, 9657309.617625862360001 ], [ 305681.162702552275732, 9657309.617625862360001 ], [ 305681.162702552275732, 9656278.867625862360001 ], [ 304178.962702552322298, 9656278.867625862360001 ] ] ] ] } },
{ "type": "Feature", "properties": { }, "geometry": { "type": "MultiPolygon", "coordinates": [ [ [ [ 305681.16270255233394, 9656278.867625862360001 ], [ 305681.16270255233394, 9657309.617625862360001 ], [ 307183.362702552287374, 9657309.617625862360001 ], [ 307183.362702552287374, 9656278.867625862360001 ], [ 305681.16270255233394, 9656278.867625862360001 ] ] ] ] } },
{ "type": "Feature", "properties": { }, "geometry": { "type": "MultiPolygon", "coordinates": [ [ [ [ 307183.362702552345581, 9656278.867625862360001 ], [ 307183.362702552345581, 9657309.617625862360001 ], [ 308685.562702552299015, 9657309.617625862360001 ], [ 308685.562702552299015, 9656278.867625862360001 ], [ 307183.362702552345581, 9656278.867625862360001 ] ] ] ] } },
{ "type": "Feature", "properties": { }, "geometry": { "type": "MultiPolygon", "coordinates": [ [ [ [ 308685.562702552357223, 9656278.867625862360001 ], [ 308685.562702552357223, 9657309.617625862360001 ], [ 310187.762702552310657, 9657309.617625862360001 ], [ 310187.762702552310657, 9656278.867625862360001 ], [ 308685.562702552357223, 9656278.867625862360001 ] ] ] ] } },
{ "type": "Feature", "properties": { }, "geometry": { "type": "MultiPolygon", "coordinates": [ [ [ [ 310187.762702552368864, 9656278.867625862360001 ], [ 310187.762702552368864, 9657309.617625862360001 ], [ 311689.962702552322298, 9657309.617625862360001 ], [ 311689.962702552322298, 9656278.867625862360001 ], [ 310187.762702552368864, 9656278.867625862360001 ] ] ] ] } },
{ "type": "Feature", "properties": { }, "geometry": { "type": "MultiPolygon", "coordinates": [ [ [ [ 311689.962702552322298, 9656278.867625862360001 ], [ 311689.962702552322298, 9657309.617625862360001 ], [ 313192.162702552275732, 9657309.617625862360001 ], [ 313192.162702552275732, 9656278.867625862360001 ], [ 311689.962702552322298, 9656278.867625862360001 ] ] ] ] } },
{ "type": "Feature", "properties": { }, "geometry": { "type": "MultiPolygon", "coordinates": [ [ [ [ 313192.16270255233394, 9656278.867625862360001 ], [ 313192.16270255233394, 9657309.617625862360001 ], [ 314694.362702552287374, 9657309.617625862360001 ], [ 314694.362702552287374, 9656278.867625862360001 ], [ 313192.16270255233394, 9656278.867625862360001 ] ] ] ] } },
{ "type": "Feature", "properties": { }, "geometry": { "type": "MultiPolygon", "coordinates": [ [ [ [ 314694.362702552345581, 9656278.867625862360001 ], [ 314694.362702552345581, 9657309.617625862360001 ], [ 316196.562702552299015, 9657309.617625862360001 ], [ 316196.562702552299015, 9656278.867625862360001 ], [ 314694.362702552345581, 9656278.867625862360001 ] ] ] ] } },
{ "type": "Feature", "properties": { }, "geometry": { "type": "MultiPolygon", "coordinates": [ [ [ [ 316196.562702552357223, 9656278.867625862360001 ], [ 316196.562702552357223, 9657309.617625862360001 ], [ 317698.762702552310657, 9657309.617625862360001 ], [ 317698.762702552310657, 9656278.867625862360001 ], [ 316196.562702552357223, 9656278.867625862360001 ] ] ] ] } },
{ "type": "Feature", "properties": { }, "geometry": { "type": "MultiPolygon", "coordinates": [ [ [ [ 317698.762702552368864, 9656278.867625862360001 ], [ 317698.762702552368864, 9657309.617625862360001 ], [ 319200.962702552322298, 9657309.617625862360001 ], [ 319200.962702552322298, 9656278.867625862360001 ], [ 317698.762702552368864, 9656278.867625862360001 ] ] ] ] } },
{ "type": "Feature", "properties": { }, "geometry": { "type": "MultiPolygon", "coordinates": [ [ [ [ 319200.962702552322298, 9656278.867625862360001 ], [ 319200.962702552322298, 9657309.617625862360001 ], [ 320703.162702552275732, 9657309.617625862360001 ], [ 320703.162702552275732, 9656278.867625862360001 ], [ 319200.962702552322298, 9656278.867625862360001 ] ] ] ] } },
{ "type": "Feature", "properties": { }, "geometry": { "type": "MultiPolygon", "coordinates": [ [ [ [ 320703.16270255233394, 9656278.867625862360001 ], [ 320703.16270255233394, 9657309.617625862360001 ], [ 322205.362702552287374, 9657309.617625862360001 ], [ 322205.362702552287374, 9656278.867625862360001 ], [ 320703.16270255233394, 9656278.867625862360001 ] ] ] ] } },
{ "type": "Feature", "properties": { }, "geometry": { "type": "MultiPolygon", "coordinates": [ [ [ [ 322205.362702552345581, 9656278.867625862360001 ], [ 322205.362702552345581, 9657309.617625862360001 ], [ 323707.562702552299015, 9657309.617625862360001 ], [ 323707.562702552299015, 9656278.867625862360001 ], [ 322205.362702552345581, 9656278.867625862360001 ] ] ] ] } },
{ "type": "Feature", "properties": { }, "geometry": { "type": "MultiPolygon", "coordinates": [ [ [ [ 323707.562702552357223, 9656278.867625862360001 ], [ 323707.562702552357223, 9657309.617625862360001 ], [ 325209.762702552310657, 9657309.617625862360001 ], [ 325209.762702552310657, 9656278.867625862360001 ], [ 323707.562702552357223, 9656278.867625862360001 ] ] ] ] } },
{ "type": "Feature", "properties": { }, "geometry": { "type": "MultiPolygon", "coordinates": [ [ [ [ 325209.762702552368864, 9656278.867625862360001 ], [ 325209.762702552368864, 9657309.617625862360001 ], [ 326711.962702552322298, 9657309.617625862360001 ], [ 326711.962702552322298, 9656278.867625862360001 ], [ 325209.762702552368864, 9656278.867625862360001 ] ] ] ] } },
{ "type": "Feature", "properties": { }, "geometry": { "type": "MultiPolygon", "coordinates": [ [ [ [ 326711.962702552322298, 9656278.867625862360001 ], [ 326711.962702552322298, 9657309.617625862360001 ], [ 328214.162702552275732, 9657309.617625862360001 ], [ 328214.162702552275732, 9656278.867625862360001 ], [ 326711.962702552322298, 9656278.867625862360001 ] ] ] ] } },
{ "type": "Feature", "properties": { }, "geometry": { "type": "MultiPolygon", "coordinates": [ [ [ [ 328214.16270255233394, 9656278.867625862360001 ], [ 328214.16270255233394, 9657309.617625862360001 ], [ 329716.362702552287374, 9657309.617625862360001 ], [ 329716.362702552287374, 9656278.867625862360001 ], [ 328214.16270255233394, 9656278.867625862360001 ] ] ] ] } },
{ "type": "Feature", "properties": { }, "geometry": { "type": "MultiPolygon", "coordinates": [ [ [ [ 329716.362702552345581, 9656278.867625862360001 ], [ 329716.362702552345581, 9657309.617625862360001 ], [ 331218.562702552299015, 9657309.617625862360001 ], [ 331218.562702552299015, 9656278.867625862360001 ], [ 329716.362702552345581, 9656278.867625862360001 ] ] ] ] } },
{ "type": "Feature", "properties": { }, "geometry": { "type": "MultiPolygon", "coordinates": [ [ [ [ 331218.562702552357223, 9656278.867625862360001 ], [ 331218.562702552357223, 9657309.617625862360001 ], [ 332720.762702552310657, 9657309.617625862360001 ], [ 332720.762702552310657, 9656278.867625862360001 ], [ 331218.562702552357223, 9656278.867625862360001 ] ] ] ] } },
{ "type": "Feature", "properties": { }, "geometry": { "type": "MultiPolygon", "coordinates": [ [ [ [ 332720.762702552368864, 9656278.867625862360001 ], [ 332720.762702552368864, 9657309.617625862360001 ], [ 334222.962702552322298, 9657309.617625862360001 ], [ 334222.962702552322298, 9656278.867625862360001 ], [ 332720.762702552368864, 9656278.867625862360001 ] ] ] ] } },
{ "type": "Feature", "properties": { }, "geometry": { "type": "MultiPolygon", "coordinates": [ [ [ [ 334222.962702552322298, 9656278.867625862360001 ], [ 334222.962702552322298, 9657309.617625862360001 ], [ 335725.162702552275732, 9657309.617625862360001 ], [ 335725.162702552275732, 9656278.867625862360001 ], [ 334222.962702552322298, 9656278.867625862360001 ] ] ] ] } },
{ "type": "Feature", "properties": { }, "geometry": { "type": "MultiPolygon", "coordinates": [ [ [ [ 335725.16270255233394, 9656278.867625862360001 ], [ 335725.16270255233394, 9657309.617625862360001 ], [ 337227.362702552287374, 9657309.617625862360001 ], [ 337227.362702552287374, 9656278.867625862360001 ], [ 335725.16270255233394, 9656278.867625862360001 ] ] ] ] } },
{ "type": "Feature", "properties": { }, "geometry": { "type": "MultiPolygon", "coordinates": [ [ [ [ 337227.362702552345581, 9656278.867625862360001 ], [ 337227.362702552345581, 9657309.617625862360001 ], [ 338729.562702552299015, 9657309.617625862360001 ], [ 338729.562702552299015, 9656278.867625862360001 ], [ 337227.362702552345581, 9656278.867625862360001 ] ] ] ] } },
{ "type": "Feature", "properties": { }, "geometry": { "type": "MultiPolygon", "coordinates": [ [ [ [ 338729.562702552357223, 9656278.867625862360001 ], [ 338729.562702552357223, 9657309.617625862360001 ], [ 340231.762702552310657, 9657309.617625862360001 ], [ 340231.762702552310657, 9656278.867625862360001 ], [ 338729.562702552357223, 9656278.867625862360001 ] ] ] ] } },
{ "type": "Feature", "properties": { }, "geometry": { "type": "MultiPolygon", "coordinates": [ [ [ [ 340231.762702552368864, 9656278.867625862360001 ], [ 340231.762702552368864, 9657309.617625862360001 ], [ 341733.962702552322298, 9657309.617625862360001 ], [ 341733.962702552322298, 9656278.867625862360001 ], [ 340231.762702552368864, 9656278.867625862360001 ] ] ] ] } },
{ "type": "Feature", "properties": { }, "geometry": { "type": "MultiPolygon", "coordinates": [ [ [ [ 341733.962702552322298, 9656278.867625862360001 ], [ 341733.962702552322298, 9657309.617625862360001 ], [ 343236.162702552275732, 9657309.617625862360001 ], [ 343236.162702552275732, 9656278.867625862360001 ], [ 341733.962702552322298, 9656278.867625862360001 ] ] ] ] } },
{ "type": "Feature", "properties": { }, "geometry": { "type": "MultiPolygon", "coordinates": [ [ [ [ 343236.16270255233394, 9656278.867625862360001 ], [ 343236.16270255233394, 9657309.617625862360001 ], [ 344738.362702552287374, 9657309.617625862360001 ], [ 344738.362702552287374, 9656278.867625862360001 ], [ 343236.16270255233394, 9656278.867625862360001 ] ] ] ] } },
{ "type": "Feature", "properties": { }, "geometry": { "type": "MultiPolygon", "coordinates": [ [ [ [ 344738.362702552345581, 9656278.867625862360001 ], [ 344738.362702552345581, 9657309.617625862360001 ], [ 346240.562702552299015, 9657309.617625862360001 ], [ 346240.562702552299015, 9656278.867625862360001 ], [ 344738.362702552345581, 9656278.867625862360001 ] ] ] ] } },
{ "type": "Feature", "properties": { }, "geometry": { "type": "MultiPolygon", "coordinates": [ [ [ [ 346240.562702552357223, 9656278.867625862360001 ], [ 346240.562702552357223, 9657309.617625862360001 ], [ 347742.762702552310657, 9657309.617625862360001 ], [ 347742.762702552310657, 9656278.867625862360001 ], [ 346240.562702552357223, 9656278.867625862360001 ] ] ] ] } },
{ "type": "Feature", "properties": { }, "geometry": { "type": "MultiPolygon", "coordinates": [ [ [ [ 347742.762702552368864, 9656278.867625862360001 ], [ 347742.762702552368864, 9657309.617625862360001 ], [ 349244.962702552322298, 9657309.617625862360001 ], [ 349244.962702552322298, 9656278.867625862360001 ], [ 347742.762702552368864, 9656278.867625862360001 ] ] ] ] } },
{ "type": "Feature", "properties": { }, "geometry": { "type": "MultiPolygon", "coordinates": [ [ [ [ 349244.962702552322298, 9656278.867625862360001 ], [ 349244.962702552322298, 9657309.617625862360001 ], [ 350747.162702552275732, 9657309.617625862360001 ], [ 350747.162702552275732, 9656278.867625862360001 ], [ 349244.962702552322298, 9656278.867625862360001 ] ] ] ] } },
{ "type": "Feature", "properties": { }, "geometry": { "type": "MultiPolygon", "coordinates": [ [ [ [ 350747.16270255233394, 9656278.867625862360001 ], [ 350747.16270255233394, 9657309.617625862360001 ], [ 352249.362702552287374, 9657309.617625862360001 ], [ 352249.362702552287374, 9656278.867625862360001 ], [ 350747.16270255233394, 9656278.867625862360001 ] ] ] ] } },
{ "type": "Feature", "properties": { }, "geometry": { "type": "MultiPolygon", "coordinates": [ [ [ [ 352249.362702552345581, 9656278.867625862360001 ], [ 352249.362702552345581, 9657309.617625862360001 ], [ 353751.562702552299015, 9657309.617625862360001 ], [ 353751.562702552299015, 9656278.867625862360001 ], [ 352249.362702552345581, 9656278.867625862360001 ] ] ] ] } },
{ "type": "Feature", "properties": { }, "geometry": { "type": "MultiPolygon", "coordinates": [ [ [ [ 353751.562702552357223, 9656278.867625862360001 ], [ 353751.562702552357223, 9657309.617625862360001 ], [ 355253.762702552310657, 9657309.617625862360001 ], [ 355253.762702552310657, 9656278.867625862360001 ], [ 353751.562702552357223, 9656278.867625862360001 ] ] ] ] } },
{ "type": "Feature", "properties": { }, "geometry": { "type": "MultiPolygon", "coordinates": [ [ [ [ 355253.762702552368864, 9656278.867625862360001 ], [ 355253.762702552368864, 9657309.617625862360001 ], [ 356755.962702552322298, 9657309.617625862360001 ], [ 356755.962702552322298, 9656278.867625862360001 ], [ 355253.762702552368864, 9656278.867625862360001 ] ] ] ] } },
{ "type": "Feature", "properties": { }, "geometry": { "type": "MultiPolygon", "coordinates": [ [ [ [ 281645.962702552322298, 9655248.117625862360001 ], [ 281645.962702552322298, 9656278.867625862360001 ], [ 283148.162702552275732, 9656278.867625862360001 ], [ 283148.162702552275732, 9655248.117625862360001 ], [ 281645.962702552322298, 9655248.117625862360001 ] ] ] ] } },
{ "type": "Feature", "properties": { }, "geometry": { "type": "MultiPolygon", "coordinates": [ [ [ [ 283148.16270255233394, 9655248.117625862360001 ], [ 283148.16270255233394, 9656278.867625862360001 ], [ 284650.362702552287374, 9656278.867625862360001 ], [ 284650.362702552287374, 9655248.117625862360001 ], [ 283148.16270255233394, 9655248.117625862360001 ] ] ] ] } },
{ "type": "Feature", "properties": { }, "geometry": { "type": "MultiPolygon", "coordinates": [ [ [ [ 284650.362702552345581, 9655248.117625862360001 ], [ 284650.362702552345581, 9656278.867625862360001 ], [ 286152.562702552299015, 9656278.867625862360001 ], [ 286152.562702552299015, 9655248.117625862360001 ], [ 284650.362702552345581, 9655248.117625862360001 ] ] ] ] } },
{ "type": "Feature", "properties": { }, "geometry": { "type": "MultiPolygon", "coordinates": [ [ [ [ 286152.562702552357223, 9655248.117625862360001 ], [ 286152.562702552357223, 9656278.867625862360001 ], [ 287654.762702552310657, 9656278.867625862360001 ], [ 287654.762702552310657, 9655248.117625862360001 ], [ 286152.562702552357223, 9655248.117625862360001 ] ] ] ] } },
{ "type": "Feature", "properties": { }, "geometry": { "type": "MultiPolygon", "coordinates": [ [ [ [ 287654.762702552368864, 9655248.117625862360001 ], [ 287654.762702552368864, 9656278.867625862360001 ], [ 289156.962702552322298, 9656278.867625862360001 ], [ 289156.962702552322298, 9655248.117625862360001 ], [ 287654.762702552368864, 9655248.117625862360001 ] ] ] ] } },
{ "type": "Feature", "properties": { }, "geometry": { "type": "MultiPolygon", "coordinates": [ [ [ [ 289156.962702552322298, 9655248.117625862360001 ], [ 289156.962702552322298, 9656278.867625862360001 ], [ 290659.162702552275732, 9656278.867625862360001 ], [ 290659.162702552275732, 9655248.117625862360001 ], [ 289156.962702552322298, 9655248.117625862360001 ] ] ] ] } },
{ "type": "Feature", "properties": { }, "geometry": { "type": "MultiPolygon", "coordinates": [ [ [ [ 290659.16270255233394, 9655248.117625862360001 ], [ 290659.16270255233394, 9656278.867625862360001 ], [ 292161.362702552287374, 9656278.867625862360001 ], [ 292161.362702552287374, 9655248.117625862360001 ], [ 290659.16270255233394, 9655248.117625862360001 ] ] ] ] } },
{ "type": "Feature", "properties": { }, "geometry": { "type": "MultiPolygon", "coordinates": [ [ [ [ 292161.362702552345581, 9655248.117625862360001 ], [ 292161.362702552345581, 9656278.867625862360001 ], [ 293663.562702552299015, 9656278.867625862360001 ], [ 293663.562702552299015, 9655248.117625862360001 ], [ 292161.362702552345581, 9655248.117625862360001 ] ] ] ] } },
{ "type": "Feature", "properties": { }, "geometry": { "type": "MultiPolygon", "coordinates": [ [ [ [ 293663.562702552357223, 9655248.117625862360001 ], [ 293663.562702552357223, 9656278.867625862360001 ], [ 295165.762702552310657, 9656278.867625862360001 ], [ 295165.762702552310657, 9655248.117625862360001 ], [ 293663.562702552357223, 9655248.117625862360001 ] ] ] ] } },
{ "type": "Feature", "properties": { }, "geometry": { "type": "MultiPolygon", "coordinates": [ [ [ [ 295165.762702552368864, 9655248.117625862360001 ], [ 295165.762702552368864, 9656278.867625862360001 ], [ 296667.962702552322298, 9656278.867625862360001 ], [ 296667.962702552322298, 9655248.117625862360001 ], [ 295165.762702552368864, 9655248.117625862360001 ] ] ] ] } },
{ "type": "Feature", "properties": { }, "geometry": { "type": "MultiPolygon", "coordinates": [ [ [ [ 296667.962702552322298, 9655248.117625862360001 ], [ 296667.962702552322298, 9656278.867625862360001 ], [ 298170.162702552275732, 9656278.867625862360001 ], [ 298170.162702552275732, 9655248.117625862360001 ], [ 296667.962702552322298, 9655248.117625862360001 ] ] ] ] } },
{ "type": "Feature", "properties": { }, "geometry": { "type": "MultiPolygon", "coordinates": [ [ [ [ 298170.16270255233394, 9655248.117625862360001 ], [ 298170.16270255233394, 9656278.867625862360001 ], [ 299672.362702552287374, 9656278.867625862360001 ], [ 299672.362702552287374, 9655248.117625862360001 ], [ 298170.16270255233394, 9655248.117625862360001 ] ] ] ] } },
{ "type": "Feature", "properties": { }, "geometry": { "type": "MultiPolygon", "coordinates": [ [ [ [ 299672.362702552345581, 9655248.117625862360001 ], [ 299672.362702552345581, 9656278.867625862360001 ], [ 301174.562702552299015, 9656278.867625862360001 ], [ 301174.562702552299015, 9655248.117625862360001 ], [ 299672.362702552345581, 9655248.117625862360001 ] ] ] ] } },
{ "type": "Feature", "properties": { }, "geometry": { "type": "MultiPolygon", "coordinates": [ [ [ [ 301174.562702552357223, 9655248.117625862360001 ], [ 301174.562702552357223, 9656278.867625862360001 ], [ 302676.762702552310657, 9656278.867625862360001 ], [ 302676.762702552310657, 9655248.117625862360001 ], [ 301174.562702552357223, 9655248.117625862360001 ] ] ] ] } },
{ "type": "Feature", "properties": { }, "geometry": { "type": "MultiPolygon", "coordinates": [ [ [ [ 302676.762702552368864, 9655248.117625862360001 ], [ 302676.762702552368864, 9656278.867625862360001 ], [ 304178.962702552322298, 9656278.867625862360001 ], [ 304178.962702552322298, 9655248.117625862360001 ], [ 302676.762702552368864, 9655248.117625862360001 ] ] ] ] } },
{ "type": "Feature", "properties": { }, "geometry": { "type": "MultiPolygon", "coordinates": [ [ [ [ 304178.962702552322298, 9655248.117625862360001 ], [ 304178.962702552322298, 9656278.867625862360001 ], [ 305681.162702552275732, 9656278.867625862360001 ], [ 305681.162702552275732, 9655248.117625862360001 ], [ 304178.962702552322298, 9655248.117625862360001 ] ] ] ] } },
{ "type": "Feature", "properties": { }, "geometry": { "type": "MultiPolygon", "coordinates": [ [ [ [ 305681.16270255233394, 9655248.117625862360001 ], [ 305681.16270255233394, 9656278.867625862360001 ], [ 307183.362702552287374, 9656278.867625862360001 ], [ 307183.362702552287374, 9655248.117625862360001 ], [ 305681.16270255233394, 9655248.117625862360001 ] ] ] ] } },
{ "type": "Feature", "properties": { }, "geometry": { "type": "MultiPolygon", "coordinates": [ [ [ [ 307183.362702552345581, 9655248.117625862360001 ], [ 307183.362702552345581, 9656278.867625862360001 ], [ 308685.562702552299015, 9656278.867625862360001 ], [ 308685.562702552299015, 9655248.117625862360001 ], [ 307183.362702552345581, 9655248.117625862360001 ] ] ] ] } },
{ "type": "Feature", "properties": { }, "geometry": { "type": "MultiPolygon", "coordinates": [ [ [ [ 308685.562702552357223, 9655248.117625862360001 ], [ 308685.562702552357223, 9656278.867625862360001 ], [ 310187.762702552310657, 9656278.867625862360001 ], [ 310187.762702552310657, 9655248.117625862360001 ], [ 308685.562702552357223, 9655248.117625862360001 ] ] ] ] } },
{ "type": "Feature", "properties": { }, "geometry": { "type": "MultiPolygon", "coordinates": [ [ [ [ 310187.762702552368864, 9655248.117625862360001 ], [ 310187.762702552368864, 9656278.867625862360001 ], [ 311689.962702552322298, 9656278.867625862360001 ], [ 311689.962702552322298, 9655248.117625862360001 ], [ 310187.762702552368864, 9655248.117625862360001 ] ] ] ] } },
{ "type": "Feature", "properties": { }, "geometry": { "type": "MultiPolygon", "coordinates": [ [ [ [ 311689.962702552322298, 9655248.117625862360001 ], [ 311689.962702552322298, 9656278.867625862360001 ], [ 313192.162702552275732, 9656278.867625862360001 ], [ 313192.162702552275732, 9655248.117625862360001 ], [ 311689.962702552322298, 9655248.117625862360001 ] ] ] ] } },
{ "type": "Feature", "properties": { }, "geometry": { "type": "MultiPolygon", "coordinates": [ [ [ [ 313192.16270255233394, 9655248.117625862360001 ], [ 313192.16270255233394, 9656278.867625862360001 ], [ 314694.362702552287374, 9656278.867625862360001 ], [ 314694.362702552287374, 9655248.117625862360001 ], [ 313192.16270255233394, 9655248.117625862360001 ] ] ] ] } },
{ "type": "Feature", "properties": { }, "geometry": { "type": "MultiPolygon", "coordinates": [ [ [ [ 314694.362702552345581, 9655248.117625862360001 ], [ 314694.362702552345581, 9656278.867625862360001 ], [ 316196.562702552299015, 9656278.867625862360001 ], [ 316196.562702552299015, 9655248.117625862360001 ], [ 314694.362702552345581, 9655248.117625862360001 ] ] ] ] } },
{ "type": "Feature", "properties": { }, "geometry": { "type": "MultiPolygon", "coordinates": [ [ [ [ 316196.562702552357223, 9655248.117625862360001 ], [ 316196.562702552357223, 9656278.867625862360001 ], [ 317698.762702552310657, 9656278.867625862360001 ], [ 317698.762702552310657, 9655248.117625862360001 ], [ 316196.562702552357223, 9655248.117625862360001 ] ] ] ] } },
{ "type": "Feature", "properties": { }, "geometry": { "type": "MultiPolygon", "coordinates": [ [ [ [ 317698.762702552368864, 9655248.117625862360001 ], [ 317698.762702552368864, 9656278.867625862360001 ], [ 319200.962702552322298, 9656278.867625862360001 ], [ 319200.962702552322298, 9655248.117625862360001 ], [ 317698.762702552368864, 9655248.117625862360001 ] ] ] ] } },
{ "type": "Feature", "properties": { }, "geometry": { "type": "MultiPolygon", "coordinates": [ [ [ [ 319200.962702552322298, 9655248.117625862360001 ], [ 319200.962702552322298, 9656278.867625862360001 ], [ 320703.162702552275732, 9656278.867625862360001 ], [ 320703.162702552275732, 9655248.117625862360001 ], [ 319200.962702552322298, 9655248.117625862360001 ] ] ] ] } },
{ "type": "Feature", "properties": { }, "geometry": { "type": "MultiPolygon", "coordinates": [ [ [ [ 320703.16270255233394, 9655248.117625862360001 ], [ 320703.16270255233394, 9656278.867625862360001 ], [ 322205.362702552287374, 9656278.867625862360001 ], [ 322205.362702552287374, 9655248.117625862360001 ], [ 320703.16270255233394, 9655248.117625862360001 ] ] ] ] } },
{ "type": "Feature", "properties": { }, "geometry": { "type": "MultiPolygon", "coordinates": [ [ [ [ 322205.362702552345581, 9655248.117625862360001 ], [ 322205.362702552345581, 9656278.867625862360001 ], [ 323707.562702552299015, 9656278.867625862360001 ], [ 323707.562702552299015, 9655248.117625862360001 ], [ 322205.362702552345581, 9655248.117625862360001 ] ] ] ] } },
{ "type": "Feature", "properties": { }, "geometry": { "type": "MultiPolygon", "coordinates": [ [ [ [ 323707.562702552357223, 9655248.117625862360001 ], [ 323707.562702552357223, 9656278.867625862360001 ], [ 325209.762702552310657, 9656278.867625862360001 ], [ 325209.762702552310657, 9655248.117625862360001 ], [ 323707.562702552357223, 9655248.117625862360001 ] ] ] ] } },
{ "type": "Feature", "properties": { }, "geometry": { "type": "MultiPolygon", "coordinates": [ [ [ [ 325209.762702552368864, 9655248.117625862360001 ], [ 325209.762702552368864, 9656278.867625862360001 ], [ 326711.962702552322298, 9656278.867625862360001 ], [ 326711.962702552322298, 9655248.117625862360001 ], [ 325209.762702552368864, 9655248.117625862360001 ] ] ] ] } },
{ "type": "Feature", "properties": { }, "geometry": { "type": "MultiPolygon", "coordinates": [ [ [ [ 326711.962702552322298, 9655248.117625862360001 ], [ 326711.962702552322298, 9656278.867625862360001 ], [ 328214.162702552275732, 9656278.867625862360001 ], [ 328214.162702552275732, 9655248.117625862360001 ], [ 326711.962702552322298, 9655248.117625862360001 ] ] ] ] } },
{ "type": "Feature", "properties": { }, "geometry": { "type": "MultiPolygon", "coordinates": [ [ [ [ 328214.16270255233394, 9655248.117625862360001 ], [ 328214.16270255233394, 9656278.867625862360001 ], [ 329716.362702552287374, 9656278.867625862360001 ], [ 329716.362702552287374, 9655248.117625862360001 ], [ 328214.16270255233394, 9655248.117625862360001 ] ] ] ] } },
{ "type": "Feature", "properties": { }, "geometry": { "type": "MultiPolygon", "coordinates": [ [ [ [ 329716.362702552345581, 9655248.117625862360001 ], [ 329716.362702552345581, 9656278.867625862360001 ], [ 331218.562702552299015, 9656278.867625862360001 ], [ 331218.562702552299015, 9655248.117625862360001 ], [ 329716.362702552345581, 9655248.117625862360001 ] ] ] ] } },
{ "type": "Feature", "properties": { }, "geometry": { "type": "MultiPolygon", "coordinates": [ [ [ [ 331218.562702552357223, 9655248.117625862360001 ], [ 331218.562702552357223, 9656278.867625862360001 ], [ 332720.762702552310657, 9656278.867625862360001 ], [ 332720.762702552310657, 9655248.117625862360001 ], [ 331218.562702552357223, 9655248.117625862360001 ] ] ] ] } },
{ "type": "Feature", "properties": { }, "geometry": { "type": "MultiPolygon", "coordinates": [ [ [ [ 332720.762702552368864, 9655248.117625862360001 ], [ 332720.762702552368864, 9656278.867625862360001 ], [ 334222.962702552322298, 9656278.867625862360001 ], [ 334222.962702552322298, 9655248.117625862360001 ], [ 332720.762702552368864, 9655248.117625862360001 ] ] ] ] } },
{ "type": "Feature", "properties": { }, "geometry": { "type": "MultiPolygon", "coordinates": [ [ [ [ 334222.962702552322298, 9655248.117625862360001 ], [ 334222.962702552322298, 9656278.867625862360001 ], [ 335725.162702552275732, 9656278.867625862360001 ], [ 335725.162702552275732, 9655248.117625862360001 ], [ 334222.962702552322298, 9655248.117625862360001 ] ] ] ] } },
{ "type": "Feature", "properties": { }, "geometry": { "type": "MultiPolygon", "coordinates": [ [ [ [ 335725.16270255233394, 9655248.117625862360001 ], [ 335725.16270255233394, 9656278.867625862360001 ], [ 337227.362702552287374, 9656278.867625862360001 ], [ 337227.362702552287374, 9655248.117625862360001 ], [ 335725.16270255233394, 9655248.117625862360001 ] ] ] ] } },
{ "type": "Feature", "properties": { }, "geometry": { "type": "MultiPolygon", "coordinates": [ [ [ [ 337227.362702552345581, 9655248.117625862360001 ], [ 337227.362702552345581, 9656278.867625862360001 ], [ 338729.562702552299015, 9656278.867625862360001 ], [ 338729.562702552299015, 9655248.117625862360001 ], [ 337227.362702552345581, 9655248.117625862360001 ] ] ] ] } },
{ "type": "Feature", "properties": { }, "geometry": { "type": "MultiPolygon", "coordinates": [ [ [ [ 338729.562702552357223, 9655248.117625862360001 ], [ 338729.562702552357223, 9656278.867625862360001 ], [ 340231.762702552310657, 9656278.867625862360001 ], [ 340231.762702552310657, 9655248.117625862360001 ], [ 338729.562702552357223, 9655248.117625862360001 ] ] ] ] } },
{ "type": "Feature", "properties": { }, "geometry": { "type": "MultiPolygon", "coordinates": [ [ [ [ 340231.762702552368864, 9655248.117625862360001 ], [ 340231.762702552368864, 9656278.867625862360001 ], [ 341733.962702552322298, 9656278.867625862360001 ], [ 341733.962702552322298, 9655248.117625862360001 ], [ 340231.762702552368864, 9655248.117625862360001 ] ] ] ] } },
{ "type": "Feature", "properties": { }, "geometry": { "type": "MultiPolygon", "coordinates": [ [ [ [ 341733.962702552322298, 9655248.117625862360001 ], [ 341733.962702552322298, 9656278.867625862360001 ], [ 343236.162702552275732, 9656278.867625862360001 ], [ 343236.162702552275732, 9655248.117625862360001 ], [ 341733.962702552322298, 9655248.117625862360001 ] ] ] ] } },
{ "type": "Feature", "properties": { }, "geometry": { "type": "MultiPolygon", "coordinates": [ [ [ [ 343236.16270255233394, 9655248.117625862360001 ], [ 343236.16270255233394, 9656278.867625862360001 ], [ 344738.362702552287374, 9656278.867625862360001 ], [ 344738.362702552287374, 9655248.117625862360001 ], [ 343236.16270255233394, 9655248.117625862360001 ] ] ] ] } },
{ "type": "Feature", "properties": { }, "geometry": { "type": "MultiPolygon", "coordinates": [ [ [ [ 344738.362702552345581, 9655248.117625862360001 ], [ 344738.362702552345581, 9656278.867625862360001 ], [ 346240.562702552299015, 9656278.867625862360001 ], [ 346240.562702552299015, 9655248.117625862360001 ], [ 344738.362702552345581, 9655248.117625862360001 ] ] ] ] } },
{ "type": "Feature", "properties": { }, "geometry": { "type": "MultiPolygon", "coordinates": [ [ [ [ 346240.562702552357223, 9655248.117625862360001 ], [ 346240.562702552357223, 9656278.867625862360001 ], [ 347742.762702552310657, 9656278.867625862360001 ], [ 347742.762702552310657, 9655248.117625862360001 ], [ 346240.562702552357223, 9655248.117625862360001 ] ] ] ] } },
{ "type": "Feature", "properties": { }, "geometry": { "type": "MultiPolygon", "coordinates": [ [ [ [ 347742.762702552368864, 9655248.117625862360001 ], [ 347742.762702552368864, 9656278.867625862360001 ], [ 349244.962702552322298, 9656278.867625862360001 ], [ 349244.962702552322298, 9655248.117625862360001 ], [ 347742.762702552368864, 9655248.117625862360001 ] ] ] ] } },
{ "type": "Feature", "properties": { }, "geometry": { "type": "MultiPolygon", "coordinates": [ [ [ [ 349244.962702552322298, 9655248.117625862360001 ], [ 349244.962702552322298, 9656278.867625862360001 ], [ 350747.162702552275732, 9656278.867625862360001 ], [ 350747.162702552275732, 9655248.117625862360001 ], [ 349244.962702552322298, 9655248.117625862360001 ] ] ] ] } },
{ "type": "Feature", "properties": { }, "geometry": { "type": "MultiPolygon", "coordinates": [ [ [ [ 350747.16270255233394, 9655248.117625862360001 ], [ 350747.16270255233394, 9656278.867625862360001 ], [ 352249.362702552287374, 9656278.867625862360001 ], [ 352249.362702552287374, 9655248.117625862360001 ], [ 350747.16270255233394, 9655248.117625862360001 ] ] ] ] } },
{ "type": "Feature", "properties": { }, "geometry": { "type": "MultiPolygon", "coordinates": [ [ [ [ 352249.362702552345581, 9655248.117625862360001 ], [ 352249.362702552345581, 9656278.867625862360001 ], [ 353751.562702552299015, 9656278.867625862360001 ], [ 353751.562702552299015, 9655248.117625862360001 ], [ 352249.362702552345581, 9655248.117625862360001 ] ] ] ] } },
{ "type": "Feature", "properties": { }, "geometry": { "type": "MultiPolygon", "coordinates": [ [ [ [ 353751.562702552357223, 9655248.117625862360001 ], [ 353751.562702552357223, 9656278.867625862360001 ], [ 355253.762702552310657, 9656278.867625862360001 ], [ 355253.762702552310657, 9655248.117625862360001 ], [ 353751.562702552357223, 9655248.117625862360001 ] ] ] ] } },
{ "type": "Feature", "properties": { }, "geometry": { "type": "MultiPolygon", "coordinates": [ [ [ [ 355253.762702552368864, 9655248.117625862360001 ], [ 355253.762702552368864, 9656278.867625862360001 ], [ 356755.962702552322298, 9656278.867625862360001 ], [ 356755.962702552322298, 9655248.117625862360001 ], [ 355253.762702552368864, 9655248.117625862360001 ] ] ] ] } },
{ "type": "Feature", "properties": { }, "geometry": { "type": "MultiPolygon", "coordinates": [ [ [ [ 281645.962702552322298, 9654217.367625862360001 ], [ 281645.962702552322298, 9655248.117625862360001 ], [ 283148.162702552275732, 9655248.117625862360001 ], [ 283148.162702552275732, 9654217.367625862360001 ], [ 281645.962702552322298, 9654217.367625862360001 ] ] ] ] } },
{ "type": "Feature", "properties": { }, "geometry": { "type": "MultiPolygon", "coordinates": [ [ [ [ 283148.16270255233394, 9654217.367625862360001 ], [ 283148.16270255233394, 9655248.117625862360001 ], [ 284650.362702552287374, 9655248.117625862360001 ], [ 284650.362702552287374, 9654217.367625862360001 ], [ 283148.16270255233394, 9654217.367625862360001 ] ] ] ] } },
{ "type": "Feature", "properties": { }, "geometry": { "type": "MultiPolygon", "coordinates": [ [ [ [ 284650.362702552345581, 9654217.367625862360001 ], [ 284650.362702552345581, 9655248.117625862360001 ], [ 286152.562702552299015, 9655248.117625862360001 ], [ 286152.562702552299015, 9654217.367625862360001 ], [ 284650.362702552345581, 9654217.367625862360001 ] ] ] ] } },
{ "type": "Feature", "properties": { }, "geometry": { "type": "MultiPolygon", "coordinates": [ [ [ [ 286152.562702552357223, 9654217.367625862360001 ], [ 286152.562702552357223, 9655248.117625862360001 ], [ 287654.762702552310657, 9655248.117625862360001 ], [ 287654.762702552310657, 9654217.367625862360001 ], [ 286152.562702552357223, 9654217.367625862360001 ] ] ] ] } },
{ "type": "Feature", "properties": { }, "geometry": { "type": "MultiPolygon", "coordinates": [ [ [ [ 287654.762702552368864, 9654217.367625862360001 ], [ 287654.762702552368864, 9655248.117625862360001 ], [ 289156.962702552322298, 9655248.117625862360001 ], [ 289156.962702552322298, 9654217.367625862360001 ], [ 287654.762702552368864, 9654217.367625862360001 ] ] ] ] } },
{ "type": "Feature", "properties": { }, "geometry": { "type": "MultiPolygon", "coordinates": [ [ [ [ 289156.962702552322298, 9654217.367625862360001 ], [ 289156.962702552322298, 9655248.117625862360001 ], [ 290659.162702552275732, 9655248.117625862360001 ], [ 290659.162702552275732, 9654217.367625862360001 ], [ 289156.962702552322298, 9654217.367625862360001 ] ] ] ] } },
{ "type": "Feature", "properties": { }, "geometry": { "type": "MultiPolygon", "coordinates": [ [ [ [ 290659.16270255233394, 9654217.367625862360001 ], [ 290659.16270255233394, 9655248.117625862360001 ], [ 292161.362702552287374, 9655248.117625862360001 ], [ 292161.362702552287374, 9654217.367625862360001 ], [ 290659.16270255233394, 9654217.367625862360001 ] ] ] ] } },
{ "type": "Feature", "properties": { }, "geometry": { "type": "MultiPolygon", "coordinates": [ [ [ [ 292161.362702552345581, 9654217.367625862360001 ], [ 292161.362702552345581, 9655248.117625862360001 ], [ 293663.562702552299015, 9655248.117625862360001 ], [ 293663.562702552299015, 9654217.367625862360001 ], [ 292161.362702552345581, 9654217.367625862360001 ] ] ] ] } },
{ "type": "Feature", "properties": { }, "geometry": { "type": "MultiPolygon", "coordinates": [ [ [ [ 293663.562702552357223, 9654217.367625862360001 ], [ 293663.562702552357223, 9655248.117625862360001 ], [ 295165.762702552310657, 9655248.117625862360001 ], [ 295165.762702552310657, 9654217.367625862360001 ], [ 293663.562702552357223, 9654217.367625862360001 ] ] ] ] } },
{ "type": "Feature", "properties": { }, "geometry": { "type": "MultiPolygon", "coordinates": [ [ [ [ 295165.762702552368864, 9654217.367625862360001 ], [ 295165.762702552368864, 9655248.117625862360001 ], [ 296667.962702552322298, 9655248.117625862360001 ], [ 296667.962702552322298, 9654217.367625862360001 ], [ 295165.762702552368864, 9654217.367625862360001 ] ] ] ] } },
{ "type": "Feature", "properties": { }, "geometry": { "type": "MultiPolygon", "coordinates": [ [ [ [ 296667.962702552322298, 9654217.367625862360001 ], [ 296667.962702552322298, 9655248.117625862360001 ], [ 298170.162702552275732, 9655248.117625862360001 ], [ 298170.162702552275732, 9654217.367625862360001 ], [ 296667.962702552322298, 9654217.367625862360001 ] ] ] ] } },
{ "type": "Feature", "properties": { }, "geometry": { "type": "MultiPolygon", "coordinates": [ [ [ [ 298170.16270255233394, 9654217.367625862360001 ], [ 298170.16270255233394, 9655248.117625862360001 ], [ 299672.362702552287374, 9655248.117625862360001 ], [ 299672.362702552287374, 9654217.367625862360001 ], [ 298170.16270255233394, 9654217.367625862360001 ] ] ] ] } },
{ "type": "Feature", "properties": { }, "geometry": { "type": "MultiPolygon", "coordinates": [ [ [ [ 299672.362702552345581, 9654217.367625862360001 ], [ 299672.362702552345581, 9655248.117625862360001 ], [ 301174.562702552299015, 9655248.117625862360001 ], [ 301174.562702552299015, 9654217.367625862360001 ], [ 299672.362702552345581, 9654217.367625862360001 ] ] ] ] } },
{ "type": "Feature", "properties": { }, "geometry": { "type": "MultiPolygon", "coordinates": [ [ [ [ 301174.562702552357223, 9654217.367625862360001 ], [ 301174.562702552357223, 9655248.117625862360001 ], [ 302676.762702552310657, 9655248.117625862360001 ], [ 302676.762702552310657, 9654217.367625862360001 ], [ 301174.562702552357223, 9654217.367625862360001 ] ] ] ] } },
{ "type": "Feature", "properties": { }, "geometry": { "type": "MultiPolygon", "coordinates": [ [ [ [ 302676.762702552368864, 9654217.367625862360001 ], [ 302676.762702552368864, 9655248.117625862360001 ], [ 304178.962702552322298, 9655248.117625862360001 ], [ 304178.962702552322298, 9654217.367625862360001 ], [ 302676.762702552368864, 9654217.367625862360001 ] ] ] ] } },
{ "type": "Feature", "properties": { }, "geometry": { "type": "MultiPolygon", "coordinates": [ [ [ [ 304178.962702552322298, 9654217.367625862360001 ], [ 304178.962702552322298, 9655248.117625862360001 ], [ 305681.162702552275732, 9655248.117625862360001 ], [ 305681.162702552275732, 9654217.367625862360001 ], [ 304178.962702552322298, 9654217.367625862360001 ] ] ] ] } },
{ "type": "Feature", "properties": { }, "geometry": { "type": "MultiPolygon", "coordinates": [ [ [ [ 305681.16270255233394, 9654217.367625862360001 ], [ 305681.16270255233394, 9655248.117625862360001 ], [ 307183.362702552287374, 9655248.117625862360001 ], [ 307183.362702552287374, 9654217.367625862360001 ], [ 305681.16270255233394, 9654217.367625862360001 ] ] ] ] } },
{ "type": "Feature", "properties": { }, "geometry": { "type": "MultiPolygon", "coordinates": [ [ [ [ 307183.362702552345581, 9654217.367625862360001 ], [ 307183.362702552345581, 9655248.117625862360001 ], [ 308685.562702552299015, 9655248.117625862360001 ], [ 308685.562702552299015, 9654217.367625862360001 ], [ 307183.362702552345581, 9654217.367625862360001 ] ] ] ] } },
{ "type": "Feature", "properties": { }, "geometry": { "type": "MultiPolygon", "coordinates": [ [ [ [ 308685.562702552357223, 9654217.367625862360001 ], [ 308685.562702552357223, 9655248.117625862360001 ], [ 310187.762702552310657, 9655248.117625862360001 ], [ 310187.762702552310657, 9654217.367625862360001 ], [ 308685.562702552357223, 9654217.367625862360001 ] ] ] ] } },
{ "type": "Feature", "properties": { }, "geometry": { "type": "MultiPolygon", "coordinates": [ [ [ [ 310187.762702552368864, 9654217.367625862360001 ], [ 310187.762702552368864, 9655248.117625862360001 ], [ 311689.962702552322298, 9655248.117625862360001 ], [ 311689.962702552322298, 9654217.367625862360001 ], [ 310187.762702552368864, 9654217.367625862360001 ] ] ] ] } },
{ "type": "Feature", "properties": { }, "geometry": { "type": "MultiPolygon", "coordinates": [ [ [ [ 311689.962702552322298, 9654217.367625862360001 ], [ 311689.962702552322298, 9655248.117625862360001 ], [ 313192.162702552275732, 9655248.117625862360001 ], [ 313192.162702552275732, 9654217.367625862360001 ], [ 311689.962702552322298, 9654217.367625862360001 ] ] ] ] } },
{ "type": "Feature", "properties": { }, "geometry": { "type": "MultiPolygon", "coordinates": [ [ [ [ 313192.16270255233394, 9654217.367625862360001 ], [ 313192.16270255233394, 9655248.117625862360001 ], [ 314694.362702552287374, 9655248.117625862360001 ], [ 314694.362702552287374, 9654217.367625862360001 ], [ 313192.16270255233394, 9654217.367625862360001 ] ] ] ] } },
{ "type": "Feature", "properties": { }, "geometry": { "type": "MultiPolygon", "coordinates": [ [ [ [ 314694.362702552345581, 9654217.367625862360001 ], [ 314694.362702552345581, 9655248.117625862360001 ], [ 316196.562702552299015, 9655248.117625862360001 ], [ 316196.562702552299015, 9654217.367625862360001 ], [ 314694.362702552345581, 9654217.367625862360001 ] ] ] ] } },
{ "type": "Feature", "properties": { }, "geometry": { "type": "MultiPolygon", "coordinates": [ [ [ [ 316196.562702552357223, 9654217.367625862360001 ], [ 316196.562702552357223, 9655248.117625862360001 ], [ 317698.762702552310657, 9655248.117625862360001 ], [ 317698.762702552310657, 9654217.367625862360001 ], [ 316196.562702552357223, 9654217.367625862360001 ] ] ] ] } },
{ "type": "Feature", "properties": { }, "geometry": { "type": "MultiPolygon", "coordinates": [ [ [ [ 317698.762702552368864, 9654217.367625862360001 ], [ 317698.762702552368864, 9655248.117625862360001 ], [ 319200.962702552322298, 9655248.117625862360001 ], [ 319200.962702552322298, 9654217.367625862360001 ], [ 317698.762702552368864, 9654217.367625862360001 ] ] ] ] } },
{ "type": "Feature", "properties": { }, "geometry": { "type": "MultiPolygon", "coordinates": [ [ [ [ 319200.962702552322298, 9654217.367625862360001 ], [ 319200.962702552322298, 9655248.117625862360001 ], [ 320703.162702552275732, 9655248.117625862360001 ], [ 320703.162702552275732, 9654217.367625862360001 ], [ 319200.962702552322298, 9654217.367625862360001 ] ] ] ] } },
{ "type": "Feature", "properties": { }, "geometry": { "type": "MultiPolygon", "coordinates": [ [ [ [ 320703.16270255233394, 9654217.367625862360001 ], [ 320703.16270255233394, 9655248.117625862360001 ], [ 322205.362702552287374, 9655248.117625862360001 ], [ 322205.362702552287374, 9654217.367625862360001 ], [ 320703.16270255233394, 9654217.367625862360001 ] ] ] ] } },
{ "type": "Feature", "properties": { }, "geometry": { "type": "MultiPolygon", "coordinates": [ [ [ [ 322205.362702552345581, 9654217.367625862360001 ], [ 322205.362702552345581, 9655248.117625862360001 ], [ 323707.562702552299015, 9655248.117625862360001 ], [ 323707.562702552299015, 9654217.367625862360001 ], [ 322205.362702552345581, 9654217.367625862360001 ] ] ] ] } },
{ "type": "Feature", "properties": { }, "geometry": { "type": "MultiPolygon", "coordinates": [ [ [ [ 323707.562702552357223, 9654217.367625862360001 ], [ 323707.562702552357223, 9655248.117625862360001 ], [ 325209.762702552310657, 9655248.117625862360001 ], [ 325209.762702552310657, 9654217.367625862360001 ], [ 323707.562702552357223, 9654217.367625862360001 ] ] ] ] } },
{ "type": "Feature", "properties": { }, "geometry": { "type": "MultiPolygon", "coordinates": [ [ [ [ 325209.762702552368864, 9654217.367625862360001 ], [ 325209.762702552368864, 9655248.117625862360001 ], [ 326711.962702552322298, 9655248.117625862360001 ], [ 326711.962702552322298, 9654217.367625862360001 ], [ 325209.762702552368864, 9654217.367625862360001 ] ] ] ] } },
{ "type": "Feature", "properties": { }, "geometry": { "type": "MultiPolygon", "coordinates": [ [ [ [ 326711.962702552322298, 9654217.367625862360001 ], [ 326711.962702552322298, 9655248.117625862360001 ], [ 328214.162702552275732, 9655248.117625862360001 ], [ 328214.162702552275732, 9654217.367625862360001 ], [ 326711.962702552322298, 9654217.367625862360001 ] ] ] ] } },
{ "type": "Feature", "properties": { }, "geometry": { "type": "MultiPolygon", "coordinates": [ [ [ [ 328214.16270255233394, 9654217.367625862360001 ], [ 328214.16270255233394, 9655248.117625862360001 ], [ 329716.362702552287374, 9655248.117625862360001 ], [ 329716.362702552287374, 9654217.367625862360001 ], [ 328214.16270255233394, 9654217.367625862360001 ] ] ] ] } },
{ "type": "Feature", "properties": { }, "geometry": { "type": "MultiPolygon", "coordinates": [ [ [ [ 329716.362702552345581, 9654217.367625862360001 ], [ 329716.362702552345581, 9655248.117625862360001 ], [ 331218.562702552299015, 9655248.117625862360001 ], [ 331218.562702552299015, 9654217.367625862360001 ], [ 329716.362702552345581, 9654217.367625862360001 ] ] ] ] } },
{ "type": "Feature", "properties": { }, "geometry": { "type": "MultiPolygon", "coordinates": [ [ [ [ 331218.562702552357223, 9654217.367625862360001 ], [ 331218.562702552357223, 9655248.117625862360001 ], [ 332720.762702552310657, 9655248.117625862360001 ], [ 332720.762702552310657, 9654217.367625862360001 ], [ 331218.562702552357223, 9654217.367625862360001 ] ] ] ] } },
{ "type": "Feature", "properties": { }, "geometry": { "type": "MultiPolygon", "coordinates": [ [ [ [ 332720.762702552368864, 9654217.367625862360001 ], [ 332720.762702552368864, 9655248.117625862360001 ], [ 334222.962702552322298, 9655248.117625862360001 ], [ 334222.962702552322298, 9654217.367625862360001 ], [ 332720.762702552368864, 9654217.367625862360001 ] ] ] ] } },
{ "type": "Feature", "properties": { }, "geometry": { "type": "MultiPolygon", "coordinates": [ [ [ [ 334222.962702552322298, 9654217.367625862360001 ], [ 334222.962702552322298, 9655248.117625862360001 ], [ 335725.162702552275732, 9655248.117625862360001 ], [ 335725.162702552275732, 9654217.367625862360001 ], [ 334222.962702552322298, 9654217.367625862360001 ] ] ] ] } },
{ "type": "Feature", "properties": { }, "geometry": { "type": "MultiPolygon", "coordinates": [ [ [ [ 335725.16270255233394, 9654217.367625862360001 ], [ 335725.16270255233394, 9655248.117625862360001 ], [ 337227.362702552287374, 9655248.117625862360001 ], [ 337227.362702552287374, 9654217.367625862360001 ], [ 335725.16270255233394, 9654217.367625862360001 ] ] ] ] } },
{ "type": "Feature", "properties": { }, "geometry": { "type": "MultiPolygon", "coordinates": [ [ [ [ 337227.362702552345581, 9654217.367625862360001 ], [ 337227.362702552345581, 9655248.117625862360001 ], [ 338729.562702552299015, 9655248.117625862360001 ], [ 338729.562702552299015, 9654217.367625862360001 ], [ 337227.362702552345581, 9654217.367625862360001 ] ] ] ] } },
{ "type": "Feature", "properties": { }, "geometry": { "type": "MultiPolygon", "coordinates": [ [ [ [ 338729.562702552357223, 9654217.367625862360001 ], [ 338729.562702552357223, 9655248.117625862360001 ], [ 340231.762702552310657, 9655248.117625862360001 ], [ 340231.762702552310657, 9654217.367625862360001 ], [ 338729.562702552357223, 9654217.367625862360001 ] ] ] ] } },
{ "type": "Feature", "properties": { }, "geometry": { "type": "MultiPolygon", "coordinates": [ [ [ [ 340231.762702552368864, 9654217.367625862360001 ], [ 340231.762702552368864, 9655248.117625862360001 ], [ 341733.962702552322298, 9655248.117625862360001 ], [ 341733.962702552322298, 9654217.367625862360001 ], [ 340231.762702552368864, 9654217.367625862360001 ] ] ] ] } },
{ "type": "Feature", "properties": { }, "geometry": { "type": "MultiPolygon", "coordinates": [ [ [ [ 341733.962702552322298, 9654217.367625862360001 ], [ 341733.962702552322298, 9655248.117625862360001 ], [ 343236.162702552275732, 9655248.117625862360001 ], [ 343236.162702552275732, 9654217.367625862360001 ], [ 341733.962702552322298, 9654217.367625862360001 ] ] ] ] } },
{ "type": "Feature", "properties": { }, "geometry": { "type": "MultiPolygon", "coordinates": [ [ [ [ 343236.16270255233394, 9654217.367625862360001 ], [ 343236.16270255233394, 9655248.117625862360001 ], [ 344738.362702552287374, 9655248.117625862360001 ], [ 344738.362702552287374, 9654217.367625862360001 ], [ 343236.16270255233394, 9654217.367625862360001 ] ] ] ] } },
{ "type": "Feature", "properties": { }, "geometry": { "type": "MultiPolygon", "coordinates": [ [ [ [ 344738.362702552345581, 9654217.367625862360001 ], [ 344738.362702552345581, 9655248.117625862360001 ], [ 346240.562702552299015, 9655248.117625862360001 ], [ 346240.562702552299015, 9654217.367625862360001 ], [ 344738.362702552345581, 9654217.367625862360001 ] ] ] ] } },
{ "type": "Feature", "properties": { }, "geometry": { "type": "MultiPolygon", "coordinates": [ [ [ [ 346240.562702552357223, 9654217.367625862360001 ], [ 346240.562702552357223, 9655248.117625862360001 ], [ 347742.762702552310657, 9655248.117625862360001 ], [ 347742.762702552310657, 9654217.367625862360001 ], [ 346240.562702552357223, 9654217.367625862360001 ] ] ] ] } },
{ "type": "Feature", "properties": { }, "geometry": { "type": "MultiPolygon", "coordinates": [ [ [ [ 347742.762702552368864, 9654217.367625862360001 ], [ 347742.762702552368864, 9655248.117625862360001 ], [ 349244.962702552322298, 9655248.117625862360001 ], [ 349244.962702552322298, 9654217.367625862360001 ], [ 347742.762702552368864, 9654217.367625862360001 ] ] ] ] } },
{ "type": "Feature", "properties": { }, "geometry": { "type": "MultiPolygon", "coordinates": [ [ [ [ 349244.962702552322298, 9654217.367625862360001 ], [ 349244.962702552322298, 9655248.117625862360001 ], [ 350747.162702552275732, 9655248.117625862360001 ], [ 350747.162702552275732, 9654217.367625862360001 ], [ 349244.962702552322298, 9654217.367625862360001 ] ] ] ] } },
{ "type": "Feature", "properties": { }, "geometry": { "type": "MultiPolygon", "coordinates": [ [ [ [ 350747.16270255233394, 9654217.367625862360001 ], [ 350747.16270255233394, 9655248.117625862360001 ], [ 352249.362702552287374, 9655248.117625862360001 ], [ 352249.362702552287374, 9654217.367625862360001 ], [ 350747.16270255233394, 9654217.367625862360001 ] ] ] ] } },
{ "type": "Feature", "properties": { }, "geometry": { "type": "MultiPolygon", "coordinates": [ [ [ [ 352249.362702552345581, 9654217.367625862360001 ], [ 352249.362702552345581, 9655248.117625862360001 ], [ 353751.562702552299015, 9655248.117625862360001 ], [ 353751.562702552299015, 9654217.367625862360001 ], [ 352249.362702552345581, 9654217.367625862360001 ] ] ] ] } },
{ "type": "Feature", "properties": { }, "geometry": { "type": "MultiPolygon", "coordinates": [ [ [ [ 353751.562702552357223, 9654217.367625862360001 ], [ 353751.562702552357223, 9655248.117625862360001 ], [ 355253.762702552310657, 9655248.117625862360001 ], [ 355253.762702552310657, 9654217.367625862360001 ], [ 353751.562702552357223, 9654217.367625862360001 ] ] ] ] } },
{ "type": "Feature", "properties": { }, "geometry": { "type": "MultiPolygon", "coordinates": [ [ [ [ 355253.762702552368864, 9654217.367625862360001 ], [ 355253.762702552368864, 9655248.117625862360001 ], [ 356755.962702552322298, 9655248.117625862360001 ], [ 356755.962702552322298, 9654217.367625862360001 ], [ 355253.762702552368864, 9654217.367625862360001 ] ] ] ] } },
{ "type": "Feature", "properties": { }, "geometry": { "type": "MultiPolygon", "coordinates": [ [ [ [ 281645.962702552322298, 9653186.617625862360001 ], [ 281645.962702552322298, 9654217.367625862360001 ], [ 283148.162702552275732, 9654217.367625862360001 ], [ 283148.162702552275732, 9653186.617625862360001 ], [ 281645.962702552322298, 9653186.617625862360001 ] ] ] ] } },
{ "type": "Feature", "properties": { }, "geometry": { "type": "MultiPolygon", "coordinates": [ [ [ [ 283148.16270255233394, 9653186.617625862360001 ], [ 283148.16270255233394, 9654217.367625862360001 ], [ 284650.362702552287374, 9654217.367625862360001 ], [ 284650.362702552287374, 9653186.617625862360001 ], [ 283148.16270255233394, 9653186.617625862360001 ] ] ] ] } },
{ "type": "Feature", "properties": { }, "geometry": { "type": "MultiPolygon", "coordinates": [ [ [ [ 284650.362702552345581, 9653186.617625862360001 ], [ 284650.362702552345581, 9654217.367625862360001 ], [ 286152.562702552299015, 9654217.367625862360001 ], [ 286152.562702552299015, 9653186.617625862360001 ], [ 284650.362702552345581, 9653186.617625862360001 ] ] ] ] } },
{ "type": "Feature", "properties": { }, "geometry": { "type": "MultiPolygon", "coordinates": [ [ [ [ 286152.562702552357223, 9653186.617625862360001 ], [ 286152.562702552357223, 9654217.367625862360001 ], [ 287654.762702552310657, 9654217.367625862360001 ], [ 287654.762702552310657, 9653186.617625862360001 ], [ 286152.562702552357223, 9653186.617625862360001 ] ] ] ] } },
{ "type": "Feature", "properties": { }, "geometry": { "type": "MultiPolygon", "coordinates": [ [ [ [ 287654.762702552368864, 9653186.617625862360001 ], [ 287654.762702552368864, 9654217.367625862360001 ], [ 289156.962702552322298, 9654217.367625862360001 ], [ 289156.962702552322298, 9653186.617625862360001 ], [ 287654.762702552368864, 9653186.617625862360001 ] ] ] ] } },
{ "type": "Feature", "properties": { }, "geometry": { "type": "MultiPolygon", "coordinates": [ [ [ [ 289156.962702552322298, 9653186.617625862360001 ], [ 289156.962702552322298, 9654217.367625862360001 ], [ 290659.162702552275732, 9654217.367625862360001 ], [ 290659.162702552275732, 9653186.617625862360001 ], [ 289156.962702552322298, 9653186.617625862360001 ] ] ] ] } },
{ "type": "Feature", "properties": { }, "geometry": { "type": "MultiPolygon", "coordinates": [ [ [ [ 290659.16270255233394, 9653186.617625862360001 ], [ 290659.16270255233394, 9654217.367625862360001 ], [ 292161.362702552287374, 9654217.367625862360001 ], [ 292161.362702552287374, 9653186.617625862360001 ], [ 290659.16270255233394, 9653186.617625862360001 ] ] ] ] } },
{ "type": "Feature", "properties": { }, "geometry": { "type": "MultiPolygon", "coordinates": [ [ [ [ 292161.362702552345581, 9653186.617625862360001 ], [ 292161.362702552345581, 9654217.367625862360001 ], [ 293663.562702552299015, 9654217.367625862360001 ], [ 293663.562702552299015, 9653186.617625862360001 ], [ 292161.362702552345581, 9653186.617625862360001 ] ] ] ] } },
{ "type": "Feature", "properties": { }, "geometry": { "type": "MultiPolygon", "coordinates": [ [ [ [ 293663.562702552357223, 9653186.617625862360001 ], [ 293663.562702552357223, 9654217.367625862360001 ], [ 295165.762702552310657, 9654217.367625862360001 ], [ 295165.762702552310657, 9653186.617625862360001 ], [ 293663.562702552357223, 9653186.617625862360001 ] ] ] ] } },
{ "type": "Feature", "properties": { }, "geometry": { "type": "MultiPolygon", "coordinates": [ [ [ [ 295165.762702552368864, 9653186.617625862360001 ], [ 295165.762702552368864, 9654217.367625862360001 ], [ 296667.962702552322298, 9654217.367625862360001 ], [ 296667.962702552322298, 9653186.617625862360001 ], [ 295165.762702552368864, 9653186.617625862360001 ] ] ] ] } },
{ "type": "Feature", "properties": { }, "geometry": { "type": "MultiPolygon", "coordinates": [ [ [ [ 296667.962702552322298, 9653186.617625862360001 ], [ 296667.962702552322298, 9654217.367625862360001 ], [ 298170.162702552275732, 9654217.367625862360001 ], [ 298170.162702552275732, 9653186.617625862360001 ], [ 296667.962702552322298, 9653186.617625862360001 ] ] ] ] } },
{ "type": "Feature", "properties": { }, "geometry": { "type": "MultiPolygon", "coordinates": [ [ [ [ 298170.16270255233394, 9653186.617625862360001 ], [ 298170.16270255233394, 9654217.367625862360001 ], [ 299672.362702552287374, 9654217.367625862360001 ], [ 299672.362702552287374, 9653186.617625862360001 ], [ 298170.16270255233394, 9653186.617625862360001 ] ] ] ] } },
{ "type": "Feature", "properties": { }, "geometry": { "type": "MultiPolygon", "coordinates": [ [ [ [ 299672.362702552345581, 9653186.617625862360001 ], [ 299672.362702552345581, 9654217.367625862360001 ], [ 301174.562702552299015, 9654217.367625862360001 ], [ 301174.562702552299015, 9653186.617625862360001 ], [ 299672.362702552345581, 9653186.617625862360001 ] ] ] ] } },
{ "type": "Feature", "properties": { }, "geometry": { "type": "MultiPolygon", "coordinates": [ [ [ [ 301174.562702552357223, 9653186.617625862360001 ], [ 301174.562702552357223, 9654217.367625862360001 ], [ 302676.762702552310657, 9654217.367625862360001 ], [ 302676.762702552310657, 9653186.617625862360001 ], [ 301174.562702552357223, 9653186.617625862360001 ] ] ] ] } },
{ "type": "Feature", "properties": { }, "geometry": { "type": "MultiPolygon", "coordinates": [ [ [ [ 302676.762702552368864, 9653186.617625862360001 ], [ 302676.762702552368864, 9654217.367625862360001 ], [ 304178.962702552322298, 9654217.367625862360001 ], [ 304178.962702552322298, 9653186.617625862360001 ], [ 302676.762702552368864, 9653186.617625862360001 ] ] ] ] } },
{ "type": "Feature", "properties": { }, "geometry": { "type": "MultiPolygon", "coordinates": [ [ [ [ 304178.962702552322298, 9653186.617625862360001 ], [ 304178.962702552322298, 9654217.367625862360001 ], [ 305681.162702552275732, 9654217.367625862360001 ], [ 305681.162702552275732, 9653186.617625862360001 ], [ 304178.962702552322298, 9653186.617625862360001 ] ] ] ] } },
{ "type": "Feature", "properties": { }, "geometry": { "type": "MultiPolygon", "coordinates": [ [ [ [ 305681.16270255233394, 9653186.617625862360001 ], [ 305681.16270255233394, 9654217.367625862360001 ], [ 307183.362702552287374, 9654217.367625862360001 ], [ 307183.362702552287374, 9653186.617625862360001 ], [ 305681.16270255233394, 9653186.617625862360001 ] ] ] ] } },
{ "type": "Feature", "properties": { }, "geometry": { "type": "MultiPolygon", "coordinates": [ [ [ [ 307183.362702552345581, 9653186.617625862360001 ], [ 307183.362702552345581, 9654217.367625862360001 ], [ 308685.562702552299015, 9654217.367625862360001 ], [ 308685.562702552299015, 9653186.617625862360001 ], [ 307183.362702552345581, 9653186.617625862360001 ] ] ] ] } },
{ "type": "Feature", "properties": { }, "geometry": { "type": "MultiPolygon", "coordinates": [ [ [ [ 308685.562702552357223, 9653186.617625862360001 ], [ 308685.562702552357223, 9654217.367625862360001 ], [ 310187.762702552310657, 9654217.367625862360001 ], [ 310187.762702552310657, 9653186.617625862360001 ], [ 308685.562702552357223, 9653186.617625862360001 ] ] ] ] } },
{ "type": "Feature", "properties": { }, "geometry": { "type": "MultiPolygon", "coordinates": [ [ [ [ 310187.762702552368864, 9653186.617625862360001 ], [ 310187.762702552368864, 9654217.367625862360001 ], [ 311689.962702552322298, 9654217.367625862360001 ], [ 311689.962702552322298, 9653186.617625862360001 ], [ 310187.762702552368864, 9653186.617625862360001 ] ] ] ] } },
{ "type": "Feature", "properties": { }, "geometry": { "type": "MultiPolygon", "coordinates": [ [ [ [ 311689.962702552322298, 9653186.617625862360001 ], [ 311689.962702552322298, 9654217.367625862360001 ], [ 313192.162702552275732, 9654217.367625862360001 ], [ 313192.162702552275732, 9653186.617625862360001 ], [ 311689.962702552322298, 9653186.617625862360001 ] ] ] ] } },
{ "type": "Feature", "properties": { }, "geometry": { "type": "MultiPolygon", "coordinates": [ [ [ [ 313192.16270255233394, 9653186.617625862360001 ], [ 313192.16270255233394, 9654217.367625862360001 ], [ 314694.362702552287374, 9654217.367625862360001 ], [ 314694.362702552287374, 9653186.617625862360001 ], [ 313192.16270255233394, 9653186.617625862360001 ] ] ] ] } },
{ "type": "Feature", "properties": { }, "geometry": { "type": "MultiPolygon", "coordinates": [ [ [ [ 314694.362702552345581, 9653186.617625862360001 ], [ 314694.362702552345581, 9654217.367625862360001 ], [ 316196.562702552299015, 9654217.367625862360001 ], [ 316196.562702552299015, 9653186.617625862360001 ], [ 314694.362702552345581, 9653186.617625862360001 ] ] ] ] } },
{ "type": "Feature", "properties": { }, "geometry": { "type": "MultiPolygon", "coordinates": [ [ [ [ 316196.562702552357223, 9653186.617625862360001 ], [ 316196.562702552357223, 9654217.367625862360001 ], [ 317698.762702552310657, 9654217.367625862360001 ], [ 317698.762702552310657, 9653186.617625862360001 ], [ 316196.562702552357223, 9653186.617625862360001 ] ] ] ] } },
{ "type": "Feature", "properties": { }, "geometry": { "type": "MultiPolygon", "coordinates": [ [ [ [ 317698.762702552368864, 9653186.617625862360001 ], [ 317698.762702552368864, 9654217.367625862360001 ], [ 319200.962702552322298, 9654217.367625862360001 ], [ 319200.962702552322298, 9653186.617625862360001 ], [ 317698.762702552368864, 9653186.617625862360001 ] ] ] ] } },
{ "type": "Feature", "properties": { }, "geometry": { "type": "MultiPolygon", "coordinates": [ [ [ [ 319200.962702552322298, 9653186.617625862360001 ], [ 319200.962702552322298, 9654217.367625862360001 ], [ 320703.162702552275732, 9654217.367625862360001 ], [ 320703.162702552275732, 9653186.617625862360001 ], [ 319200.962702552322298, 9653186.617625862360001 ] ] ] ] } },
{ "type": "Feature", "properties": { }, "geometry": { "type": "MultiPolygon", "coordinates": [ [ [ [ 320703.16270255233394, 9653186.617625862360001 ], [ 320703.16270255233394, 9654217.367625862360001 ], [ 322205.362702552287374, 9654217.367625862360001 ], [ 322205.362702552287374, 9653186.617625862360001 ], [ 320703.16270255233394, 9653186.617625862360001 ] ] ] ] } },
{ "type": "Feature", "properties": { }, "geometry": { "type": "MultiPolygon", "coordinates": [ [ [ [ 322205.362702552345581, 9653186.617625862360001 ], [ 322205.362702552345581, 9654217.367625862360001 ], [ 323707.562702552299015, 9654217.367625862360001 ], [ 323707.562702552299015, 9653186.617625862360001 ], [ 322205.362702552345581, 9653186.617625862360001 ] ] ] ] } },
{ "type": "Feature", "properties": { }, "geometry": { "type": "MultiPolygon", "coordinates": [ [ [ [ 323707.562702552357223, 9653186.617625862360001 ], [ 323707.562702552357223, 9654217.367625862360001 ], [ 325209.762702552310657, 9654217.367625862360001 ], [ 325209.762702552310657, 9653186.617625862360001 ], [ 323707.562702552357223, 9653186.617625862360001 ] ] ] ] } },
{ "type": "Feature", "properties": { }, "geometry": { "type": "MultiPolygon", "coordinates": [ [ [ [ 325209.762702552368864, 9653186.617625862360001 ], [ 325209.762702552368864, 9654217.367625862360001 ], [ 326711.962702552322298, 9654217.367625862360001 ], [ 326711.962702552322298, 9653186.617625862360001 ], [ 325209.762702552368864, 9653186.617625862360001 ] ] ] ] } },
{ "type": "Feature", "properties": { }, "geometry": { "type": "MultiPolygon", "coordinates": [ [ [ [ 326711.962702552322298, 9653186.617625862360001 ], [ 326711.962702552322298, 9654217.367625862360001 ], [ 328214.162702552275732, 9654217.367625862360001 ], [ 328214.162702552275732, 9653186.617625862360001 ], [ 326711.962702552322298, 9653186.617625862360001 ] ] ] ] } },
{ "type": "Feature", "properties": { }, "geometry": { "type": "MultiPolygon", "coordinates": [ [ [ [ 328214.16270255233394, 9653186.617625862360001 ], [ 328214.16270255233394, 9654217.367625862360001 ], [ 329716.362702552287374, 9654217.367625862360001 ], [ 329716.362702552287374, 9653186.617625862360001 ], [ 328214.16270255233394, 9653186.617625862360001 ] ] ] ] } },
{ "type": "Feature", "properties": { }, "geometry": { "type": "MultiPolygon", "coordinates": [ [ [ [ 329716.362702552345581, 9653186.617625862360001 ], [ 329716.362702552345581, 9654217.367625862360001 ], [ 331218.562702552299015, 9654217.367625862360001 ], [ 331218.562702552299015, 9653186.617625862360001 ], [ 329716.362702552345581, 9653186.617625862360001 ] ] ] ] } },
{ "type": "Feature", "properties": { }, "geometry": { "type": "MultiPolygon", "coordinates": [ [ [ [ 331218.562702552357223, 9653186.617625862360001 ], [ 331218.562702552357223, 9654217.367625862360001 ], [ 332720.762702552310657, 9654217.367625862360001 ], [ 332720.762702552310657, 9653186.617625862360001 ], [ 331218.562702552357223, 9653186.617625862360001 ] ] ] ] } },
{ "type": "Feature", "properties": { }, "geometry": { "type": "MultiPolygon", "coordinates": [ [ [ [ 332720.762702552368864, 9653186.617625862360001 ], [ 332720.762702552368864, 9654217.367625862360001 ], [ 334222.962702552322298, 9654217.367625862360001 ], [ 334222.962702552322298, 9653186.617625862360001 ], [ 332720.762702552368864, 9653186.617625862360001 ] ] ] ] } },
{ "type": "Feature", "properties": { }, "geometry": { "type": "MultiPolygon", "coordinates": [ [ [ [ 334222.962702552322298, 9653186.617625862360001 ], [ 334222.962702552322298, 9654217.367625862360001 ], [ 335725.162702552275732, 9654217.367625862360001 ], [ 335725.162702552275732, 9653186.617625862360001 ], [ 334222.962702552322298, 9653186.617625862360001 ] ] ] ] } },
{ "type": "Feature", "properties": { }, "geometry": { "type": "MultiPolygon", "coordinates": [ [ [ [ 335725.16270255233394, 9653186.617625862360001 ], [ 335725.16270255233394, 9654217.367625862360001 ], [ 337227.362702552287374, 9654217.367625862360001 ], [ 337227.362702552287374, 9653186.617625862360001 ], [ 335725.16270255233394, 9653186.617625862360001 ] ] ] ] } },
{ "type": "Feature", "properties": { }, "geometry": { "type": "MultiPolygon", "coordinates": [ [ [ [ 337227.362702552345581, 9653186.617625862360001 ], [ 337227.362702552345581, 9654217.367625862360001 ], [ 338729.562702552299015, 9654217.367625862360001 ], [ 338729.562702552299015, 9653186.617625862360001 ], [ 337227.362702552345581, 9653186.617625862360001 ] ] ] ] } },
{ "type": "Feature", "properties": { }, "geometry": { "type": "MultiPolygon", "coordinates": [ [ [ [ 338729.562702552357223, 9653186.617625862360001 ], [ 338729.562702552357223, 9654217.367625862360001 ], [ 340231.762702552310657, 9654217.367625862360001 ], [ 340231.762702552310657, 9653186.617625862360001 ], [ 338729.562702552357223, 9653186.617625862360001 ] ] ] ] } },
{ "type": "Feature", "properties": { }, "geometry": { "type": "MultiPolygon", "coordinates": [ [ [ [ 340231.762702552368864, 9653186.617625862360001 ], [ 340231.762702552368864, 9654217.367625862360001 ], [ 341733.962702552322298, 9654217.367625862360001 ], [ 341733.962702552322298, 9653186.617625862360001 ], [ 340231.762702552368864, 9653186.617625862360001 ] ] ] ] } },
{ "type": "Feature", "properties": { }, "geometry": { "type": "MultiPolygon", "coordinates": [ [ [ [ 341733.962702552322298, 9653186.617625862360001 ], [ 341733.962702552322298, 9654217.367625862360001 ], [ 343236.162702552275732, 9654217.367625862360001 ], [ 343236.162702552275732, 9653186.617625862360001 ], [ 341733.962702552322298, 9653186.617625862360001 ] ] ] ] } },
{ "type": "Feature", "properties": { }, "geometry": { "type": "MultiPolygon", "coordinates": [ [ [ [ 343236.16270255233394, 9653186.617625862360001 ], [ 343236.16270255233394, 9654217.367625862360001 ], [ 344738.362702552287374, 9654217.367625862360001 ], [ 344738.362702552287374, 9653186.617625862360001 ], [ 343236.16270255233394, 9653186.617625862360001 ] ] ] ] } },
{ "type": "Feature", "properties": { }, "geometry": { "type": "MultiPolygon", "coordinates": [ [ [ [ 344738.362702552345581, 9653186.617625862360001 ], [ 344738.362702552345581, 9654217.367625862360001 ], [ 346240.562702552299015, 9654217.367625862360001 ], [ 346240.562702552299015, 9653186.617625862360001 ], [ 344738.362702552345581, 9653186.617625862360001 ] ] ] ] } },
{ "type": "Feature", "properties": { }, "geometry": { "type": "MultiPolygon", "coordinates": [ [ [ [ 346240.562702552357223, 9653186.617625862360001 ], [ 346240.562702552357223, 9654217.367625862360001 ], [ 347742.762702552310657, 9654217.367625862360001 ], [ 347742.762702552310657, 9653186.617625862360001 ], [ 346240.562702552357223, 9653186.617625862360001 ] ] ] ] } },
{ "type": "Feature", "properties": { }, "geometry": { "type": "MultiPolygon", "coordinates": [ [ [ [ 347742.762702552368864, 9653186.617625862360001 ], [ 347742.762702552368864, 9654217.367625862360001 ], [ 349244.962702552322298, 9654217.367625862360001 ], [ 349244.962702552322298, 9653186.617625862360001 ], [ 347742.762702552368864, 9653186.617625862360001 ] ] ] ] } },
{ "type": "Feature", "properties": { }, "geometry": { "type": "MultiPolygon", "coordinates": [ [ [ [ 349244.962702552322298, 9653186.617625862360001 ], [ 349244.962702552322298, 9654217.367625862360001 ], [ 350747.162702552275732, 9654217.367625862360001 ], [ 350747.162702552275732, 9653186.617625862360001 ], [ 349244.962702552322298, 9653186.617625862360001 ] ] ] ] } },
{ "type": "Feature", "properties": { }, "geometry": { "type": "MultiPolygon", "coordinates": [ [ [ [ 350747.16270255233394, 9653186.617625862360001 ], [ 350747.16270255233394, 9654217.367625862360001 ], [ 352249.362702552287374, 9654217.367625862360001 ], [ 352249.362702552287374, 9653186.617625862360001 ], [ 350747.16270255233394, 9653186.617625862360001 ] ] ] ] } },
{ "type": "Feature", "properties": { }, "geometry": { "type": "MultiPolygon", "coordinates": [ [ [ [ 352249.362702552345581, 9653186.617625862360001 ], [ 352249.362702552345581, 9654217.367625862360001 ], [ 353751.562702552299015, 9654217.367625862360001 ], [ 353751.562702552299015, 9653186.617625862360001 ], [ 352249.362702552345581, 9653186.617625862360001 ] ] ] ] } },
{ "type": "Feature", "properties": { }, "geometry": { "type": "MultiPolygon", "coordinates": [ [ [ [ 353751.562702552357223, 9653186.617625862360001 ], [ 353751.562702552357223, 9654217.367625862360001 ], [ 355253.762702552310657, 9654217.367625862360001 ], [ 355253.762702552310657, 9653186.617625862360001 ], [ 353751.562702552357223, 9653186.617625862360001 ] ] ] ] } },
{ "type": "Feature", "properties": { }, "geometry": { "type": "MultiPolygon", "coordinates": [ [ [ [ 355253.762702552368864, 9653186.617625862360001 ], [ 355253.762702552368864, 9654217.367625862360001 ], [ 356755.962702552322298, 9654217.367625862360001 ], [ 356755.962702552322298, 9653186.617625862360001 ], [ 355253.762702552368864, 9653186.617625862360001 ] ] ] ] } },
{ "type": "Feature", "properties": { }, "geometry": { "type": "MultiPolygon", "coordinates": [ [ [ [ 281645.962702552322298, 9652155.867625862360001 ], [ 281645.962702552322298, 9653186.617625862360001 ], [ 283148.162702552275732, 9653186.617625862360001 ], [ 283148.162702552275732, 9652155.867625862360001 ], [ 281645.962702552322298, 9652155.867625862360001 ] ] ] ] } },
{ "type": "Feature", "properties": { }, "geometry": { "type": "MultiPolygon", "coordinates": [ [ [ [ 283148.16270255233394, 9652155.867625862360001 ], [ 283148.16270255233394, 9653186.617625862360001 ], [ 284650.362702552287374, 9653186.617625862360001 ], [ 284650.362702552287374, 9652155.867625862360001 ], [ 283148.16270255233394, 9652155.867625862360001 ] ] ] ] } },
{ "type": "Feature", "properties": { }, "geometry": { "type": "MultiPolygon", "coordinates": [ [ [ [ 284650.362702552345581, 9652155.867625862360001 ], [ 284650.362702552345581, 9653186.617625862360001 ], [ 286152.562702552299015, 9653186.617625862360001 ], [ 286152.562702552299015, 9652155.867625862360001 ], [ 284650.362702552345581, 9652155.867625862360001 ] ] ] ] } },
{ "type": "Feature", "properties": { }, "geometry": { "type": "MultiPolygon", "coordinates": [ [ [ [ 286152.562702552357223, 9652155.867625862360001 ], [ 286152.562702552357223, 9653186.617625862360001 ], [ 287654.762702552310657, 9653186.617625862360001 ], [ 287654.762702552310657, 9652155.867625862360001 ], [ 286152.562702552357223, 9652155.867625862360001 ] ] ] ] } },
{ "type": "Feature", "properties": { }, "geometry": { "type": "MultiPolygon", "coordinates": [ [ [ [ 287654.762702552368864, 9652155.867625862360001 ], [ 287654.762702552368864, 9653186.617625862360001 ], [ 289156.962702552322298, 9653186.617625862360001 ], [ 289156.962702552322298, 9652155.867625862360001 ], [ 287654.762702552368864, 9652155.867625862360001 ] ] ] ] } },
{ "type": "Feature", "properties": { }, "geometry": { "type": "MultiPolygon", "coordinates": [ [ [ [ 289156.962702552322298, 9652155.867625862360001 ], [ 289156.962702552322298, 9653186.617625862360001 ], [ 290659.162702552275732, 9653186.617625862360001 ], [ 290659.162702552275732, 9652155.867625862360001 ], [ 289156.962702552322298, 9652155.867625862360001 ] ] ] ] } },
{ "type": "Feature", "properties": { }, "geometry": { "type": "MultiPolygon", "coordinates": [ [ [ [ 290659.16270255233394, 9652155.867625862360001 ], [ 290659.16270255233394, 9653186.617625862360001 ], [ 292161.362702552287374, 9653186.617625862360001 ], [ 292161.362702552287374, 9652155.867625862360001 ], [ 290659.16270255233394, 9652155.867625862360001 ] ] ] ] } },
{ "type": "Feature", "properties": { }, "geometry": { "type": "MultiPolygon", "coordinates": [ [ [ [ 292161.362702552345581, 9652155.867625862360001 ], [ 292161.362702552345581, 9653186.617625862360001 ], [ 293663.562702552299015, 9653186.617625862360001 ], [ 293663.562702552299015, 9652155.867625862360001 ], [ 292161.362702552345581, 9652155.867625862360001 ] ] ] ] } },
{ "type": "Feature", "properties": { }, "geometry": { "type": "MultiPolygon", "coordinates": [ [ [ [ 293663.562702552357223, 9652155.867625862360001 ], [ 293663.562702552357223, 9653186.617625862360001 ], [ 295165.762702552310657, 9653186.617625862360001 ], [ 295165.762702552310657, 9652155.867625862360001 ], [ 293663.562702552357223, 9652155.867625862360001 ] ] ] ] } },
{ "type": "Feature", "properties": { }, "geometry": { "type": "MultiPolygon", "coordinates": [ [ [ [ 295165.762702552368864, 9652155.867625862360001 ], [ 295165.762702552368864, 9653186.617625862360001 ], [ 296667.962702552322298, 9653186.617625862360001 ], [ 296667.962702552322298, 9652155.867625862360001 ], [ 295165.762702552368864, 9652155.867625862360001 ] ] ] ] } },
{ "type": "Feature", "properties": { }, "geometry": { "type": "MultiPolygon", "coordinates": [ [ [ [ 296667.962702552322298, 9652155.867625862360001 ], [ 296667.962702552322298, 9653186.617625862360001 ], [ 298170.162702552275732, 9653186.617625862360001 ], [ 298170.162702552275732, 9652155.867625862360001 ], [ 296667.962702552322298, 9652155.867625862360001 ] ] ] ] } },
{ "type": "Feature", "properties": { }, "geometry": { "type": "MultiPolygon", "coordinates": [ [ [ [ 298170.16270255233394, 9652155.867625862360001 ], [ 298170.16270255233394, 9653186.617625862360001 ], [ 299672.362702552287374, 9653186.617625862360001 ], [ 299672.362702552287374, 9652155.867625862360001 ], [ 298170.16270255233394, 9652155.867625862360001 ] ] ] ] } },
{ "type": "Feature", "properties": { }, "geometry": { "type": "MultiPolygon", "coordinates": [ [ [ [ 299672.362702552345581, 9652155.867625862360001 ], [ 299672.362702552345581, 9653186.617625862360001 ], [ 301174.562702552299015, 9653186.617625862360001 ], [ 301174.562702552299015, 9652155.867625862360001 ], [ 299672.362702552345581, 9652155.867625862360001 ] ] ] ] } },
{ "type": "Feature", "properties": { }, "geometry": { "type": "MultiPolygon", "coordinates": [ [ [ [ 301174.562702552357223, 9652155.867625862360001 ], [ 301174.562702552357223, 9653186.617625862360001 ], [ 302676.762702552310657, 9653186.617625862360001 ], [ 302676.762702552310657, 9652155.867625862360001 ], [ 301174.562702552357223, 9652155.867625862360001 ] ] ] ] } },
{ "type": "Feature", "properties": { }, "geometry": { "type": "MultiPolygon", "coordinates": [ [ [ [ 302676.762702552368864, 9652155.867625862360001 ], [ 302676.762702552368864, 9653186.617625862360001 ], [ 304178.962702552322298, 9653186.617625862360001 ], [ 304178.962702552322298, 9652155.867625862360001 ], [ 302676.762702552368864, 9652155.867625862360001 ] ] ] ] } },
{ "type": "Feature", "properties": { }, "geometry": { "type": "MultiPolygon", "coordinates": [ [ [ [ 304178.962702552322298, 9652155.867625862360001 ], [ 304178.962702552322298, 9653186.617625862360001 ], [ 305681.162702552275732, 9653186.617625862360001 ], [ 305681.162702552275732, 9652155.867625862360001 ], [ 304178.962702552322298, 9652155.867625862360001 ] ] ] ] } },
{ "type": "Feature", "properties": { }, "geometry": { "type": "MultiPolygon", "coordinates": [ [ [ [ 305681.16270255233394, 9652155.867625862360001 ], [ 305681.16270255233394, 9653186.617625862360001 ], [ 307183.362702552287374, 9653186.617625862360001 ], [ 307183.362702552287374, 9652155.867625862360001 ], [ 305681.16270255233394, 9652155.867625862360001 ] ] ] ] } },
{ "type": "Feature", "properties": { }, "geometry": { "type": "MultiPolygon", "coordinates": [ [ [ [ 307183.362702552345581, 9652155.867625862360001 ], [ 307183.362702552345581, 9653186.617625862360001 ], [ 308685.562702552299015, 9653186.617625862360001 ], [ 308685.562702552299015, 9652155.867625862360001 ], [ 307183.362702552345581, 9652155.867625862360001 ] ] ] ] } },
{ "type": "Feature", "properties": { }, "geometry": { "type": "MultiPolygon", "coordinates": [ [ [ [ 308685.562702552357223, 9652155.867625862360001 ], [ 308685.562702552357223, 9653186.617625862360001 ], [ 310187.762702552310657, 9653186.617625862360001 ], [ 310187.762702552310657, 9652155.867625862360001 ], [ 308685.562702552357223, 9652155.867625862360001 ] ] ] ] } },
{ "type": "Feature", "properties": { }, "geometry": { "type": "MultiPolygon", "coordinates": [ [ [ [ 310187.762702552368864, 9652155.867625862360001 ], [ 310187.762702552368864, 9653186.617625862360001 ], [ 311689.962702552322298, 9653186.617625862360001 ], [ 311689.962702552322298, 9652155.867625862360001 ], [ 310187.762702552368864, 9652155.867625862360001 ] ] ] ] } },
{ "type": "Feature", "properties": { }, "geometry": { "type": "MultiPolygon", "coordinates": [ [ [ [ 311689.962702552322298, 9652155.867625862360001 ], [ 311689.962702552322298, 9653186.617625862360001 ], [ 313192.162702552275732, 9653186.617625862360001 ], [ 313192.162702552275732, 9652155.867625862360001 ], [ 311689.962702552322298, 9652155.867625862360001 ] ] ] ] } },
{ "type": "Feature", "properties": { }, "geometry": { "type": "MultiPolygon", "coordinates": [ [ [ [ 313192.16270255233394, 9652155.867625862360001 ], [ 313192.16270255233394, 9653186.617625862360001 ], [ 314694.362702552287374, 9653186.617625862360001 ], [ 314694.362702552287374, 9652155.867625862360001 ], [ 313192.16270255233394, 9652155.867625862360001 ] ] ] ] } },
{ "type": "Feature", "properties": { }, "geometry": { "type": "MultiPolygon", "coordinates": [ [ [ [ 314694.362702552345581, 9652155.867625862360001 ], [ 314694.362702552345581, 9653186.617625862360001 ], [ 316196.562702552299015, 9653186.617625862360001 ], [ 316196.562702552299015, 9652155.867625862360001 ], [ 314694.362702552345581, 9652155.867625862360001 ] ] ] ] } },
{ "type": "Feature", "properties": { }, "geometry": { "type": "MultiPolygon", "coordinates": [ [ [ [ 316196.562702552357223, 9652155.867625862360001 ], [ 316196.562702552357223, 9653186.617625862360001 ], [ 317698.762702552310657, 9653186.617625862360001 ], [ 317698.762702552310657, 9652155.867625862360001 ], [ 316196.562702552357223, 9652155.867625862360001 ] ] ] ] } },
{ "type": "Feature", "properties": { }, "geometry": { "type": "MultiPolygon", "coordinates": [ [ [ [ 317698.762702552368864, 9652155.867625862360001 ], [ 317698.762702552368864, 9653186.617625862360001 ], [ 319200.962702552322298, 9653186.617625862360001 ], [ 319200.962702552322298, 9652155.867625862360001 ], [ 317698.762702552368864, 9652155.867625862360001 ] ] ] ] } },
{ "type": "Feature", "properties": { }, "geometry": { "type": "MultiPolygon", "coordinates": [ [ [ [ 319200.962702552322298, 9652155.867625862360001 ], [ 319200.962702552322298, 9653186.617625862360001 ], [ 320703.162702552275732, 9653186.617625862360001 ], [ 320703.162702552275732, 9652155.867625862360001 ], [ 319200.962702552322298, 9652155.867625862360001 ] ] ] ] } },
{ "type": "Feature", "properties": { }, "geometry": { "type": "MultiPolygon", "coordinates": [ [ [ [ 320703.16270255233394, 9652155.867625862360001 ], [ 320703.16270255233394, 9653186.617625862360001 ], [ 322205.362702552287374, 9653186.617625862360001 ], [ 322205.362702552287374, 9652155.867625862360001 ], [ 320703.16270255233394, 9652155.867625862360001 ] ] ] ] } },
{ "type": "Feature", "properties": { }, "geometry": { "type": "MultiPolygon", "coordinates": [ [ [ [ 322205.362702552345581, 9652155.867625862360001 ], [ 322205.362702552345581, 9653186.617625862360001 ], [ 323707.562702552299015, 9653186.617625862360001 ], [ 323707.562702552299015, 9652155.867625862360001 ], [ 322205.362702552345581, 9652155.867625862360001 ] ] ] ] } },
{ "type": "Feature", "properties": { }, "geometry": { "type": "MultiPolygon", "coordinates": [ [ [ [ 323707.562702552357223, 9652155.867625862360001 ], [ 323707.562702552357223, 9653186.617625862360001 ], [ 325209.762702552310657, 9653186.617625862360001 ], [ 325209.762702552310657, 9652155.867625862360001 ], [ 323707.562702552357223, 9652155.867625862360001 ] ] ] ] } },
{ "type": "Feature", "properties": { }, "geometry": { "type": "MultiPolygon", "coordinates": [ [ [ [ 325209.762702552368864, 9652155.867625862360001 ], [ 325209.762702552368864, 9653186.617625862360001 ], [ 326711.962702552322298, 9653186.617625862360001 ], [ 326711.962702552322298, 9652155.867625862360001 ], [ 325209.762702552368864, 9652155.867625862360001 ] ] ] ] } },
{ "type": "Feature", "properties": { }, "geometry": { "type": "MultiPolygon", "coordinates": [ [ [ [ 326711.962702552322298, 9652155.867625862360001 ], [ 326711.962702552322298, 9653186.617625862360001 ], [ 328214.162702552275732, 9653186.617625862360001 ], [ 328214.162702552275732, 9652155.867625862360001 ], [ 326711.962702552322298, 9652155.867625862360001 ] ] ] ] } },
{ "type": "Feature", "properties": { }, "geometry": { "type": "MultiPolygon", "coordinates": [ [ [ [ 328214.16270255233394, 9652155.867625862360001 ], [ 328214.16270255233394, 9653186.617625862360001 ], [ 329716.362702552287374, 9653186.617625862360001 ], [ 329716.362702552287374, 9652155.867625862360001 ], [ 328214.16270255233394, 9652155.867625862360001 ] ] ] ] } },
{ "type": "Feature", "properties": { }, "geometry": { "type": "MultiPolygon", "coordinates": [ [ [ [ 329716.362702552345581, 9652155.867625862360001 ], [ 329716.362702552345581, 9653186.617625862360001 ], [ 331218.562702552299015, 9653186.617625862360001 ], [ 331218.562702552299015, 9652155.867625862360001 ], [ 329716.362702552345581, 9652155.867625862360001 ] ] ] ] } },
{ "type": "Feature", "properties": { }, "geometry": { "type": "MultiPolygon", "coordinates": [ [ [ [ 331218.562702552357223, 9652155.867625862360001 ], [ 331218.562702552357223, 9653186.617625862360001 ], [ 332720.762702552310657, 9653186.617625862360001 ], [ 332720.762702552310657, 9652155.867625862360001 ], [ 331218.562702552357223, 9652155.867625862360001 ] ] ] ] } },
{ "type": "Feature", "properties": { }, "geometry": { "type": "MultiPolygon", "coordinates": [ [ [ [ 332720.762702552368864, 9652155.867625862360001 ], [ 332720.762702552368864, 9653186.617625862360001 ], [ 334222.962702552322298, 9653186.617625862360001 ], [ 334222.962702552322298, 9652155.867625862360001 ], [ 332720.762702552368864, 9652155.867625862360001 ] ] ] ] } },
{ "type": "Feature", "properties": { }, "geometry": { "type": "MultiPolygon", "coordinates": [ [ [ [ 334222.962702552322298, 9652155.867625862360001 ], [ 334222.962702552322298, 9653186.617625862360001 ], [ 335725.162702552275732, 9653186.617625862360001 ], [ 335725.162702552275732, 9652155.867625862360001 ], [ 334222.962702552322298, 9652155.867625862360001 ] ] ] ] } },
{ "type": "Feature", "properties": { }, "geometry": { "type": "MultiPolygon", "coordinates": [ [ [ [ 335725.16270255233394, 9652155.867625862360001 ], [ 335725.16270255233394, 9653186.617625862360001 ], [ 337227.362702552287374, 9653186.617625862360001 ], [ 337227.362702552287374, 9652155.867625862360001 ], [ 335725.16270255233394, 9652155.867625862360001 ] ] ] ] } },
{ "type": "Feature", "properties": { }, "geometry": { "type": "MultiPolygon", "coordinates": [ [ [ [ 337227.362702552345581, 9652155.867625862360001 ], [ 337227.362702552345581, 9653186.617625862360001 ], [ 338729.562702552299015, 9653186.617625862360001 ], [ 338729.562702552299015, 9652155.867625862360001 ], [ 337227.362702552345581, 9652155.867625862360001 ] ] ] ] } },
{ "type": "Feature", "properties": { }, "geometry": { "type": "MultiPolygon", "coordinates": [ [ [ [ 338729.562702552357223, 9652155.867625862360001 ], [ 338729.562702552357223, 9653186.617625862360001 ], [ 340231.762702552310657, 9653186.617625862360001 ], [ 340231.762702552310657, 9652155.867625862360001 ], [ 338729.562702552357223, 9652155.867625862360001 ] ] ] ] } },
{ "type": "Feature", "properties": { }, "geometry": { "type": "MultiPolygon", "coordinates": [ [ [ [ 340231.762702552368864, 9652155.867625862360001 ], [ 340231.762702552368864, 9653186.617625862360001 ], [ 341733.962702552322298, 9653186.617625862360001 ], [ 341733.962702552322298, 9652155.867625862360001 ], [ 340231.762702552368864, 9652155.867625862360001 ] ] ] ] } },
{ "type": "Feature", "properties": { }, "geometry": { "type": "MultiPolygon", "coordinates": [ [ [ [ 341733.962702552322298, 9652155.867625862360001 ], [ 341733.962702552322298, 9653186.617625862360001 ], [ 343236.162702552275732, 9653186.617625862360001 ], [ 343236.162702552275732, 9652155.867625862360001 ], [ 341733.962702552322298, 9652155.867625862360001 ] ] ] ] } },
{ "type": "Feature", "properties": { }, "geometry": { "type": "MultiPolygon", "coordinates": [ [ [ [ 343236.16270255233394, 9652155.867625862360001 ], [ 343236.16270255233394, 9653186.617625862360001 ], [ 344738.362702552287374, 9653186.617625862360001 ], [ 344738.362702552287374, 9652155.867625862360001 ], [ 343236.16270255233394, 9652155.867625862360001 ] ] ] ] } },
{ "type": "Feature", "properties": { }, "geometry": { "type": "MultiPolygon", "coordinates": [ [ [ [ 344738.362702552345581, 9652155.867625862360001 ], [ 344738.362702552345581, 9653186.617625862360001 ], [ 346240.562702552299015, 9653186.617625862360001 ], [ 346240.562702552299015, 9652155.867625862360001 ], [ 344738.362702552345581, 9652155.867625862360001 ] ] ] ] } },
{ "type": "Feature", "properties": { }, "geometry": { "type": "MultiPolygon", "coordinates": [ [ [ [ 346240.562702552357223, 9652155.867625862360001 ], [ 346240.562702552357223, 9653186.617625862360001 ], [ 347742.762702552310657, 9653186.617625862360001 ], [ 347742.762702552310657, 9652155.867625862360001 ], [ 346240.562702552357223, 9652155.867625862360001 ] ] ] ] } },
{ "type": "Feature", "properties": { }, "geometry": { "type": "MultiPolygon", "coordinates": [ [ [ [ 347742.762702552368864, 9652155.867625862360001 ], [ 347742.762702552368864, 9653186.617625862360001 ], [ 349244.962702552322298, 9653186.617625862360001 ], [ 349244.962702552322298, 9652155.867625862360001 ], [ 347742.762702552368864, 9652155.867625862360001 ] ] ] ] } },
{ "type": "Feature", "properties": { }, "geometry": { "type": "MultiPolygon", "coordinates": [ [ [ [ 349244.962702552322298, 9652155.867625862360001 ], [ 349244.962702552322298, 9653186.617625862360001 ], [ 350747.162702552275732, 9653186.617625862360001 ], [ 350747.162702552275732, 9652155.867625862360001 ], [ 349244.962702552322298, 9652155.867625862360001 ] ] ] ] } },
{ "type": "Feature", "properties": { }, "geometry": { "type": "MultiPolygon", "coordinates": [ [ [ [ 350747.16270255233394, 9652155.867625862360001 ], [ 350747.16270255233394, 9653186.617625862360001 ], [ 352249.362702552287374, 9653186.617625862360001 ], [ 352249.362702552287374, 9652155.867625862360001 ], [ 350747.16270255233394, 9652155.867625862360001 ] ] ] ] } },
{ "type": "Feature", "properties": { }, "geometry": { "type": "MultiPolygon", "coordinates": [ [ [ [ 352249.362702552345581, 9652155.867625862360001 ], [ 352249.362702552345581, 9653186.617625862360001 ], [ 353751.562702552299015, 9653186.617625862360001 ], [ 353751.562702552299015, 9652155.867625862360001 ], [ 352249.362702552345581, 9652155.867625862360001 ] ] ] ] } },
{ "type": "Feature", "properties": { }, "geometry": { "type": "MultiPolygon", "coordinates": [ [ [ [ 353751.562702552357223, 9652155.867625862360001 ], [ 353751.562702552357223, 9653186.617625862360001 ], [ 355253.762702552310657, 9653186.617625862360001 ], [ 355253.762702552310657, 9652155.867625862360001 ], [ 353751.562702552357223, 9652155.867625862360001 ] ] ] ] } },
{ "type": "Feature", "properties": { }, "geometry": { "type": "MultiPolygon", "coordinates": [ [ [ [ 355253.762702552368864, 9652155.867625862360001 ], [ 355253.762702552368864, 9653186.617625862360001 ], [ 356755.962702552322298, 9653186.617625862360001 ], [ 356755.962702552322298, 9652155.867625862360001 ], [ 355253.762702552368864, 9652155.867625862360001 ] ] ] ] } },
{ "type": "Feature", "properties": { }, "geometry": { "type": "MultiPolygon", "coordinates": [ [ [ [ 281645.962702552322298, 9651125.117625862360001 ], [ 281645.962702552322298, 9652155.867625862360001 ], [ 283148.162702552275732, 9652155.867625862360001 ], [ 283148.162702552275732, 9651125.117625862360001 ], [ 281645.962702552322298, 9651125.117625862360001 ] ] ] ] } },
{ "type": "Feature", "properties": { }, "geometry": { "type": "MultiPolygon", "coordinates": [ [ [ [ 283148.16270255233394, 9651125.117625862360001 ], [ 283148.16270255233394, 9652155.867625862360001 ], [ 284650.362702552287374, 9652155.867625862360001 ], [ 284650.362702552287374, 9651125.117625862360001 ], [ 283148.16270255233394, 9651125.117625862360001 ] ] ] ] } },
{ "type": "Feature", "properties": { }, "geometry": { "type": "MultiPolygon", "coordinates": [ [ [ [ 284650.362702552345581, 9651125.117625862360001 ], [ 284650.362702552345581, 9652155.867625862360001 ], [ 286152.562702552299015, 9652155.867625862360001 ], [ 286152.562702552299015, 9651125.117625862360001 ], [ 284650.362702552345581, 9651125.117625862360001 ] ] ] ] } },
{ "type": "Feature", "properties": { }, "geometry": { "type": "MultiPolygon", "coordinates": [ [ [ [ 286152.562702552357223, 9651125.117625862360001 ], [ 286152.562702552357223, 9652155.867625862360001 ], [ 287654.762702552310657, 9652155.867625862360001 ], [ 287654.762702552310657, 9651125.117625862360001 ], [ 286152.562702552357223, 9651125.117625862360001 ] ] ] ] } },
{ "type": "Feature", "properties": { }, "geometry": { "type": "MultiPolygon", "coordinates": [ [ [ [ 287654.762702552368864, 9651125.117625862360001 ], [ 287654.762702552368864, 9652155.867625862360001 ], [ 289156.962702552322298, 9652155.867625862360001 ], [ 289156.962702552322298, 9651125.117625862360001 ], [ 287654.762702552368864, 9651125.117625862360001 ] ] ] ] } },
{ "type": "Feature", "properties": { }, "geometry": { "type": "MultiPolygon", "coordinates": [ [ [ [ 289156.962702552322298, 9651125.117625862360001 ], [ 289156.962702552322298, 9652155.867625862360001 ], [ 290659.162702552275732, 9652155.867625862360001 ], [ 290659.162702552275732, 9651125.117625862360001 ], [ 289156.962702552322298, 9651125.117625862360001 ] ] ] ] } },
{ "type": "Feature", "properties": { }, "geometry": { "type": "MultiPolygon", "coordinates": [ [ [ [ 290659.16270255233394, 9651125.117625862360001 ], [ 290659.16270255233394, 9652155.867625862360001 ], [ 292161.362702552287374, 9652155.867625862360001 ], [ 292161.362702552287374, 9651125.117625862360001 ], [ 290659.16270255233394, 9651125.117625862360001 ] ] ] ] } },
{ "type": "Feature", "properties": { }, "geometry": { "type": "MultiPolygon", "coordinates": [ [ [ [ 292161.362702552345581, 9651125.117625862360001 ], [ 292161.362702552345581, 9652155.867625862360001 ], [ 293663.562702552299015, 9652155.867625862360001 ], [ 293663.562702552299015, 9651125.117625862360001 ], [ 292161.362702552345581, 9651125.117625862360001 ] ] ] ] } },
{ "type": "Feature", "properties": { }, "geometry": { "type": "MultiPolygon", "coordinates": [ [ [ [ 293663.562702552357223, 9651125.117625862360001 ], [ 293663.562702552357223, 9652155.867625862360001 ], [ 295165.762702552310657, 9652155.867625862360001 ], [ 295165.762702552310657, 9651125.117625862360001 ], [ 293663.562702552357223, 9651125.117625862360001 ] ] ] ] } },
{ "type": "Feature", "properties": { }, "geometry": { "type": "MultiPolygon", "coordinates": [ [ [ [ 295165.762702552368864, 9651125.117625862360001 ], [ 295165.762702552368864, 9652155.867625862360001 ], [ 296667.962702552322298, 9652155.867625862360001 ], [ 296667.962702552322298, 9651125.117625862360001 ], [ 295165.762702552368864, 9651125.117625862360001 ] ] ] ] } },
{ "type": "Feature", "properties": { }, "geometry": { "type": "MultiPolygon", "coordinates": [ [ [ [ 296667.962702552322298, 9651125.117625862360001 ], [ 296667.962702552322298, 9652155.867625862360001 ], [ 298170.162702552275732, 9652155.867625862360001 ], [ 298170.162702552275732, 9651125.117625862360001 ], [ 296667.962702552322298, 9651125.117625862360001 ] ] ] ] } },
{ "type": "Feature", "properties": { }, "geometry": { "type": "MultiPolygon", "coordinates": [ [ [ [ 298170.16270255233394, 9651125.117625862360001 ], [ 298170.16270255233394, 9652155.867625862360001 ], [ 299672.362702552287374, 9652155.867625862360001 ], [ 299672.362702552287374, 9651125.117625862360001 ], [ 298170.16270255233394, 9651125.117625862360001 ] ] ] ] } },
{ "type": "Feature", "properties": { }, "geometry": { "type": "MultiPolygon", "coordinates": [ [ [ [ 299672.362702552345581, 9651125.117625862360001 ], [ 299672.362702552345581, 9652155.867625862360001 ], [ 301174.562702552299015, 9652155.867625862360001 ], [ 301174.562702552299015, 9651125.117625862360001 ], [ 299672.362702552345581, 9651125.117625862360001 ] ] ] ] } },
{ "type": "Feature", "properties": { }, "geometry": { "type": "MultiPolygon", "coordinates": [ [ [ [ 301174.562702552357223, 9651125.117625862360001 ], [ 301174.562702552357223, 9652155.867625862360001 ], [ 302676.762702552310657, 9652155.867625862360001 ], [ 302676.762702552310657, 9651125.117625862360001 ], [ 301174.562702552357223, 9651125.117625862360001 ] ] ] ] } },
{ "type": "Feature", "properties": { }, "geometry": { "type": "MultiPolygon", "coordinates": [ [ [ [ 302676.762702552368864, 9651125.117625862360001 ], [ 302676.762702552368864, 9652155.867625862360001 ], [ 304178.962702552322298, 9652155.867625862360001 ], [ 304178.962702552322298, 9651125.117625862360001 ], [ 302676.762702552368864, 9651125.117625862360001 ] ] ] ] } },
{ "type": "Feature", "properties": { }, "geometry": { "type": "MultiPolygon", "coordinates": [ [ [ [ 304178.962702552322298, 9651125.117625862360001 ], [ 304178.962702552322298, 9652155.867625862360001 ], [ 305681.162702552275732, 9652155.867625862360001 ], [ 305681.162702552275732, 9651125.117625862360001 ], [ 304178.962702552322298, 9651125.117625862360001 ] ] ] ] } },
{ "type": "Feature", "properties": { }, "geometry": { "type": "MultiPolygon", "coordinates": [ [ [ [ 305681.16270255233394, 9651125.117625862360001 ], [ 305681.16270255233394, 9652155.867625862360001 ], [ 307183.362702552287374, 9652155.867625862360001 ], [ 307183.362702552287374, 9651125.117625862360001 ], [ 305681.16270255233394, 9651125.117625862360001 ] ] ] ] } },
{ "type": "Feature", "properties": { }, "geometry": { "type": "MultiPolygon", "coordinates": [ [ [ [ 307183.362702552345581, 9651125.117625862360001 ], [ 307183.362702552345581, 9652155.867625862360001 ], [ 308685.562702552299015, 9652155.867625862360001 ], [ 308685.562702552299015, 9651125.117625862360001 ], [ 307183.362702552345581, 9651125.117625862360001 ] ] ] ] } },
{ "type": "Feature", "properties": { }, "geometry": { "type": "MultiPolygon", "coordinates": [ [ [ [ 308685.562702552357223, 9651125.117625862360001 ], [ 308685.562702552357223, 9652155.867625862360001 ], [ 310187.762702552310657, 9652155.867625862360001 ], [ 310187.762702552310657, 9651125.117625862360001 ], [ 308685.562702552357223, 9651125.117625862360001 ] ] ] ] } },
{ "type": "Feature", "properties": { }, "geometry": { "type": "MultiPolygon", "coordinates": [ [ [ [ 310187.762702552368864, 9651125.117625862360001 ], [ 310187.762702552368864, 9652155.867625862360001 ], [ 311689.962702552322298, 9652155.867625862360001 ], [ 311689.962702552322298, 9651125.117625862360001 ], [ 310187.762702552368864, 9651125.117625862360001 ] ] ] ] } },
{ "type": "Feature", "properties": { }, "geometry": { "type": "MultiPolygon", "coordinates": [ [ [ [ 311689.962702552322298, 9651125.117625862360001 ], [ 311689.962702552322298, 9652155.867625862360001 ], [ 313192.162702552275732, 9652155.867625862360001 ], [ 313192.162702552275732, 9651125.117625862360001 ], [ 311689.962702552322298, 9651125.117625862360001 ] ] ] ] } },
{ "type": "Feature", "properties": { }, "geometry": { "type": "MultiPolygon", "coordinates": [ [ [ [ 313192.16270255233394, 9651125.117625862360001 ], [ 313192.16270255233394, 9652155.867625862360001 ], [ 314694.362702552287374, 9652155.867625862360001 ], [ 314694.362702552287374, 9651125.117625862360001 ], [ 313192.16270255233394, 9651125.117625862360001 ] ] ] ] } },
{ "type": "Feature", "properties": { }, "geometry": { "type": "MultiPolygon", "coordinates": [ [ [ [ 314694.362702552345581, 9651125.117625862360001 ], [ 314694.362702552345581, 9652155.867625862360001 ], [ 316196.562702552299015, 9652155.867625862360001 ], [ 316196.562702552299015, 9651125.117625862360001 ], [ 314694.362702552345581, 9651125.117625862360001 ] ] ] ] } },
{ "type": "Feature", "properties": { }, "geometry": { "type": "MultiPolygon", "coordinates": [ [ [ [ 316196.562702552357223, 9651125.117625862360001 ], [ 316196.562702552357223, 9652155.867625862360001 ], [ 317698.762702552310657, 9652155.867625862360001 ], [ 317698.762702552310657, 9651125.117625862360001 ], [ 316196.562702552357223, 9651125.117625862360001 ] ] ] ] } },
{ "type": "Feature", "properties": { }, "geometry": { "type": "MultiPolygon", "coordinates": [ [ [ [ 317698.762702552368864, 9651125.117625862360001 ], [ 317698.762702552368864, 9652155.867625862360001 ], [ 319200.962702552322298, 9652155.867625862360001 ], [ 319200.962702552322298, 9651125.117625862360001 ], [ 317698.762702552368864, 9651125.117625862360001 ] ] ] ] } },
{ "type": "Feature", "properties": { }, "geometry": { "type": "MultiPolygon", "coordinates": [ [ [ [ 319200.962702552322298, 9651125.117625862360001 ], [ 319200.962702552322298, 9652155.867625862360001 ], [ 320703.162702552275732, 9652155.867625862360001 ], [ 320703.162702552275732, 9651125.117625862360001 ], [ 319200.962702552322298, 9651125.117625862360001 ] ] ] ] } },
{ "type": "Feature", "properties": { }, "geometry": { "type": "MultiPolygon", "coordinates": [ [ [ [ 320703.16270255233394, 9651125.117625862360001 ], [ 320703.16270255233394, 9652155.867625862360001 ], [ 322205.362702552287374, 9652155.867625862360001 ], [ 322205.362702552287374, 9651125.117625862360001 ], [ 320703.16270255233394, 9651125.117625862360001 ] ] ] ] } },
{ "type": "Feature", "properties": { }, "geometry": { "type": "MultiPolygon", "coordinates": [ [ [ [ 322205.362702552345581, 9651125.117625862360001 ], [ 322205.362702552345581, 9652155.867625862360001 ], [ 323707.562702552299015, 9652155.867625862360001 ], [ 323707.562702552299015, 9651125.117625862360001 ], [ 322205.362702552345581, 9651125.117625862360001 ] ] ] ] } },
{ "type": "Feature", "properties": { }, "geometry": { "type": "MultiPolygon", "coordinates": [ [ [ [ 323707.562702552357223, 9651125.117625862360001 ], [ 323707.562702552357223, 9652155.867625862360001 ], [ 325209.762702552310657, 9652155.867625862360001 ], [ 325209.762702552310657, 9651125.117625862360001 ], [ 323707.562702552357223, 9651125.117625862360001 ] ] ] ] } },
{ "type": "Feature", "properties": { }, "geometry": { "type": "MultiPolygon", "coordinates": [ [ [ [ 325209.762702552368864, 9651125.117625862360001 ], [ 325209.762702552368864, 9652155.867625862360001 ], [ 326711.962702552322298, 9652155.867625862360001 ], [ 326711.962702552322298, 9651125.117625862360001 ], [ 325209.762702552368864, 9651125.117625862360001 ] ] ] ] } },
{ "type": "Feature", "properties": { }, "geometry": { "type": "MultiPolygon", "coordinates": [ [ [ [ 326711.962702552322298, 9651125.117625862360001 ], [ 326711.962702552322298, 9652155.867625862360001 ], [ 328214.162702552275732, 9652155.867625862360001 ], [ 328214.162702552275732, 9651125.117625862360001 ], [ 326711.962702552322298, 9651125.117625862360001 ] ] ] ] } },
{ "type": "Feature", "properties": { }, "geometry": { "type": "MultiPolygon", "coordinates": [ [ [ [ 328214.16270255233394, 9651125.117625862360001 ], [ 328214.16270255233394, 9652155.867625862360001 ], [ 329716.362702552287374, 9652155.867625862360001 ], [ 329716.362702552287374, 9651125.117625862360001 ], [ 328214.16270255233394, 9651125.117625862360001 ] ] ] ] } },
{ "type": "Feature", "properties": { }, "geometry": { "type": "MultiPolygon", "coordinates": [ [ [ [ 329716.362702552345581, 9651125.117625862360001 ], [ 329716.362702552345581, 9652155.867625862360001 ], [ 331218.562702552299015, 9652155.867625862360001 ], [ 331218.562702552299015, 9651125.117625862360001 ], [ 329716.362702552345581, 9651125.117625862360001 ] ] ] ] } },
{ "type": "Feature", "properties": { }, "geometry": { "type": "MultiPolygon", "coordinates": [ [ [ [ 331218.562702552357223, 9651125.117625862360001 ], [ 331218.562702552357223, 9652155.867625862360001 ], [ 332720.762702552310657, 9652155.867625862360001 ], [ 332720.762702552310657, 9651125.117625862360001 ], [ 331218.562702552357223, 9651125.117625862360001 ] ] ] ] } },
{ "type": "Feature", "properties": { }, "geometry": { "type": "MultiPolygon", "coordinates": [ [ [ [ 332720.762702552368864, 9651125.117625862360001 ], [ 332720.762702552368864, 9652155.867625862360001 ], [ 334222.962702552322298, 9652155.867625862360001 ], [ 334222.962702552322298, 9651125.117625862360001 ], [ 332720.762702552368864, 9651125.117625862360001 ] ] ] ] } },
{ "type": "Feature", "properties": { }, "geometry": { "type": "MultiPolygon", "coordinates": [ [ [ [ 334222.962702552322298, 9651125.117625862360001 ], [ 334222.962702552322298, 9652155.867625862360001 ], [ 335725.162702552275732, 9652155.867625862360001 ], [ 335725.162702552275732, 9651125.117625862360001 ], [ 334222.962702552322298, 9651125.117625862360001 ] ] ] ] } },
{ "type": "Feature", "properties": { }, "geometry": { "type": "MultiPolygon", "coordinates": [ [ [ [ 335725.16270255233394, 9651125.117625862360001 ], [ 335725.16270255233394, 9652155.867625862360001 ], [ 337227.362702552287374, 9652155.867625862360001 ], [ 337227.362702552287374, 9651125.117625862360001 ], [ 335725.16270255233394, 9651125.117625862360001 ] ] ] ] } },
{ "type": "Feature", "properties": { }, "geometry": { "type": "MultiPolygon", "coordinates": [ [ [ [ 337227.362702552345581, 9651125.117625862360001 ], [ 337227.362702552345581, 9652155.867625862360001 ], [ 338729.562702552299015, 9652155.867625862360001 ], [ 338729.562702552299015, 9651125.117625862360001 ], [ 337227.362702552345581, 9651125.117625862360001 ] ] ] ] } },
{ "type": "Feature", "properties": { }, "geometry": { "type": "MultiPolygon", "coordinates": [ [ [ [ 338729.562702552357223, 9651125.117625862360001 ], [ 338729.562702552357223, 9652155.867625862360001 ], [ 340231.762702552310657, 9652155.867625862360001 ], [ 340231.762702552310657, 9651125.117625862360001 ], [ 338729.562702552357223, 9651125.117625862360001 ] ] ] ] } },
{ "type": "Feature", "properties": { }, "geometry": { "type": "MultiPolygon", "coordinates": [ [ [ [ 340231.762702552368864, 9651125.117625862360001 ], [ 340231.762702552368864, 9652155.867625862360001 ], [ 341733.962702552322298, 9652155.867625862360001 ], [ 341733.962702552322298, 9651125.117625862360001 ], [ 340231.762702552368864, 9651125.117625862360001 ] ] ] ] } },
{ "type": "Feature", "properties": { }, "geometry": { "type": "MultiPolygon", "coordinates": [ [ [ [ 341733.962702552322298, 9651125.117625862360001 ], [ 341733.962702552322298, 9652155.867625862360001 ], [ 343236.162702552275732, 9652155.867625862360001 ], [ 343236.162702552275732, 9651125.117625862360001 ], [ 341733.962702552322298, 9651125.117625862360001 ] ] ] ] } },
{ "type": "Feature", "properties": { }, "geometry": { "type": "MultiPolygon", "coordinates": [ [ [ [ 343236.16270255233394, 9651125.117625862360001 ], [ 343236.16270255233394, 9652155.867625862360001 ], [ 344738.362702552287374, 9652155.867625862360001 ], [ 344738.362702552287374, 9651125.117625862360001 ], [ 343236.16270255233394, 9651125.117625862360001 ] ] ] ] } },
{ "type": "Feature", "properties": { }, "geometry": { "type": "MultiPolygon", "coordinates": [ [ [ [ 344738.362702552345581, 9651125.117625862360001 ], [ 344738.362702552345581, 9652155.867625862360001 ], [ 346240.562702552299015, 9652155.867625862360001 ], [ 346240.562702552299015, 9651125.117625862360001 ], [ 344738.362702552345581, 9651125.117625862360001 ] ] ] ] } },
{ "type": "Feature", "properties": { }, "geometry": { "type": "MultiPolygon", "coordinates": [ [ [ [ 346240.562702552357223, 9651125.117625862360001 ], [ 346240.562702552357223, 9652155.867625862360001 ], [ 347742.762702552310657, 9652155.867625862360001 ], [ 347742.762702552310657, 9651125.117625862360001 ], [ 346240.562702552357223, 9651125.117625862360001 ] ] ] ] } },
{ "type": "Feature", "properties": { }, "geometry": { "type": "MultiPolygon", "coordinates": [ [ [ [ 347742.762702552368864, 9651125.117625862360001 ], [ 347742.762702552368864, 9652155.867625862360001 ], [ 349244.962702552322298, 9652155.867625862360001 ], [ 349244.962702552322298, 9651125.117625862360001 ], [ 347742.762702552368864, 9651125.117625862360001 ] ] ] ] } },
{ "type": "Feature", "properties": { }, "geometry": { "type": "MultiPolygon", "coordinates": [ [ [ [ 349244.962702552322298, 9651125.117625862360001 ], [ 349244.962702552322298, 9652155.867625862360001 ], [ 350747.162702552275732, 9652155.867625862360001 ], [ 350747.162702552275732, 9651125.117625862360001 ], [ 349244.962702552322298, 9651125.117625862360001 ] ] ] ] } },
{ "type": "Feature", "properties": { }, "geometry": { "type": "MultiPolygon", "coordinates": [ [ [ [ 350747.16270255233394, 9651125.117625862360001 ], [ 350747.16270255233394, 9652155.867625862360001 ], [ 352249.362702552287374, 9652155.867625862360001 ], [ 352249.362702552287374, 9651125.117625862360001 ], [ 350747.16270255233394, 9651125.117625862360001 ] ] ] ] } },
{ "type": "Feature", "properties": { }, "geometry": { "type": "MultiPolygon", "coordinates": [ [ [ [ 352249.362702552345581, 9651125.117625862360001 ], [ 352249.362702552345581, 9652155.867625862360001 ], [ 353751.562702552299015, 9652155.867625862360001 ], [ 353751.562702552299015, 9651125.117625862360001 ], [ 352249.362702552345581, 9651125.117625862360001 ] ] ] ] } },
{ "type": "Feature", "properties": { }, "geometry": { "type": "MultiPolygon", "coordinates": [ [ [ [ 353751.562702552357223, 9651125.117625862360001 ], [ 353751.562702552357223, 9652155.867625862360001 ], [ 355253.762702552310657, 9652155.867625862360001 ], [ 355253.762702552310657, 9651125.117625862360001 ], [ 353751.562702552357223, 9651125.117625862360001 ] ] ] ] } },
{ "type": "Feature", "properties": { }, "geometry": { "type": "MultiPolygon", "coordinates": [ [ [ [ 355253.762702552368864, 9651125.117625862360001 ], [ 355253.762702552368864, 9652155.867625862360001 ], [ 356755.962702552322298, 9652155.867625862360001 ], [ 356755.962702552322298, 9651125.117625862360001 ], [ 355253.762702552368864, 9651125.117625862360001 ] ] ] ] } },
{ "type": "Feature", "properties": { }, "geometry": { "type": "MultiPolygon", "coordinates": [ [ [ [ 281645.962702552322298, 9650094.367625862360001 ], [ 281645.962702552322298, 9651125.117625862360001 ], [ 283148.162702552275732, 9651125.117625862360001 ], [ 283148.162702552275732, 9650094.367625862360001 ], [ 281645.962702552322298, 9650094.367625862360001 ] ] ] ] } },
{ "type": "Feature", "properties": { }, "geometry": { "type": "MultiPolygon", "coordinates": [ [ [ [ 283148.16270255233394, 9650094.367625862360001 ], [ 283148.16270255233394, 9651125.117625862360001 ], [ 284650.362702552287374, 9651125.117625862360001 ], [ 284650.362702552287374, 9650094.367625862360001 ], [ 283148.16270255233394, 9650094.367625862360001 ] ] ] ] } },
{ "type": "Feature", "properties": { }, "geometry": { "type": "MultiPolygon", "coordinates": [ [ [ [ 284650.362702552345581, 9650094.367625862360001 ], [ 284650.362702552345581, 9651125.117625862360001 ], [ 286152.562702552299015, 9651125.117625862360001 ], [ 286152.562702552299015, 9650094.367625862360001 ], [ 284650.362702552345581, 9650094.367625862360001 ] ] ] ] } },
{ "type": "Feature", "properties": { }, "geometry": { "type": "MultiPolygon", "coordinates": [ [ [ [ 286152.562702552357223, 9650094.367625862360001 ], [ 286152.562702552357223, 9651125.117625862360001 ], [ 287654.762702552310657, 9651125.117625862360001 ], [ 287654.762702552310657, 9650094.367625862360001 ], [ 286152.562702552357223, 9650094.367625862360001 ] ] ] ] } },
{ "type": "Feature", "properties": { }, "geometry": { "type": "MultiPolygon", "coordinates": [ [ [ [ 287654.762702552368864, 9650094.367625862360001 ], [ 287654.762702552368864, 9651125.117625862360001 ], [ 289156.962702552322298, 9651125.117625862360001 ], [ 289156.962702552322298, 9650094.367625862360001 ], [ 287654.762702552368864, 9650094.367625862360001 ] ] ] ] } },
{ "type": "Feature", "properties": { }, "geometry": { "type": "MultiPolygon", "coordinates": [ [ [ [ 289156.962702552322298, 9650094.367625862360001 ], [ 289156.962702552322298, 9651125.117625862360001 ], [ 290659.162702552275732, 9651125.117625862360001 ], [ 290659.162702552275732, 9650094.367625862360001 ], [ 289156.962702552322298, 9650094.367625862360001 ] ] ] ] } },
{ "type": "Feature", "properties": { }, "geometry": { "type": "MultiPolygon", "coordinates": [ [ [ [ 290659.16270255233394, 9650094.367625862360001 ], [ 290659.16270255233394, 9651125.117625862360001 ], [ 292161.362702552287374, 9651125.117625862360001 ], [ 292161.362702552287374, 9650094.367625862360001 ], [ 290659.16270255233394, 9650094.367625862360001 ] ] ] ] } },
{ "type": "Feature", "properties": { }, "geometry": { "type": "MultiPolygon", "coordinates": [ [ [ [ 292161.362702552345581, 9650094.367625862360001 ], [ 292161.362702552345581, 9651125.117625862360001 ], [ 293663.562702552299015, 9651125.117625862360001 ], [ 293663.562702552299015, 9650094.367625862360001 ], [ 292161.362702552345581, 9650094.367625862360001 ] ] ] ] } },
{ "type": "Feature", "properties": { }, "geometry": { "type": "MultiPolygon", "coordinates": [ [ [ [ 293663.562702552357223, 9650094.367625862360001 ], [ 293663.562702552357223, 9651125.117625862360001 ], [ 295165.762702552310657, 9651125.117625862360001 ], [ 295165.762702552310657, 9650094.367625862360001 ], [ 293663.562702552357223, 9650094.367625862360001 ] ] ] ] } },
{ "type": "Feature", "properties": { }, "geometry": { "type": "MultiPolygon", "coordinates": [ [ [ [ 295165.762702552368864, 9650094.367625862360001 ], [ 295165.762702552368864, 9651125.117625862360001 ], [ 296667.962702552322298, 9651125.117625862360001 ], [ 296667.962702552322298, 9650094.367625862360001 ], [ 295165.762702552368864, 9650094.367625862360001 ] ] ] ] } },
{ "type": "Feature", "properties": { }, "geometry": { "type": "MultiPolygon", "coordinates": [ [ [ [ 296667.962702552322298, 9650094.367625862360001 ], [ 296667.962702552322298, 9651125.117625862360001 ], [ 298170.162702552275732, 9651125.117625862360001 ], [ 298170.162702552275732, 9650094.367625862360001 ], [ 296667.962702552322298, 9650094.367625862360001 ] ] ] ] } },
{ "type": "Feature", "properties": { }, "geometry": { "type": "MultiPolygon", "coordinates": [ [ [ [ 298170.16270255233394, 9650094.367625862360001 ], [ 298170.16270255233394, 9651125.117625862360001 ], [ 299672.362702552287374, 9651125.117625862360001 ], [ 299672.362702552287374, 9650094.367625862360001 ], [ 298170.16270255233394, 9650094.367625862360001 ] ] ] ] } },
{ "type": "Feature", "properties": { }, "geometry": { "type": "MultiPolygon", "coordinates": [ [ [ [ 299672.362702552345581, 9650094.367625862360001 ], [ 299672.362702552345581, 9651125.117625862360001 ], [ 301174.562702552299015, 9651125.117625862360001 ], [ 301174.562702552299015, 9650094.367625862360001 ], [ 299672.362702552345581, 9650094.367625862360001 ] ] ] ] } },
{ "type": "Feature", "properties": { }, "geometry": { "type": "MultiPolygon", "coordinates": [ [ [ [ 301174.562702552357223, 9650094.367625862360001 ], [ 301174.562702552357223, 9651125.117625862360001 ], [ 302676.762702552310657, 9651125.117625862360001 ], [ 302676.762702552310657, 9650094.367625862360001 ], [ 301174.562702552357223, 9650094.367625862360001 ] ] ] ] } },
{ "type": "Feature", "properties": { }, "geometry": { "type": "MultiPolygon", "coordinates": [ [ [ [ 302676.762702552368864, 9650094.367625862360001 ], [ 302676.762702552368864, 9651125.117625862360001 ], [ 304178.962702552322298, 9651125.117625862360001 ], [ 304178.962702552322298, 9650094.367625862360001 ], [ 302676.762702552368864, 9650094.367625862360001 ] ] ] ] } },
{ "type": "Feature", "properties": { }, "geometry": { "type": "MultiPolygon", "coordinates": [ [ [ [ 304178.962702552322298, 9650094.367625862360001 ], [ 304178.962702552322298, 9651125.117625862360001 ], [ 305681.162702552275732, 9651125.117625862360001 ], [ 305681.162702552275732, 9650094.367625862360001 ], [ 304178.962702552322298, 9650094.367625862360001 ] ] ] ] } },
{ "type": "Feature", "properties": { }, "geometry": { "type": "MultiPolygon", "coordinates": [ [ [ [ 305681.16270255233394, 9650094.367625862360001 ], [ 305681.16270255233394, 9651125.117625862360001 ], [ 307183.362702552287374, 9651125.117625862360001 ], [ 307183.362702552287374, 9650094.367625862360001 ], [ 305681.16270255233394, 9650094.367625862360001 ] ] ] ] } },
{ "type": "Feature", "properties": { }, "geometry": { "type": "MultiPolygon", "coordinates": [ [ [ [ 307183.362702552345581, 9650094.367625862360001 ], [ 307183.362702552345581, 9651125.117625862360001 ], [ 308685.562702552299015, 9651125.117625862360001 ], [ 308685.562702552299015, 9650094.367625862360001 ], [ 307183.362702552345581, 9650094.367625862360001 ] ] ] ] } },
{ "type": "Feature", "properties": { }, "geometry": { "type": "MultiPolygon", "coordinates": [ [ [ [ 308685.562702552357223, 9650094.367625862360001 ], [ 308685.562702552357223, 9651125.117625862360001 ], [ 310187.762702552310657, 9651125.117625862360001 ], [ 310187.762702552310657, 9650094.367625862360001 ], [ 308685.562702552357223, 9650094.367625862360001 ] ] ] ] } },
{ "type": "Feature", "properties": { }, "geometry": { "type": "MultiPolygon", "coordinates": [ [ [ [ 310187.762702552368864, 9650094.367625862360001 ], [ 310187.762702552368864, 9651125.117625862360001 ], [ 311689.962702552322298, 9651125.117625862360001 ], [ 311689.962702552322298, 9650094.367625862360001 ], [ 310187.762702552368864, 9650094.367625862360001 ] ] ] ] } },
{ "type": "Feature", "properties": { }, "geometry": { "type": "MultiPolygon", "coordinates": [ [ [ [ 311689.962702552322298, 9650094.367625862360001 ], [ 311689.962702552322298, 9651125.117625862360001 ], [ 313192.162702552275732, 9651125.117625862360001 ], [ 313192.162702552275732, 9650094.367625862360001 ], [ 311689.962702552322298, 9650094.367625862360001 ] ] ] ] } },
{ "type": "Feature", "properties": { }, "geometry": { "type": "MultiPolygon", "coordinates": [ [ [ [ 313192.16270255233394, 9650094.367625862360001 ], [ 313192.16270255233394, 9651125.117625862360001 ], [ 314694.362702552287374, 9651125.117625862360001 ], [ 314694.362702552287374, 9650094.367625862360001 ], [ 313192.16270255233394, 9650094.367625862360001 ] ] ] ] } },
{ "type": "Feature", "properties": { }, "geometry": { "type": "MultiPolygon", "coordinates": [ [ [ [ 314694.362702552345581, 9650094.367625862360001 ], [ 314694.362702552345581, 9651125.117625862360001 ], [ 316196.562702552299015, 9651125.117625862360001 ], [ 316196.562702552299015, 9650094.367625862360001 ], [ 314694.362702552345581, 9650094.367625862360001 ] ] ] ] } },
{ "type": "Feature", "properties": { }, "geometry": { "type": "MultiPolygon", "coordinates": [ [ [ [ 316196.562702552357223, 9650094.367625862360001 ], [ 316196.562702552357223, 9651125.117625862360001 ], [ 317698.762702552310657, 9651125.117625862360001 ], [ 317698.762702552310657, 9650094.367625862360001 ], [ 316196.562702552357223, 9650094.367625862360001 ] ] ] ] } },
{ "type": "Feature", "properties": { }, "geometry": { "type": "MultiPolygon", "coordinates": [ [ [ [ 317698.762702552368864, 9650094.367625862360001 ], [ 317698.762702552368864, 9651125.117625862360001 ], [ 319200.962702552322298, 9651125.117625862360001 ], [ 319200.962702552322298, 9650094.367625862360001 ], [ 317698.762702552368864, 9650094.367625862360001 ] ] ] ] } },
{ "type": "Feature", "properties": { }, "geometry": { "type": "MultiPolygon", "coordinates": [ [ [ [ 319200.962702552322298, 9650094.367625862360001 ], [ 319200.962702552322298, 9651125.117625862360001 ], [ 320703.162702552275732, 9651125.117625862360001 ], [ 320703.162702552275732, 9650094.367625862360001 ], [ 319200.962702552322298, 9650094.367625862360001 ] ] ] ] } },
{ "type": "Feature", "properties": { }, "geometry": { "type": "MultiPolygon", "coordinates": [ [ [ [ 320703.16270255233394, 9650094.367625862360001 ], [ 320703.16270255233394, 9651125.117625862360001 ], [ 322205.362702552287374, 9651125.117625862360001 ], [ 322205.362702552287374, 9650094.367625862360001 ], [ 320703.16270255233394, 9650094.367625862360001 ] ] ] ] } },
{ "type": "Feature", "properties": { }, "geometry": { "type": "MultiPolygon", "coordinates": [ [ [ [ 322205.362702552345581, 9650094.367625862360001 ], [ 322205.362702552345581, 9651125.117625862360001 ], [ 323707.562702552299015, 9651125.117625862360001 ], [ 323707.562702552299015, 9650094.367625862360001 ], [ 322205.362702552345581, 9650094.367625862360001 ] ] ] ] } },
{ "type": "Feature", "properties": { }, "geometry": { "type": "MultiPolygon", "coordinates": [ [ [ [ 323707.562702552357223, 9650094.367625862360001 ], [ 323707.562702552357223, 9651125.117625862360001 ], [ 325209.762702552310657, 9651125.117625862360001 ], [ 325209.762702552310657, 9650094.367625862360001 ], [ 323707.562702552357223, 9650094.367625862360001 ] ] ] ] } },
{ "type": "Feature", "properties": { }, "geometry": { "type": "MultiPolygon", "coordinates": [ [ [ [ 325209.762702552368864, 9650094.367625862360001 ], [ 325209.762702552368864, 9651125.117625862360001 ], [ 326711.962702552322298, 9651125.117625862360001 ], [ 326711.962702552322298, 9650094.367625862360001 ], [ 325209.762702552368864, 9650094.367625862360001 ] ] ] ] } },
{ "type": "Feature", "properties": { }, "geometry": { "type": "MultiPolygon", "coordinates": [ [ [ [ 326711.962702552322298, 9650094.367625862360001 ], [ 326711.962702552322298, 9651125.117625862360001 ], [ 328214.162702552275732, 9651125.117625862360001 ], [ 328214.162702552275732, 9650094.367625862360001 ], [ 326711.962702552322298, 9650094.367625862360001 ] ] ] ] } },
{ "type": "Feature", "properties": { }, "geometry": { "type": "MultiPolygon", "coordinates": [ [ [ [ 328214.16270255233394, 9650094.367625862360001 ], [ 328214.16270255233394, 9651125.117625862360001 ], [ 329716.362702552287374, 9651125.117625862360001 ], [ 329716.362702552287374, 9650094.367625862360001 ], [ 328214.16270255233394, 9650094.367625862360001 ] ] ] ] } },
{ "type": "Feature", "properties": { }, "geometry": { "type": "MultiPolygon", "coordinates": [ [ [ [ 329716.362702552345581, 9650094.367625862360001 ], [ 329716.362702552345581, 9651125.117625862360001 ], [ 331218.562702552299015, 9651125.117625862360001 ], [ 331218.562702552299015, 9650094.367625862360001 ], [ 329716.362702552345581, 9650094.367625862360001 ] ] ] ] } },
{ "type": "Feature", "properties": { }, "geometry": { "type": "MultiPolygon", "coordinates": [ [ [ [ 331218.562702552357223, 9650094.367625862360001 ], [ 331218.562702552357223, 9651125.117625862360001 ], [ 332720.762702552310657, 9651125.117625862360001 ], [ 332720.762702552310657, 9650094.367625862360001 ], [ 331218.562702552357223, 9650094.367625862360001 ] ] ] ] } },
{ "type": "Feature", "properties": { }, "geometry": { "type": "MultiPolygon", "coordinates": [ [ [ [ 332720.762702552368864, 9650094.367625862360001 ], [ 332720.762702552368864, 9651125.117625862360001 ], [ 334222.962702552322298, 9651125.117625862360001 ], [ 334222.962702552322298, 9650094.367625862360001 ], [ 332720.762702552368864, 9650094.367625862360001 ] ] ] ] } },
{ "type": "Feature", "properties": { }, "geometry": { "type": "MultiPolygon", "coordinates": [ [ [ [ 334222.962702552322298, 9650094.367625862360001 ], [ 334222.962702552322298, 9651125.117625862360001 ], [ 335725.162702552275732, 9651125.117625862360001 ], [ 335725.162702552275732, 9650094.367625862360001 ], [ 334222.962702552322298, 9650094.367625862360001 ] ] ] ] } },
{ "type": "Feature", "properties": { }, "geometry": { "type": "MultiPolygon", "coordinates": [ [ [ [ 335725.16270255233394, 9650094.367625862360001 ], [ 335725.16270255233394, 9651125.117625862360001 ], [ 337227.362702552287374, 9651125.117625862360001 ], [ 337227.362702552287374, 9650094.367625862360001 ], [ 335725.16270255233394, 9650094.367625862360001 ] ] ] ] } },
{ "type": "Feature", "properties": { }, "geometry": { "type": "MultiPolygon", "coordinates": [ [ [ [ 337227.362702552345581, 9650094.367625862360001 ], [ 337227.362702552345581, 9651125.117625862360001 ], [ 338729.562702552299015, 9651125.117625862360001 ], [ 338729.562702552299015, 9650094.367625862360001 ], [ 337227.362702552345581, 9650094.367625862360001 ] ] ] ] } },
{ "type": "Feature", "properties": { }, "geometry": { "type": "MultiPolygon", "coordinates": [ [ [ [ 338729.562702552357223, 9650094.367625862360001 ], [ 338729.562702552357223, 9651125.117625862360001 ], [ 340231.762702552310657, 9651125.117625862360001 ], [ 340231.762702552310657, 9650094.367625862360001 ], [ 338729.562702552357223, 9650094.367625862360001 ] ] ] ] } },
{ "type": "Feature", "properties": { }, "geometry": { "type": "MultiPolygon", "coordinates": [ [ [ [ 340231.762702552368864, 9650094.367625862360001 ], [ 340231.762702552368864, 9651125.117625862360001 ], [ 341733.962702552322298, 9651125.117625862360001 ], [ 341733.962702552322298, 9650094.367625862360001 ], [ 340231.762702552368864, 9650094.367625862360001 ] ] ] ] } },
{ "type": "Feature", "properties": { }, "geometry": { "type": "MultiPolygon", "coordinates": [ [ [ [ 341733.962702552322298, 9650094.367625862360001 ], [ 341733.962702552322298, 9651125.117625862360001 ], [ 343236.162702552275732, 9651125.117625862360001 ], [ 343236.162702552275732, 9650094.367625862360001 ], [ 341733.962702552322298, 9650094.367625862360001 ] ] ] ] } },
{ "type": "Feature", "properties": { }, "geometry": { "type": "MultiPolygon", "coordinates": [ [ [ [ 343236.16270255233394, 9650094.367625862360001 ], [ 343236.16270255233394, 9651125.117625862360001 ], [ 344738.362702552287374, 9651125.117625862360001 ], [ 344738.362702552287374, 9650094.367625862360001 ], [ 343236.16270255233394, 9650094.367625862360001 ] ] ] ] } },
{ "type": "Feature", "properties": { }, "geometry": { "type": "MultiPolygon", "coordinates": [ [ [ [ 344738.362702552345581, 9650094.367625862360001 ], [ 344738.362702552345581, 9651125.117625862360001 ], [ 346240.562702552299015, 9651125.117625862360001 ], [ 346240.562702552299015, 9650094.367625862360001 ], [ 344738.362702552345581, 9650094.367625862360001 ] ] ] ] } },
{ "type": "Feature", "properties": { }, "geometry": { "type": "MultiPolygon", "coordinates": [ [ [ [ 346240.562702552357223, 9650094.367625862360001 ], [ 346240.562702552357223, 9651125.117625862360001 ], [ 347742.762702552310657, 9651125.117625862360001 ], [ 347742.762702552310657, 9650094.367625862360001 ], [ 346240.562702552357223, 9650094.367625862360001 ] ] ] ] } },
{ "type": "Feature", "properties": { }, "geometry": { "type": "MultiPolygon", "coordinates": [ [ [ [ 347742.762702552368864, 9650094.367625862360001 ], [ 347742.762702552368864, 9651125.117625862360001 ], [ 349244.962702552322298, 9651125.117625862360001 ], [ 349244.962702552322298, 9650094.367625862360001 ], [ 347742.762702552368864, 9650094.367625862360001 ] ] ] ] } },
{ "type": "Feature", "properties": { }, "geometry": { "type": "MultiPolygon", "coordinates": [ [ [ [ 349244.962702552322298, 9650094.367625862360001 ], [ 349244.962702552322298, 9651125.117625862360001 ], [ 350747.162702552275732, 9651125.117625862360001 ], [ 350747.162702552275732, 9650094.367625862360001 ], [ 349244.962702552322298, 9650094.367625862360001 ] ] ] ] } },
{ "type": "Feature", "properties": { }, "geometry": { "type": "MultiPolygon", "coordinates": [ [ [ [ 350747.16270255233394, 9650094.367625862360001 ], [ 350747.16270255233394, 9651125.117625862360001 ], [ 352249.362702552287374, 9651125.117625862360001 ], [ 352249.362702552287374, 9650094.367625862360001 ], [ 350747.16270255233394, 9650094.367625862360001 ] ] ] ] } },
{ "type": "Feature", "properties": { }, "geometry": { "type": "MultiPolygon", "coordinates": [ [ [ [ 352249.362702552345581, 9650094.367625862360001 ], [ 352249.362702552345581, 9651125.117625862360001 ], [ 353751.562702552299015, 9651125.117625862360001 ], [ 353751.562702552299015, 9650094.367625862360001 ], [ 352249.362702552345581, 9650094.367625862360001 ] ] ] ] } },
{ "type": "Feature", "properties": { }, "geometry": { "type": "MultiPolygon", "coordinates": [ [ [ [ 353751.562702552357223, 9650094.367625862360001 ], [ 353751.562702552357223, 9651125.117625862360001 ], [ 355253.762702552310657, 9651125.117625862360001 ], [ 355253.762702552310657, 9650094.367625862360001 ], [ 353751.562702552357223, 9650094.367625862360001 ] ] ] ] } },
{ "type": "Feature", "properties": { }, "geometry": { "type": "MultiPolygon", "coordinates": [ [ [ [ 355253.762702552368864, 9650094.367625862360001 ], [ 355253.762702552368864, 9651125.117625862360001 ], [ 356755.962702552322298, 9651125.117625862360001 ], [ 356755.962702552322298, 9650094.367625862360001 ], [ 355253.762702552368864, 9650094.367625862360001 ] ] ] ] } },
{ "type": "Feature", "properties": { }, "geometry": { "type": "MultiPolygon", "coordinates": [ [ [ [ 281645.962702552322298, 9649063.617625862360001 ], [ 281645.962702552322298, 9650094.367625862360001 ], [ 283148.162702552275732, 9650094.367625862360001 ], [ 283148.162702552275732, 9649063.617625862360001 ], [ 281645.962702552322298, 9649063.617625862360001 ] ] ] ] } },
{ "type": "Feature", "properties": { }, "geometry": { "type": "MultiPolygon", "coordinates": [ [ [ [ 283148.16270255233394, 9649063.617625862360001 ], [ 283148.16270255233394, 9650094.367625862360001 ], [ 284650.362702552287374, 9650094.367625862360001 ], [ 284650.362702552287374, 9649063.617625862360001 ], [ 283148.16270255233394, 9649063.617625862360001 ] ] ] ] } },
{ "type": "Feature", "properties": { }, "geometry": { "type": "MultiPolygon", "coordinates": [ [ [ [ 284650.362702552345581, 9649063.617625862360001 ], [ 284650.362702552345581, 9650094.367625862360001 ], [ 286152.562702552299015, 9650094.367625862360001 ], [ 286152.562702552299015, 9649063.617625862360001 ], [ 284650.362702552345581, 9649063.617625862360001 ] ] ] ] } },
{ "type": "Feature", "properties": { }, "geometry": { "type": "MultiPolygon", "coordinates": [ [ [ [ 286152.562702552357223, 9649063.617625862360001 ], [ 286152.562702552357223, 9650094.367625862360001 ], [ 287654.762702552310657, 9650094.367625862360001 ], [ 287654.762702552310657, 9649063.617625862360001 ], [ 286152.562702552357223, 9649063.617625862360001 ] ] ] ] } },
{ "type": "Feature", "properties": { }, "geometry": { "type": "MultiPolygon", "coordinates": [ [ [ [ 287654.762702552368864, 9649063.617625862360001 ], [ 287654.762702552368864, 9650094.367625862360001 ], [ 289156.962702552322298, 9650094.367625862360001 ], [ 289156.962702552322298, 9649063.617625862360001 ], [ 287654.762702552368864, 9649063.617625862360001 ] ] ] ] } },
{ "type": "Feature", "properties": { }, "geometry": { "type": "MultiPolygon", "coordinates": [ [ [ [ 289156.962702552322298, 9649063.617625862360001 ], [ 289156.962702552322298, 9650094.367625862360001 ], [ 290659.162702552275732, 9650094.367625862360001 ], [ 290659.162702552275732, 9649063.617625862360001 ], [ 289156.962702552322298, 9649063.617625862360001 ] ] ] ] } },
{ "type": "Feature", "properties": { }, "geometry": { "type": "MultiPolygon", "coordinates": [ [ [ [ 290659.16270255233394, 9649063.617625862360001 ], [ 290659.16270255233394, 9650094.367625862360001 ], [ 292161.362702552287374, 9650094.367625862360001 ], [ 292161.362702552287374, 9649063.617625862360001 ], [ 290659.16270255233394, 9649063.617625862360001 ] ] ] ] } },
{ "type": "Feature", "properties": { }, "geometry": { "type": "MultiPolygon", "coordinates": [ [ [ [ 292161.362702552345581, 9649063.617625862360001 ], [ 292161.362702552345581, 9650094.367625862360001 ], [ 293663.562702552299015, 9650094.367625862360001 ], [ 293663.562702552299015, 9649063.617625862360001 ], [ 292161.362702552345581, 9649063.617625862360001 ] ] ] ] } },
{ "type": "Feature", "properties": { }, "geometry": { "type": "MultiPolygon", "coordinates": [ [ [ [ 293663.562702552357223, 9649063.617625862360001 ], [ 293663.562702552357223, 9650094.367625862360001 ], [ 295165.762702552310657, 9650094.367625862360001 ], [ 295165.762702552310657, 9649063.617625862360001 ], [ 293663.562702552357223, 9649063.617625862360001 ] ] ] ] } },
{ "type": "Feature", "properties": { }, "geometry": { "type": "MultiPolygon", "coordinates": [ [ [ [ 295165.762702552368864, 9649063.617625862360001 ], [ 295165.762702552368864, 9650094.367625862360001 ], [ 296667.962702552322298, 9650094.367625862360001 ], [ 296667.962702552322298, 9649063.617625862360001 ], [ 295165.762702552368864, 9649063.617625862360001 ] ] ] ] } },
{ "type": "Feature", "properties": { }, "geometry": { "type": "MultiPolygon", "coordinates": [ [ [ [ 296667.962702552322298, 9649063.617625862360001 ], [ 296667.962702552322298, 9650094.367625862360001 ], [ 298170.162702552275732, 9650094.367625862360001 ], [ 298170.162702552275732, 9649063.617625862360001 ], [ 296667.962702552322298, 9649063.617625862360001 ] ] ] ] } },
{ "type": "Feature", "properties": { }, "geometry": { "type": "MultiPolygon", "coordinates": [ [ [ [ 298170.16270255233394, 9649063.617625862360001 ], [ 298170.16270255233394, 9650094.367625862360001 ], [ 299672.362702552287374, 9650094.367625862360001 ], [ 299672.362702552287374, 9649063.617625862360001 ], [ 298170.16270255233394, 9649063.617625862360001 ] ] ] ] } },
{ "type": "Feature", "properties": { }, "geometry": { "type": "MultiPolygon", "coordinates": [ [ [ [ 299672.362702552345581, 9649063.617625862360001 ], [ 299672.362702552345581, 9650094.367625862360001 ], [ 301174.562702552299015, 9650094.367625862360001 ], [ 301174.562702552299015, 9649063.617625862360001 ], [ 299672.362702552345581, 9649063.617625862360001 ] ] ] ] } },
{ "type": "Feature", "properties": { }, "geometry": { "type": "MultiPolygon", "coordinates": [ [ [ [ 301174.562702552357223, 9649063.617625862360001 ], [ 301174.562702552357223, 9650094.367625862360001 ], [ 302676.762702552310657, 9650094.367625862360001 ], [ 302676.762702552310657, 9649063.617625862360001 ], [ 301174.562702552357223, 9649063.617625862360001 ] ] ] ] } },
{ "type": "Feature", "properties": { }, "geometry": { "type": "MultiPolygon", "coordinates": [ [ [ [ 302676.762702552368864, 9649063.617625862360001 ], [ 302676.762702552368864, 9650094.367625862360001 ], [ 304178.962702552322298, 9650094.367625862360001 ], [ 304178.962702552322298, 9649063.617625862360001 ], [ 302676.762702552368864, 9649063.617625862360001 ] ] ] ] } },
{ "type": "Feature", "properties": { }, "geometry": { "type": "MultiPolygon", "coordinates": [ [ [ [ 304178.962702552322298, 9649063.617625862360001 ], [ 304178.962702552322298, 9650094.367625862360001 ], [ 305681.162702552275732, 9650094.367625862360001 ], [ 305681.162702552275732, 9649063.617625862360001 ], [ 304178.962702552322298, 9649063.617625862360001 ] ] ] ] } },
{ "type": "Feature", "properties": { }, "geometry": { "type": "MultiPolygon", "coordinates": [ [ [ [ 305681.16270255233394, 9649063.617625862360001 ], [ 305681.16270255233394, 9650094.367625862360001 ], [ 307183.362702552287374, 9650094.367625862360001 ], [ 307183.362702552287374, 9649063.617625862360001 ], [ 305681.16270255233394, 9649063.617625862360001 ] ] ] ] } },
{ "type": "Feature", "properties": { }, "geometry": { "type": "MultiPolygon", "coordinates": [ [ [ [ 307183.362702552345581, 9649063.617625862360001 ], [ 307183.362702552345581, 9650094.367625862360001 ], [ 308685.562702552299015, 9650094.367625862360001 ], [ 308685.562702552299015, 9649063.617625862360001 ], [ 307183.362702552345581, 9649063.617625862360001 ] ] ] ] } },
{ "type": "Feature", "properties": { }, "geometry": { "type": "MultiPolygon", "coordinates": [ [ [ [ 308685.562702552357223, 9649063.617625862360001 ], [ 308685.562702552357223, 9650094.367625862360001 ], [ 310187.762702552310657, 9650094.367625862360001 ], [ 310187.762702552310657, 9649063.617625862360001 ], [ 308685.562702552357223, 9649063.617625862360001 ] ] ] ] } },
{ "type": "Feature", "properties": { }, "geometry": { "type": "MultiPolygon", "coordinates": [ [ [ [ 310187.762702552368864, 9649063.617625862360001 ], [ 310187.762702552368864, 9650094.367625862360001 ], [ 311689.962702552322298, 9650094.367625862360001 ], [ 311689.962702552322298, 9649063.617625862360001 ], [ 310187.762702552368864, 9649063.617625862360001 ] ] ] ] } },
{ "type": "Feature", "properties": { }, "geometry": { "type": "MultiPolygon", "coordinates": [ [ [ [ 311689.962702552322298, 9649063.617625862360001 ], [ 311689.962702552322298, 9650094.367625862360001 ], [ 313192.162702552275732, 9650094.367625862360001 ], [ 313192.162702552275732, 9649063.617625862360001 ], [ 311689.962702552322298, 9649063.617625862360001 ] ] ] ] } },
{ "type": "Feature", "properties": { }, "geometry": { "type": "MultiPolygon", "coordinates": [ [ [ [ 313192.16270255233394, 9649063.617625862360001 ], [ 313192.16270255233394, 9650094.367625862360001 ], [ 314694.362702552287374, 9650094.367625862360001 ], [ 314694.362702552287374, 9649063.617625862360001 ], [ 313192.16270255233394, 9649063.617625862360001 ] ] ] ] } },
{ "type": "Feature", "properties": { }, "geometry": { "type": "MultiPolygon", "coordinates": [ [ [ [ 314694.362702552345581, 9649063.617625862360001 ], [ 314694.362702552345581, 9650094.367625862360001 ], [ 316196.562702552299015, 9650094.367625862360001 ], [ 316196.562702552299015, 9649063.617625862360001 ], [ 314694.362702552345581, 9649063.617625862360001 ] ] ] ] } },
{ "type": "Feature", "properties": { }, "geometry": { "type": "MultiPolygon", "coordinates": [ [ [ [ 316196.562702552357223, 9649063.617625862360001 ], [ 316196.562702552357223, 9650094.367625862360001 ], [ 317698.762702552310657, 9650094.367625862360001 ], [ 317698.762702552310657, 9649063.617625862360001 ], [ 316196.562702552357223, 9649063.617625862360001 ] ] ] ] } },
{ "type": "Feature", "properties": { }, "geometry": { "type": "MultiPolygon", "coordinates": [ [ [ [ 317698.762702552368864, 9649063.617625862360001 ], [ 317698.762702552368864, 9650094.367625862360001 ], [ 319200.962702552322298, 9650094.367625862360001 ], [ 319200.962702552322298, 9649063.617625862360001 ], [ 317698.762702552368864, 9649063.617625862360001 ] ] ] ] } },
{ "type": "Feature", "properties": { }, "geometry": { "type": "MultiPolygon", "coordinates": [ [ [ [ 319200.962702552322298, 9649063.617625862360001 ], [ 319200.962702552322298, 9650094.367625862360001 ], [ 320703.162702552275732, 9650094.367625862360001 ], [ 320703.162702552275732, 9649063.617625862360001 ], [ 319200.962702552322298, 9649063.617625862360001 ] ] ] ] } },
{ "type": "Feature", "properties": { }, "geometry": { "type": "MultiPolygon", "coordinates": [ [ [ [ 320703.16270255233394, 9649063.617625862360001 ], [ 320703.16270255233394, 9650094.367625862360001 ], [ 322205.362702552287374, 9650094.367625862360001 ], [ 322205.362702552287374, 9649063.617625862360001 ], [ 320703.16270255233394, 9649063.617625862360001 ] ] ] ] } },
{ "type": "Feature", "properties": { }, "geometry": { "type": "MultiPolygon", "coordinates": [ [ [ [ 322205.362702552345581, 9649063.617625862360001 ], [ 322205.362702552345581, 9650094.367625862360001 ], [ 323707.562702552299015, 9650094.367625862360001 ], [ 323707.562702552299015, 9649063.617625862360001 ], [ 322205.362702552345581, 9649063.617625862360001 ] ] ] ] } },
{ "type": "Feature", "properties": { }, "geometry": { "type": "MultiPolygon", "coordinates": [ [ [ [ 323707.562702552357223, 9649063.617625862360001 ], [ 323707.562702552357223, 9650094.367625862360001 ], [ 325209.762702552310657, 9650094.367625862360001 ], [ 325209.762702552310657, 9649063.617625862360001 ], [ 323707.562702552357223, 9649063.617625862360001 ] ] ] ] } },
{ "type": "Feature", "properties": { }, "geometry": { "type": "MultiPolygon", "coordinates": [ [ [ [ 325209.762702552368864, 9649063.617625862360001 ], [ 325209.762702552368864, 9650094.367625862360001 ], [ 326711.962702552322298, 9650094.367625862360001 ], [ 326711.962702552322298, 9649063.617625862360001 ], [ 325209.762702552368864, 9649063.617625862360001 ] ] ] ] } },
{ "type": "Feature", "properties": { }, "geometry": { "type": "MultiPolygon", "coordinates": [ [ [ [ 326711.962702552322298, 9649063.617625862360001 ], [ 326711.962702552322298, 9650094.367625862360001 ], [ 328214.162702552275732, 9650094.367625862360001 ], [ 328214.162702552275732, 9649063.617625862360001 ], [ 326711.962702552322298, 9649063.617625862360001 ] ] ] ] } },
{ "type": "Feature", "properties": { }, "geometry": { "type": "MultiPolygon", "coordinates": [ [ [ [ 328214.16270255233394, 9649063.617625862360001 ], [ 328214.16270255233394, 9650094.367625862360001 ], [ 329716.362702552287374, 9650094.367625862360001 ], [ 329716.362702552287374, 9649063.617625862360001 ], [ 328214.16270255233394, 9649063.617625862360001 ] ] ] ] } },
{ "type": "Feature", "properties": { }, "geometry": { "type": "MultiPolygon", "coordinates": [ [ [ [ 329716.362702552345581, 9649063.617625862360001 ], [ 329716.362702552345581, 9650094.367625862360001 ], [ 331218.562702552299015, 9650094.367625862360001 ], [ 331218.562702552299015, 9649063.617625862360001 ], [ 329716.362702552345581, 9649063.617625862360001 ] ] ] ] } },
{ "type": "Feature", "properties": { }, "geometry": { "type": "MultiPolygon", "coordinates": [ [ [ [ 331218.562702552357223, 9649063.617625862360001 ], [ 331218.562702552357223, 9650094.367625862360001 ], [ 332720.762702552310657, 9650094.367625862360001 ], [ 332720.762702552310657, 9649063.617625862360001 ], [ 331218.562702552357223, 9649063.617625862360001 ] ] ] ] } },
{ "type": "Feature", "properties": { }, "geometry": { "type": "MultiPolygon", "coordinates": [ [ [ [ 332720.762702552368864, 9649063.617625862360001 ], [ 332720.762702552368864, 9650094.367625862360001 ], [ 334222.962702552322298, 9650094.367625862360001 ], [ 334222.962702552322298, 9649063.617625862360001 ], [ 332720.762702552368864, 9649063.617625862360001 ] ] ] ] } },
{ "type": "Feature", "properties": { }, "geometry": { "type": "MultiPolygon", "coordinates": [ [ [ [ 334222.962702552322298, 9649063.617625862360001 ], [ 334222.962702552322298, 9650094.367625862360001 ], [ 335725.162702552275732, 9650094.367625862360001 ], [ 335725.162702552275732, 9649063.617625862360001 ], [ 334222.962702552322298, 9649063.617625862360001 ] ] ] ] } },
{ "type": "Feature", "properties": { }, "geometry": { "type": "MultiPolygon", "coordinates": [ [ [ [ 335725.16270255233394, 9649063.617625862360001 ], [ 335725.16270255233394, 9650094.367625862360001 ], [ 337227.362702552287374, 9650094.367625862360001 ], [ 337227.362702552287374, 9649063.617625862360001 ], [ 335725.16270255233394, 9649063.617625862360001 ] ] ] ] } },
{ "type": "Feature", "properties": { }, "geometry": { "type": "MultiPolygon", "coordinates": [ [ [ [ 337227.362702552345581, 9649063.617625862360001 ], [ 337227.362702552345581, 9650094.367625862360001 ], [ 338729.562702552299015, 9650094.367625862360001 ], [ 338729.562702552299015, 9649063.617625862360001 ], [ 337227.362702552345581, 9649063.617625862360001 ] ] ] ] } },
{ "type": "Feature", "properties": { }, "geometry": { "type": "MultiPolygon", "coordinates": [ [ [ [ 338729.562702552357223, 9649063.617625862360001 ], [ 338729.562702552357223, 9650094.367625862360001 ], [ 340231.762702552310657, 9650094.367625862360001 ], [ 340231.762702552310657, 9649063.617625862360001 ], [ 338729.562702552357223, 9649063.617625862360001 ] ] ] ] } },
{ "type": "Feature", "properties": { }, "geometry": { "type": "MultiPolygon", "coordinates": [ [ [ [ 340231.762702552368864, 9649063.617625862360001 ], [ 340231.762702552368864, 9650094.367625862360001 ], [ 341733.962702552322298, 9650094.367625862360001 ], [ 341733.962702552322298, 9649063.617625862360001 ], [ 340231.762702552368864, 9649063.617625862360001 ] ] ] ] } },
{ "type": "Feature", "properties": { }, "geometry": { "type": "MultiPolygon", "coordinates": [ [ [ [ 341733.962702552322298, 9649063.617625862360001 ], [ 341733.962702552322298, 9650094.367625862360001 ], [ 343236.162702552275732, 9650094.367625862360001 ], [ 343236.162702552275732, 9649063.617625862360001 ], [ 341733.962702552322298, 9649063.617625862360001 ] ] ] ] } },
{ "type": "Feature", "properties": { }, "geometry": { "type": "MultiPolygon", "coordinates": [ [ [ [ 343236.16270255233394, 9649063.617625862360001 ], [ 343236.16270255233394, 9650094.367625862360001 ], [ 344738.362702552287374, 9650094.367625862360001 ], [ 344738.362702552287374, 9649063.617625862360001 ], [ 343236.16270255233394, 9649063.617625862360001 ] ] ] ] } },
{ "type": "Feature", "properties": { }, "geometry": { "type": "MultiPolygon", "coordinates": [ [ [ [ 344738.362702552345581, 9649063.617625862360001 ], [ 344738.362702552345581, 9650094.367625862360001 ], [ 346240.562702552299015, 9650094.367625862360001 ], [ 346240.562702552299015, 9649063.617625862360001 ], [ 344738.362702552345581, 9649063.617625862360001 ] ] ] ] } },
{ "type": "Feature", "properties": { }, "geometry": { "type": "MultiPolygon", "coordinates": [ [ [ [ 346240.562702552357223, 9649063.617625862360001 ], [ 346240.562702552357223, 9650094.367625862360001 ], [ 347742.762702552310657, 9650094.367625862360001 ], [ 347742.762702552310657, 9649063.617625862360001 ], [ 346240.562702552357223, 9649063.617625862360001 ] ] ] ] } },
{ "type": "Feature", "properties": { }, "geometry": { "type": "MultiPolygon", "coordinates": [ [ [ [ 347742.762702552368864, 9649063.617625862360001 ], [ 347742.762702552368864, 9650094.367625862360001 ], [ 349244.962702552322298, 9650094.367625862360001 ], [ 349244.962702552322298, 9649063.617625862360001 ], [ 347742.762702552368864, 9649063.617625862360001 ] ] ] ] } },
{ "type": "Feature", "properties": { }, "geometry": { "type": "MultiPolygon", "coordinates": [ [ [ [ 349244.962702552322298, 9649063.617625862360001 ], [ 349244.962702552322298, 9650094.367625862360001 ], [ 350747.162702552275732, 9650094.367625862360001 ], [ 350747.162702552275732, 9649063.617625862360001 ], [ 349244.962702552322298, 9649063.617625862360001 ] ] ] ] } },
{ "type": "Feature", "properties": { }, "geometry": { "type": "MultiPolygon", "coordinates": [ [ [ [ 350747.16270255233394, 9649063.617625862360001 ], [ 350747.16270255233394, 9650094.367625862360001 ], [ 352249.362702552287374, 9650094.367625862360001 ], [ 352249.362702552287374, 9649063.617625862360001 ], [ 350747.16270255233394, 9649063.617625862360001 ] ] ] ] } },
{ "type": "Feature", "properties": { }, "geometry": { "type": "MultiPolygon", "coordinates": [ [ [ [ 352249.362702552345581, 9649063.617625862360001 ], [ 352249.362702552345581, 9650094.367625862360001 ], [ 353751.562702552299015, 9650094.367625862360001 ], [ 353751.562702552299015, 9649063.617625862360001 ], [ 352249.362702552345581, 9649063.617625862360001 ] ] ] ] } },
{ "type": "Feature", "properties": { }, "geometry": { "type": "MultiPolygon", "coordinates": [ [ [ [ 353751.562702552357223, 9649063.617625862360001 ], [ 353751.562702552357223, 9650094.367625862360001 ], [ 355253.762702552310657, 9650094.367625862360001 ], [ 355253.762702552310657, 9649063.617625862360001 ], [ 353751.562702552357223, 9649063.617625862360001 ] ] ] ] } },
{ "type": "Feature", "properties": { }, "geometry": { "type": "MultiPolygon", "coordinates": [ [ [ [ 355253.762702552368864, 9649063.617625862360001 ], [ 355253.762702552368864, 9650094.367625862360001 ], [ 356755.962702552322298, 9650094.367625862360001 ], [ 356755.962702552322298, 9649063.617625862360001 ], [ 355253.762702552368864, 9649063.617625862360001 ] ] ] ] } },
{ "type": "Feature", "properties": { }, "geometry": { "type": "MultiPolygon", "coordinates": [ [ [ [ 281645.962702552322298, 9648032.867625862360001 ], [ 281645.962702552322298, 9649063.617625862360001 ], [ 283148.162702552275732, 9649063.617625862360001 ], [ 283148.162702552275732, 9648032.867625862360001 ], [ 281645.962702552322298, 9648032.867625862360001 ] ] ] ] } },
{ "type": "Feature", "properties": { }, "geometry": { "type": "MultiPolygon", "coordinates": [ [ [ [ 283148.16270255233394, 9648032.867625862360001 ], [ 283148.16270255233394, 9649063.617625862360001 ], [ 284650.362702552287374, 9649063.617625862360001 ], [ 284650.362702552287374, 9648032.867625862360001 ], [ 283148.16270255233394, 9648032.867625862360001 ] ] ] ] } },
{ "type": "Feature", "properties": { }, "geometry": { "type": "MultiPolygon", "coordinates": [ [ [ [ 284650.362702552345581, 9648032.867625862360001 ], [ 284650.362702552345581, 9649063.617625862360001 ], [ 286152.562702552299015, 9649063.617625862360001 ], [ 286152.562702552299015, 9648032.867625862360001 ], [ 284650.362702552345581, 9648032.867625862360001 ] ] ] ] } },
{ "type": "Feature", "properties": { }, "geometry": { "type": "MultiPolygon", "coordinates": [ [ [ [ 286152.562702552357223, 9648032.867625862360001 ], [ 286152.562702552357223, 9649063.617625862360001 ], [ 287654.762702552310657, 9649063.617625862360001 ], [ 287654.762702552310657, 9648032.867625862360001 ], [ 286152.562702552357223, 9648032.867625862360001 ] ] ] ] } },
{ "type": "Feature", "properties": { }, "geometry": { "type": "MultiPolygon", "coordinates": [ [ [ [ 287654.762702552368864, 9648032.867625862360001 ], [ 287654.762702552368864, 9649063.617625862360001 ], [ 289156.962702552322298, 9649063.617625862360001 ], [ 289156.962702552322298, 9648032.867625862360001 ], [ 287654.762702552368864, 9648032.867625862360001 ] ] ] ] } },
{ "type": "Feature", "properties": { }, "geometry": { "type": "MultiPolygon", "coordinates": [ [ [ [ 289156.962702552322298, 9648032.867625862360001 ], [ 289156.962702552322298, 9649063.617625862360001 ], [ 290659.162702552275732, 9649063.617625862360001 ], [ 290659.162702552275732, 9648032.867625862360001 ], [ 289156.962702552322298, 9648032.867625862360001 ] ] ] ] } },
{ "type": "Feature", "properties": { }, "geometry": { "type": "MultiPolygon", "coordinates": [ [ [ [ 290659.16270255233394, 9648032.867625862360001 ], [ 290659.16270255233394, 9649063.617625862360001 ], [ 292161.362702552287374, 9649063.617625862360001 ], [ 292161.362702552287374, 9648032.867625862360001 ], [ 290659.16270255233394, 9648032.867625862360001 ] ] ] ] } },
{ "type": "Feature", "properties": { }, "geometry": { "type": "MultiPolygon", "coordinates": [ [ [ [ 292161.362702552345581, 9648032.867625862360001 ], [ 292161.362702552345581, 9649063.617625862360001 ], [ 293663.562702552299015, 9649063.617625862360001 ], [ 293663.562702552299015, 9648032.867625862360001 ], [ 292161.362702552345581, 9648032.867625862360001 ] ] ] ] } },
{ "type": "Feature", "properties": { }, "geometry": { "type": "MultiPolygon", "coordinates": [ [ [ [ 293663.562702552357223, 9648032.867625862360001 ], [ 293663.562702552357223, 9649063.617625862360001 ], [ 295165.762702552310657, 9649063.617625862360001 ], [ 295165.762702552310657, 9648032.867625862360001 ], [ 293663.562702552357223, 9648032.867625862360001 ] ] ] ] } },
{ "type": "Feature", "properties": { }, "geometry": { "type": "MultiPolygon", "coordinates": [ [ [ [ 295165.762702552368864, 9648032.867625862360001 ], [ 295165.762702552368864, 9649063.617625862360001 ], [ 296667.962702552322298, 9649063.617625862360001 ], [ 296667.962702552322298, 9648032.867625862360001 ], [ 295165.762702552368864, 9648032.867625862360001 ] ] ] ] } },
{ "type": "Feature", "properties": { }, "geometry": { "type": "MultiPolygon", "coordinates": [ [ [ [ 296667.962702552322298, 9648032.867625862360001 ], [ 296667.962702552322298, 9649063.617625862360001 ], [ 298170.162702552275732, 9649063.617625862360001 ], [ 298170.162702552275732, 9648032.867625862360001 ], [ 296667.962702552322298, 9648032.867625862360001 ] ] ] ] } },
{ "type": "Feature", "properties": { }, "geometry": { "type": "MultiPolygon", "coordinates": [ [ [ [ 298170.16270255233394, 9648032.867625862360001 ], [ 298170.16270255233394, 9649063.617625862360001 ], [ 299672.362702552287374, 9649063.617625862360001 ], [ 299672.362702552287374, 9648032.867625862360001 ], [ 298170.16270255233394, 9648032.867625862360001 ] ] ] ] } },
{ "type": "Feature", "properties": { }, "geometry": { "type": "MultiPolygon", "coordinates": [ [ [ [ 299672.362702552345581, 9648032.867625862360001 ], [ 299672.362702552345581, 9649063.617625862360001 ], [ 301174.562702552299015, 9649063.617625862360001 ], [ 301174.562702552299015, 9648032.867625862360001 ], [ 299672.362702552345581, 9648032.867625862360001 ] ] ] ] } },
{ "type": "Feature", "properties": { }, "geometry": { "type": "MultiPolygon", "coordinates": [ [ [ [ 301174.562702552357223, 9648032.867625862360001 ], [ 301174.562702552357223, 9649063.617625862360001 ], [ 302676.762702552310657, 9649063.617625862360001 ], [ 302676.762702552310657, 9648032.867625862360001 ], [ 301174.562702552357223, 9648032.867625862360001 ] ] ] ] } },
{ "type": "Feature", "properties": { }, "geometry": { "type": "MultiPolygon", "coordinates": [ [ [ [ 302676.762702552368864, 9648032.867625862360001 ], [ 302676.762702552368864, 9649063.617625862360001 ], [ 304178.962702552322298, 9649063.617625862360001 ], [ 304178.962702552322298, 9648032.867625862360001 ], [ 302676.762702552368864, 9648032.867625862360001 ] ] ] ] } },
{ "type": "Feature", "properties": { }, "geometry": { "type": "MultiPolygon", "coordinates": [ [ [ [ 304178.962702552322298, 9648032.867625862360001 ], [ 304178.962702552322298, 9649063.617625862360001 ], [ 305681.162702552275732, 9649063.617625862360001 ], [ 305681.162702552275732, 9648032.867625862360001 ], [ 304178.962702552322298, 9648032.867625862360001 ] ] ] ] } },
{ "type": "Feature", "properties": { }, "geometry": { "type": "MultiPolygon", "coordinates": [ [ [ [ 305681.16270255233394, 9648032.867625862360001 ], [ 305681.16270255233394, 9649063.617625862360001 ], [ 307183.362702552287374, 9649063.617625862360001 ], [ 307183.362702552287374, 9648032.867625862360001 ], [ 305681.16270255233394, 9648032.867625862360001 ] ] ] ] } },
{ "type": "Feature", "properties": { }, "geometry": { "type": "MultiPolygon", "coordinates": [ [ [ [ 307183.362702552345581, 9648032.867625862360001 ], [ 307183.362702552345581, 9649063.617625862360001 ], [ 308685.562702552299015, 9649063.617625862360001 ], [ 308685.562702552299015, 9648032.867625862360001 ], [ 307183.362702552345581, 9648032.867625862360001 ] ] ] ] } },
{ "type": "Feature", "properties": { }, "geometry": { "type": "MultiPolygon", "coordinates": [ [ [ [ 308685.562702552357223, 9648032.867625862360001 ], [ 308685.562702552357223, 9649063.617625862360001 ], [ 310187.762702552310657, 9649063.617625862360001 ], [ 310187.762702552310657, 9648032.867625862360001 ], [ 308685.562702552357223, 9648032.867625862360001 ] ] ] ] } },
{ "type": "Feature", "properties": { }, "geometry": { "type": "MultiPolygon", "coordinates": [ [ [ [ 310187.762702552368864, 9648032.867625862360001 ], [ 310187.762702552368864, 9649063.617625862360001 ], [ 311689.962702552322298, 9649063.617625862360001 ], [ 311689.962702552322298, 9648032.867625862360001 ], [ 310187.762702552368864, 9648032.867625862360001 ] ] ] ] } },
{ "type": "Feature", "properties": { }, "geometry": { "type": "MultiPolygon", "coordinates": [ [ [ [ 311689.962702552322298, 9648032.867625862360001 ], [ 311689.962702552322298, 9649063.617625862360001 ], [ 313192.162702552275732, 9649063.617625862360001 ], [ 313192.162702552275732, 9648032.867625862360001 ], [ 311689.962702552322298, 9648032.867625862360001 ] ] ] ] } },
{ "type": "Feature", "properties": { }, "geometry": { "type": "MultiPolygon", "coordinates": [ [ [ [ 313192.16270255233394, 9648032.867625862360001 ], [ 313192.16270255233394, 9649063.617625862360001 ], [ 314694.362702552287374, 9649063.617625862360001 ], [ 314694.362702552287374, 9648032.867625862360001 ], [ 313192.16270255233394, 9648032.867625862360001 ] ] ] ] } },
{ "type": "Feature", "properties": { }, "geometry": { "type": "MultiPolygon", "coordinates": [ [ [ [ 314694.362702552345581, 9648032.867625862360001 ], [ 314694.362702552345581, 9649063.617625862360001 ], [ 316196.562702552299015, 9649063.617625862360001 ], [ 316196.562702552299015, 9648032.867625862360001 ], [ 314694.362702552345581, 9648032.867625862360001 ] ] ] ] } },
{ "type": "Feature", "properties": { }, "geometry": { "type": "MultiPolygon", "coordinates": [ [ [ [ 316196.562702552357223, 9648032.867625862360001 ], [ 316196.562702552357223, 9649063.617625862360001 ], [ 317698.762702552310657, 9649063.617625862360001 ], [ 317698.762702552310657, 9648032.867625862360001 ], [ 316196.562702552357223, 9648032.867625862360001 ] ] ] ] } },
{ "type": "Feature", "properties": { }, "geometry": { "type": "MultiPolygon", "coordinates": [ [ [ [ 317698.762702552368864, 9648032.867625862360001 ], [ 317698.762702552368864, 9649063.617625862360001 ], [ 319200.962702552322298, 9649063.617625862360001 ], [ 319200.962702552322298, 9648032.867625862360001 ], [ 317698.762702552368864, 9648032.867625862360001 ] ] ] ] } },
{ "type": "Feature", "properties": { }, "geometry": { "type": "MultiPolygon", "coordinates": [ [ [ [ 319200.962702552322298, 9648032.867625862360001 ], [ 319200.962702552322298, 9649063.617625862360001 ], [ 320703.162702552275732, 9649063.617625862360001 ], [ 320703.162702552275732, 9648032.867625862360001 ], [ 319200.962702552322298, 9648032.867625862360001 ] ] ] ] } },
{ "type": "Feature", "properties": { }, "geometry": { "type": "MultiPolygon", "coordinates": [ [ [ [ 320703.16270255233394, 9648032.867625862360001 ], [ 320703.16270255233394, 9649063.617625862360001 ], [ 322205.362702552287374, 9649063.617625862360001 ], [ 322205.362702552287374, 9648032.867625862360001 ], [ 320703.16270255233394, 9648032.867625862360001 ] ] ] ] } },
{ "type": "Feature", "properties": { }, "geometry": { "type": "MultiPolygon", "coordinates": [ [ [ [ 322205.362702552345581, 9648032.867625862360001 ], [ 322205.362702552345581, 9649063.617625862360001 ], [ 323707.562702552299015, 9649063.617625862360001 ], [ 323707.562702552299015, 9648032.867625862360001 ], [ 322205.362702552345581, 9648032.867625862360001 ] ] ] ] } },
{ "type": "Feature", "properties": { }, "geometry": { "type": "MultiPolygon", "coordinates": [ [ [ [ 323707.562702552357223, 9648032.867625862360001 ], [ 323707.562702552357223, 9649063.617625862360001 ], [ 325209.762702552310657, 9649063.617625862360001 ], [ 325209.762702552310657, 9648032.867625862360001 ], [ 323707.562702552357223, 9648032.867625862360001 ] ] ] ] } },
{ "type": "Feature", "properties": { }, "geometry": { "type": "MultiPolygon", "coordinates": [ [ [ [ 325209.762702552368864, 9648032.867625862360001 ], [ 325209.762702552368864, 9649063.617625862360001 ], [ 326711.962702552322298, 9649063.617625862360001 ], [ 326711.962702552322298, 9648032.867625862360001 ], [ 325209.762702552368864, 9648032.867625862360001 ] ] ] ] } },
{ "type": "Feature", "properties": { }, "geometry": { "type": "MultiPolygon", "coordinates": [ [ [ [ 326711.962702552322298, 9648032.867625862360001 ], [ 326711.962702552322298, 9649063.617625862360001 ], [ 328214.162702552275732, 9649063.617625862360001 ], [ 328214.162702552275732, 9648032.867625862360001 ], [ 326711.962702552322298, 9648032.867625862360001 ] ] ] ] } },
{ "type": "Feature", "properties": { }, "geometry": { "type": "MultiPolygon", "coordinates": [ [ [ [ 328214.16270255233394, 9648032.867625862360001 ], [ 328214.16270255233394, 9649063.617625862360001 ], [ 329716.362702552287374, 9649063.617625862360001 ], [ 329716.362702552287374, 9648032.867625862360001 ], [ 328214.16270255233394, 9648032.867625862360001 ] ] ] ] } },
{ "type": "Feature", "properties": { }, "geometry": { "type": "MultiPolygon", "coordinates": [ [ [ [ 329716.362702552345581, 9648032.867625862360001 ], [ 329716.362702552345581, 9649063.617625862360001 ], [ 331218.562702552299015, 9649063.617625862360001 ], [ 331218.562702552299015, 9648032.867625862360001 ], [ 329716.362702552345581, 9648032.867625862360001 ] ] ] ] } },
{ "type": "Feature", "properties": { }, "geometry": { "type": "MultiPolygon", "coordinates": [ [ [ [ 331218.562702552357223, 9648032.867625862360001 ], [ 331218.562702552357223, 9649063.617625862360001 ], [ 332720.762702552310657, 9649063.617625862360001 ], [ 332720.762702552310657, 9648032.867625862360001 ], [ 331218.562702552357223, 9648032.867625862360001 ] ] ] ] } },
{ "type": "Feature", "properties": { }, "geometry": { "type": "MultiPolygon", "coordinates": [ [ [ [ 332720.762702552368864, 9648032.867625862360001 ], [ 332720.762702552368864, 9649063.617625862360001 ], [ 334222.962702552322298, 9649063.617625862360001 ], [ 334222.962702552322298, 9648032.867625862360001 ], [ 332720.762702552368864, 9648032.867625862360001 ] ] ] ] } },
{ "type": "Feature", "properties": { }, "geometry": { "type": "MultiPolygon", "coordinates": [ [ [ [ 334222.962702552322298, 9648032.867625862360001 ], [ 334222.962702552322298, 9649063.617625862360001 ], [ 335725.162702552275732, 9649063.617625862360001 ], [ 335725.162702552275732, 9648032.867625862360001 ], [ 334222.962702552322298, 9648032.867625862360001 ] ] ] ] } },
{ "type": "Feature", "properties": { }, "geometry": { "type": "MultiPolygon", "coordinates": [ [ [ [ 335725.16270255233394, 9648032.867625862360001 ], [ 335725.16270255233394, 9649063.617625862360001 ], [ 337227.362702552287374, 9649063.617625862360001 ], [ 337227.362702552287374, 9648032.867625862360001 ], [ 335725.16270255233394, 9648032.867625862360001 ] ] ] ] } },
{ "type": "Feature", "properties": { }, "geometry": { "type": "MultiPolygon", "coordinates": [ [ [ [ 337227.362702552345581, 9648032.867625862360001 ], [ 337227.362702552345581, 9649063.617625862360001 ], [ 338729.562702552299015, 9649063.617625862360001 ], [ 338729.562702552299015, 9648032.867625862360001 ], [ 337227.362702552345581, 9648032.867625862360001 ] ] ] ] } },
{ "type": "Feature", "properties": { }, "geometry": { "type": "MultiPolygon", "coordinates": [ [ [ [ 338729.562702552357223, 9648032.867625862360001 ], [ 338729.562702552357223, 9649063.617625862360001 ], [ 340231.762702552310657, 9649063.617625862360001 ], [ 340231.762702552310657, 9648032.867625862360001 ], [ 338729.562702552357223, 9648032.867625862360001 ] ] ] ] } },
{ "type": "Feature", "properties": { }, "geometry": { "type": "MultiPolygon", "coordinates": [ [ [ [ 340231.762702552368864, 9648032.867625862360001 ], [ 340231.762702552368864, 9649063.617625862360001 ], [ 341733.962702552322298, 9649063.617625862360001 ], [ 341733.962702552322298, 9648032.867625862360001 ], [ 340231.762702552368864, 9648032.867625862360001 ] ] ] ] } },
{ "type": "Feature", "properties": { }, "geometry": { "type": "MultiPolygon", "coordinates": [ [ [ [ 341733.962702552322298, 9648032.867625862360001 ], [ 341733.962702552322298, 9649063.617625862360001 ], [ 343236.162702552275732, 9649063.617625862360001 ], [ 343236.162702552275732, 9648032.867625862360001 ], [ 341733.962702552322298, 9648032.867625862360001 ] ] ] ] } },
{ "type": "Feature", "properties": { }, "geometry": { "type": "MultiPolygon", "coordinates": [ [ [ [ 343236.16270255233394, 9648032.867625862360001 ], [ 343236.16270255233394, 9649063.617625862360001 ], [ 344738.362702552287374, 9649063.617625862360001 ], [ 344738.362702552287374, 9648032.867625862360001 ], [ 343236.16270255233394, 9648032.867625862360001 ] ] ] ] } },
{ "type": "Feature", "properties": { }, "geometry": { "type": "MultiPolygon", "coordinates": [ [ [ [ 344738.362702552345581, 9648032.867625862360001 ], [ 344738.362702552345581, 9649063.617625862360001 ], [ 346240.562702552299015, 9649063.617625862360001 ], [ 346240.562702552299015, 9648032.867625862360001 ], [ 344738.362702552345581, 9648032.867625862360001 ] ] ] ] } },
{ "type": "Feature", "properties": { }, "geometry": { "type": "MultiPolygon", "coordinates": [ [ [ [ 346240.562702552357223, 9648032.867625862360001 ], [ 346240.562702552357223, 9649063.617625862360001 ], [ 347742.762702552310657, 9649063.617625862360001 ], [ 347742.762702552310657, 9648032.867625862360001 ], [ 346240.562702552357223, 9648032.867625862360001 ] ] ] ] } },
{ "type": "Feature", "properties": { }, "geometry": { "type": "MultiPolygon", "coordinates": [ [ [ [ 347742.762702552368864, 9648032.867625862360001 ], [ 347742.762702552368864, 9649063.617625862360001 ], [ 349244.962702552322298, 9649063.617625862360001 ], [ 349244.962702552322298, 9648032.867625862360001 ], [ 347742.762702552368864, 9648032.867625862360001 ] ] ] ] } },
{ "type": "Feature", "properties": { }, "geometry": { "type": "MultiPolygon", "coordinates": [ [ [ [ 349244.962702552322298, 9648032.867625862360001 ], [ 349244.962702552322298, 9649063.617625862360001 ], [ 350747.162702552275732, 9649063.617625862360001 ], [ 350747.162702552275732, 9648032.867625862360001 ], [ 349244.962702552322298, 9648032.867625862360001 ] ] ] ] } },
{ "type": "Feature", "properties": { }, "geometry": { "type": "MultiPolygon", "coordinates": [ [ [ [ 350747.16270255233394, 9648032.867625862360001 ], [ 350747.16270255233394, 9649063.617625862360001 ], [ 352249.362702552287374, 9649063.617625862360001 ], [ 352249.362702552287374, 9648032.867625862360001 ], [ 350747.16270255233394, 9648032.867625862360001 ] ] ] ] } },
{ "type": "Feature", "properties": { }, "geometry": { "type": "MultiPolygon", "coordinates": [ [ [ [ 352249.362702552345581, 9648032.867625862360001 ], [ 352249.362702552345581, 9649063.617625862360001 ], [ 353751.562702552299015, 9649063.617625862360001 ], [ 353751.562702552299015, 9648032.867625862360001 ], [ 352249.362702552345581, 9648032.867625862360001 ] ] ] ] } },
{ "type": "Feature", "properties": { }, "geometry": { "type": "MultiPolygon", "coordinates": [ [ [ [ 353751.562702552357223, 9648032.867625862360001 ], [ 353751.562702552357223, 9649063.617625862360001 ], [ 355253.762702552310657, 9649063.617625862360001 ], [ 355253.762702552310657, 9648032.867625862360001 ], [ 353751.562702552357223, 9648032.867625862360001 ] ] ] ] } },
{ "type": "Feature", "properties": { }, "geometry": { "type": "MultiPolygon", "coordinates": [ [ [ [ 355253.762702552368864, 9648032.867625862360001 ], [ 355253.762702552368864, 9649063.617625862360001 ], [ 356755.962702552322298, 9649063.617625862360001 ], [ 356755.962702552322298, 9648032.867625862360001 ], [ 355253.762702552368864, 9648032.867625862360001 ] ] ] ] } },
{ "type": "Feature", "properties": { }, "geometry": { "type": "MultiPolygon", "coordinates": [ [ [ [ 281645.962702552322298, 9647002.117625862360001 ], [ 281645.962702552322298, 9648032.867625862360001 ], [ 283148.162702552275732, 9648032.867625862360001 ], [ 283148.162702552275732, 9647002.117625862360001 ], [ 281645.962702552322298, 9647002.117625862360001 ] ] ] ] } },
{ "type": "Feature", "properties": { }, "geometry": { "type": "MultiPolygon", "coordinates": [ [ [ [ 283148.16270255233394, 9647002.117625862360001 ], [ 283148.16270255233394, 9648032.867625862360001 ], [ 284650.362702552287374, 9648032.867625862360001 ], [ 284650.362702552287374, 9647002.117625862360001 ], [ 283148.16270255233394, 9647002.117625862360001 ] ] ] ] } },
{ "type": "Feature", "properties": { }, "geometry": { "type": "MultiPolygon", "coordinates": [ [ [ [ 284650.362702552345581, 9647002.117625862360001 ], [ 284650.362702552345581, 9648032.867625862360001 ], [ 286152.562702552299015, 9648032.867625862360001 ], [ 286152.562702552299015, 9647002.117625862360001 ], [ 284650.362702552345581, 9647002.117625862360001 ] ] ] ] } },
{ "type": "Feature", "properties": { }, "geometry": { "type": "MultiPolygon", "coordinates": [ [ [ [ 286152.562702552357223, 9647002.117625862360001 ], [ 286152.562702552357223, 9648032.867625862360001 ], [ 287654.762702552310657, 9648032.867625862360001 ], [ 287654.762702552310657, 9647002.117625862360001 ], [ 286152.562702552357223, 9647002.117625862360001 ] ] ] ] } },
{ "type": "Feature", "properties": { }, "geometry": { "type": "MultiPolygon", "coordinates": [ [ [ [ 287654.762702552368864, 9647002.117625862360001 ], [ 287654.762702552368864, 9648032.867625862360001 ], [ 289156.962702552322298, 9648032.867625862360001 ], [ 289156.962702552322298, 9647002.117625862360001 ], [ 287654.762702552368864, 9647002.117625862360001 ] ] ] ] } },
{ "type": "Feature", "properties": { }, "geometry": { "type": "MultiPolygon", "coordinates": [ [ [ [ 289156.962702552322298, 9647002.117625862360001 ], [ 289156.962702552322298, 9648032.867625862360001 ], [ 290659.162702552275732, 9648032.867625862360001 ], [ 290659.162702552275732, 9647002.117625862360001 ], [ 289156.962702552322298, 9647002.117625862360001 ] ] ] ] } },
{ "type": "Feature", "properties": { }, "geometry": { "type": "MultiPolygon", "coordinates": [ [ [ [ 290659.16270255233394, 9647002.117625862360001 ], [ 290659.16270255233394, 9648032.867625862360001 ], [ 292161.362702552287374, 9648032.867625862360001 ], [ 292161.362702552287374, 9647002.117625862360001 ], [ 290659.16270255233394, 9647002.117625862360001 ] ] ] ] } },
{ "type": "Feature", "properties": { }, "geometry": { "type": "MultiPolygon", "coordinates": [ [ [ [ 292161.362702552345581, 9647002.117625862360001 ], [ 292161.362702552345581, 9648032.867625862360001 ], [ 293663.562702552299015, 9648032.867625862360001 ], [ 293663.562702552299015, 9647002.117625862360001 ], [ 292161.362702552345581, 9647002.117625862360001 ] ] ] ] } },
{ "type": "Feature", "properties": { }, "geometry": { "type": "MultiPolygon", "coordinates": [ [ [ [ 293663.562702552357223, 9647002.117625862360001 ], [ 293663.562702552357223, 9648032.867625862360001 ], [ 295165.762702552310657, 9648032.867625862360001 ], [ 295165.762702552310657, 9647002.117625862360001 ], [ 293663.562702552357223, 9647002.117625862360001 ] ] ] ] } },
{ "type": "Feature", "properties": { }, "geometry": { "type": "MultiPolygon", "coordinates": [ [ [ [ 295165.762702552368864, 9647002.117625862360001 ], [ 295165.762702552368864, 9648032.867625862360001 ], [ 296667.962702552322298, 9648032.867625862360001 ], [ 296667.962702552322298, 9647002.117625862360001 ], [ 295165.762702552368864, 9647002.117625862360001 ] ] ] ] } },
{ "type": "Feature", "properties": { }, "geometry": { "type": "MultiPolygon", "coordinates": [ [ [ [ 296667.962702552322298, 9647002.117625862360001 ], [ 296667.962702552322298, 9648032.867625862360001 ], [ 298170.162702552275732, 9648032.867625862360001 ], [ 298170.162702552275732, 9647002.117625862360001 ], [ 296667.962702552322298, 9647002.117625862360001 ] ] ] ] } },
{ "type": "Feature", "properties": { }, "geometry": { "type": "MultiPolygon", "coordinates": [ [ [ [ 298170.16270255233394, 9647002.117625862360001 ], [ 298170.16270255233394, 9648032.867625862360001 ], [ 299672.362702552287374, 9648032.867625862360001 ], [ 299672.362702552287374, 9647002.117625862360001 ], [ 298170.16270255233394, 9647002.117625862360001 ] ] ] ] } },
{ "type": "Feature", "properties": { }, "geometry": { "type": "MultiPolygon", "coordinates": [ [ [ [ 299672.362702552345581, 9647002.117625862360001 ], [ 299672.362702552345581, 9648032.867625862360001 ], [ 301174.562702552299015, 9648032.867625862360001 ], [ 301174.562702552299015, 9647002.117625862360001 ], [ 299672.362702552345581, 9647002.117625862360001 ] ] ] ] } },
{ "type": "Feature", "properties": { }, "geometry": { "type": "MultiPolygon", "coordinates": [ [ [ [ 301174.562702552357223, 9647002.117625862360001 ], [ 301174.562702552357223, 9648032.867625862360001 ], [ 302676.762702552310657, 9648032.867625862360001 ], [ 302676.762702552310657, 9647002.117625862360001 ], [ 301174.562702552357223, 9647002.117625862360001 ] ] ] ] } },
{ "type": "Feature", "properties": { }, "geometry": { "type": "MultiPolygon", "coordinates": [ [ [ [ 302676.762702552368864, 9647002.117625862360001 ], [ 302676.762702552368864, 9648032.867625862360001 ], [ 304178.962702552322298, 9648032.867625862360001 ], [ 304178.962702552322298, 9647002.117625862360001 ], [ 302676.762702552368864, 9647002.117625862360001 ] ] ] ] } },
{ "type": "Feature", "properties": { }, "geometry": { "type": "MultiPolygon", "coordinates": [ [ [ [ 304178.962702552322298, 9647002.117625862360001 ], [ 304178.962702552322298, 9648032.867625862360001 ], [ 305681.162702552275732, 9648032.867625862360001 ], [ 305681.162702552275732, 9647002.117625862360001 ], [ 304178.962702552322298, 9647002.117625862360001 ] ] ] ] } },
{ "type": "Feature", "properties": { }, "geometry": { "type": "MultiPolygon", "coordinates": [ [ [ [ 305681.16270255233394, 9647002.117625862360001 ], [ 305681.16270255233394, 9648032.867625862360001 ], [ 307183.362702552287374, 9648032.867625862360001 ], [ 307183.362702552287374, 9647002.117625862360001 ], [ 305681.16270255233394, 9647002.117625862360001 ] ] ] ] } },
{ "type": "Feature", "properties": { }, "geometry": { "type": "MultiPolygon", "coordinates": [ [ [ [ 307183.362702552345581, 9647002.117625862360001 ], [ 307183.362702552345581, 9648032.867625862360001 ], [ 308685.562702552299015, 9648032.867625862360001 ], [ 308685.562702552299015, 9647002.117625862360001 ], [ 307183.362702552345581, 9647002.117625862360001 ] ] ] ] } },
{ "type": "Feature", "properties": { }, "geometry": { "type": "MultiPolygon", "coordinates": [ [ [ [ 308685.562702552357223, 9647002.117625862360001 ], [ 308685.562702552357223, 9648032.867625862360001 ], [ 310187.762702552310657, 9648032.867625862360001 ], [ 310187.762702552310657, 9647002.117625862360001 ], [ 308685.562702552357223, 9647002.117625862360001 ] ] ] ] } },
{ "type": "Feature", "properties": { }, "geometry": { "type": "MultiPolygon", "coordinates": [ [ [ [ 310187.762702552368864, 9647002.117625862360001 ], [ 310187.762702552368864, 9648032.867625862360001 ], [ 311689.962702552322298, 9648032.867625862360001 ], [ 311689.962702552322298, 9647002.117625862360001 ], [ 310187.762702552368864, 9647002.117625862360001 ] ] ] ] } },
{ "type": "Feature", "properties": { }, "geometry": { "type": "MultiPolygon", "coordinates": [ [ [ [ 311689.962702552322298, 9647002.117625862360001 ], [ 311689.962702552322298, 9648032.867625862360001 ], [ 313192.162702552275732, 9648032.867625862360001 ], [ 313192.162702552275732, 9647002.117625862360001 ], [ 311689.962702552322298, 9647002.117625862360001 ] ] ] ] } },
{ "type": "Feature", "properties": { }, "geometry": { "type": "MultiPolygon", "coordinates": [ [ [ [ 313192.16270255233394, 9647002.117625862360001 ], [ 313192.16270255233394, 9648032.867625862360001 ], [ 314694.362702552287374, 9648032.867625862360001 ], [ 314694.362702552287374, 9647002.117625862360001 ], [ 313192.16270255233394, 9647002.117625862360001 ] ] ] ] } },
{ "type": "Feature", "properties": { }, "geometry": { "type": "MultiPolygon", "coordinates": [ [ [ [ 314694.362702552345581, 9647002.117625862360001 ], [ 314694.362702552345581, 9648032.867625862360001 ], [ 316196.562702552299015, 9648032.867625862360001 ], [ 316196.562702552299015, 9647002.117625862360001 ], [ 314694.362702552345581, 9647002.117625862360001 ] ] ] ] } },
{ "type": "Feature", "properties": { }, "geometry": { "type": "MultiPolygon", "coordinates": [ [ [ [ 316196.562702552357223, 9647002.117625862360001 ], [ 316196.562702552357223, 9648032.867625862360001 ], [ 317698.762702552310657, 9648032.867625862360001 ], [ 317698.762702552310657, 9647002.117625862360001 ], [ 316196.562702552357223, 9647002.117625862360001 ] ] ] ] } },
{ "type": "Feature", "properties": { }, "geometry": { "type": "MultiPolygon", "coordinates": [ [ [ [ 317698.762702552368864, 9647002.117625862360001 ], [ 317698.762702552368864, 9648032.867625862360001 ], [ 319200.962702552322298, 9648032.867625862360001 ], [ 319200.962702552322298, 9647002.117625862360001 ], [ 317698.762702552368864, 9647002.117625862360001 ] ] ] ] } },
{ "type": "Feature", "properties": { }, "geometry": { "type": "MultiPolygon", "coordinates": [ [ [ [ 319200.962702552322298, 9647002.117625862360001 ], [ 319200.962702552322298, 9648032.867625862360001 ], [ 320703.162702552275732, 9648032.867625862360001 ], [ 320703.162702552275732, 9647002.117625862360001 ], [ 319200.962702552322298, 9647002.117625862360001 ] ] ] ] } },
{ "type": "Feature", "properties": { }, "geometry": { "type": "MultiPolygon", "coordinates": [ [ [ [ 320703.16270255233394, 9647002.117625862360001 ], [ 320703.16270255233394, 9648032.867625862360001 ], [ 322205.362702552287374, 9648032.867625862360001 ], [ 322205.362702552287374, 9647002.117625862360001 ], [ 320703.16270255233394, 9647002.117625862360001 ] ] ] ] } },
{ "type": "Feature", "properties": { }, "geometry": { "type": "MultiPolygon", "coordinates": [ [ [ [ 322205.362702552345581, 9647002.117625862360001 ], [ 322205.362702552345581, 9648032.867625862360001 ], [ 323707.562702552299015, 9648032.867625862360001 ], [ 323707.562702552299015, 9647002.117625862360001 ], [ 322205.362702552345581, 9647002.117625862360001 ] ] ] ] } },
{ "type": "Feature", "properties": { }, "geometry": { "type": "MultiPolygon", "coordinates": [ [ [ [ 323707.562702552357223, 9647002.117625862360001 ], [ 323707.562702552357223, 9648032.867625862360001 ], [ 325209.762702552310657, 9648032.867625862360001 ], [ 325209.762702552310657, 9647002.117625862360001 ], [ 323707.562702552357223, 9647002.117625862360001 ] ] ] ] } },
{ "type": "Feature", "properties": { }, "geometry": { "type": "MultiPolygon", "coordinates": [ [ [ [ 325209.762702552368864, 9647002.117625862360001 ], [ 325209.762702552368864, 9648032.867625862360001 ], [ 326711.962702552322298, 9648032.867625862360001 ], [ 326711.962702552322298, 9647002.117625862360001 ], [ 325209.762702552368864, 9647002.117625862360001 ] ] ] ] } },
{ "type": "Feature", "properties": { }, "geometry": { "type": "MultiPolygon", "coordinates": [ [ [ [ 326711.962702552322298, 9647002.117625862360001 ], [ 326711.962702552322298, 9648032.867625862360001 ], [ 328214.162702552275732, 9648032.867625862360001 ], [ 328214.162702552275732, 9647002.117625862360001 ], [ 326711.962702552322298, 9647002.117625862360001 ] ] ] ] } },
{ "type": "Feature", "properties": { }, "geometry": { "type": "MultiPolygon", "coordinates": [ [ [ [ 328214.16270255233394, 9647002.117625862360001 ], [ 328214.16270255233394, 9648032.867625862360001 ], [ 329716.362702552287374, 9648032.867625862360001 ], [ 329716.362702552287374, 9647002.117625862360001 ], [ 328214.16270255233394, 9647002.117625862360001 ] ] ] ] } },
{ "type": "Feature", "properties": { }, "geometry": { "type": "MultiPolygon", "coordinates": [ [ [ [ 329716.362702552345581, 9647002.117625862360001 ], [ 329716.362702552345581, 9648032.867625862360001 ], [ 331218.562702552299015, 9648032.867625862360001 ], [ 331218.562702552299015, 9647002.117625862360001 ], [ 329716.362702552345581, 9647002.117625862360001 ] ] ] ] } },
{ "type": "Feature", "properties": { }, "geometry": { "type": "MultiPolygon", "coordinates": [ [ [ [ 331218.562702552357223, 9647002.117625862360001 ], [ 331218.562702552357223, 9648032.867625862360001 ], [ 332720.762702552310657, 9648032.867625862360001 ], [ 332720.762702552310657, 9647002.117625862360001 ], [ 331218.562702552357223, 9647002.117625862360001 ] ] ] ] } },
{ "type": "Feature", "properties": { }, "geometry": { "type": "MultiPolygon", "coordinates": [ [ [ [ 332720.762702552368864, 9647002.117625862360001 ], [ 332720.762702552368864, 9648032.867625862360001 ], [ 334222.962702552322298, 9648032.867625862360001 ], [ 334222.962702552322298, 9647002.117625862360001 ], [ 332720.762702552368864, 9647002.117625862360001 ] ] ] ] } },
{ "type": "Feature", "properties": { }, "geometry": { "type": "MultiPolygon", "coordinates": [ [ [ [ 334222.962702552322298, 9647002.117625862360001 ], [ 334222.962702552322298, 9648032.867625862360001 ], [ 335725.162702552275732, 9648032.867625862360001 ], [ 335725.162702552275732, 9647002.117625862360001 ], [ 334222.962702552322298, 9647002.117625862360001 ] ] ] ] } },
{ "type": "Feature", "properties": { }, "geometry": { "type": "MultiPolygon", "coordinates": [ [ [ [ 335725.16270255233394, 9647002.117625862360001 ], [ 335725.16270255233394, 9648032.867625862360001 ], [ 337227.362702552287374, 9648032.867625862360001 ], [ 337227.362702552287374, 9647002.117625862360001 ], [ 335725.16270255233394, 9647002.117625862360001 ] ] ] ] } },
{ "type": "Feature", "properties": { }, "geometry": { "type": "MultiPolygon", "coordinates": [ [ [ [ 337227.362702552345581, 9647002.117625862360001 ], [ 337227.362702552345581, 9648032.867625862360001 ], [ 338729.562702552299015, 9648032.867625862360001 ], [ 338729.562702552299015, 9647002.117625862360001 ], [ 337227.362702552345581, 9647002.117625862360001 ] ] ] ] } },
{ "type": "Feature", "properties": { }, "geometry": { "type": "MultiPolygon", "coordinates": [ [ [ [ 338729.562702552357223, 9647002.117625862360001 ], [ 338729.562702552357223, 9648032.867625862360001 ], [ 340231.762702552310657, 9648032.867625862360001 ], [ 340231.762702552310657, 9647002.117625862360001 ], [ 338729.562702552357223, 9647002.117625862360001 ] ] ] ] } },
{ "type": "Feature", "properties": { }, "geometry": { "type": "MultiPolygon", "coordinates": [ [ [ [ 340231.762702552368864, 9647002.117625862360001 ], [ 340231.762702552368864, 9648032.867625862360001 ], [ 341733.962702552322298, 9648032.867625862360001 ], [ 341733.962702552322298, 9647002.117625862360001 ], [ 340231.762702552368864, 9647002.117625862360001 ] ] ] ] } },
{ "type": "Feature", "properties": { }, "geometry": { "type": "MultiPolygon", "coordinates": [ [ [ [ 341733.962702552322298, 9647002.117625862360001 ], [ 341733.962702552322298, 9648032.867625862360001 ], [ 343236.162702552275732, 9648032.867625862360001 ], [ 343236.162702552275732, 9647002.117625862360001 ], [ 341733.962702552322298, 9647002.117625862360001 ] ] ] ] } },
{ "type": "Feature", "properties": { }, "geometry": { "type": "MultiPolygon", "coordinates": [ [ [ [ 343236.16270255233394, 9647002.117625862360001 ], [ 343236.16270255233394, 9648032.867625862360001 ], [ 344738.362702552287374, 9648032.867625862360001 ], [ 344738.362702552287374, 9647002.117625862360001 ], [ 343236.16270255233394, 9647002.117625862360001 ] ] ] ] } },
{ "type": "Feature", "properties": { }, "geometry": { "type": "MultiPolygon", "coordinates": [ [ [ [ 344738.362702552345581, 9647002.117625862360001 ], [ 344738.362702552345581, 9648032.867625862360001 ], [ 346240.562702552299015, 9648032.867625862360001 ], [ 346240.562702552299015, 9647002.117625862360001 ], [ 344738.362702552345581, 9647002.117625862360001 ] ] ] ] } },
{ "type": "Feature", "properties": { }, "geometry": { "type": "MultiPolygon", "coordinates": [ [ [ [ 346240.562702552357223, 9647002.117625862360001 ], [ 346240.562702552357223, 9648032.867625862360001 ], [ 347742.762702552310657, 9648032.867625862360001 ], [ 347742.762702552310657, 9647002.117625862360001 ], [ 346240.562702552357223, 9647002.117625862360001 ] ] ] ] } },
{ "type": "Feature", "properties": { }, "geometry": { "type": "MultiPolygon", "coordinates": [ [ [ [ 347742.762702552368864, 9647002.117625862360001 ], [ 347742.762702552368864, 9648032.867625862360001 ], [ 349244.962702552322298, 9648032.867625862360001 ], [ 349244.962702552322298, 9647002.117625862360001 ], [ 347742.762702552368864, 9647002.117625862360001 ] ] ] ] } },
{ "type": "Feature", "properties": { }, "geometry": { "type": "MultiPolygon", "coordinates": [ [ [ [ 349244.962702552322298, 9647002.117625862360001 ], [ 349244.962702552322298, 9648032.867625862360001 ], [ 350747.162702552275732, 9648032.867625862360001 ], [ 350747.162702552275732, 9647002.117625862360001 ], [ 349244.962702552322298, 9647002.117625862360001 ] ] ] ] } },
{ "type": "Feature", "properties": { }, "geometry": { "type": "MultiPolygon", "coordinates": [ [ [ [ 350747.16270255233394, 9647002.117625862360001 ], [ 350747.16270255233394, 9648032.867625862360001 ], [ 352249.362702552287374, 9648032.867625862360001 ], [ 352249.362702552287374, 9647002.117625862360001 ], [ 350747.16270255233394, 9647002.117625862360001 ] ] ] ] } },
{ "type": "Feature", "properties": { }, "geometry": { "type": "MultiPolygon", "coordinates": [ [ [ [ 352249.362702552345581, 9647002.117625862360001 ], [ 352249.362702552345581, 9648032.867625862360001 ], [ 353751.562702552299015, 9648032.867625862360001 ], [ 353751.562702552299015, 9647002.117625862360001 ], [ 352249.362702552345581, 9647002.117625862360001 ] ] ] ] } },
{ "type": "Feature", "properties": { }, "geometry": { "type": "MultiPolygon", "coordinates": [ [ [ [ 353751.562702552357223, 9647002.117625862360001 ], [ 353751.562702552357223, 9648032.867625862360001 ], [ 355253.762702552310657, 9648032.867625862360001 ], [ 355253.762702552310657, 9647002.117625862360001 ], [ 353751.562702552357223, 9647002.117625862360001 ] ] ] ] } },
{ "type": "Feature", "properties": { }, "geometry": { "type": "MultiPolygon", "coordinates": [ [ [ [ 355253.762702552368864, 9647002.117625862360001 ], [ 355253.762702552368864, 9648032.867625862360001 ], [ 356755.962702552322298, 9648032.867625862360001 ], [ 356755.962702552322298, 9647002.117625862360001 ], [ 355253.762702552368864, 9647002.117625862360001 ] ] ] ] } },
{ "type": "Feature", "properties": { }, "geometry": { "type": "MultiPolygon", "coordinates": [ [ [ [ 281645.962702552322298, 9645971.367625862360001 ], [ 281645.962702552322298, 9647002.117625862360001 ], [ 283148.162702552275732, 9647002.117625862360001 ], [ 283148.162702552275732, 9645971.367625862360001 ], [ 281645.962702552322298, 9645971.367625862360001 ] ] ] ] } },
{ "type": "Feature", "properties": { }, "geometry": { "type": "MultiPolygon", "coordinates": [ [ [ [ 283148.16270255233394, 9645971.367625862360001 ], [ 283148.16270255233394, 9647002.117625862360001 ], [ 284650.362702552287374, 9647002.117625862360001 ], [ 284650.362702552287374, 9645971.367625862360001 ], [ 283148.16270255233394, 9645971.367625862360001 ] ] ] ] } },
{ "type": "Feature", "properties": { }, "geometry": { "type": "MultiPolygon", "coordinates": [ [ [ [ 284650.362702552345581, 9645971.367625862360001 ], [ 284650.362702552345581, 9647002.117625862360001 ], [ 286152.562702552299015, 9647002.117625862360001 ], [ 286152.562702552299015, 9645971.367625862360001 ], [ 284650.362702552345581, 9645971.367625862360001 ] ] ] ] } },
{ "type": "Feature", "properties": { }, "geometry": { "type": "MultiPolygon", "coordinates": [ [ [ [ 286152.562702552357223, 9645971.367625862360001 ], [ 286152.562702552357223, 9647002.117625862360001 ], [ 287654.762702552310657, 9647002.117625862360001 ], [ 287654.762702552310657, 9645971.367625862360001 ], [ 286152.562702552357223, 9645971.367625862360001 ] ] ] ] } },
{ "type": "Feature", "properties": { }, "geometry": { "type": "MultiPolygon", "coordinates": [ [ [ [ 287654.762702552368864, 9645971.367625862360001 ], [ 287654.762702552368864, 9647002.117625862360001 ], [ 289156.962702552322298, 9647002.117625862360001 ], [ 289156.962702552322298, 9645971.367625862360001 ], [ 287654.762702552368864, 9645971.367625862360001 ] ] ] ] } },
{ "type": "Feature", "properties": { }, "geometry": { "type": "MultiPolygon", "coordinates": [ [ [ [ 289156.962702552322298, 9645971.367625862360001 ], [ 289156.962702552322298, 9647002.117625862360001 ], [ 290659.162702552275732, 9647002.117625862360001 ], [ 290659.162702552275732, 9645971.367625862360001 ], [ 289156.962702552322298, 9645971.367625862360001 ] ] ] ] } },
{ "type": "Feature", "properties": { }, "geometry": { "type": "MultiPolygon", "coordinates": [ [ [ [ 290659.16270255233394, 9645971.367625862360001 ], [ 290659.16270255233394, 9647002.117625862360001 ], [ 292161.362702552287374, 9647002.117625862360001 ], [ 292161.362702552287374, 9645971.367625862360001 ], [ 290659.16270255233394, 9645971.367625862360001 ] ] ] ] } },
{ "type": "Feature", "properties": { }, "geometry": { "type": "MultiPolygon", "coordinates": [ [ [ [ 292161.362702552345581, 9645971.367625862360001 ], [ 292161.362702552345581, 9647002.117625862360001 ], [ 293663.562702552299015, 9647002.117625862360001 ], [ 293663.562702552299015, 9645971.367625862360001 ], [ 292161.362702552345581, 9645971.367625862360001 ] ] ] ] } },
{ "type": "Feature", "properties": { }, "geometry": { "type": "MultiPolygon", "coordinates": [ [ [ [ 293663.562702552357223, 9645971.367625862360001 ], [ 293663.562702552357223, 9647002.117625862360001 ], [ 295165.762702552310657, 9647002.117625862360001 ], [ 295165.762702552310657, 9645971.367625862360001 ], [ 293663.562702552357223, 9645971.367625862360001 ] ] ] ] } },
{ "type": "Feature", "properties": { }, "geometry": { "type": "MultiPolygon", "coordinates": [ [ [ [ 295165.762702552368864, 9645971.367625862360001 ], [ 295165.762702552368864, 9647002.117625862360001 ], [ 296667.962702552322298, 9647002.117625862360001 ], [ 296667.962702552322298, 9645971.367625862360001 ], [ 295165.762702552368864, 9645971.367625862360001 ] ] ] ] } },
{ "type": "Feature", "properties": { }, "geometry": { "type": "MultiPolygon", "coordinates": [ [ [ [ 296667.962702552322298, 9645971.367625862360001 ], [ 296667.962702552322298, 9647002.117625862360001 ], [ 298170.162702552275732, 9647002.117625862360001 ], [ 298170.162702552275732, 9645971.367625862360001 ], [ 296667.962702552322298, 9645971.367625862360001 ] ] ] ] } },
{ "type": "Feature", "properties": { }, "geometry": { "type": "MultiPolygon", "coordinates": [ [ [ [ 298170.16270255233394, 9645971.367625862360001 ], [ 298170.16270255233394, 9647002.117625862360001 ], [ 299672.362702552287374, 9647002.117625862360001 ], [ 299672.362702552287374, 9645971.367625862360001 ], [ 298170.16270255233394, 9645971.367625862360001 ] ] ] ] } },
{ "type": "Feature", "properties": { }, "geometry": { "type": "MultiPolygon", "coordinates": [ [ [ [ 299672.362702552345581, 9645971.367625862360001 ], [ 299672.362702552345581, 9647002.117625862360001 ], [ 301174.562702552299015, 9647002.117625862360001 ], [ 301174.562702552299015, 9645971.367625862360001 ], [ 299672.362702552345581, 9645971.367625862360001 ] ] ] ] } },
{ "type": "Feature", "properties": { }, "geometry": { "type": "MultiPolygon", "coordinates": [ [ [ [ 301174.562702552357223, 9645971.367625862360001 ], [ 301174.562702552357223, 9647002.117625862360001 ], [ 302676.762702552310657, 9647002.117625862360001 ], [ 302676.762702552310657, 9645971.367625862360001 ], [ 301174.562702552357223, 9645971.367625862360001 ] ] ] ] } },
{ "type": "Feature", "properties": { }, "geometry": { "type": "MultiPolygon", "coordinates": [ [ [ [ 302676.762702552368864, 9645971.367625862360001 ], [ 302676.762702552368864, 9647002.117625862360001 ], [ 304178.962702552322298, 9647002.117625862360001 ], [ 304178.962702552322298, 9645971.367625862360001 ], [ 302676.762702552368864, 9645971.367625862360001 ] ] ] ] } },
{ "type": "Feature", "properties": { }, "geometry": { "type": "MultiPolygon", "coordinates": [ [ [ [ 304178.962702552322298, 9645971.367625862360001 ], [ 304178.962702552322298, 9647002.117625862360001 ], [ 305681.162702552275732, 9647002.117625862360001 ], [ 305681.162702552275732, 9645971.367625862360001 ], [ 304178.962702552322298, 9645971.367625862360001 ] ] ] ] } },
{ "type": "Feature", "properties": { }, "geometry": { "type": "MultiPolygon", "coordinates": [ [ [ [ 305681.16270255233394, 9645971.367625862360001 ], [ 305681.16270255233394, 9647002.117625862360001 ], [ 307183.362702552287374, 9647002.117625862360001 ], [ 307183.362702552287374, 9645971.367625862360001 ], [ 305681.16270255233394, 9645971.367625862360001 ] ] ] ] } },
{ "type": "Feature", "properties": { }, "geometry": { "type": "MultiPolygon", "coordinates": [ [ [ [ 307183.362702552345581, 9645971.367625862360001 ], [ 307183.362702552345581, 9647002.117625862360001 ], [ 308685.562702552299015, 9647002.117625862360001 ], [ 308685.562702552299015, 9645971.367625862360001 ], [ 307183.362702552345581, 9645971.367625862360001 ] ] ] ] } },
{ "type": "Feature", "properties": { }, "geometry": { "type": "MultiPolygon", "coordinates": [ [ [ [ 308685.562702552357223, 9645971.367625862360001 ], [ 308685.562702552357223, 9647002.117625862360001 ], [ 310187.762702552310657, 9647002.117625862360001 ], [ 310187.762702552310657, 9645971.367625862360001 ], [ 308685.562702552357223, 9645971.367625862360001 ] ] ] ] } },
{ "type": "Feature", "properties": { }, "geometry": { "type": "MultiPolygon", "coordinates": [ [ [ [ 310187.762702552368864, 9645971.367625862360001 ], [ 310187.762702552368864, 9647002.117625862360001 ], [ 311689.962702552322298, 9647002.117625862360001 ], [ 311689.962702552322298, 9645971.367625862360001 ], [ 310187.762702552368864, 9645971.367625862360001 ] ] ] ] } },
{ "type": "Feature", "properties": { }, "geometry": { "type": "MultiPolygon", "coordinates": [ [ [ [ 311689.962702552322298, 9645971.367625862360001 ], [ 311689.962702552322298, 9647002.117625862360001 ], [ 313192.162702552275732, 9647002.117625862360001 ], [ 313192.162702552275732, 9645971.367625862360001 ], [ 311689.962702552322298, 9645971.367625862360001 ] ] ] ] } },
{ "type": "Feature", "properties": { }, "geometry": { "type": "MultiPolygon", "coordinates": [ [ [ [ 313192.16270255233394, 9645971.367625862360001 ], [ 313192.16270255233394, 9647002.117625862360001 ], [ 314694.362702552287374, 9647002.117625862360001 ], [ 314694.362702552287374, 9645971.367625862360001 ], [ 313192.16270255233394, 9645971.367625862360001 ] ] ] ] } },
{ "type": "Feature", "properties": { }, "geometry": { "type": "MultiPolygon", "coordinates": [ [ [ [ 314694.362702552345581, 9645971.367625862360001 ], [ 314694.362702552345581, 9647002.117625862360001 ], [ 316196.562702552299015, 9647002.117625862360001 ], [ 316196.562702552299015, 9645971.367625862360001 ], [ 314694.362702552345581, 9645971.367625862360001 ] ] ] ] } },
{ "type": "Feature", "properties": { }, "geometry": { "type": "MultiPolygon", "coordinates": [ [ [ [ 316196.562702552357223, 9645971.367625862360001 ], [ 316196.562702552357223, 9647002.117625862360001 ], [ 317698.762702552310657, 9647002.117625862360001 ], [ 317698.762702552310657, 9645971.367625862360001 ], [ 316196.562702552357223, 9645971.367625862360001 ] ] ] ] } },
{ "type": "Feature", "properties": { }, "geometry": { "type": "MultiPolygon", "coordinates": [ [ [ [ 317698.762702552368864, 9645971.367625862360001 ], [ 317698.762702552368864, 9647002.117625862360001 ], [ 319200.962702552322298, 9647002.117625862360001 ], [ 319200.962702552322298, 9645971.367625862360001 ], [ 317698.762702552368864, 9645971.367625862360001 ] ] ] ] } },
{ "type": "Feature", "properties": { }, "geometry": { "type": "MultiPolygon", "coordinates": [ [ [ [ 319200.962702552322298, 9645971.367625862360001 ], [ 319200.962702552322298, 9647002.117625862360001 ], [ 320703.162702552275732, 9647002.117625862360001 ], [ 320703.162702552275732, 9645971.367625862360001 ], [ 319200.962702552322298, 9645971.367625862360001 ] ] ] ] } },
{ "type": "Feature", "properties": { }, "geometry": { "type": "MultiPolygon", "coordinates": [ [ [ [ 320703.16270255233394, 9645971.367625862360001 ], [ 320703.16270255233394, 9647002.117625862360001 ], [ 322205.362702552287374, 9647002.117625862360001 ], [ 322205.362702552287374, 9645971.367625862360001 ], [ 320703.16270255233394, 9645971.367625862360001 ] ] ] ] } },
{ "type": "Feature", "properties": { }, "geometry": { "type": "MultiPolygon", "coordinates": [ [ [ [ 322205.362702552345581, 9645971.367625862360001 ], [ 322205.362702552345581, 9647002.117625862360001 ], [ 323707.562702552299015, 9647002.117625862360001 ], [ 323707.562702552299015, 9645971.367625862360001 ], [ 322205.362702552345581, 9645971.367625862360001 ] ] ] ] } },
{ "type": "Feature", "properties": { }, "geometry": { "type": "MultiPolygon", "coordinates": [ [ [ [ 323707.562702552357223, 9645971.367625862360001 ], [ 323707.562702552357223, 9647002.117625862360001 ], [ 325209.762702552310657, 9647002.117625862360001 ], [ 325209.762702552310657, 9645971.367625862360001 ], [ 323707.562702552357223, 9645971.367625862360001 ] ] ] ] } },
{ "type": "Feature", "properties": { }, "geometry": { "type": "MultiPolygon", "coordinates": [ [ [ [ 325209.762702552368864, 9645971.367625862360001 ], [ 325209.762702552368864, 9647002.117625862360001 ], [ 326711.962702552322298, 9647002.117625862360001 ], [ 326711.962702552322298, 9645971.367625862360001 ], [ 325209.762702552368864, 9645971.367625862360001 ] ] ] ] } },
{ "type": "Feature", "properties": { }, "geometry": { "type": "MultiPolygon", "coordinates": [ [ [ [ 326711.962702552322298, 9645971.367625862360001 ], [ 326711.962702552322298, 9647002.117625862360001 ], [ 328214.162702552275732, 9647002.117625862360001 ], [ 328214.162702552275732, 9645971.367625862360001 ], [ 326711.962702552322298, 9645971.367625862360001 ] ] ] ] } },
{ "type": "Feature", "properties": { }, "geometry": { "type": "MultiPolygon", "coordinates": [ [ [ [ 328214.16270255233394, 9645971.367625862360001 ], [ 328214.16270255233394, 9647002.117625862360001 ], [ 329716.362702552287374, 9647002.117625862360001 ], [ 329716.362702552287374, 9645971.367625862360001 ], [ 328214.16270255233394, 9645971.367625862360001 ] ] ] ] } },
{ "type": "Feature", "properties": { }, "geometry": { "type": "MultiPolygon", "coordinates": [ [ [ [ 329716.362702552345581, 9645971.367625862360001 ], [ 329716.362702552345581, 9647002.117625862360001 ], [ 331218.562702552299015, 9647002.117625862360001 ], [ 331218.562702552299015, 9645971.367625862360001 ], [ 329716.362702552345581, 9645971.367625862360001 ] ] ] ] } },
{ "type": "Feature", "properties": { }, "geometry": { "type": "MultiPolygon", "coordinates": [ [ [ [ 331218.562702552357223, 9645971.367625862360001 ], [ 331218.562702552357223, 9647002.117625862360001 ], [ 332720.762702552310657, 9647002.117625862360001 ], [ 332720.762702552310657, 9645971.367625862360001 ], [ 331218.562702552357223, 9645971.367625862360001 ] ] ] ] } },
{ "type": "Feature", "properties": { }, "geometry": { "type": "MultiPolygon", "coordinates": [ [ [ [ 332720.762702552368864, 9645971.367625862360001 ], [ 332720.762702552368864, 9647002.117625862360001 ], [ 334222.962702552322298, 9647002.117625862360001 ], [ 334222.962702552322298, 9645971.367625862360001 ], [ 332720.762702552368864, 9645971.367625862360001 ] ] ] ] } },
{ "type": "Feature", "properties": { }, "geometry": { "type": "MultiPolygon", "coordinates": [ [ [ [ 334222.962702552322298, 9645971.367625862360001 ], [ 334222.962702552322298, 9647002.117625862360001 ], [ 335725.162702552275732, 9647002.117625862360001 ], [ 335725.162702552275732, 9645971.367625862360001 ], [ 334222.962702552322298, 9645971.367625862360001 ] ] ] ] } },
{ "type": "Feature", "properties": { }, "geometry": { "type": "MultiPolygon", "coordinates": [ [ [ [ 335725.16270255233394, 9645971.367625862360001 ], [ 335725.16270255233394, 9647002.117625862360001 ], [ 337227.362702552287374, 9647002.117625862360001 ], [ 337227.362702552287374, 9645971.367625862360001 ], [ 335725.16270255233394, 9645971.367625862360001 ] ] ] ] } },
{ "type": "Feature", "properties": { }, "geometry": { "type": "MultiPolygon", "coordinates": [ [ [ [ 337227.362702552345581, 9645971.367625862360001 ], [ 337227.362702552345581, 9647002.117625862360001 ], [ 338729.562702552299015, 9647002.117625862360001 ], [ 338729.562702552299015, 9645971.367625862360001 ], [ 337227.362702552345581, 9645971.367625862360001 ] ] ] ] } },
{ "type": "Feature", "properties": { }, "geometry": { "type": "MultiPolygon", "coordinates": [ [ [ [ 338729.562702552357223, 9645971.367625862360001 ], [ 338729.562702552357223, 9647002.117625862360001 ], [ 340231.762702552310657, 9647002.117625862360001 ], [ 340231.762702552310657, 9645971.367625862360001 ], [ 338729.562702552357223, 9645971.367625862360001 ] ] ] ] } },
{ "type": "Feature", "properties": { }, "geometry": { "type": "MultiPolygon", "coordinates": [ [ [ [ 340231.762702552368864, 9645971.367625862360001 ], [ 340231.762702552368864, 9647002.117625862360001 ], [ 341733.962702552322298, 9647002.117625862360001 ], [ 341733.962702552322298, 9645971.367625862360001 ], [ 340231.762702552368864, 9645971.367625862360001 ] ] ] ] } },
{ "type": "Feature", "properties": { }, "geometry": { "type": "MultiPolygon", "coordinates": [ [ [ [ 341733.962702552322298, 9645971.367625862360001 ], [ 341733.962702552322298, 9647002.117625862360001 ], [ 343236.162702552275732, 9647002.117625862360001 ], [ 343236.162702552275732, 9645971.367625862360001 ], [ 341733.962702552322298, 9645971.367625862360001 ] ] ] ] } },
{ "type": "Feature", "properties": { }, "geometry": { "type": "MultiPolygon", "coordinates": [ [ [ [ 343236.16270255233394, 9645971.367625862360001 ], [ 343236.16270255233394, 9647002.117625862360001 ], [ 344738.362702552287374, 9647002.117625862360001 ], [ 344738.362702552287374, 9645971.367625862360001 ], [ 343236.16270255233394, 9645971.367625862360001 ] ] ] ] } },
{ "type": "Feature", "properties": { }, "geometry": { "type": "MultiPolygon", "coordinates": [ [ [ [ 344738.362702552345581, 9645971.367625862360001 ], [ 344738.362702552345581, 9647002.117625862360001 ], [ 346240.562702552299015, 9647002.117625862360001 ], [ 346240.562702552299015, 9645971.367625862360001 ], [ 344738.362702552345581, 9645971.367625862360001 ] ] ] ] } },
{ "type": "Feature", "properties": { }, "geometry": { "type": "MultiPolygon", "coordinates": [ [ [ [ 346240.562702552357223, 9645971.367625862360001 ], [ 346240.562702552357223, 9647002.117625862360001 ], [ 347742.762702552310657, 9647002.117625862360001 ], [ 347742.762702552310657, 9645971.367625862360001 ], [ 346240.562702552357223, 9645971.367625862360001 ] ] ] ] } },
{ "type": "Feature", "properties": { }, "geometry": { "type": "MultiPolygon", "coordinates": [ [ [ [ 347742.762702552368864, 9645971.367625862360001 ], [ 347742.762702552368864, 9647002.117625862360001 ], [ 349244.962702552322298, 9647002.117625862360001 ], [ 349244.962702552322298, 9645971.367625862360001 ], [ 347742.762702552368864, 9645971.367625862360001 ] ] ] ] } },
{ "type": "Feature", "properties": { }, "geometry": { "type": "MultiPolygon", "coordinates": [ [ [ [ 349244.962702552322298, 9645971.367625862360001 ], [ 349244.962702552322298, 9647002.117625862360001 ], [ 350747.162702552275732, 9647002.117625862360001 ], [ 350747.162702552275732, 9645971.367625862360001 ], [ 349244.962702552322298, 9645971.367625862360001 ] ] ] ] } },
{ "type": "Feature", "properties": { }, "geometry": { "type": "MultiPolygon", "coordinates": [ [ [ [ 350747.16270255233394, 9645971.367625862360001 ], [ 350747.16270255233394, 9647002.117625862360001 ], [ 352249.362702552287374, 9647002.117625862360001 ], [ 352249.362702552287374, 9645971.367625862360001 ], [ 350747.16270255233394, 9645971.367625862360001 ] ] ] ] } },
{ "type": "Feature", "properties": { }, "geometry": { "type": "MultiPolygon", "coordinates": [ [ [ [ 352249.362702552345581, 9645971.367625862360001 ], [ 352249.362702552345581, 9647002.117625862360001 ], [ 353751.562702552299015, 9647002.117625862360001 ], [ 353751.562702552299015, 9645971.367625862360001 ], [ 352249.362702552345581, 9645971.367625862360001 ] ] ] ] } },
{ "type": "Feature", "properties": { }, "geometry": { "type": "MultiPolygon", "coordinates": [ [ [ [ 353751.562702552357223, 9645971.367625862360001 ], [ 353751.562702552357223, 9647002.117625862360001 ], [ 355253.762702552310657, 9647002.117625862360001 ], [ 355253.762702552310657, 9645971.367625862360001 ], [ 353751.562702552357223, 9645971.367625862360001 ] ] ] ] } },
{ "type": "Feature", "properties": { }, "geometry": { "type": "MultiPolygon", "coordinates": [ [ [ [ 355253.762702552368864, 9645971.367625862360001 ], [ 355253.762702552368864, 9647002.117625862360001 ], [ 356755.962702552322298, 9647002.117625862360001 ], [ 356755.962702552322298, 9645971.367625862360001 ], [ 355253.762702552368864, 9645971.367625862360001 ] ] ] ] } },
{ "type": "Feature", "properties": { }, "geometry": { "type": "MultiPolygon", "coordinates": [ [ [ [ 281645.962702552322298, 9644940.617625862360001 ], [ 281645.962702552322298, 9645971.367625862360001 ], [ 283148.162702552275732, 9645971.367625862360001 ], [ 283148.162702552275732, 9644940.617625862360001 ], [ 281645.962702552322298, 9644940.617625862360001 ] ] ] ] } },
{ "type": "Feature", "properties": { }, "geometry": { "type": "MultiPolygon", "coordinates": [ [ [ [ 283148.16270255233394, 9644940.617625862360001 ], [ 283148.16270255233394, 9645971.367625862360001 ], [ 284650.362702552287374, 9645971.367625862360001 ], [ 284650.362702552287374, 9644940.617625862360001 ], [ 283148.16270255233394, 9644940.617625862360001 ] ] ] ] } },
{ "type": "Feature", "properties": { }, "geometry": { "type": "MultiPolygon", "coordinates": [ [ [ [ 284650.362702552345581, 9644940.617625862360001 ], [ 284650.362702552345581, 9645971.367625862360001 ], [ 286152.562702552299015, 9645971.367625862360001 ], [ 286152.562702552299015, 9644940.617625862360001 ], [ 284650.362702552345581, 9644940.617625862360001 ] ] ] ] } },
{ "type": "Feature", "properties": { }, "geometry": { "type": "MultiPolygon", "coordinates": [ [ [ [ 286152.562702552357223, 9644940.617625862360001 ], [ 286152.562702552357223, 9645971.367625862360001 ], [ 287654.762702552310657, 9645971.367625862360001 ], [ 287654.762702552310657, 9644940.617625862360001 ], [ 286152.562702552357223, 9644940.617625862360001 ] ] ] ] } },
{ "type": "Feature", "properties": { }, "geometry": { "type": "MultiPolygon", "coordinates": [ [ [ [ 287654.762702552368864, 9644940.617625862360001 ], [ 287654.762702552368864, 9645971.367625862360001 ], [ 289156.962702552322298, 9645971.367625862360001 ], [ 289156.962702552322298, 9644940.617625862360001 ], [ 287654.762702552368864, 9644940.617625862360001 ] ] ] ] } },
{ "type": "Feature", "properties": { }, "geometry": { "type": "MultiPolygon", "coordinates": [ [ [ [ 289156.962702552322298, 9644940.617625862360001 ], [ 289156.962702552322298, 9645971.367625862360001 ], [ 290659.162702552275732, 9645971.367625862360001 ], [ 290659.162702552275732, 9644940.617625862360001 ], [ 289156.962702552322298, 9644940.617625862360001 ] ] ] ] } },
{ "type": "Feature", "properties": { }, "geometry": { "type": "MultiPolygon", "coordinates": [ [ [ [ 290659.16270255233394, 9644940.617625862360001 ], [ 290659.16270255233394, 9645971.367625862360001 ], [ 292161.362702552287374, 9645971.367625862360001 ], [ 292161.362702552287374, 9644940.617625862360001 ], [ 290659.16270255233394, 9644940.617625862360001 ] ] ] ] } },
{ "type": "Feature", "properties": { }, "geometry": { "type": "MultiPolygon", "coordinates": [ [ [ [ 292161.362702552345581, 9644940.617625862360001 ], [ 292161.362702552345581, 9645971.367625862360001 ], [ 293663.562702552299015, 9645971.367625862360001 ], [ 293663.562702552299015, 9644940.617625862360001 ], [ 292161.362702552345581, 9644940.617625862360001 ] ] ] ] } },
{ "type": "Feature", "properties": { }, "geometry": { "type": "MultiPolygon", "coordinates": [ [ [ [ 293663.562702552357223, 9644940.617625862360001 ], [ 293663.562702552357223, 9645971.367625862360001 ], [ 295165.762702552310657, 9645971.367625862360001 ], [ 295165.762702552310657, 9644940.617625862360001 ], [ 293663.562702552357223, 9644940.617625862360001 ] ] ] ] } },
{ "type": "Feature", "properties": { }, "geometry": { "type": "MultiPolygon", "coordinates": [ [ [ [ 295165.762702552368864, 9644940.617625862360001 ], [ 295165.762702552368864, 9645971.367625862360001 ], [ 296667.962702552322298, 9645971.367625862360001 ], [ 296667.962702552322298, 9644940.617625862360001 ], [ 295165.762702552368864, 9644940.617625862360001 ] ] ] ] } },
{ "type": "Feature", "properties": { }, "geometry": { "type": "MultiPolygon", "coordinates": [ [ [ [ 296667.962702552322298, 9644940.617625862360001 ], [ 296667.962702552322298, 9645971.367625862360001 ], [ 298170.162702552275732, 9645971.367625862360001 ], [ 298170.162702552275732, 9644940.617625862360001 ], [ 296667.962702552322298, 9644940.617625862360001 ] ] ] ] } },
{ "type": "Feature", "properties": { }, "geometry": { "type": "MultiPolygon", "coordinates": [ [ [ [ 298170.16270255233394, 9644940.617625862360001 ], [ 298170.16270255233394, 9645971.367625862360001 ], [ 299672.362702552287374, 9645971.367625862360001 ], [ 299672.362702552287374, 9644940.617625862360001 ], [ 298170.16270255233394, 9644940.617625862360001 ] ] ] ] } },
{ "type": "Feature", "properties": { }, "geometry": { "type": "MultiPolygon", "coordinates": [ [ [ [ 299672.362702552345581, 9644940.617625862360001 ], [ 299672.362702552345581, 9645971.367625862360001 ], [ 301174.562702552299015, 9645971.367625862360001 ], [ 301174.562702552299015, 9644940.617625862360001 ], [ 299672.362702552345581, 9644940.617625862360001 ] ] ] ] } },
{ "type": "Feature", "properties": { }, "geometry": { "type": "MultiPolygon", "coordinates": [ [ [ [ 301174.562702552357223, 9644940.617625862360001 ], [ 301174.562702552357223, 9645971.367625862360001 ], [ 302676.762702552310657, 9645971.367625862360001 ], [ 302676.762702552310657, 9644940.617625862360001 ], [ 301174.562702552357223, 9644940.617625862360001 ] ] ] ] } },
{ "type": "Feature", "properties": { }, "geometry": { "type": "MultiPolygon", "coordinates": [ [ [ [ 302676.762702552368864, 9644940.617625862360001 ], [ 302676.762702552368864, 9645971.367625862360001 ], [ 304178.962702552322298, 9645971.367625862360001 ], [ 304178.962702552322298, 9644940.617625862360001 ], [ 302676.762702552368864, 9644940.617625862360001 ] ] ] ] } },
{ "type": "Feature", "properties": { }, "geometry": { "type": "MultiPolygon", "coordinates": [ [ [ [ 304178.962702552322298, 9644940.617625862360001 ], [ 304178.962702552322298, 9645971.367625862360001 ], [ 305681.162702552275732, 9645971.367625862360001 ], [ 305681.162702552275732, 9644940.617625862360001 ], [ 304178.962702552322298, 9644940.617625862360001 ] ] ] ] } },
{ "type": "Feature", "properties": { }, "geometry": { "type": "MultiPolygon", "coordinates": [ [ [ [ 305681.16270255233394, 9644940.617625862360001 ], [ 305681.16270255233394, 9645971.367625862360001 ], [ 307183.362702552287374, 9645971.367625862360001 ], [ 307183.362702552287374, 9644940.617625862360001 ], [ 305681.16270255233394, 9644940.617625862360001 ] ] ] ] } },
{ "type": "Feature", "properties": { }, "geometry": { "type": "MultiPolygon", "coordinates": [ [ [ [ 307183.362702552345581, 9644940.617625862360001 ], [ 307183.362702552345581, 9645971.367625862360001 ], [ 308685.562702552299015, 9645971.367625862360001 ], [ 308685.562702552299015, 9644940.617625862360001 ], [ 307183.362702552345581, 9644940.617625862360001 ] ] ] ] } },
{ "type": "Feature", "properties": { }, "geometry": { "type": "MultiPolygon", "coordinates": [ [ [ [ 308685.562702552357223, 9644940.617625862360001 ], [ 308685.562702552357223, 9645971.367625862360001 ], [ 310187.762702552310657, 9645971.367625862360001 ], [ 310187.762702552310657, 9644940.617625862360001 ], [ 308685.562702552357223, 9644940.617625862360001 ] ] ] ] } },
{ "type": "Feature", "properties": { }, "geometry": { "type": "MultiPolygon", "coordinates": [ [ [ [ 310187.762702552368864, 9644940.617625862360001 ], [ 310187.762702552368864, 9645971.367625862360001 ], [ 311689.962702552322298, 9645971.367625862360001 ], [ 311689.962702552322298, 9644940.617625862360001 ], [ 310187.762702552368864, 9644940.617625862360001 ] ] ] ] } },
{ "type": "Feature", "properties": { }, "geometry": { "type": "MultiPolygon", "coordinates": [ [ [ [ 311689.962702552322298, 9644940.617625862360001 ], [ 311689.962702552322298, 9645971.367625862360001 ], [ 313192.162702552275732, 9645971.367625862360001 ], [ 313192.162702552275732, 9644940.617625862360001 ], [ 311689.962702552322298, 9644940.617625862360001 ] ] ] ] } },
{ "type": "Feature", "properties": { }, "geometry": { "type": "MultiPolygon", "coordinates": [ [ [ [ 313192.16270255233394, 9644940.617625862360001 ], [ 313192.16270255233394, 9645971.367625862360001 ], [ 314694.362702552287374, 9645971.367625862360001 ], [ 314694.362702552287374, 9644940.617625862360001 ], [ 313192.16270255233394, 9644940.617625862360001 ] ] ] ] } },
{ "type": "Feature", "properties": { }, "geometry": { "type": "MultiPolygon", "coordinates": [ [ [ [ 314694.362702552345581, 9644940.617625862360001 ], [ 314694.362702552345581, 9645971.367625862360001 ], [ 316196.562702552299015, 9645971.367625862360001 ], [ 316196.562702552299015, 9644940.617625862360001 ], [ 314694.362702552345581, 9644940.617625862360001 ] ] ] ] } },
{ "type": "Feature", "properties": { }, "geometry": { "type": "MultiPolygon", "coordinates": [ [ [ [ 316196.562702552357223, 9644940.617625862360001 ], [ 316196.562702552357223, 9645971.367625862360001 ], [ 317698.762702552310657, 9645971.367625862360001 ], [ 317698.762702552310657, 9644940.617625862360001 ], [ 316196.562702552357223, 9644940.617625862360001 ] ] ] ] } },
{ "type": "Feature", "properties": { }, "geometry": { "type": "MultiPolygon", "coordinates": [ [ [ [ 317698.762702552368864, 9644940.617625862360001 ], [ 317698.762702552368864, 9645971.367625862360001 ], [ 319200.962702552322298, 9645971.367625862360001 ], [ 319200.962702552322298, 9644940.617625862360001 ], [ 317698.762702552368864, 9644940.617625862360001 ] ] ] ] } },
{ "type": "Feature", "properties": { }, "geometry": { "type": "MultiPolygon", "coordinates": [ [ [ [ 319200.962702552322298, 9644940.617625862360001 ], [ 319200.962702552322298, 9645971.367625862360001 ], [ 320703.162702552275732, 9645971.367625862360001 ], [ 320703.162702552275732, 9644940.617625862360001 ], [ 319200.962702552322298, 9644940.617625862360001 ] ] ] ] } },
{ "type": "Feature", "properties": { }, "geometry": { "type": "MultiPolygon", "coordinates": [ [ [ [ 320703.16270255233394, 9644940.617625862360001 ], [ 320703.16270255233394, 9645971.367625862360001 ], [ 322205.362702552287374, 9645971.367625862360001 ], [ 322205.362702552287374, 9644940.617625862360001 ], [ 320703.16270255233394, 9644940.617625862360001 ] ] ] ] } },
{ "type": "Feature", "properties": { }, "geometry": { "type": "MultiPolygon", "coordinates": [ [ [ [ 322205.362702552345581, 9644940.617625862360001 ], [ 322205.362702552345581, 9645971.367625862360001 ], [ 323707.562702552299015, 9645971.367625862360001 ], [ 323707.562702552299015, 9644940.617625862360001 ], [ 322205.362702552345581, 9644940.617625862360001 ] ] ] ] } },
{ "type": "Feature", "properties": { }, "geometry": { "type": "MultiPolygon", "coordinates": [ [ [ [ 323707.562702552357223, 9644940.617625862360001 ], [ 323707.562702552357223, 9645971.367625862360001 ], [ 325209.762702552310657, 9645971.367625862360001 ], [ 325209.762702552310657, 9644940.617625862360001 ], [ 323707.562702552357223, 9644940.617625862360001 ] ] ] ] } },
{ "type": "Feature", "properties": { }, "geometry": { "type": "MultiPolygon", "coordinates": [ [ [ [ 325209.762702552368864, 9644940.617625862360001 ], [ 325209.762702552368864, 9645971.367625862360001 ], [ 326711.962702552322298, 9645971.367625862360001 ], [ 326711.962702552322298, 9644940.617625862360001 ], [ 325209.762702552368864, 9644940.617625862360001 ] ] ] ] } },
{ "type": "Feature", "properties": { }, "geometry": { "type": "MultiPolygon", "coordinates": [ [ [ [ 326711.962702552322298, 9644940.617625862360001 ], [ 326711.962702552322298, 9645971.367625862360001 ], [ 328214.162702552275732, 9645971.367625862360001 ], [ 328214.162702552275732, 9644940.617625862360001 ], [ 326711.962702552322298, 9644940.617625862360001 ] ] ] ] } },
{ "type": "Feature", "properties": { }, "geometry": { "type": "MultiPolygon", "coordinates": [ [ [ [ 328214.16270255233394, 9644940.617625862360001 ], [ 328214.16270255233394, 9645971.367625862360001 ], [ 329716.362702552287374, 9645971.367625862360001 ], [ 329716.362702552287374, 9644940.617625862360001 ], [ 328214.16270255233394, 9644940.617625862360001 ] ] ] ] } },
{ "type": "Feature", "properties": { }, "geometry": { "type": "MultiPolygon", "coordinates": [ [ [ [ 329716.362702552345581, 9644940.617625862360001 ], [ 329716.362702552345581, 9645971.367625862360001 ], [ 331218.562702552299015, 9645971.367625862360001 ], [ 331218.562702552299015, 9644940.617625862360001 ], [ 329716.362702552345581, 9644940.617625862360001 ] ] ] ] } },
{ "type": "Feature", "properties": { }, "geometry": { "type": "MultiPolygon", "coordinates": [ [ [ [ 331218.562702552357223, 9644940.617625862360001 ], [ 331218.562702552357223, 9645971.367625862360001 ], [ 332720.762702552310657, 9645971.367625862360001 ], [ 332720.762702552310657, 9644940.617625862360001 ], [ 331218.562702552357223, 9644940.617625862360001 ] ] ] ] } },
{ "type": "Feature", "properties": { }, "geometry": { "type": "MultiPolygon", "coordinates": [ [ [ [ 332720.762702552368864, 9644940.617625862360001 ], [ 332720.762702552368864, 9645971.367625862360001 ], [ 334222.962702552322298, 9645971.367625862360001 ], [ 334222.962702552322298, 9644940.617625862360001 ], [ 332720.762702552368864, 9644940.617625862360001 ] ] ] ] } },
{ "type": "Feature", "properties": { }, "geometry": { "type": "MultiPolygon", "coordinates": [ [ [ [ 334222.962702552322298, 9644940.617625862360001 ], [ 334222.962702552322298, 9645971.367625862360001 ], [ 335725.162702552275732, 9645971.367625862360001 ], [ 335725.162702552275732, 9644940.617625862360001 ], [ 334222.962702552322298, 9644940.617625862360001 ] ] ] ] } },
{ "type": "Feature", "properties": { }, "geometry": { "type": "MultiPolygon", "coordinates": [ [ [ [ 335725.16270255233394, 9644940.617625862360001 ], [ 335725.16270255233394, 9645971.367625862360001 ], [ 337227.362702552287374, 9645971.367625862360001 ], [ 337227.362702552287374, 9644940.617625862360001 ], [ 335725.16270255233394, 9644940.617625862360001 ] ] ] ] } },
{ "type": "Feature", "properties": { }, "geometry": { "type": "MultiPolygon", "coordinates": [ [ [ [ 337227.362702552345581, 9644940.617625862360001 ], [ 337227.362702552345581, 9645971.367625862360001 ], [ 338729.562702552299015, 9645971.367625862360001 ], [ 338729.562702552299015, 9644940.617625862360001 ], [ 337227.362702552345581, 9644940.617625862360001 ] ] ] ] } },
{ "type": "Feature", "properties": { }, "geometry": { "type": "MultiPolygon", "coordinates": [ [ [ [ 338729.562702552357223, 9644940.617625862360001 ], [ 338729.562702552357223, 9645971.367625862360001 ], [ 340231.762702552310657, 9645971.367625862360001 ], [ 340231.762702552310657, 9644940.617625862360001 ], [ 338729.562702552357223, 9644940.617625862360001 ] ] ] ] } },
{ "type": "Feature", "properties": { }, "geometry": { "type": "MultiPolygon", "coordinates": [ [ [ [ 340231.762702552368864, 9644940.617625862360001 ], [ 340231.762702552368864, 9645971.367625862360001 ], [ 341733.962702552322298, 9645971.367625862360001 ], [ 341733.962702552322298, 9644940.617625862360001 ], [ 340231.762702552368864, 9644940.617625862360001 ] ] ] ] } },
{ "type": "Feature", "properties": { }, "geometry": { "type": "MultiPolygon", "coordinates": [ [ [ [ 341733.962702552322298, 9644940.617625862360001 ], [ 341733.962702552322298, 9645971.367625862360001 ], [ 343236.162702552275732, 9645971.367625862360001 ], [ 343236.162702552275732, 9644940.617625862360001 ], [ 341733.962702552322298, 9644940.617625862360001 ] ] ] ] } },
{ "type": "Feature", "properties": { }, "geometry": { "type": "MultiPolygon", "coordinates": [ [ [ [ 343236.16270255233394, 9644940.617625862360001 ], [ 343236.16270255233394, 9645971.367625862360001 ], [ 344738.362702552287374, 9645971.367625862360001 ], [ 344738.362702552287374, 9644940.617625862360001 ], [ 343236.16270255233394, 9644940.617625862360001 ] ] ] ] } },
{ "type": "Feature", "properties": { }, "geometry": { "type": "MultiPolygon", "coordinates": [ [ [ [ 344738.362702552345581, 9644940.617625862360001 ], [ 344738.362702552345581, 9645971.367625862360001 ], [ 346240.562702552299015, 9645971.367625862360001 ], [ 346240.562702552299015, 9644940.617625862360001 ], [ 344738.362702552345581, 9644940.617625862360001 ] ] ] ] } },
{ "type": "Feature", "properties": { }, "geometry": { "type": "MultiPolygon", "coordinates": [ [ [ [ 346240.562702552357223, 9644940.617625862360001 ], [ 346240.562702552357223, 9645971.367625862360001 ], [ 347742.762702552310657, 9645971.367625862360001 ], [ 347742.762702552310657, 9644940.617625862360001 ], [ 346240.562702552357223, 9644940.617625862360001 ] ] ] ] } },
{ "type": "Feature", "properties": { }, "geometry": { "type": "MultiPolygon", "coordinates": [ [ [ [ 347742.762702552368864, 9644940.617625862360001 ], [ 347742.762702552368864, 9645971.367625862360001 ], [ 349244.962702552322298, 9645971.367625862360001 ], [ 349244.962702552322298, 9644940.617625862360001 ], [ 347742.762702552368864, 9644940.617625862360001 ] ] ] ] } },
{ "type": "Feature", "properties": { }, "geometry": { "type": "MultiPolygon", "coordinates": [ [ [ [ 349244.962702552322298, 9644940.617625862360001 ], [ 349244.962702552322298, 9645971.367625862360001 ], [ 350747.162702552275732, 9645971.367625862360001 ], [ 350747.162702552275732, 9644940.617625862360001 ], [ 349244.962702552322298, 9644940.617625862360001 ] ] ] ] } },
{ "type": "Feature", "properties": { }, "geometry": { "type": "MultiPolygon", "coordinates": [ [ [ [ 350747.16270255233394, 9644940.617625862360001 ], [ 350747.16270255233394, 9645971.367625862360001 ], [ 352249.362702552287374, 9645971.367625862360001 ], [ 352249.362702552287374, 9644940.617625862360001 ], [ 350747.16270255233394, 9644940.617625862360001 ] ] ] ] } },
{ "type": "Feature", "properties": { }, "geometry": { "type": "MultiPolygon", "coordinates": [ [ [ [ 352249.362702552345581, 9644940.617625862360001 ], [ 352249.362702552345581, 9645971.367625862360001 ], [ 353751.562702552299015, 9645971.367625862360001 ], [ 353751.562702552299015, 9644940.617625862360001 ], [ 352249.362702552345581, 9644940.617625862360001 ] ] ] ] } },
{ "type": "Feature", "properties": { }, "geometry": { "type": "MultiPolygon", "coordinates": [ [ [ [ 353751.562702552357223, 9644940.617625862360001 ], [ 353751.562702552357223, 9645971.367625862360001 ], [ 355253.762702552310657, 9645971.367625862360001 ], [ 355253.762702552310657, 9644940.617625862360001 ], [ 353751.562702552357223, 9644940.617625862360001 ] ] ] ] } },
{ "type": "Feature", "properties": { }, "geometry": { "type": "MultiPolygon", "coordinates": [ [ [ [ 355253.762702552368864, 9644940.617625862360001 ], [ 355253.762702552368864, 9645971.367625862360001 ], [ 356755.962702552322298, 9645971.367625862360001 ], [ 356755.962702552322298, 9644940.617625862360001 ], [ 355253.762702552368864, 9644940.617625862360001 ] ] ] ] } },
{ "type": "Feature", "properties": { }, "geometry": { "type": "MultiPolygon", "coordinates": [ [ [ [ 281645.962702552322298, 9643909.867625862360001 ], [ 281645.962702552322298, 9644940.617625862360001 ], [ 283148.162702552275732, 9644940.617625862360001 ], [ 283148.162702552275732, 9643909.867625862360001 ], [ 281645.962702552322298, 9643909.867625862360001 ] ] ] ] } },
{ "type": "Feature", "properties": { }, "geometry": { "type": "MultiPolygon", "coordinates": [ [ [ [ 283148.16270255233394, 9643909.867625862360001 ], [ 283148.16270255233394, 9644940.617625862360001 ], [ 284650.362702552287374, 9644940.617625862360001 ], [ 284650.362702552287374, 9643909.867625862360001 ], [ 283148.16270255233394, 9643909.867625862360001 ] ] ] ] } },
{ "type": "Feature", "properties": { }, "geometry": { "type": "MultiPolygon", "coordinates": [ [ [ [ 284650.362702552345581, 9643909.867625862360001 ], [ 284650.362702552345581, 9644940.617625862360001 ], [ 286152.562702552299015, 9644940.617625862360001 ], [ 286152.562702552299015, 9643909.867625862360001 ], [ 284650.362702552345581, 9643909.867625862360001 ] ] ] ] } },
{ "type": "Feature", "properties": { }, "geometry": { "type": "MultiPolygon", "coordinates": [ [ [ [ 286152.562702552357223, 9643909.867625862360001 ], [ 286152.562702552357223, 9644940.617625862360001 ], [ 287654.762702552310657, 9644940.617625862360001 ], [ 287654.762702552310657, 9643909.867625862360001 ], [ 286152.562702552357223, 9643909.867625862360001 ] ] ] ] } },
{ "type": "Feature", "properties": { }, "geometry": { "type": "MultiPolygon", "coordinates": [ [ [ [ 287654.762702552368864, 9643909.867625862360001 ], [ 287654.762702552368864, 9644940.617625862360001 ], [ 289156.962702552322298, 9644940.617625862360001 ], [ 289156.962702552322298, 9643909.867625862360001 ], [ 287654.762702552368864, 9643909.867625862360001 ] ] ] ] } },
{ "type": "Feature", "properties": { }, "geometry": { "type": "MultiPolygon", "coordinates": [ [ [ [ 289156.962702552322298, 9643909.867625862360001 ], [ 289156.962702552322298, 9644940.617625862360001 ], [ 290659.162702552275732, 9644940.617625862360001 ], [ 290659.162702552275732, 9643909.867625862360001 ], [ 289156.962702552322298, 9643909.867625862360001 ] ] ] ] } },
{ "type": "Feature", "properties": { }, "geometry": { "type": "MultiPolygon", "coordinates": [ [ [ [ 290659.16270255233394, 9643909.867625862360001 ], [ 290659.16270255233394, 9644940.617625862360001 ], [ 292161.362702552287374, 9644940.617625862360001 ], [ 292161.362702552287374, 9643909.867625862360001 ], [ 290659.16270255233394, 9643909.867625862360001 ] ] ] ] } },
{ "type": "Feature", "properties": { }, "geometry": { "type": "MultiPolygon", "coordinates": [ [ [ [ 292161.362702552345581, 9643909.867625862360001 ], [ 292161.362702552345581, 9644940.617625862360001 ], [ 293663.562702552299015, 9644940.617625862360001 ], [ 293663.562702552299015, 9643909.867625862360001 ], [ 292161.362702552345581, 9643909.867625862360001 ] ] ] ] } },
{ "type": "Feature", "properties": { }, "geometry": { "type": "MultiPolygon", "coordinates": [ [ [ [ 293663.562702552357223, 9643909.867625862360001 ], [ 293663.562702552357223, 9644940.617625862360001 ], [ 295165.762702552310657, 9644940.617625862360001 ], [ 295165.762702552310657, 9643909.867625862360001 ], [ 293663.562702552357223, 9643909.867625862360001 ] ] ] ] } },
{ "type": "Feature", "properties": { }, "geometry": { "type": "MultiPolygon", "coordinates": [ [ [ [ 295165.762702552368864, 9643909.867625862360001 ], [ 295165.762702552368864, 9644940.617625862360001 ], [ 296667.962702552322298, 9644940.617625862360001 ], [ 296667.962702552322298, 9643909.867625862360001 ], [ 295165.762702552368864, 9643909.867625862360001 ] ] ] ] } },
{ "type": "Feature", "properties": { }, "geometry": { "type": "MultiPolygon", "coordinates": [ [ [ [ 296667.962702552322298, 9643909.867625862360001 ], [ 296667.962702552322298, 9644940.617625862360001 ], [ 298170.162702552275732, 9644940.617625862360001 ], [ 298170.162702552275732, 9643909.867625862360001 ], [ 296667.962702552322298, 9643909.867625862360001 ] ] ] ] } },
{ "type": "Feature", "properties": { }, "geometry": { "type": "MultiPolygon", "coordinates": [ [ [ [ 298170.16270255233394, 9643909.867625862360001 ], [ 298170.16270255233394, 9644940.617625862360001 ], [ 299672.362702552287374, 9644940.617625862360001 ], [ 299672.362702552287374, 9643909.867625862360001 ], [ 298170.16270255233394, 9643909.867625862360001 ] ] ] ] } },
{ "type": "Feature", "properties": { }, "geometry": { "type": "MultiPolygon", "coordinates": [ [ [ [ 299672.362702552345581, 9643909.867625862360001 ], [ 299672.362702552345581, 9644940.617625862360001 ], [ 301174.562702552299015, 9644940.617625862360001 ], [ 301174.562702552299015, 9643909.867625862360001 ], [ 299672.362702552345581, 9643909.867625862360001 ] ] ] ] } },
{ "type": "Feature", "properties": { }, "geometry": { "type": "MultiPolygon", "coordinates": [ [ [ [ 301174.562702552357223, 9643909.867625862360001 ], [ 301174.562702552357223, 9644940.617625862360001 ], [ 302676.762702552310657, 9644940.617625862360001 ], [ 302676.762702552310657, 9643909.867625862360001 ], [ 301174.562702552357223, 9643909.867625862360001 ] ] ] ] } },
{ "type": "Feature", "properties": { }, "geometry": { "type": "MultiPolygon", "coordinates": [ [ [ [ 302676.762702552368864, 9643909.867625862360001 ], [ 302676.762702552368864, 9644940.617625862360001 ], [ 304178.962702552322298, 9644940.617625862360001 ], [ 304178.962702552322298, 9643909.867625862360001 ], [ 302676.762702552368864, 9643909.867625862360001 ] ] ] ] } },
{ "type": "Feature", "properties": { }, "geometry": { "type": "MultiPolygon", "coordinates": [ [ [ [ 304178.962702552322298, 9643909.867625862360001 ], [ 304178.962702552322298, 9644940.617625862360001 ], [ 305681.162702552275732, 9644940.617625862360001 ], [ 305681.162702552275732, 9643909.867625862360001 ], [ 304178.962702552322298, 9643909.867625862360001 ] ] ] ] } },
{ "type": "Feature", "properties": { }, "geometry": { "type": "MultiPolygon", "coordinates": [ [ [ [ 305681.16270255233394, 9643909.867625862360001 ], [ 305681.16270255233394, 9644940.617625862360001 ], [ 307183.362702552287374, 9644940.617625862360001 ], [ 307183.362702552287374, 9643909.867625862360001 ], [ 305681.16270255233394, 9643909.867625862360001 ] ] ] ] } },
{ "type": "Feature", "properties": { }, "geometry": { "type": "MultiPolygon", "coordinates": [ [ [ [ 307183.362702552345581, 9643909.867625862360001 ], [ 307183.362702552345581, 9644940.617625862360001 ], [ 308685.562702552299015, 9644940.617625862360001 ], [ 308685.562702552299015, 9643909.867625862360001 ], [ 307183.362702552345581, 9643909.867625862360001 ] ] ] ] } },
{ "type": "Feature", "properties": { }, "geometry": { "type": "MultiPolygon", "coordinates": [ [ [ [ 308685.562702552357223, 9643909.867625862360001 ], [ 308685.562702552357223, 9644940.617625862360001 ], [ 310187.762702552310657, 9644940.617625862360001 ], [ 310187.762702552310657, 9643909.867625862360001 ], [ 308685.562702552357223, 9643909.867625862360001 ] ] ] ] } },
{ "type": "Feature", "properties": { }, "geometry": { "type": "MultiPolygon", "coordinates": [ [ [ [ 310187.762702552368864, 9643909.867625862360001 ], [ 310187.762702552368864, 9644940.617625862360001 ], [ 311689.962702552322298, 9644940.617625862360001 ], [ 311689.962702552322298, 9643909.867625862360001 ], [ 310187.762702552368864, 9643909.867625862360001 ] ] ] ] } },
{ "type": "Feature", "properties": { }, "geometry": { "type": "MultiPolygon", "coordinates": [ [ [ [ 311689.962702552322298, 9643909.867625862360001 ], [ 311689.962702552322298, 9644940.617625862360001 ], [ 313192.162702552275732, 9644940.617625862360001 ], [ 313192.162702552275732, 9643909.867625862360001 ], [ 311689.962702552322298, 9643909.867625862360001 ] ] ] ] } },
{ "type": "Feature", "properties": { }, "geometry": { "type": "MultiPolygon", "coordinates": [ [ [ [ 313192.16270255233394, 9643909.867625862360001 ], [ 313192.16270255233394, 9644940.617625862360001 ], [ 314694.362702552287374, 9644940.617625862360001 ], [ 314694.362702552287374, 9643909.867625862360001 ], [ 313192.16270255233394, 9643909.867625862360001 ] ] ] ] } },
{ "type": "Feature", "properties": { }, "geometry": { "type": "MultiPolygon", "coordinates": [ [ [ [ 314694.362702552345581, 9643909.867625862360001 ], [ 314694.362702552345581, 9644940.617625862360001 ], [ 316196.562702552299015, 9644940.617625862360001 ], [ 316196.562702552299015, 9643909.867625862360001 ], [ 314694.362702552345581, 9643909.867625862360001 ] ] ] ] } },
{ "type": "Feature", "properties": { }, "geometry": { "type": "MultiPolygon", "coordinates": [ [ [ [ 316196.562702552357223, 9643909.867625862360001 ], [ 316196.562702552357223, 9644940.617625862360001 ], [ 317698.762702552310657, 9644940.617625862360001 ], [ 317698.762702552310657, 9643909.867625862360001 ], [ 316196.562702552357223, 9643909.867625862360001 ] ] ] ] } },
{ "type": "Feature", "properties": { }, "geometry": { "type": "MultiPolygon", "coordinates": [ [ [ [ 317698.762702552368864, 9643909.867625862360001 ], [ 317698.762702552368864, 9644940.617625862360001 ], [ 319200.962702552322298, 9644940.617625862360001 ], [ 319200.962702552322298, 9643909.867625862360001 ], [ 317698.762702552368864, 9643909.867625862360001 ] ] ] ] } },
{ "type": "Feature", "properties": { }, "geometry": { "type": "MultiPolygon", "coordinates": [ [ [ [ 319200.962702552322298, 9643909.867625862360001 ], [ 319200.962702552322298, 9644940.617625862360001 ], [ 320703.162702552275732, 9644940.617625862360001 ], [ 320703.162702552275732, 9643909.867625862360001 ], [ 319200.962702552322298, 9643909.867625862360001 ] ] ] ] } },
{ "type": "Feature", "properties": { }, "geometry": { "type": "MultiPolygon", "coordinates": [ [ [ [ 320703.16270255233394, 9643909.867625862360001 ], [ 320703.16270255233394, 9644940.617625862360001 ], [ 322205.362702552287374, 9644940.617625862360001 ], [ 322205.362702552287374, 9643909.867625862360001 ], [ 320703.16270255233394, 9643909.867625862360001 ] ] ] ] } },
{ "type": "Feature", "properties": { }, "geometry": { "type": "MultiPolygon", "coordinates": [ [ [ [ 322205.362702552345581, 9643909.867625862360001 ], [ 322205.362702552345581, 9644940.617625862360001 ], [ 323707.562702552299015, 9644940.617625862360001 ], [ 323707.562702552299015, 9643909.867625862360001 ], [ 322205.362702552345581, 9643909.867625862360001 ] ] ] ] } },
{ "type": "Feature", "properties": { }, "geometry": { "type": "MultiPolygon", "coordinates": [ [ [ [ 323707.562702552357223, 9643909.867625862360001 ], [ 323707.562702552357223, 9644940.617625862360001 ], [ 325209.762702552310657, 9644940.617625862360001 ], [ 325209.762702552310657, 9643909.867625862360001 ], [ 323707.562702552357223, 9643909.867625862360001 ] ] ] ] } },
{ "type": "Feature", "properties": { }, "geometry": { "type": "MultiPolygon", "coordinates": [ [ [ [ 325209.762702552368864, 9643909.867625862360001 ], [ 325209.762702552368864, 9644940.617625862360001 ], [ 326711.962702552322298, 9644940.617625862360001 ], [ 326711.962702552322298, 9643909.867625862360001 ], [ 325209.762702552368864, 9643909.867625862360001 ] ] ] ] } },
{ "type": "Feature", "properties": { }, "geometry": { "type": "MultiPolygon", "coordinates": [ [ [ [ 326711.962702552322298, 9643909.867625862360001 ], [ 326711.962702552322298, 9644940.617625862360001 ], [ 328214.162702552275732, 9644940.617625862360001 ], [ 328214.162702552275732, 9643909.867625862360001 ], [ 326711.962702552322298, 9643909.867625862360001 ] ] ] ] } },
{ "type": "Feature", "properties": { }, "geometry": { "type": "MultiPolygon", "coordinates": [ [ [ [ 328214.16270255233394, 9643909.867625862360001 ], [ 328214.16270255233394, 9644940.617625862360001 ], [ 329716.362702552287374, 9644940.617625862360001 ], [ 329716.362702552287374, 9643909.867625862360001 ], [ 328214.16270255233394, 9643909.867625862360001 ] ] ] ] } },
{ "type": "Feature", "properties": { }, "geometry": { "type": "MultiPolygon", "coordinates": [ [ [ [ 329716.362702552345581, 9643909.867625862360001 ], [ 329716.362702552345581, 9644940.617625862360001 ], [ 331218.562702552299015, 9644940.617625862360001 ], [ 331218.562702552299015, 9643909.867625862360001 ], [ 329716.362702552345581, 9643909.867625862360001 ] ] ] ] } },
{ "type": "Feature", "properties": { }, "geometry": { "type": "MultiPolygon", "coordinates": [ [ [ [ 331218.562702552357223, 9643909.867625862360001 ], [ 331218.562702552357223, 9644940.617625862360001 ], [ 332720.762702552310657, 9644940.617625862360001 ], [ 332720.762702552310657, 9643909.867625862360001 ], [ 331218.562702552357223, 9643909.867625862360001 ] ] ] ] } },
{ "type": "Feature", "properties": { }, "geometry": { "type": "MultiPolygon", "coordinates": [ [ [ [ 332720.762702552368864, 9643909.867625862360001 ], [ 332720.762702552368864, 9644940.617625862360001 ], [ 334222.962702552322298, 9644940.617625862360001 ], [ 334222.962702552322298, 9643909.867625862360001 ], [ 332720.762702552368864, 9643909.867625862360001 ] ] ] ] } },
{ "type": "Feature", "properties": { }, "geometry": { "type": "MultiPolygon", "coordinates": [ [ [ [ 334222.962702552322298, 9643909.867625862360001 ], [ 334222.962702552322298, 9644940.617625862360001 ], [ 335725.162702552275732, 9644940.617625862360001 ], [ 335725.162702552275732, 9643909.867625862360001 ], [ 334222.962702552322298, 9643909.867625862360001 ] ] ] ] } },
{ "type": "Feature", "properties": { }, "geometry": { "type": "MultiPolygon", "coordinates": [ [ [ [ 335725.16270255233394, 9643909.867625862360001 ], [ 335725.16270255233394, 9644940.617625862360001 ], [ 337227.362702552287374, 9644940.617625862360001 ], [ 337227.362702552287374, 9643909.867625862360001 ], [ 335725.16270255233394, 9643909.867625862360001 ] ] ] ] } },
{ "type": "Feature", "properties": { }, "geometry": { "type": "MultiPolygon", "coordinates": [ [ [ [ 337227.362702552345581, 9643909.867625862360001 ], [ 337227.362702552345581, 9644940.617625862360001 ], [ 338729.562702552299015, 9644940.617625862360001 ], [ 338729.562702552299015, 9643909.867625862360001 ], [ 337227.362702552345581, 9643909.867625862360001 ] ] ] ] } },
{ "type": "Feature", "properties": { }, "geometry": { "type": "MultiPolygon", "coordinates": [ [ [ [ 338729.562702552357223, 9643909.867625862360001 ], [ 338729.562702552357223, 9644940.617625862360001 ], [ 340231.762702552310657, 9644940.617625862360001 ], [ 340231.762702552310657, 9643909.867625862360001 ], [ 338729.562702552357223, 9643909.867625862360001 ] ] ] ] } },
{ "type": "Feature", "properties": { }, "geometry": { "type": "MultiPolygon", "coordinates": [ [ [ [ 340231.762702552368864, 9643909.867625862360001 ], [ 340231.762702552368864, 9644940.617625862360001 ], [ 341733.962702552322298, 9644940.617625862360001 ], [ 341733.962702552322298, 9643909.867625862360001 ], [ 340231.762702552368864, 9643909.867625862360001 ] ] ] ] } },
{ "type": "Feature", "properties": { }, "geometry": { "type": "MultiPolygon", "coordinates": [ [ [ [ 341733.962702552322298, 9643909.867625862360001 ], [ 341733.962702552322298, 9644940.617625862360001 ], [ 343236.162702552275732, 9644940.617625862360001 ], [ 343236.162702552275732, 9643909.867625862360001 ], [ 341733.962702552322298, 9643909.867625862360001 ] ] ] ] } },
{ "type": "Feature", "properties": { }, "geometry": { "type": "MultiPolygon", "coordinates": [ [ [ [ 343236.16270255233394, 9643909.867625862360001 ], [ 343236.16270255233394, 9644940.617625862360001 ], [ 344738.362702552287374, 9644940.617625862360001 ], [ 344738.362702552287374, 9643909.867625862360001 ], [ 343236.16270255233394, 9643909.867625862360001 ] ] ] ] } },
{ "type": "Feature", "properties": { }, "geometry": { "type": "MultiPolygon", "coordinates": [ [ [ [ 344738.362702552345581, 9643909.867625862360001 ], [ 344738.362702552345581, 9644940.617625862360001 ], [ 346240.562702552299015, 9644940.617625862360001 ], [ 346240.562702552299015, 9643909.867625862360001 ], [ 344738.362702552345581, 9643909.867625862360001 ] ] ] ] } },
{ "type": "Feature", "properties": { }, "geometry": { "type": "MultiPolygon", "coordinates": [ [ [ [ 346240.562702552357223, 9643909.867625862360001 ], [ 346240.562702552357223, 9644940.617625862360001 ], [ 347742.762702552310657, 9644940.617625862360001 ], [ 347742.762702552310657, 9643909.867625862360001 ], [ 346240.562702552357223, 9643909.867625862360001 ] ] ] ] } },
{ "type": "Feature", "properties": { }, "geometry": { "type": "MultiPolygon", "coordinates": [ [ [ [ 347742.762702552368864, 9643909.867625862360001 ], [ 347742.762702552368864, 9644940.617625862360001 ], [ 349244.962702552322298, 9644940.617625862360001 ], [ 349244.962702552322298, 9643909.867625862360001 ], [ 347742.762702552368864, 9643909.867625862360001 ] ] ] ] } },
{ "type": "Feature", "properties": { }, "geometry": { "type": "MultiPolygon", "coordinates": [ [ [ [ 349244.962702552322298, 9643909.867625862360001 ], [ 349244.962702552322298, 9644940.617625862360001 ], [ 350747.162702552275732, 9644940.617625862360001 ], [ 350747.162702552275732, 9643909.867625862360001 ], [ 349244.962702552322298, 9643909.867625862360001 ] ] ] ] } },
{ "type": "Feature", "properties": { }, "geometry": { "type": "MultiPolygon", "coordinates": [ [ [ [ 350747.16270255233394, 9643909.867625862360001 ], [ 350747.16270255233394, 9644940.617625862360001 ], [ 352249.362702552287374, 9644940.617625862360001 ], [ 352249.362702552287374, 9643909.867625862360001 ], [ 350747.16270255233394, 9643909.867625862360001 ] ] ] ] } },
{ "type": "Feature", "properties": { }, "geometry": { "type": "MultiPolygon", "coordinates": [ [ [ [ 352249.362702552345581, 9643909.867625862360001 ], [ 352249.362702552345581, 9644940.617625862360001 ], [ 353751.562702552299015, 9644940.617625862360001 ], [ 353751.562702552299015, 9643909.867625862360001 ], [ 352249.362702552345581, 9643909.867625862360001 ] ] ] ] } },
{ "type": "Feature", "properties": { }, "geometry": { "type": "MultiPolygon", "coordinates": [ [ [ [ 353751.562702552357223, 9643909.867625862360001 ], [ 353751.562702552357223, 9644940.617625862360001 ], [ 355253.762702552310657, 9644940.617625862360001 ], [ 355253.762702552310657, 9643909.867625862360001 ], [ 353751.562702552357223, 9643909.867625862360001 ] ] ] ] } },
{ "type": "Feature", "properties": { }, "geometry": { "type": "MultiPolygon", "coordinates": [ [ [ [ 355253.762702552368864, 9643909.867625862360001 ], [ 355253.762702552368864, 9644940.617625862360001 ], [ 356755.962702552322298, 9644940.617625862360001 ], [ 356755.962702552322298, 9643909.867625862360001 ], [ 355253.762702552368864, 9643909.867625862360001 ] ] ] ] } },
{ "type": "Feature", "properties": { }, "geometry": { "type": "MultiPolygon", "coordinates": [ [ [ [ 281645.962702552322298, 9642879.117625862360001 ], [ 281645.962702552322298, 9643909.867625862360001 ], [ 283148.162702552275732, 9643909.867625862360001 ], [ 283148.162702552275732, 9642879.117625862360001 ], [ 281645.962702552322298, 9642879.117625862360001 ] ] ] ] } },
{ "type": "Feature", "properties": { }, "geometry": { "type": "MultiPolygon", "coordinates": [ [ [ [ 283148.16270255233394, 9642879.117625862360001 ], [ 283148.16270255233394, 9643909.867625862360001 ], [ 284650.362702552287374, 9643909.867625862360001 ], [ 284650.362702552287374, 9642879.117625862360001 ], [ 283148.16270255233394, 9642879.117625862360001 ] ] ] ] } },
{ "type": "Feature", "properties": { }, "geometry": { "type": "MultiPolygon", "coordinates": [ [ [ [ 284650.362702552345581, 9642879.117625862360001 ], [ 284650.362702552345581, 9643909.867625862360001 ], [ 286152.562702552299015, 9643909.867625862360001 ], [ 286152.562702552299015, 9642879.117625862360001 ], [ 284650.362702552345581, 9642879.117625862360001 ] ] ] ] } },
{ "type": "Feature", "properties": { }, "geometry": { "type": "MultiPolygon", "coordinates": [ [ [ [ 286152.562702552357223, 9642879.117625862360001 ], [ 286152.562702552357223, 9643909.867625862360001 ], [ 287654.762702552310657, 9643909.867625862360001 ], [ 287654.762702552310657, 9642879.117625862360001 ], [ 286152.562702552357223, 9642879.117625862360001 ] ] ] ] } },
{ "type": "Feature", "properties": { }, "geometry": { "type": "MultiPolygon", "coordinates": [ [ [ [ 287654.762702552368864, 9642879.117625862360001 ], [ 287654.762702552368864, 9643909.867625862360001 ], [ 289156.962702552322298, 9643909.867625862360001 ], [ 289156.962702552322298, 9642879.117625862360001 ], [ 287654.762702552368864, 9642879.117625862360001 ] ] ] ] } },
{ "type": "Feature", "properties": { }, "geometry": { "type": "MultiPolygon", "coordinates": [ [ [ [ 289156.962702552322298, 9642879.117625862360001 ], [ 289156.962702552322298, 9643909.867625862360001 ], [ 290659.162702552275732, 9643909.867625862360001 ], [ 290659.162702552275732, 9642879.117625862360001 ], [ 289156.962702552322298, 9642879.117625862360001 ] ] ] ] } },
{ "type": "Feature", "properties": { }, "geometry": { "type": "MultiPolygon", "coordinates": [ [ [ [ 290659.16270255233394, 9642879.117625862360001 ], [ 290659.16270255233394, 9643909.867625862360001 ], [ 292161.362702552287374, 9643909.867625862360001 ], [ 292161.362702552287374, 9642879.117625862360001 ], [ 290659.16270255233394, 9642879.117625862360001 ] ] ] ] } },
{ "type": "Feature", "properties": { }, "geometry": { "type": "MultiPolygon", "coordinates": [ [ [ [ 292161.362702552345581, 9642879.117625862360001 ], [ 292161.362702552345581, 9643909.867625862360001 ], [ 293663.562702552299015, 9643909.867625862360001 ], [ 293663.562702552299015, 9642879.117625862360001 ], [ 292161.362702552345581, 9642879.117625862360001 ] ] ] ] } },
{ "type": "Feature", "properties": { }, "geometry": { "type": "MultiPolygon", "coordinates": [ [ [ [ 293663.562702552357223, 9642879.117625862360001 ], [ 293663.562702552357223, 9643909.867625862360001 ], [ 295165.762702552310657, 9643909.867625862360001 ], [ 295165.762702552310657, 9642879.117625862360001 ], [ 293663.562702552357223, 9642879.117625862360001 ] ] ] ] } },
{ "type": "Feature", "properties": { }, "geometry": { "type": "MultiPolygon", "coordinates": [ [ [ [ 295165.762702552368864, 9642879.117625862360001 ], [ 295165.762702552368864, 9643909.867625862360001 ], [ 296667.962702552322298, 9643909.867625862360001 ], [ 296667.962702552322298, 9642879.117625862360001 ], [ 295165.762702552368864, 9642879.117625862360001 ] ] ] ] } },
{ "type": "Feature", "properties": { }, "geometry": { "type": "MultiPolygon", "coordinates": [ [ [ [ 296667.962702552322298, 9642879.117625862360001 ], [ 296667.962702552322298, 9643909.867625862360001 ], [ 298170.162702552275732, 9643909.867625862360001 ], [ 298170.162702552275732, 9642879.117625862360001 ], [ 296667.962702552322298, 9642879.117625862360001 ] ] ] ] } },
{ "type": "Feature", "properties": { }, "geometry": { "type": "MultiPolygon", "coordinates": [ [ [ [ 298170.16270255233394, 9642879.117625862360001 ], [ 298170.16270255233394, 9643909.867625862360001 ], [ 299672.362702552287374, 9643909.867625862360001 ], [ 299672.362702552287374, 9642879.117625862360001 ], [ 298170.16270255233394, 9642879.117625862360001 ] ] ] ] } },
{ "type": "Feature", "properties": { }, "geometry": { "type": "MultiPolygon", "coordinates": [ [ [ [ 299672.362702552345581, 9642879.117625862360001 ], [ 299672.362702552345581, 9643909.867625862360001 ], [ 301174.562702552299015, 9643909.867625862360001 ], [ 301174.562702552299015, 9642879.117625862360001 ], [ 299672.362702552345581, 9642879.117625862360001 ] ] ] ] } },
{ "type": "Feature", "properties": { }, "geometry": { "type": "MultiPolygon", "coordinates": [ [ [ [ 301174.562702552357223, 9642879.117625862360001 ], [ 301174.562702552357223, 9643909.867625862360001 ], [ 302676.762702552310657, 9643909.867625862360001 ], [ 302676.762702552310657, 9642879.117625862360001 ], [ 301174.562702552357223, 9642879.117625862360001 ] ] ] ] } },
{ "type": "Feature", "properties": { }, "geometry": { "type": "MultiPolygon", "coordinates": [ [ [ [ 302676.762702552368864, 9642879.117625862360001 ], [ 302676.762702552368864, 9643909.867625862360001 ], [ 304178.962702552322298, 9643909.867625862360001 ], [ 304178.962702552322298, 9642879.117625862360001 ], [ 302676.762702552368864, 9642879.117625862360001 ] ] ] ] } },
{ "type": "Feature", "properties": { }, "geometry": { "type": "MultiPolygon", "coordinates": [ [ [ [ 304178.962702552322298, 9642879.117625862360001 ], [ 304178.962702552322298, 9643909.867625862360001 ], [ 305681.162702552275732, 9643909.867625862360001 ], [ 305681.162702552275732, 9642879.117625862360001 ], [ 304178.962702552322298, 9642879.117625862360001 ] ] ] ] } },
{ "type": "Feature", "properties": { }, "geometry": { "type": "MultiPolygon", "coordinates": [ [ [ [ 305681.16270255233394, 9642879.117625862360001 ], [ 305681.16270255233394, 9643909.867625862360001 ], [ 307183.362702552287374, 9643909.867625862360001 ], [ 307183.362702552287374, 9642879.117625862360001 ], [ 305681.16270255233394, 9642879.117625862360001 ] ] ] ] } },
{ "type": "Feature", "properties": { }, "geometry": { "type": "MultiPolygon", "coordinates": [ [ [ [ 307183.362702552345581, 9642879.117625862360001 ], [ 307183.362702552345581, 9643909.867625862360001 ], [ 308685.562702552299015, 9643909.867625862360001 ], [ 308685.562702552299015, 9642879.117625862360001 ], [ 307183.362702552345581, 9642879.117625862360001 ] ] ] ] } },
{ "type": "Feature", "properties": { }, "geometry": { "type": "MultiPolygon", "coordinates": [ [ [ [ 308685.562702552357223, 9642879.117625862360001 ], [ 308685.562702552357223, 9643909.867625862360001 ], [ 310187.762702552310657, 9643909.867625862360001 ], [ 310187.762702552310657, 9642879.117625862360001 ], [ 308685.562702552357223, 9642879.117625862360001 ] ] ] ] } },
{ "type": "Feature", "properties": { }, "geometry": { "type": "MultiPolygon", "coordinates": [ [ [ [ 310187.762702552368864, 9642879.117625862360001 ], [ 310187.762702552368864, 9643909.867625862360001 ], [ 311689.962702552322298, 9643909.867625862360001 ], [ 311689.962702552322298, 9642879.117625862360001 ], [ 310187.762702552368864, 9642879.117625862360001 ] ] ] ] } },
{ "type": "Feature", "properties": { }, "geometry": { "type": "MultiPolygon", "coordinates": [ [ [ [ 311689.962702552322298, 9642879.117625862360001 ], [ 311689.962702552322298, 9643909.867625862360001 ], [ 313192.162702552275732, 9643909.867625862360001 ], [ 313192.162702552275732, 9642879.117625862360001 ], [ 311689.962702552322298, 9642879.117625862360001 ] ] ] ] } },
{ "type": "Feature", "properties": { }, "geometry": { "type": "MultiPolygon", "coordinates": [ [ [ [ 313192.16270255233394, 9642879.117625862360001 ], [ 313192.16270255233394, 9643909.867625862360001 ], [ 314694.362702552287374, 9643909.867625862360001 ], [ 314694.362702552287374, 9642879.117625862360001 ], [ 313192.16270255233394, 9642879.117625862360001 ] ] ] ] } },
{ "type": "Feature", "properties": { }, "geometry": { "type": "MultiPolygon", "coordinates": [ [ [ [ 314694.362702552345581, 9642879.117625862360001 ], [ 314694.362702552345581, 9643909.867625862360001 ], [ 316196.562702552299015, 9643909.867625862360001 ], [ 316196.562702552299015, 9642879.117625862360001 ], [ 314694.362702552345581, 9642879.117625862360001 ] ] ] ] } },
{ "type": "Feature", "properties": { }, "geometry": { "type": "MultiPolygon", "coordinates": [ [ [ [ 316196.562702552357223, 9642879.117625862360001 ], [ 316196.562702552357223, 9643909.867625862360001 ], [ 317698.762702552310657, 9643909.867625862360001 ], [ 317698.762702552310657, 9642879.117625862360001 ], [ 316196.562702552357223, 9642879.117625862360001 ] ] ] ] } },
{ "type": "Feature", "properties": { }, "geometry": { "type": "MultiPolygon", "coordinates": [ [ [ [ 317698.762702552368864, 9642879.117625862360001 ], [ 317698.762702552368864, 9643909.867625862360001 ], [ 319200.962702552322298, 9643909.867625862360001 ], [ 319200.962702552322298, 9642879.117625862360001 ], [ 317698.762702552368864, 9642879.117625862360001 ] ] ] ] } },
{ "type": "Feature", "properties": { }, "geometry": { "type": "MultiPolygon", "coordinates": [ [ [ [ 319200.962702552322298, 9642879.117625862360001 ], [ 319200.962702552322298, 9643909.867625862360001 ], [ 320703.162702552275732, 9643909.867625862360001 ], [ 320703.162702552275732, 9642879.117625862360001 ], [ 319200.962702552322298, 9642879.117625862360001 ] ] ] ] } },
{ "type": "Feature", "properties": { }, "geometry": { "type": "MultiPolygon", "coordinates": [ [ [ [ 320703.16270255233394, 9642879.117625862360001 ], [ 320703.16270255233394, 9643909.867625862360001 ], [ 322205.362702552287374, 9643909.867625862360001 ], [ 322205.362702552287374, 9642879.117625862360001 ], [ 320703.16270255233394, 9642879.117625862360001 ] ] ] ] } },
{ "type": "Feature", "properties": { }, "geometry": { "type": "MultiPolygon", "coordinates": [ [ [ [ 322205.362702552345581, 9642879.117625862360001 ], [ 322205.362702552345581, 9643909.867625862360001 ], [ 323707.562702552299015, 9643909.867625862360001 ], [ 323707.562702552299015, 9642879.117625862360001 ], [ 322205.362702552345581, 9642879.117625862360001 ] ] ] ] } },
{ "type": "Feature", "properties": { }, "geometry": { "type": "MultiPolygon", "coordinates": [ [ [ [ 323707.562702552357223, 9642879.117625862360001 ], [ 323707.562702552357223, 9643909.867625862360001 ], [ 325209.762702552310657, 9643909.867625862360001 ], [ 325209.762702552310657, 9642879.117625862360001 ], [ 323707.562702552357223, 9642879.117625862360001 ] ] ] ] } },
{ "type": "Feature", "properties": { }, "geometry": { "type": "MultiPolygon", "coordinates": [ [ [ [ 325209.762702552368864, 9642879.117625862360001 ], [ 325209.762702552368864, 9643909.867625862360001 ], [ 326711.962702552322298, 9643909.867625862360001 ], [ 326711.962702552322298, 9642879.117625862360001 ], [ 325209.762702552368864, 9642879.117625862360001 ] ] ] ] } },
{ "type": "Feature", "properties": { }, "geometry": { "type": "MultiPolygon", "coordinates": [ [ [ [ 326711.962702552322298, 9642879.117625862360001 ], [ 326711.962702552322298, 9643909.867625862360001 ], [ 328214.162702552275732, 9643909.867625862360001 ], [ 328214.162702552275732, 9642879.117625862360001 ], [ 326711.962702552322298, 9642879.117625862360001 ] ] ] ] } },
{ "type": "Feature", "properties": { }, "geometry": { "type": "MultiPolygon", "coordinates": [ [ [ [ 328214.16270255233394, 9642879.117625862360001 ], [ 328214.16270255233394, 9643909.867625862360001 ], [ 329716.362702552287374, 9643909.867625862360001 ], [ 329716.362702552287374, 9642879.117625862360001 ], [ 328214.16270255233394, 9642879.117625862360001 ] ] ] ] } },
{ "type": "Feature", "properties": { }, "geometry": { "type": "MultiPolygon", "coordinates": [ [ [ [ 329716.362702552345581, 9642879.117625862360001 ], [ 329716.362702552345581, 9643909.867625862360001 ], [ 331218.562702552299015, 9643909.867625862360001 ], [ 331218.562702552299015, 9642879.117625862360001 ], [ 329716.362702552345581, 9642879.117625862360001 ] ] ] ] } },
{ "type": "Feature", "properties": { }, "geometry": { "type": "MultiPolygon", "coordinates": [ [ [ [ 331218.562702552357223, 9642879.117625862360001 ], [ 331218.562702552357223, 9643909.867625862360001 ], [ 332720.762702552310657, 9643909.867625862360001 ], [ 332720.762702552310657, 9642879.117625862360001 ], [ 331218.562702552357223, 9642879.117625862360001 ] ] ] ] } },
{ "type": "Feature", "properties": { }, "geometry": { "type": "MultiPolygon", "coordinates": [ [ [ [ 332720.762702552368864, 9642879.117625862360001 ], [ 332720.762702552368864, 9643909.867625862360001 ], [ 334222.962702552322298, 9643909.867625862360001 ], [ 334222.962702552322298, 9642879.117625862360001 ], [ 332720.762702552368864, 9642879.117625862360001 ] ] ] ] } },
{ "type": "Feature", "properties": { }, "geometry": { "type": "MultiPolygon", "coordinates": [ [ [ [ 334222.962702552322298, 9642879.117625862360001 ], [ 334222.962702552322298, 9643909.867625862360001 ], [ 335725.162702552275732, 9643909.867625862360001 ], [ 335725.162702552275732, 9642879.117625862360001 ], [ 334222.962702552322298, 9642879.117625862360001 ] ] ] ] } },
{ "type": "Feature", "properties": { }, "geometry": { "type": "MultiPolygon", "coordinates": [ [ [ [ 335725.16270255233394, 9642879.117625862360001 ], [ 335725.16270255233394, 9643909.867625862360001 ], [ 337227.362702552287374, 9643909.867625862360001 ], [ 337227.362702552287374, 9642879.117625862360001 ], [ 335725.16270255233394, 9642879.117625862360001 ] ] ] ] } },
{ "type": "Feature", "properties": { }, "geometry": { "type": "MultiPolygon", "coordinates": [ [ [ [ 337227.362702552345581, 9642879.117625862360001 ], [ 337227.362702552345581, 9643909.867625862360001 ], [ 338729.562702552299015, 9643909.867625862360001 ], [ 338729.562702552299015, 9642879.117625862360001 ], [ 337227.362702552345581, 9642879.117625862360001 ] ] ] ] } },
{ "type": "Feature", "properties": { }, "geometry": { "type": "MultiPolygon", "coordinates": [ [ [ [ 338729.562702552357223, 9642879.117625862360001 ], [ 338729.562702552357223, 9643909.867625862360001 ], [ 340231.762702552310657, 9643909.867625862360001 ], [ 340231.762702552310657, 9642879.117625862360001 ], [ 338729.562702552357223, 9642879.117625862360001 ] ] ] ] } },
{ "type": "Feature", "properties": { }, "geometry": { "type": "MultiPolygon", "coordinates": [ [ [ [ 340231.762702552368864, 9642879.117625862360001 ], [ 340231.762702552368864, 9643909.867625862360001 ], [ 341733.962702552322298, 9643909.867625862360001 ], [ 341733.962702552322298, 9642879.117625862360001 ], [ 340231.762702552368864, 9642879.117625862360001 ] ] ] ] } },
{ "type": "Feature", "properties": { }, "geometry": { "type": "MultiPolygon", "coordinates": [ [ [ [ 341733.962702552322298, 9642879.117625862360001 ], [ 341733.962702552322298, 9643909.867625862360001 ], [ 343236.162702552275732, 9643909.867625862360001 ], [ 343236.162702552275732, 9642879.117625862360001 ], [ 341733.962702552322298, 9642879.117625862360001 ] ] ] ] } },
{ "type": "Feature", "properties": { }, "geometry": { "type": "MultiPolygon", "coordinates": [ [ [ [ 343236.16270255233394, 9642879.117625862360001 ], [ 343236.16270255233394, 9643909.867625862360001 ], [ 344738.362702552287374, 9643909.867625862360001 ], [ 344738.362702552287374, 9642879.117625862360001 ], [ 343236.16270255233394, 9642879.117625862360001 ] ] ] ] } },
{ "type": "Feature", "properties": { }, "geometry": { "type": "MultiPolygon", "coordinates": [ [ [ [ 344738.362702552345581, 9642879.117625862360001 ], [ 344738.362702552345581, 9643909.867625862360001 ], [ 346240.562702552299015, 9643909.867625862360001 ], [ 346240.562702552299015, 9642879.117625862360001 ], [ 344738.362702552345581, 9642879.117625862360001 ] ] ] ] } },
{ "type": "Feature", "properties": { }, "geometry": { "type": "MultiPolygon", "coordinates": [ [ [ [ 346240.562702552357223, 9642879.117625862360001 ], [ 346240.562702552357223, 9643909.867625862360001 ], [ 347742.762702552310657, 9643909.867625862360001 ], [ 347742.762702552310657, 9642879.117625862360001 ], [ 346240.562702552357223, 9642879.117625862360001 ] ] ] ] } },
{ "type": "Feature", "properties": { }, "geometry": { "type": "MultiPolygon", "coordinates": [ [ [ [ 347742.762702552368864, 9642879.117625862360001 ], [ 347742.762702552368864, 9643909.867625862360001 ], [ 349244.962702552322298, 9643909.867625862360001 ], [ 349244.962702552322298, 9642879.117625862360001 ], [ 347742.762702552368864, 9642879.117625862360001 ] ] ] ] } },
{ "type": "Feature", "properties": { }, "geometry": { "type": "MultiPolygon", "coordinates": [ [ [ [ 349244.962702552322298, 9642879.117625862360001 ], [ 349244.962702552322298, 9643909.867625862360001 ], [ 350747.162702552275732, 9643909.867625862360001 ], [ 350747.162702552275732, 9642879.117625862360001 ], [ 349244.962702552322298, 9642879.117625862360001 ] ] ] ] } },
{ "type": "Feature", "properties": { }, "geometry": { "type": "MultiPolygon", "coordinates": [ [ [ [ 350747.16270255233394, 9642879.117625862360001 ], [ 350747.16270255233394, 9643909.867625862360001 ], [ 352249.362702552287374, 9643909.867625862360001 ], [ 352249.362702552287374, 9642879.117625862360001 ], [ 350747.16270255233394, 9642879.117625862360001 ] ] ] ] } },
{ "type": "Feature", "properties": { }, "geometry": { "type": "MultiPolygon", "coordinates": [ [ [ [ 352249.362702552345581, 9642879.117625862360001 ], [ 352249.362702552345581, 9643909.867625862360001 ], [ 353751.562702552299015, 9643909.867625862360001 ], [ 353751.562702552299015, 9642879.117625862360001 ], [ 352249.362702552345581, 9642879.117625862360001 ] ] ] ] } },
{ "type": "Feature", "properties": { }, "geometry": { "type": "MultiPolygon", "coordinates": [ [ [ [ 353751.562702552357223, 9642879.117625862360001 ], [ 353751.562702552357223, 9643909.867625862360001 ], [ 355253.762702552310657, 9643909.867625862360001 ], [ 355253.762702552310657, 9642879.117625862360001 ], [ 353751.562702552357223, 9642879.117625862360001 ] ] ] ] } },
{ "type": "Feature", "properties": { }, "geometry": { "type": "MultiPolygon", "coordinates": [ [ [ [ 355253.762702552368864, 9642879.117625862360001 ], [ 355253.762702552368864, 9643909.867625862360001 ], [ 356755.962702552322298, 9643909.867625862360001 ], [ 356755.962702552322298, 9642879.117625862360001 ], [ 355253.762702552368864, 9642879.117625862360001 ] ] ] ] } },
{ "type": "Feature", "properties": { }, "geometry": { "type": "MultiPolygon", "coordinates": [ [ [ [ 281645.962702552322298, 9641848.367625862360001 ], [ 281645.962702552322298, 9642879.117625862360001 ], [ 283148.162702552275732, 9642879.117625862360001 ], [ 283148.162702552275732, 9641848.367625862360001 ], [ 281645.962702552322298, 9641848.367625862360001 ] ] ] ] } },
{ "type": "Feature", "properties": { }, "geometry": { "type": "MultiPolygon", "coordinates": [ [ [ [ 283148.16270255233394, 9641848.367625862360001 ], [ 283148.16270255233394, 9642879.117625862360001 ], [ 284650.362702552287374, 9642879.117625862360001 ], [ 284650.362702552287374, 9641848.367625862360001 ], [ 283148.16270255233394, 9641848.367625862360001 ] ] ] ] } },
{ "type": "Feature", "properties": { }, "geometry": { "type": "MultiPolygon", "coordinates": [ [ [ [ 284650.362702552345581, 9641848.367625862360001 ], [ 284650.362702552345581, 9642879.117625862360001 ], [ 286152.562702552299015, 9642879.117625862360001 ], [ 286152.562702552299015, 9641848.367625862360001 ], [ 284650.362702552345581, 9641848.367625862360001 ] ] ] ] } },
{ "type": "Feature", "properties": { }, "geometry": { "type": "MultiPolygon", "coordinates": [ [ [ [ 286152.562702552357223, 9641848.367625862360001 ], [ 286152.562702552357223, 9642879.117625862360001 ], [ 287654.762702552310657, 9642879.117625862360001 ], [ 287654.762702552310657, 9641848.367625862360001 ], [ 286152.562702552357223, 9641848.367625862360001 ] ] ] ] } },
{ "type": "Feature", "properties": { }, "geometry": { "type": "MultiPolygon", "coordinates": [ [ [ [ 287654.762702552368864, 9641848.367625862360001 ], [ 287654.762702552368864, 9642879.117625862360001 ], [ 289156.962702552322298, 9642879.117625862360001 ], [ 289156.962702552322298, 9641848.367625862360001 ], [ 287654.762702552368864, 9641848.367625862360001 ] ] ] ] } },
{ "type": "Feature", "properties": { }, "geometry": { "type": "MultiPolygon", "coordinates": [ [ [ [ 289156.962702552322298, 9641848.367625862360001 ], [ 289156.962702552322298, 9642879.117625862360001 ], [ 290659.162702552275732, 9642879.117625862360001 ], [ 290659.162702552275732, 9641848.367625862360001 ], [ 289156.962702552322298, 9641848.367625862360001 ] ] ] ] } },
{ "type": "Feature", "properties": { }, "geometry": { "type": "MultiPolygon", "coordinates": [ [ [ [ 290659.16270255233394, 9641848.367625862360001 ], [ 290659.16270255233394, 9642879.117625862360001 ], [ 292161.362702552287374, 9642879.117625862360001 ], [ 292161.362702552287374, 9641848.367625862360001 ], [ 290659.16270255233394, 9641848.367625862360001 ] ] ] ] } },
{ "type": "Feature", "properties": { }, "geometry": { "type": "MultiPolygon", "coordinates": [ [ [ [ 292161.362702552345581, 9641848.367625862360001 ], [ 292161.362702552345581, 9642879.117625862360001 ], [ 293663.562702552299015, 9642879.117625862360001 ], [ 293663.562702552299015, 9641848.367625862360001 ], [ 292161.362702552345581, 9641848.367625862360001 ] ] ] ] } },
{ "type": "Feature", "properties": { }, "geometry": { "type": "MultiPolygon", "coordinates": [ [ [ [ 293663.562702552357223, 9641848.367625862360001 ], [ 293663.562702552357223, 9642879.117625862360001 ], [ 295165.762702552310657, 9642879.117625862360001 ], [ 295165.762702552310657, 9641848.367625862360001 ], [ 293663.562702552357223, 9641848.367625862360001 ] ] ] ] } },
{ "type": "Feature", "properties": { }, "geometry": { "type": "MultiPolygon", "coordinates": [ [ [ [ 295165.762702552368864, 9641848.367625862360001 ], [ 295165.762702552368864, 9642879.117625862360001 ], [ 296667.962702552322298, 9642879.117625862360001 ], [ 296667.962702552322298, 9641848.367625862360001 ], [ 295165.762702552368864, 9641848.367625862360001 ] ] ] ] } },
{ "type": "Feature", "properties": { }, "geometry": { "type": "MultiPolygon", "coordinates": [ [ [ [ 296667.962702552322298, 9641848.367625862360001 ], [ 296667.962702552322298, 9642879.117625862360001 ], [ 298170.162702552275732, 9642879.117625862360001 ], [ 298170.162702552275732, 9641848.367625862360001 ], [ 296667.962702552322298, 9641848.367625862360001 ] ] ] ] } },
{ "type": "Feature", "properties": { }, "geometry": { "type": "MultiPolygon", "coordinates": [ [ [ [ 298170.16270255233394, 9641848.367625862360001 ], [ 298170.16270255233394, 9642879.117625862360001 ], [ 299672.362702552287374, 9642879.117625862360001 ], [ 299672.362702552287374, 9641848.367625862360001 ], [ 298170.16270255233394, 9641848.367625862360001 ] ] ] ] } },
{ "type": "Feature", "properties": { }, "geometry": { "type": "MultiPolygon", "coordinates": [ [ [ [ 299672.362702552345581, 9641848.367625862360001 ], [ 299672.362702552345581, 9642879.117625862360001 ], [ 301174.562702552299015, 9642879.117625862360001 ], [ 301174.562702552299015, 9641848.367625862360001 ], [ 299672.362702552345581, 9641848.367625862360001 ] ] ] ] } },
{ "type": "Feature", "properties": { }, "geometry": { "type": "MultiPolygon", "coordinates": [ [ [ [ 301174.562702552357223, 9641848.367625862360001 ], [ 301174.562702552357223, 9642879.117625862360001 ], [ 302676.762702552310657, 9642879.117625862360001 ], [ 302676.762702552310657, 9641848.367625862360001 ], [ 301174.562702552357223, 9641848.367625862360001 ] ] ] ] } },
{ "type": "Feature", "properties": { }, "geometry": { "type": "MultiPolygon", "coordinates": [ [ [ [ 302676.762702552368864, 9641848.367625862360001 ], [ 302676.762702552368864, 9642879.117625862360001 ], [ 304178.962702552322298, 9642879.117625862360001 ], [ 304178.962702552322298, 9641848.367625862360001 ], [ 302676.762702552368864, 9641848.367625862360001 ] ] ] ] } },
{ "type": "Feature", "properties": { }, "geometry": { "type": "MultiPolygon", "coordinates": [ [ [ [ 304178.962702552322298, 9641848.367625862360001 ], [ 304178.962702552322298, 9642879.117625862360001 ], [ 305681.162702552275732, 9642879.117625862360001 ], [ 305681.162702552275732, 9641848.367625862360001 ], [ 304178.962702552322298, 9641848.367625862360001 ] ] ] ] } },
{ "type": "Feature", "properties": { }, "geometry": { "type": "MultiPolygon", "coordinates": [ [ [ [ 305681.16270255233394, 9641848.367625862360001 ], [ 305681.16270255233394, 9642879.117625862360001 ], [ 307183.362702552287374, 9642879.117625862360001 ], [ 307183.362702552287374, 9641848.367625862360001 ], [ 305681.16270255233394, 9641848.367625862360001 ] ] ] ] } },
{ "type": "Feature", "properties": { }, "geometry": { "type": "MultiPolygon", "coordinates": [ [ [ [ 307183.362702552345581, 9641848.367625862360001 ], [ 307183.362702552345581, 9642879.117625862360001 ], [ 308685.562702552299015, 9642879.117625862360001 ], [ 308685.562702552299015, 9641848.367625862360001 ], [ 307183.362702552345581, 9641848.367625862360001 ] ] ] ] } },
{ "type": "Feature", "properties": { }, "geometry": { "type": "MultiPolygon", "coordinates": [ [ [ [ 308685.562702552357223, 9641848.367625862360001 ], [ 308685.562702552357223, 9642879.117625862360001 ], [ 310187.762702552310657, 9642879.117625862360001 ], [ 310187.762702552310657, 9641848.367625862360001 ], [ 308685.562702552357223, 9641848.367625862360001 ] ] ] ] } },
{ "type": "Feature", "properties": { }, "geometry": { "type": "MultiPolygon", "coordinates": [ [ [ [ 310187.762702552368864, 9641848.367625862360001 ], [ 310187.762702552368864, 9642879.117625862360001 ], [ 311689.962702552322298, 9642879.117625862360001 ], [ 311689.962702552322298, 9641848.367625862360001 ], [ 310187.762702552368864, 9641848.367625862360001 ] ] ] ] } },
{ "type": "Feature", "properties": { }, "geometry": { "type": "MultiPolygon", "coordinates": [ [ [ [ 311689.962702552322298, 9641848.367625862360001 ], [ 311689.962702552322298, 9642879.117625862360001 ], [ 313192.162702552275732, 9642879.117625862360001 ], [ 313192.162702552275732, 9641848.367625862360001 ], [ 311689.962702552322298, 9641848.367625862360001 ] ] ] ] } },
{ "type": "Feature", "properties": { }, "geometry": { "type": "MultiPolygon", "coordinates": [ [ [ [ 313192.16270255233394, 9641848.367625862360001 ], [ 313192.16270255233394, 9642879.117625862360001 ], [ 314694.362702552287374, 9642879.117625862360001 ], [ 314694.362702552287374, 9641848.367625862360001 ], [ 313192.16270255233394, 9641848.367625862360001 ] ] ] ] } },
{ "type": "Feature", "properties": { }, "geometry": { "type": "MultiPolygon", "coordinates": [ [ [ [ 314694.362702552345581, 9641848.367625862360001 ], [ 314694.362702552345581, 9642879.117625862360001 ], [ 316196.562702552299015, 9642879.117625862360001 ], [ 316196.562702552299015, 9641848.367625862360001 ], [ 314694.362702552345581, 9641848.367625862360001 ] ] ] ] } },
{ "type": "Feature", "properties": { }, "geometry": { "type": "MultiPolygon", "coordinates": [ [ [ [ 316196.562702552357223, 9641848.367625862360001 ], [ 316196.562702552357223, 9642879.117625862360001 ], [ 317698.762702552310657, 9642879.117625862360001 ], [ 317698.762702552310657, 9641848.367625862360001 ], [ 316196.562702552357223, 9641848.367625862360001 ] ] ] ] } },
{ "type": "Feature", "properties": { }, "geometry": { "type": "MultiPolygon", "coordinates": [ [ [ [ 317698.762702552368864, 9641848.367625862360001 ], [ 317698.762702552368864, 9642879.117625862360001 ], [ 319200.962702552322298, 9642879.117625862360001 ], [ 319200.962702552322298, 9641848.367625862360001 ], [ 317698.762702552368864, 9641848.367625862360001 ] ] ] ] } },
{ "type": "Feature", "properties": { }, "geometry": { "type": "MultiPolygon", "coordinates": [ [ [ [ 319200.962702552322298, 9641848.367625862360001 ], [ 319200.962702552322298, 9642879.117625862360001 ], [ 320703.162702552275732, 9642879.117625862360001 ], [ 320703.162702552275732, 9641848.367625862360001 ], [ 319200.962702552322298, 9641848.367625862360001 ] ] ] ] } },
{ "type": "Feature", "properties": { }, "geometry": { "type": "MultiPolygon", "coordinates": [ [ [ [ 320703.16270255233394, 9641848.367625862360001 ], [ 320703.16270255233394, 9642879.117625862360001 ], [ 322205.362702552287374, 9642879.117625862360001 ], [ 322205.362702552287374, 9641848.367625862360001 ], [ 320703.16270255233394, 9641848.367625862360001 ] ] ] ] } },
{ "type": "Feature", "properties": { }, "geometry": { "type": "MultiPolygon", "coordinates": [ [ [ [ 322205.362702552345581, 9641848.367625862360001 ], [ 322205.362702552345581, 9642879.117625862360001 ], [ 323707.562702552299015, 9642879.117625862360001 ], [ 323707.562702552299015, 9641848.367625862360001 ], [ 322205.362702552345581, 9641848.367625862360001 ] ] ] ] } },
{ "type": "Feature", "properties": { }, "geometry": { "type": "MultiPolygon", "coordinates": [ [ [ [ 323707.562702552357223, 9641848.367625862360001 ], [ 323707.562702552357223, 9642879.117625862360001 ], [ 325209.762702552310657, 9642879.117625862360001 ], [ 325209.762702552310657, 9641848.367625862360001 ], [ 323707.562702552357223, 9641848.367625862360001 ] ] ] ] } },
{ "type": "Feature", "properties": { }, "geometry": { "type": "MultiPolygon", "coordinates": [ [ [ [ 325209.762702552368864, 9641848.367625862360001 ], [ 325209.762702552368864, 9642879.117625862360001 ], [ 326711.962702552322298, 9642879.117625862360001 ], [ 326711.962702552322298, 9641848.367625862360001 ], [ 325209.762702552368864, 9641848.367625862360001 ] ] ] ] } },
{ "type": "Feature", "properties": { }, "geometry": { "type": "MultiPolygon", "coordinates": [ [ [ [ 326711.962702552322298, 9641848.367625862360001 ], [ 326711.962702552322298, 9642879.117625862360001 ], [ 328214.162702552275732, 9642879.117625862360001 ], [ 328214.162702552275732, 9641848.367625862360001 ], [ 326711.962702552322298, 9641848.367625862360001 ] ] ] ] } },
{ "type": "Feature", "properties": { }, "geometry": { "type": "MultiPolygon", "coordinates": [ [ [ [ 328214.16270255233394, 9641848.367625862360001 ], [ 328214.16270255233394, 9642879.117625862360001 ], [ 329716.362702552287374, 9642879.117625862360001 ], [ 329716.362702552287374, 9641848.367625862360001 ], [ 328214.16270255233394, 9641848.367625862360001 ] ] ] ] } },
{ "type": "Feature", "properties": { }, "geometry": { "type": "MultiPolygon", "coordinates": [ [ [ [ 329716.362702552345581, 9641848.367625862360001 ], [ 329716.362702552345581, 9642879.117625862360001 ], [ 331218.562702552299015, 9642879.117625862360001 ], [ 331218.562702552299015, 9641848.367625862360001 ], [ 329716.362702552345581, 9641848.367625862360001 ] ] ] ] } },
{ "type": "Feature", "properties": { }, "geometry": { "type": "MultiPolygon", "coordinates": [ [ [ [ 331218.562702552357223, 9641848.367625862360001 ], [ 331218.562702552357223, 9642879.117625862360001 ], [ 332720.762702552310657, 9642879.117625862360001 ], [ 332720.762702552310657, 9641848.367625862360001 ], [ 331218.562702552357223, 9641848.367625862360001 ] ] ] ] } },
{ "type": "Feature", "properties": { }, "geometry": { "type": "MultiPolygon", "coordinates": [ [ [ [ 332720.762702552368864, 9641848.367625862360001 ], [ 332720.762702552368864, 9642879.117625862360001 ], [ 334222.962702552322298, 9642879.117625862360001 ], [ 334222.962702552322298, 9641848.367625862360001 ], [ 332720.762702552368864, 9641848.367625862360001 ] ] ] ] } },
{ "type": "Feature", "properties": { }, "geometry": { "type": "MultiPolygon", "coordinates": [ [ [ [ 334222.962702552322298, 9641848.367625862360001 ], [ 334222.962702552322298, 9642879.117625862360001 ], [ 335725.162702552275732, 9642879.117625862360001 ], [ 335725.162702552275732, 9641848.367625862360001 ], [ 334222.962702552322298, 9641848.367625862360001 ] ] ] ] } },
{ "type": "Feature", "properties": { }, "geometry": { "type": "MultiPolygon", "coordinates": [ [ [ [ 335725.16270255233394, 9641848.367625862360001 ], [ 335725.16270255233394, 9642879.117625862360001 ], [ 337227.362702552287374, 9642879.117625862360001 ], [ 337227.362702552287374, 9641848.367625862360001 ], [ 335725.16270255233394, 9641848.367625862360001 ] ] ] ] } },
{ "type": "Feature", "properties": { }, "geometry": { "type": "MultiPolygon", "coordinates": [ [ [ [ 337227.362702552345581, 9641848.367625862360001 ], [ 337227.362702552345581, 9642879.117625862360001 ], [ 338729.562702552299015, 9642879.117625862360001 ], [ 338729.562702552299015, 9641848.367625862360001 ], [ 337227.362702552345581, 9641848.367625862360001 ] ] ] ] } },
{ "type": "Feature", "properties": { }, "geometry": { "type": "MultiPolygon", "coordinates": [ [ [ [ 338729.562702552357223, 9641848.367625862360001 ], [ 338729.562702552357223, 9642879.117625862360001 ], [ 340231.762702552310657, 9642879.117625862360001 ], [ 340231.762702552310657, 9641848.367625862360001 ], [ 338729.562702552357223, 9641848.367625862360001 ] ] ] ] } },
{ "type": "Feature", "properties": { }, "geometry": { "type": "MultiPolygon", "coordinates": [ [ [ [ 340231.762702552368864, 9641848.367625862360001 ], [ 340231.762702552368864, 9642879.117625862360001 ], [ 341733.962702552322298, 9642879.117625862360001 ], [ 341733.962702552322298, 9641848.367625862360001 ], [ 340231.762702552368864, 9641848.367625862360001 ] ] ] ] } },
{ "type": "Feature", "properties": { }, "geometry": { "type": "MultiPolygon", "coordinates": [ [ [ [ 341733.962702552322298, 9641848.367625862360001 ], [ 341733.962702552322298, 9642879.117625862360001 ], [ 343236.162702552275732, 9642879.117625862360001 ], [ 343236.162702552275732, 9641848.367625862360001 ], [ 341733.962702552322298, 9641848.367625862360001 ] ] ] ] } },
{ "type": "Feature", "properties": { }, "geometry": { "type": "MultiPolygon", "coordinates": [ [ [ [ 343236.16270255233394, 9641848.367625862360001 ], [ 343236.16270255233394, 9642879.117625862360001 ], [ 344738.362702552287374, 9642879.117625862360001 ], [ 344738.362702552287374, 9641848.367625862360001 ], [ 343236.16270255233394, 9641848.367625862360001 ] ] ] ] } },
{ "type": "Feature", "properties": { }, "geometry": { "type": "MultiPolygon", "coordinates": [ [ [ [ 344738.362702552345581, 9641848.367625862360001 ], [ 344738.362702552345581, 9642879.117625862360001 ], [ 346240.562702552299015, 9642879.117625862360001 ], [ 346240.562702552299015, 9641848.367625862360001 ], [ 344738.362702552345581, 9641848.367625862360001 ] ] ] ] } },
{ "type": "Feature", "properties": { }, "geometry": { "type": "MultiPolygon", "coordinates": [ [ [ [ 346240.562702552357223, 9641848.367625862360001 ], [ 346240.562702552357223, 9642879.117625862360001 ], [ 347742.762702552310657, 9642879.117625862360001 ], [ 347742.762702552310657, 9641848.367625862360001 ], [ 346240.562702552357223, 9641848.367625862360001 ] ] ] ] } },
{ "type": "Feature", "properties": { }, "geometry": { "type": "MultiPolygon", "coordinates": [ [ [ [ 347742.762702552368864, 9641848.367625862360001 ], [ 347742.762702552368864, 9642879.117625862360001 ], [ 349244.962702552322298, 9642879.117625862360001 ], [ 349244.962702552322298, 9641848.367625862360001 ], [ 347742.762702552368864, 9641848.367625862360001 ] ] ] ] } },
{ "type": "Feature", "properties": { }, "geometry": { "type": "MultiPolygon", "coordinates": [ [ [ [ 349244.962702552322298, 9641848.367625862360001 ], [ 349244.962702552322298, 9642879.117625862360001 ], [ 350747.162702552275732, 9642879.117625862360001 ], [ 350747.162702552275732, 9641848.367625862360001 ], [ 349244.962702552322298, 9641848.367625862360001 ] ] ] ] } },
{ "type": "Feature", "properties": { }, "geometry": { "type": "MultiPolygon", "coordinates": [ [ [ [ 350747.16270255233394, 9641848.367625862360001 ], [ 350747.16270255233394, 9642879.117625862360001 ], [ 352249.362702552287374, 9642879.117625862360001 ], [ 352249.362702552287374, 9641848.367625862360001 ], [ 350747.16270255233394, 9641848.367625862360001 ] ] ] ] } },
{ "type": "Feature", "properties": { }, "geometry": { "type": "MultiPolygon", "coordinates": [ [ [ [ 352249.362702552345581, 9641848.367625862360001 ], [ 352249.362702552345581, 9642879.117625862360001 ], [ 353751.562702552299015, 9642879.117625862360001 ], [ 353751.562702552299015, 9641848.367625862360001 ], [ 352249.362702552345581, 9641848.367625862360001 ] ] ] ] } },
{ "type": "Feature", "properties": { }, "geometry": { "type": "MultiPolygon", "coordinates": [ [ [ [ 353751.562702552357223, 9641848.367625862360001 ], [ 353751.562702552357223, 9642879.117625862360001 ], [ 355253.762702552310657, 9642879.117625862360001 ], [ 355253.762702552310657, 9641848.367625862360001 ], [ 353751.562702552357223, 9641848.367625862360001 ] ] ] ] } },
{ "type": "Feature", "properties": { }, "geometry": { "type": "MultiPolygon", "coordinates": [ [ [ [ 355253.762702552368864, 9641848.367625862360001 ], [ 355253.762702552368864, 9642879.117625862360001 ], [ 356755.962702552322298, 9642879.117625862360001 ], [ 356755.962702552322298, 9641848.367625862360001 ], [ 355253.762702552368864, 9641848.367625862360001 ] ] ] ] } },
{ "type": "Feature", "properties": { }, "geometry": { "type": "MultiPolygon", "coordinates": [ [ [ [ 281645.962702552322298, 9640817.617625862360001 ], [ 281645.962702552322298, 9641848.367625862360001 ], [ 283148.162702552275732, 9641848.367625862360001 ], [ 283148.162702552275732, 9640817.617625862360001 ], [ 281645.962702552322298, 9640817.617625862360001 ] ] ] ] } },
{ "type": "Feature", "properties": { }, "geometry": { "type": "MultiPolygon", "coordinates": [ [ [ [ 283148.16270255233394, 9640817.617625862360001 ], [ 283148.16270255233394, 9641848.367625862360001 ], [ 284650.362702552287374, 9641848.367625862360001 ], [ 284650.362702552287374, 9640817.617625862360001 ], [ 283148.16270255233394, 9640817.617625862360001 ] ] ] ] } },
{ "type": "Feature", "properties": { }, "geometry": { "type": "MultiPolygon", "coordinates": [ [ [ [ 284650.362702552345581, 9640817.617625862360001 ], [ 284650.362702552345581, 9641848.367625862360001 ], [ 286152.562702552299015, 9641848.367625862360001 ], [ 286152.562702552299015, 9640817.617625862360001 ], [ 284650.362702552345581, 9640817.617625862360001 ] ] ] ] } },
{ "type": "Feature", "properties": { }, "geometry": { "type": "MultiPolygon", "coordinates": [ [ [ [ 286152.562702552357223, 9640817.617625862360001 ], [ 286152.562702552357223, 9641848.367625862360001 ], [ 287654.762702552310657, 9641848.367625862360001 ], [ 287654.762702552310657, 9640817.617625862360001 ], [ 286152.562702552357223, 9640817.617625862360001 ] ] ] ] } },
{ "type": "Feature", "properties": { }, "geometry": { "type": "MultiPolygon", "coordinates": [ [ [ [ 287654.762702552368864, 9640817.617625862360001 ], [ 287654.762702552368864, 9641848.367625862360001 ], [ 289156.962702552322298, 9641848.367625862360001 ], [ 289156.962702552322298, 9640817.617625862360001 ], [ 287654.762702552368864, 9640817.617625862360001 ] ] ] ] } },
{ "type": "Feature", "properties": { }, "geometry": { "type": "MultiPolygon", "coordinates": [ [ [ [ 289156.962702552322298, 9640817.617625862360001 ], [ 289156.962702552322298, 9641848.367625862360001 ], [ 290659.162702552275732, 9641848.367625862360001 ], [ 290659.162702552275732, 9640817.617625862360001 ], [ 289156.962702552322298, 9640817.617625862360001 ] ] ] ] } },
{ "type": "Feature", "properties": { }, "geometry": { "type": "MultiPolygon", "coordinates": [ [ [ [ 290659.16270255233394, 9640817.617625862360001 ], [ 290659.16270255233394, 9641848.367625862360001 ], [ 292161.362702552287374, 9641848.367625862360001 ], [ 292161.362702552287374, 9640817.617625862360001 ], [ 290659.16270255233394, 9640817.617625862360001 ] ] ] ] } },
{ "type": "Feature", "properties": { }, "geometry": { "type": "MultiPolygon", "coordinates": [ [ [ [ 292161.362702552345581, 9640817.617625862360001 ], [ 292161.362702552345581, 9641848.367625862360001 ], [ 293663.562702552299015, 9641848.367625862360001 ], [ 293663.562702552299015, 9640817.617625862360001 ], [ 292161.362702552345581, 9640817.617625862360001 ] ] ] ] } },
{ "type": "Feature", "properties": { }, "geometry": { "type": "MultiPolygon", "coordinates": [ [ [ [ 293663.562702552357223, 9640817.617625862360001 ], [ 293663.562702552357223, 9641848.367625862360001 ], [ 295165.762702552310657, 9641848.367625862360001 ], [ 295165.762702552310657, 9640817.617625862360001 ], [ 293663.562702552357223, 9640817.617625862360001 ] ] ] ] } },
{ "type": "Feature", "properties": { }, "geometry": { "type": "MultiPolygon", "coordinates": [ [ [ [ 295165.762702552368864, 9640817.617625862360001 ], [ 295165.762702552368864, 9641848.367625862360001 ], [ 296667.962702552322298, 9641848.367625862360001 ], [ 296667.962702552322298, 9640817.617625862360001 ], [ 295165.762702552368864, 9640817.617625862360001 ] ] ] ] } },
{ "type": "Feature", "properties": { }, "geometry": { "type": "MultiPolygon", "coordinates": [ [ [ [ 296667.962702552322298, 9640817.617625862360001 ], [ 296667.962702552322298, 9641848.367625862360001 ], [ 298170.162702552275732, 9641848.367625862360001 ], [ 298170.162702552275732, 9640817.617625862360001 ], [ 296667.962702552322298, 9640817.617625862360001 ] ] ] ] } },
{ "type": "Feature", "properties": { }, "geometry": { "type": "MultiPolygon", "coordinates": [ [ [ [ 298170.16270255233394, 9640817.617625862360001 ], [ 298170.16270255233394, 9641848.367625862360001 ], [ 299672.362702552287374, 9641848.367625862360001 ], [ 299672.362702552287374, 9640817.617625862360001 ], [ 298170.16270255233394, 9640817.617625862360001 ] ] ] ] } },
{ "type": "Feature", "properties": { }, "geometry": { "type": "MultiPolygon", "coordinates": [ [ [ [ 299672.362702552345581, 9640817.617625862360001 ], [ 299672.362702552345581, 9641848.367625862360001 ], [ 301174.562702552299015, 9641848.367625862360001 ], [ 301174.562702552299015, 9640817.617625862360001 ], [ 299672.362702552345581, 9640817.617625862360001 ] ] ] ] } },
{ "type": "Feature", "properties": { }, "geometry": { "type": "MultiPolygon", "coordinates": [ [ [ [ 301174.562702552357223, 9640817.617625862360001 ], [ 301174.562702552357223, 9641848.367625862360001 ], [ 302676.762702552310657, 9641848.367625862360001 ], [ 302676.762702552310657, 9640817.617625862360001 ], [ 301174.562702552357223, 9640817.617625862360001 ] ] ] ] } },
{ "type": "Feature", "properties": { }, "geometry": { "type": "MultiPolygon", "coordinates": [ [ [ [ 302676.762702552368864, 9640817.617625862360001 ], [ 302676.762702552368864, 9641848.367625862360001 ], [ 304178.962702552322298, 9641848.367625862360001 ], [ 304178.962702552322298, 9640817.617625862360001 ], [ 302676.762702552368864, 9640817.617625862360001 ] ] ] ] } },
{ "type": "Feature", "properties": { }, "geometry": { "type": "MultiPolygon", "coordinates": [ [ [ [ 304178.962702552322298, 9640817.617625862360001 ], [ 304178.962702552322298, 9641848.367625862360001 ], [ 305681.162702552275732, 9641848.367625862360001 ], [ 305681.162702552275732, 9640817.617625862360001 ], [ 304178.962702552322298, 9640817.617625862360001 ] ] ] ] } },
{ "type": "Feature", "properties": { }, "geometry": { "type": "MultiPolygon", "coordinates": [ [ [ [ 305681.16270255233394, 9640817.617625862360001 ], [ 305681.16270255233394, 9641848.367625862360001 ], [ 307183.362702552287374, 9641848.367625862360001 ], [ 307183.362702552287374, 9640817.617625862360001 ], [ 305681.16270255233394, 9640817.617625862360001 ] ] ] ] } },
{ "type": "Feature", "properties": { }, "geometry": { "type": "MultiPolygon", "coordinates": [ [ [ [ 307183.362702552345581, 9640817.617625862360001 ], [ 307183.362702552345581, 9641848.367625862360001 ], [ 308685.562702552299015, 9641848.367625862360001 ], [ 308685.562702552299015, 9640817.617625862360001 ], [ 307183.362702552345581, 9640817.617625862360001 ] ] ] ] } },
{ "type": "Feature", "properties": { }, "geometry": { "type": "MultiPolygon", "coordinates": [ [ [ [ 308685.562702552357223, 9640817.617625862360001 ], [ 308685.562702552357223, 9641848.367625862360001 ], [ 310187.762702552310657, 9641848.367625862360001 ], [ 310187.762702552310657, 9640817.617625862360001 ], [ 308685.562702552357223, 9640817.617625862360001 ] ] ] ] } },
{ "type": "Feature", "properties": { }, "geometry": { "type": "MultiPolygon", "coordinates": [ [ [ [ 310187.762702552368864, 9640817.617625862360001 ], [ 310187.762702552368864, 9641848.367625862360001 ], [ 311689.962702552322298, 9641848.367625862360001 ], [ 311689.962702552322298, 9640817.617625862360001 ], [ 310187.762702552368864, 9640817.617625862360001 ] ] ] ] } },
{ "type": "Feature", "properties": { }, "geometry": { "type": "MultiPolygon", "coordinates": [ [ [ [ 311689.962702552322298, 9640817.617625862360001 ], [ 311689.962702552322298, 9641848.367625862360001 ], [ 313192.162702552275732, 9641848.367625862360001 ], [ 313192.162702552275732, 9640817.617625862360001 ], [ 311689.962702552322298, 9640817.617625862360001 ] ] ] ] } },
{ "type": "Feature", "properties": { }, "geometry": { "type": "MultiPolygon", "coordinates": [ [ [ [ 313192.16270255233394, 9640817.617625862360001 ], [ 313192.16270255233394, 9641848.367625862360001 ], [ 314694.362702552287374, 9641848.367625862360001 ], [ 314694.362702552287374, 9640817.617625862360001 ], [ 313192.16270255233394, 9640817.617625862360001 ] ] ] ] } },
{ "type": "Feature", "properties": { }, "geometry": { "type": "MultiPolygon", "coordinates": [ [ [ [ 314694.362702552345581, 9640817.617625862360001 ], [ 314694.362702552345581, 9641848.367625862360001 ], [ 316196.562702552299015, 9641848.367625862360001 ], [ 316196.562702552299015, 9640817.617625862360001 ], [ 314694.362702552345581, 9640817.617625862360001 ] ] ] ] } },
{ "type": "Feature", "properties": { }, "geometry": { "type": "MultiPolygon", "coordinates": [ [ [ [ 316196.562702552357223, 9640817.617625862360001 ], [ 316196.562702552357223, 9641848.367625862360001 ], [ 317698.762702552310657, 9641848.367625862360001 ], [ 317698.762702552310657, 9640817.617625862360001 ], [ 316196.562702552357223, 9640817.617625862360001 ] ] ] ] } },
{ "type": "Feature", "properties": { }, "geometry": { "type": "MultiPolygon", "coordinates": [ [ [ [ 317698.762702552368864, 9640817.617625862360001 ], [ 317698.762702552368864, 9641848.367625862360001 ], [ 319200.962702552322298, 9641848.367625862360001 ], [ 319200.962702552322298, 9640817.617625862360001 ], [ 317698.762702552368864, 9640817.617625862360001 ] ] ] ] } },
{ "type": "Feature", "properties": { }, "geometry": { "type": "MultiPolygon", "coordinates": [ [ [ [ 319200.962702552322298, 9640817.617625862360001 ], [ 319200.962702552322298, 9641848.367625862360001 ], [ 320703.162702552275732, 9641848.367625862360001 ], [ 320703.162702552275732, 9640817.617625862360001 ], [ 319200.962702552322298, 9640817.617625862360001 ] ] ] ] } },
{ "type": "Feature", "properties": { }, "geometry": { "type": "MultiPolygon", "coordinates": [ [ [ [ 320703.16270255233394, 9640817.617625862360001 ], [ 320703.16270255233394, 9641848.367625862360001 ], [ 322205.362702552287374, 9641848.367625862360001 ], [ 322205.362702552287374, 9640817.617625862360001 ], [ 320703.16270255233394, 9640817.617625862360001 ] ] ] ] } },
{ "type": "Feature", "properties": { }, "geometry": { "type": "MultiPolygon", "coordinates": [ [ [ [ 322205.362702552345581, 9640817.617625862360001 ], [ 322205.362702552345581, 9641848.367625862360001 ], [ 323707.562702552299015, 9641848.367625862360001 ], [ 323707.562702552299015, 9640817.617625862360001 ], [ 322205.362702552345581, 9640817.617625862360001 ] ] ] ] } },
{ "type": "Feature", "properties": { }, "geometry": { "type": "MultiPolygon", "coordinates": [ [ [ [ 323707.562702552357223, 9640817.617625862360001 ], [ 323707.562702552357223, 9641848.367625862360001 ], [ 325209.762702552310657, 9641848.367625862360001 ], [ 325209.762702552310657, 9640817.617625862360001 ], [ 323707.562702552357223, 9640817.617625862360001 ] ] ] ] } },
{ "type": "Feature", "properties": { }, "geometry": { "type": "MultiPolygon", "coordinates": [ [ [ [ 325209.762702552368864, 9640817.617625862360001 ], [ 325209.762702552368864, 9641848.367625862360001 ], [ 326711.962702552322298, 9641848.367625862360001 ], [ 326711.962702552322298, 9640817.617625862360001 ], [ 325209.762702552368864, 9640817.617625862360001 ] ] ] ] } },
{ "type": "Feature", "properties": { }, "geometry": { "type": "MultiPolygon", "coordinates": [ [ [ [ 326711.962702552322298, 9640817.617625862360001 ], [ 326711.962702552322298, 9641848.367625862360001 ], [ 328214.162702552275732, 9641848.367625862360001 ], [ 328214.162702552275732, 9640817.617625862360001 ], [ 326711.962702552322298, 9640817.617625862360001 ] ] ] ] } },
{ "type": "Feature", "properties": { }, "geometry": { "type": "MultiPolygon", "coordinates": [ [ [ [ 328214.16270255233394, 9640817.617625862360001 ], [ 328214.16270255233394, 9641848.367625862360001 ], [ 329716.362702552287374, 9641848.367625862360001 ], [ 329716.362702552287374, 9640817.617625862360001 ], [ 328214.16270255233394, 9640817.617625862360001 ] ] ] ] } },
{ "type": "Feature", "properties": { }, "geometry": { "type": "MultiPolygon", "coordinates": [ [ [ [ 329716.362702552345581, 9640817.617625862360001 ], [ 329716.362702552345581, 9641848.367625862360001 ], [ 331218.562702552299015, 9641848.367625862360001 ], [ 331218.562702552299015, 9640817.617625862360001 ], [ 329716.362702552345581, 9640817.617625862360001 ] ] ] ] } },
{ "type": "Feature", "properties": { }, "geometry": { "type": "MultiPolygon", "coordinates": [ [ [ [ 331218.562702552357223, 9640817.617625862360001 ], [ 331218.562702552357223, 9641848.367625862360001 ], [ 332720.762702552310657, 9641848.367625862360001 ], [ 332720.762702552310657, 9640817.617625862360001 ], [ 331218.562702552357223, 9640817.617625862360001 ] ] ] ] } },
{ "type": "Feature", "properties": { }, "geometry": { "type": "MultiPolygon", "coordinates": [ [ [ [ 332720.762702552368864, 9640817.617625862360001 ], [ 332720.762702552368864, 9641848.367625862360001 ], [ 334222.962702552322298, 9641848.367625862360001 ], [ 334222.962702552322298, 9640817.617625862360001 ], [ 332720.762702552368864, 9640817.617625862360001 ] ] ] ] } },
{ "type": "Feature", "properties": { }, "geometry": { "type": "MultiPolygon", "coordinates": [ [ [ [ 334222.962702552322298, 9640817.617625862360001 ], [ 334222.962702552322298, 9641848.367625862360001 ], [ 335725.162702552275732, 9641848.367625862360001 ], [ 335725.162702552275732, 9640817.617625862360001 ], [ 334222.962702552322298, 9640817.617625862360001 ] ] ] ] } },
{ "type": "Feature", "properties": { }, "geometry": { "type": "MultiPolygon", "coordinates": [ [ [ [ 335725.16270255233394, 9640817.617625862360001 ], [ 335725.16270255233394, 9641848.367625862360001 ], [ 337227.362702552287374, 9641848.367625862360001 ], [ 337227.362702552287374, 9640817.617625862360001 ], [ 335725.16270255233394, 9640817.617625862360001 ] ] ] ] } },
{ "type": "Feature", "properties": { }, "geometry": { "type": "MultiPolygon", "coordinates": [ [ [ [ 337227.362702552345581, 9640817.617625862360001 ], [ 337227.362702552345581, 9641848.367625862360001 ], [ 338729.562702552299015, 9641848.367625862360001 ], [ 338729.562702552299015, 9640817.617625862360001 ], [ 337227.362702552345581, 9640817.617625862360001 ] ] ] ] } },
{ "type": "Feature", "properties": { }, "geometry": { "type": "MultiPolygon", "coordinates": [ [ [ [ 338729.562702552357223, 9640817.617625862360001 ], [ 338729.562702552357223, 9641848.367625862360001 ], [ 340231.762702552310657, 9641848.367625862360001 ], [ 340231.762702552310657, 9640817.617625862360001 ], [ 338729.562702552357223, 9640817.617625862360001 ] ] ] ] } },
{ "type": "Feature", "properties": { }, "geometry": { "type": "MultiPolygon", "coordinates": [ [ [ [ 340231.762702552368864, 9640817.617625862360001 ], [ 340231.762702552368864, 9641848.367625862360001 ], [ 341733.962702552322298, 9641848.367625862360001 ], [ 341733.962702552322298, 9640817.617625862360001 ], [ 340231.762702552368864, 9640817.617625862360001 ] ] ] ] } },
{ "type": "Feature", "properties": { }, "geometry": { "type": "MultiPolygon", "coordinates": [ [ [ [ 341733.962702552322298, 9640817.617625862360001 ], [ 341733.962702552322298, 9641848.367625862360001 ], [ 343236.162702552275732, 9641848.367625862360001 ], [ 343236.162702552275732, 9640817.617625862360001 ], [ 341733.962702552322298, 9640817.617625862360001 ] ] ] ] } },
{ "type": "Feature", "properties": { }, "geometry": { "type": "MultiPolygon", "coordinates": [ [ [ [ 343236.16270255233394, 9640817.617625862360001 ], [ 343236.16270255233394, 9641848.367625862360001 ], [ 344738.362702552287374, 9641848.367625862360001 ], [ 344738.362702552287374, 9640817.617625862360001 ], [ 343236.16270255233394, 9640817.617625862360001 ] ] ] ] } },
{ "type": "Feature", "properties": { }, "geometry": { "type": "MultiPolygon", "coordinates": [ [ [ [ 344738.362702552345581, 9640817.617625862360001 ], [ 344738.362702552345581, 9641848.367625862360001 ], [ 346240.562702552299015, 9641848.367625862360001 ], [ 346240.562702552299015, 9640817.617625862360001 ], [ 344738.362702552345581, 9640817.617625862360001 ] ] ] ] } },
{ "type": "Feature", "properties": { }, "geometry": { "type": "MultiPolygon", "coordinates": [ [ [ [ 346240.562702552357223, 9640817.617625862360001 ], [ 346240.562702552357223, 9641848.367625862360001 ], [ 347742.762702552310657, 9641848.367625862360001 ], [ 347742.762702552310657, 9640817.617625862360001 ], [ 346240.562702552357223, 9640817.617625862360001 ] ] ] ] } },
{ "type": "Feature", "properties": { }, "geometry": { "type": "MultiPolygon", "coordinates": [ [ [ [ 347742.762702552368864, 9640817.617625862360001 ], [ 347742.762702552368864, 9641848.367625862360001 ], [ 349244.962702552322298, 9641848.367625862360001 ], [ 349244.962702552322298, 9640817.617625862360001 ], [ 347742.762702552368864, 9640817.617625862360001 ] ] ] ] } },
{ "type": "Feature", "properties": { }, "geometry": { "type": "MultiPolygon", "coordinates": [ [ [ [ 349244.962702552322298, 9640817.617625862360001 ], [ 349244.962702552322298, 9641848.367625862360001 ], [ 350747.162702552275732, 9641848.367625862360001 ], [ 350747.162702552275732, 9640817.617625862360001 ], [ 349244.962702552322298, 9640817.617625862360001 ] ] ] ] } },
{ "type": "Feature", "properties": { }, "geometry": { "type": "MultiPolygon", "coordinates": [ [ [ [ 350747.16270255233394, 9640817.617625862360001 ], [ 350747.16270255233394, 9641848.367625862360001 ], [ 352249.362702552287374, 9641848.367625862360001 ], [ 352249.362702552287374, 9640817.617625862360001 ], [ 350747.16270255233394, 9640817.617625862360001 ] ] ] ] } },
{ "type": "Feature", "properties": { }, "geometry": { "type": "MultiPolygon", "coordinates": [ [ [ [ 352249.362702552345581, 9640817.617625862360001 ], [ 352249.362702552345581, 9641848.367625862360001 ], [ 353751.562702552299015, 9641848.367625862360001 ], [ 353751.562702552299015, 9640817.617625862360001 ], [ 352249.362702552345581, 9640817.617625862360001 ] ] ] ] } },
{ "type": "Feature", "properties": { }, "geometry": { "type": "MultiPolygon", "coordinates": [ [ [ [ 353751.562702552357223, 9640817.617625862360001 ], [ 353751.562702552357223, 9641848.367625862360001 ], [ 355253.762702552310657, 9641848.367625862360001 ], [ 355253.762702552310657, 9640817.617625862360001 ], [ 353751.562702552357223, 9640817.617625862360001 ] ] ] ] } },
{ "type": "Feature", "properties": { }, "geometry": { "type": "MultiPolygon", "coordinates": [ [ [ [ 355253.762702552368864, 9640817.617625862360001 ], [ 355253.762702552368864, 9641848.367625862360001 ], [ 356755.962702552322298, 9641848.367625862360001 ], [ 356755.962702552322298, 9640817.617625862360001 ], [ 355253.762702552368864, 9640817.617625862360001 ] ] ] ] } },
{ "type": "Feature", "properties": { }, "geometry": { "type": "MultiPolygon", "coordinates": [ [ [ [ 281645.962702552322298, 9639786.867625862360001 ], [ 281645.962702552322298, 9640817.617625862360001 ], [ 283148.162702552275732, 9640817.617625862360001 ], [ 283148.162702552275732, 9639786.867625862360001 ], [ 281645.962702552322298, 9639786.867625862360001 ] ] ] ] } },
{ "type": "Feature", "properties": { }, "geometry": { "type": "MultiPolygon", "coordinates": [ [ [ [ 283148.16270255233394, 9639786.867625862360001 ], [ 283148.16270255233394, 9640817.617625862360001 ], [ 284650.362702552287374, 9640817.617625862360001 ], [ 284650.362702552287374, 9639786.867625862360001 ], [ 283148.16270255233394, 9639786.867625862360001 ] ] ] ] } },
{ "type": "Feature", "properties": { }, "geometry": { "type": "MultiPolygon", "coordinates": [ [ [ [ 284650.362702552345581, 9639786.867625862360001 ], [ 284650.362702552345581, 9640817.617625862360001 ], [ 286152.562702552299015, 9640817.617625862360001 ], [ 286152.562702552299015, 9639786.867625862360001 ], [ 284650.362702552345581, 9639786.867625862360001 ] ] ] ] } },
{ "type": "Feature", "properties": { }, "geometry": { "type": "MultiPolygon", "coordinates": [ [ [ [ 286152.562702552357223, 9639786.867625862360001 ], [ 286152.562702552357223, 9640817.617625862360001 ], [ 287654.762702552310657, 9640817.617625862360001 ], [ 287654.762702552310657, 9639786.867625862360001 ], [ 286152.562702552357223, 9639786.867625862360001 ] ] ] ] } },
{ "type": "Feature", "properties": { }, "geometry": { "type": "MultiPolygon", "coordinates": [ [ [ [ 287654.762702552368864, 9639786.867625862360001 ], [ 287654.762702552368864, 9640817.617625862360001 ], [ 289156.962702552322298, 9640817.617625862360001 ], [ 289156.962702552322298, 9639786.867625862360001 ], [ 287654.762702552368864, 9639786.867625862360001 ] ] ] ] } },
{ "type": "Feature", "properties": { }, "geometry": { "type": "MultiPolygon", "coordinates": [ [ [ [ 289156.962702552322298, 9639786.867625862360001 ], [ 289156.962702552322298, 9640817.617625862360001 ], [ 290659.162702552275732, 9640817.617625862360001 ], [ 290659.162702552275732, 9639786.867625862360001 ], [ 289156.962702552322298, 9639786.867625862360001 ] ] ] ] } },
{ "type": "Feature", "properties": { }, "geometry": { "type": "MultiPolygon", "coordinates": [ [ [ [ 290659.16270255233394, 9639786.867625862360001 ], [ 290659.16270255233394, 9640817.617625862360001 ], [ 292161.362702552287374, 9640817.617625862360001 ], [ 292161.362702552287374, 9639786.867625862360001 ], [ 290659.16270255233394, 9639786.867625862360001 ] ] ] ] } },
{ "type": "Feature", "properties": { }, "geometry": { "type": "MultiPolygon", "coordinates": [ [ [ [ 292161.362702552345581, 9639786.867625862360001 ], [ 292161.362702552345581, 9640817.617625862360001 ], [ 293663.562702552299015, 9640817.617625862360001 ], [ 293663.562702552299015, 9639786.867625862360001 ], [ 292161.362702552345581, 9639786.867625862360001 ] ] ] ] } },
{ "type": "Feature", "properties": { }, "geometry": { "type": "MultiPolygon", "coordinates": [ [ [ [ 293663.562702552357223, 9639786.867625862360001 ], [ 293663.562702552357223, 9640817.617625862360001 ], [ 295165.762702552310657, 9640817.617625862360001 ], [ 295165.762702552310657, 9639786.867625862360001 ], [ 293663.562702552357223, 9639786.867625862360001 ] ] ] ] } },
{ "type": "Feature", "properties": { }, "geometry": { "type": "MultiPolygon", "coordinates": [ [ [ [ 295165.762702552368864, 9639786.867625862360001 ], [ 295165.762702552368864, 9640817.617625862360001 ], [ 296667.962702552322298, 9640817.617625862360001 ], [ 296667.962702552322298, 9639786.867625862360001 ], [ 295165.762702552368864, 9639786.867625862360001 ] ] ] ] } },
{ "type": "Feature", "properties": { }, "geometry": { "type": "MultiPolygon", "coordinates": [ [ [ [ 296667.962702552322298, 9639786.867625862360001 ], [ 296667.962702552322298, 9640817.617625862360001 ], [ 298170.162702552275732, 9640817.617625862360001 ], [ 298170.162702552275732, 9639786.867625862360001 ], [ 296667.962702552322298, 9639786.867625862360001 ] ] ] ] } },
{ "type": "Feature", "properties": { }, "geometry": { "type": "MultiPolygon", "coordinates": [ [ [ [ 298170.16270255233394, 9639786.867625862360001 ], [ 298170.16270255233394, 9640817.617625862360001 ], [ 299672.362702552287374, 9640817.617625862360001 ], [ 299672.362702552287374, 9639786.867625862360001 ], [ 298170.16270255233394, 9639786.867625862360001 ] ] ] ] } },
{ "type": "Feature", "properties": { }, "geometry": { "type": "MultiPolygon", "coordinates": [ [ [ [ 299672.362702552345581, 9639786.867625862360001 ], [ 299672.362702552345581, 9640817.617625862360001 ], [ 301174.562702552299015, 9640817.617625862360001 ], [ 301174.562702552299015, 9639786.867625862360001 ], [ 299672.362702552345581, 9639786.867625862360001 ] ] ] ] } },
{ "type": "Feature", "properties": { }, "geometry": { "type": "MultiPolygon", "coordinates": [ [ [ [ 301174.562702552357223, 9639786.867625862360001 ], [ 301174.562702552357223, 9640817.617625862360001 ], [ 302676.762702552310657, 9640817.617625862360001 ], [ 302676.762702552310657, 9639786.867625862360001 ], [ 301174.562702552357223, 9639786.867625862360001 ] ] ] ] } },
{ "type": "Feature", "properties": { }, "geometry": { "type": "MultiPolygon", "coordinates": [ [ [ [ 302676.762702552368864, 9639786.867625862360001 ], [ 302676.762702552368864, 9640817.617625862360001 ], [ 304178.962702552322298, 9640817.617625862360001 ], [ 304178.962702552322298, 9639786.867625862360001 ], [ 302676.762702552368864, 9639786.867625862360001 ] ] ] ] } },
{ "type": "Feature", "properties": { }, "geometry": { "type": "MultiPolygon", "coordinates": [ [ [ [ 304178.962702552322298, 9639786.867625862360001 ], [ 304178.962702552322298, 9640817.617625862360001 ], [ 305681.162702552275732, 9640817.617625862360001 ], [ 305681.162702552275732, 9639786.867625862360001 ], [ 304178.962702552322298, 9639786.867625862360001 ] ] ] ] } },
{ "type": "Feature", "properties": { }, "geometry": { "type": "MultiPolygon", "coordinates": [ [ [ [ 305681.16270255233394, 9639786.867625862360001 ], [ 305681.16270255233394, 9640817.617625862360001 ], [ 307183.362702552287374, 9640817.617625862360001 ], [ 307183.362702552287374, 9639786.867625862360001 ], [ 305681.16270255233394, 9639786.867625862360001 ] ] ] ] } },
{ "type": "Feature", "properties": { }, "geometry": { "type": "MultiPolygon", "coordinates": [ [ [ [ 307183.362702552345581, 9639786.867625862360001 ], [ 307183.362702552345581, 9640817.617625862360001 ], [ 308685.562702552299015, 9640817.617625862360001 ], [ 308685.562702552299015, 9639786.867625862360001 ], [ 307183.362702552345581, 9639786.867625862360001 ] ] ] ] } },
{ "type": "Feature", "properties": { }, "geometry": { "type": "MultiPolygon", "coordinates": [ [ [ [ 308685.562702552357223, 9639786.867625862360001 ], [ 308685.562702552357223, 9640817.617625862360001 ], [ 310187.762702552310657, 9640817.617625862360001 ], [ 310187.762702552310657, 9639786.867625862360001 ], [ 308685.562702552357223, 9639786.867625862360001 ] ] ] ] } },
{ "type": "Feature", "properties": { }, "geometry": { "type": "MultiPolygon", "coordinates": [ [ [ [ 310187.762702552368864, 9639786.867625862360001 ], [ 310187.762702552368864, 9640817.617625862360001 ], [ 311689.962702552322298, 9640817.617625862360001 ], [ 311689.962702552322298, 9639786.867625862360001 ], [ 310187.762702552368864, 9639786.867625862360001 ] ] ] ] } },
{ "type": "Feature", "properties": { }, "geometry": { "type": "MultiPolygon", "coordinates": [ [ [ [ 311689.962702552322298, 9639786.867625862360001 ], [ 311689.962702552322298, 9640817.617625862360001 ], [ 313192.162702552275732, 9640817.617625862360001 ], [ 313192.162702552275732, 9639786.867625862360001 ], [ 311689.962702552322298, 9639786.867625862360001 ] ] ] ] } },
{ "type": "Feature", "properties": { }, "geometry": { "type": "MultiPolygon", "coordinates": [ [ [ [ 313192.16270255233394, 9639786.867625862360001 ], [ 313192.16270255233394, 9640817.617625862360001 ], [ 314694.362702552287374, 9640817.617625862360001 ], [ 314694.362702552287374, 9639786.867625862360001 ], [ 313192.16270255233394, 9639786.867625862360001 ] ] ] ] } },
{ "type": "Feature", "properties": { }, "geometry": { "type": "MultiPolygon", "coordinates": [ [ [ [ 314694.362702552345581, 9639786.867625862360001 ], [ 314694.362702552345581, 9640817.617625862360001 ], [ 316196.562702552299015, 9640817.617625862360001 ], [ 316196.562702552299015, 9639786.867625862360001 ], [ 314694.362702552345581, 9639786.867625862360001 ] ] ] ] } },
{ "type": "Feature", "properties": { }, "geometry": { "type": "MultiPolygon", "coordinates": [ [ [ [ 316196.562702552357223, 9639786.867625862360001 ], [ 316196.562702552357223, 9640817.617625862360001 ], [ 317698.762702552310657, 9640817.617625862360001 ], [ 317698.762702552310657, 9639786.867625862360001 ], [ 316196.562702552357223, 9639786.867625862360001 ] ] ] ] } },
{ "type": "Feature", "properties": { }, "geometry": { "type": "MultiPolygon", "coordinates": [ [ [ [ 317698.762702552368864, 9639786.867625862360001 ], [ 317698.762702552368864, 9640817.617625862360001 ], [ 319200.962702552322298, 9640817.617625862360001 ], [ 319200.962702552322298, 9639786.867625862360001 ], [ 317698.762702552368864, 9639786.867625862360001 ] ] ] ] } },
{ "type": "Feature", "properties": { }, "geometry": { "type": "MultiPolygon", "coordinates": [ [ [ [ 319200.962702552322298, 9639786.867625862360001 ], [ 319200.962702552322298, 9640817.617625862360001 ], [ 320703.162702552275732, 9640817.617625862360001 ], [ 320703.162702552275732, 9639786.867625862360001 ], [ 319200.962702552322298, 9639786.867625862360001 ] ] ] ] } },
{ "type": "Feature", "properties": { }, "geometry": { "type": "MultiPolygon", "coordinates": [ [ [ [ 320703.16270255233394, 9639786.867625862360001 ], [ 320703.16270255233394, 9640817.617625862360001 ], [ 322205.362702552287374, 9640817.617625862360001 ], [ 322205.362702552287374, 9639786.867625862360001 ], [ 320703.16270255233394, 9639786.867625862360001 ] ] ] ] } },
{ "type": "Feature", "properties": { }, "geometry": { "type": "MultiPolygon", "coordinates": [ [ [ [ 322205.362702552345581, 9639786.867625862360001 ], [ 322205.362702552345581, 9640817.617625862360001 ], [ 323707.562702552299015, 9640817.617625862360001 ], [ 323707.562702552299015, 9639786.867625862360001 ], [ 322205.362702552345581, 9639786.867625862360001 ] ] ] ] } },
{ "type": "Feature", "properties": { }, "geometry": { "type": "MultiPolygon", "coordinates": [ [ [ [ 323707.562702552357223, 9639786.867625862360001 ], [ 323707.562702552357223, 9640817.617625862360001 ], [ 325209.762702552310657, 9640817.617625862360001 ], [ 325209.762702552310657, 9639786.867625862360001 ], [ 323707.562702552357223, 9639786.867625862360001 ] ] ] ] } },
{ "type": "Feature", "properties": { }, "geometry": { "type": "MultiPolygon", "coordinates": [ [ [ [ 325209.762702552368864, 9639786.867625862360001 ], [ 325209.762702552368864, 9640817.617625862360001 ], [ 326711.962702552322298, 9640817.617625862360001 ], [ 326711.962702552322298, 9639786.867625862360001 ], [ 325209.762702552368864, 9639786.867625862360001 ] ] ] ] } },
{ "type": "Feature", "properties": { }, "geometry": { "type": "MultiPolygon", "coordinates": [ [ [ [ 326711.962702552322298, 9639786.867625862360001 ], [ 326711.962702552322298, 9640817.617625862360001 ], [ 328214.162702552275732, 9640817.617625862360001 ], [ 328214.162702552275732, 9639786.867625862360001 ], [ 326711.962702552322298, 9639786.867625862360001 ] ] ] ] } },
{ "type": "Feature", "properties": { }, "geometry": { "type": "MultiPolygon", "coordinates": [ [ [ [ 328214.16270255233394, 9639786.867625862360001 ], [ 328214.16270255233394, 9640817.617625862360001 ], [ 329716.362702552287374, 9640817.617625862360001 ], [ 329716.362702552287374, 9639786.867625862360001 ], [ 328214.16270255233394, 9639786.867625862360001 ] ] ] ] } },
{ "type": "Feature", "properties": { }, "geometry": { "type": "MultiPolygon", "coordinates": [ [ [ [ 329716.362702552345581, 9639786.867625862360001 ], [ 329716.362702552345581, 9640817.617625862360001 ], [ 331218.562702552299015, 9640817.617625862360001 ], [ 331218.562702552299015, 9639786.867625862360001 ], [ 329716.362702552345581, 9639786.867625862360001 ] ] ] ] } },
{ "type": "Feature", "properties": { }, "geometry": { "type": "MultiPolygon", "coordinates": [ [ [ [ 331218.562702552357223, 9639786.867625862360001 ], [ 331218.562702552357223, 9640817.617625862360001 ], [ 332720.762702552310657, 9640817.617625862360001 ], [ 332720.762702552310657, 9639786.867625862360001 ], [ 331218.562702552357223, 9639786.867625862360001 ] ] ] ] } },
{ "type": "Feature", "properties": { }, "geometry": { "type": "MultiPolygon", "coordinates": [ [ [ [ 332720.762702552368864, 9639786.867625862360001 ], [ 332720.762702552368864, 9640817.617625862360001 ], [ 334222.962702552322298, 9640817.617625862360001 ], [ 334222.962702552322298, 9639786.867625862360001 ], [ 332720.762702552368864, 9639786.867625862360001 ] ] ] ] } },
{ "type": "Feature", "properties": { }, "geometry": { "type": "MultiPolygon", "coordinates": [ [ [ [ 334222.962702552322298, 9639786.867625862360001 ], [ 334222.962702552322298, 9640817.617625862360001 ], [ 335725.162702552275732, 9640817.617625862360001 ], [ 335725.162702552275732, 9639786.867625862360001 ], [ 334222.962702552322298, 9639786.867625862360001 ] ] ] ] } },
{ "type": "Feature", "properties": { }, "geometry": { "type": "MultiPolygon", "coordinates": [ [ [ [ 335725.16270255233394, 9639786.867625862360001 ], [ 335725.16270255233394, 9640817.617625862360001 ], [ 337227.362702552287374, 9640817.617625862360001 ], [ 337227.362702552287374, 9639786.867625862360001 ], [ 335725.16270255233394, 9639786.867625862360001 ] ] ] ] } },
{ "type": "Feature", "properties": { }, "geometry": { "type": "MultiPolygon", "coordinates": [ [ [ [ 337227.362702552345581, 9639786.867625862360001 ], [ 337227.362702552345581, 9640817.617625862360001 ], [ 338729.562702552299015, 9640817.617625862360001 ], [ 338729.562702552299015, 9639786.867625862360001 ], [ 337227.362702552345581, 9639786.867625862360001 ] ] ] ] } },
{ "type": "Feature", "properties": { }, "geometry": { "type": "MultiPolygon", "coordinates": [ [ [ [ 338729.562702552357223, 9639786.867625862360001 ], [ 338729.562702552357223, 9640817.617625862360001 ], [ 340231.762702552310657, 9640817.617625862360001 ], [ 340231.762702552310657, 9639786.867625862360001 ], [ 338729.562702552357223, 9639786.867625862360001 ] ] ] ] } },
{ "type": "Feature", "properties": { }, "geometry": { "type": "MultiPolygon", "coordinates": [ [ [ [ 340231.762702552368864, 9639786.867625862360001 ], [ 340231.762702552368864, 9640817.617625862360001 ], [ 341733.962702552322298, 9640817.617625862360001 ], [ 341733.962702552322298, 9639786.867625862360001 ], [ 340231.762702552368864, 9639786.867625862360001 ] ] ] ] } },
{ "type": "Feature", "properties": { }, "geometry": { "type": "MultiPolygon", "coordinates": [ [ [ [ 341733.962702552322298, 9639786.867625862360001 ], [ 341733.962702552322298, 9640817.617625862360001 ], [ 343236.162702552275732, 9640817.617625862360001 ], [ 343236.162702552275732, 9639786.867625862360001 ], [ 341733.962702552322298, 9639786.867625862360001 ] ] ] ] } },
{ "type": "Feature", "properties": { }, "geometry": { "type": "MultiPolygon", "coordinates": [ [ [ [ 343236.16270255233394, 9639786.867625862360001 ], [ 343236.16270255233394, 9640817.617625862360001 ], [ 344738.362702552287374, 9640817.617625862360001 ], [ 344738.362702552287374, 9639786.867625862360001 ], [ 343236.16270255233394, 9639786.867625862360001 ] ] ] ] } },
{ "type": "Feature", "properties": { }, "geometry": { "type": "MultiPolygon", "coordinates": [ [ [ [ 344738.362702552345581, 9639786.867625862360001 ], [ 344738.362702552345581, 9640817.617625862360001 ], [ 346240.562702552299015, 9640817.617625862360001 ], [ 346240.562702552299015, 9639786.867625862360001 ], [ 344738.362702552345581, 9639786.867625862360001 ] ] ] ] } },
{ "type": "Feature", "properties": { }, "geometry": { "type": "MultiPolygon", "coordinates": [ [ [ [ 346240.562702552357223, 9639786.867625862360001 ], [ 346240.562702552357223, 9640817.617625862360001 ], [ 347742.762702552310657, 9640817.617625862360001 ], [ 347742.762702552310657, 9639786.867625862360001 ], [ 346240.562702552357223, 9639786.867625862360001 ] ] ] ] } },
{ "type": "Feature", "properties": { }, "geometry": { "type": "MultiPolygon", "coordinates": [ [ [ [ 347742.762702552368864, 9639786.867625862360001 ], [ 347742.762702552368864, 9640817.617625862360001 ], [ 349244.962702552322298, 9640817.617625862360001 ], [ 349244.962702552322298, 9639786.867625862360001 ], [ 347742.762702552368864, 9639786.867625862360001 ] ] ] ] } },
{ "type": "Feature", "properties": { }, "geometry": { "type": "MultiPolygon", "coordinates": [ [ [ [ 349244.962702552322298, 9639786.867625862360001 ], [ 349244.962702552322298, 9640817.617625862360001 ], [ 350747.162702552275732, 9640817.617625862360001 ], [ 350747.162702552275732, 9639786.867625862360001 ], [ 349244.962702552322298, 9639786.867625862360001 ] ] ] ] } },
{ "type": "Feature", "properties": { }, "geometry": { "type": "MultiPolygon", "coordinates": [ [ [ [ 350747.16270255233394, 9639786.867625862360001 ], [ 350747.16270255233394, 9640817.617625862360001 ], [ 352249.362702552287374, 9640817.617625862360001 ], [ 352249.362702552287374, 9639786.867625862360001 ], [ 350747.16270255233394, 9639786.867625862360001 ] ] ] ] } },
{ "type": "Feature", "properties": { }, "geometry": { "type": "MultiPolygon", "coordinates": [ [ [ [ 352249.362702552345581, 9639786.867625862360001 ], [ 352249.362702552345581, 9640817.617625862360001 ], [ 353751.562702552299015, 9640817.617625862360001 ], [ 353751.562702552299015, 9639786.867625862360001 ], [ 352249.362702552345581, 9639786.867625862360001 ] ] ] ] } },
{ "type": "Feature", "properties": { }, "geometry": { "type": "MultiPolygon", "coordinates": [ [ [ [ 353751.562702552357223, 9639786.867625862360001 ], [ 353751.562702552357223, 9640817.617625862360001 ], [ 355253.762702552310657, 9640817.617625862360001 ], [ 355253.762702552310657, 9639786.867625862360001 ], [ 353751.562702552357223, 9639786.867625862360001 ] ] ] ] } },
{ "type": "Feature", "properties": { }, "geometry": { "type": "MultiPolygon", "coordinates": [ [ [ [ 355253.762702552368864, 9639786.867625862360001 ], [ 355253.762702552368864, 9640817.617625862360001 ], [ 356755.962702552322298, 9640817.617625862360001 ], [ 356755.962702552322298, 9639786.867625862360001 ], [ 355253.762702552368864, 9639786.867625862360001 ] ] ] ] } },
{ "type": "Feature", "properties": { }, "geometry": { "type": "MultiPolygon", "coordinates": [ [ [ [ 281645.962702552322298, 9638756.117625862360001 ], [ 281645.962702552322298, 9639786.867625862360001 ], [ 283148.162702552275732, 9639786.867625862360001 ], [ 283148.162702552275732, 9638756.117625862360001 ], [ 281645.962702552322298, 9638756.117625862360001 ] ] ] ] } },
{ "type": "Feature", "properties": { }, "geometry": { "type": "MultiPolygon", "coordinates": [ [ [ [ 283148.16270255233394, 9638756.117625862360001 ], [ 283148.16270255233394, 9639786.867625862360001 ], [ 284650.362702552287374, 9639786.867625862360001 ], [ 284650.362702552287374, 9638756.117625862360001 ], [ 283148.16270255233394, 9638756.117625862360001 ] ] ] ] } },
{ "type": "Feature", "properties": { }, "geometry": { "type": "MultiPolygon", "coordinates": [ [ [ [ 284650.362702552345581, 9638756.117625862360001 ], [ 284650.362702552345581, 9639786.867625862360001 ], [ 286152.562702552299015, 9639786.867625862360001 ], [ 286152.562702552299015, 9638756.117625862360001 ], [ 284650.362702552345581, 9638756.117625862360001 ] ] ] ] } },
{ "type": "Feature", "properties": { }, "geometry": { "type": "MultiPolygon", "coordinates": [ [ [ [ 286152.562702552357223, 9638756.117625862360001 ], [ 286152.562702552357223, 9639786.867625862360001 ], [ 287654.762702552310657, 9639786.867625862360001 ], [ 287654.762702552310657, 9638756.117625862360001 ], [ 286152.562702552357223, 9638756.117625862360001 ] ] ] ] } },
{ "type": "Feature", "properties": { }, "geometry": { "type": "MultiPolygon", "coordinates": [ [ [ [ 287654.762702552368864, 9638756.117625862360001 ], [ 287654.762702552368864, 9639786.867625862360001 ], [ 289156.962702552322298, 9639786.867625862360001 ], [ 289156.962702552322298, 9638756.117625862360001 ], [ 287654.762702552368864, 9638756.117625862360001 ] ] ] ] } },
{ "type": "Feature", "properties": { }, "geometry": { "type": "MultiPolygon", "coordinates": [ [ [ [ 289156.962702552322298, 9638756.117625862360001 ], [ 289156.962702552322298, 9639786.867625862360001 ], [ 290659.162702552275732, 9639786.867625862360001 ], [ 290659.162702552275732, 9638756.117625862360001 ], [ 289156.962702552322298, 9638756.117625862360001 ] ] ] ] } },
{ "type": "Feature", "properties": { }, "geometry": { "type": "MultiPolygon", "coordinates": [ [ [ [ 290659.16270255233394, 9638756.117625862360001 ], [ 290659.16270255233394, 9639786.867625862360001 ], [ 292161.362702552287374, 9639786.867625862360001 ], [ 292161.362702552287374, 9638756.117625862360001 ], [ 290659.16270255233394, 9638756.117625862360001 ] ] ] ] } },
{ "type": "Feature", "properties": { }, "geometry": { "type": "MultiPolygon", "coordinates": [ [ [ [ 292161.362702552345581, 9638756.117625862360001 ], [ 292161.362702552345581, 9639786.867625862360001 ], [ 293663.562702552299015, 9639786.867625862360001 ], [ 293663.562702552299015, 9638756.117625862360001 ], [ 292161.362702552345581, 9638756.117625862360001 ] ] ] ] } },
{ "type": "Feature", "properties": { }, "geometry": { "type": "MultiPolygon", "coordinates": [ [ [ [ 293663.562702552357223, 9638756.117625862360001 ], [ 293663.562702552357223, 9639786.867625862360001 ], [ 295165.762702552310657, 9639786.867625862360001 ], [ 295165.762702552310657, 9638756.117625862360001 ], [ 293663.562702552357223, 9638756.117625862360001 ] ] ] ] } },
{ "type": "Feature", "properties": { }, "geometry": { "type": "MultiPolygon", "coordinates": [ [ [ [ 295165.762702552368864, 9638756.117625862360001 ], [ 295165.762702552368864, 9639786.867625862360001 ], [ 296667.962702552322298, 9639786.867625862360001 ], [ 296667.962702552322298, 9638756.117625862360001 ], [ 295165.762702552368864, 9638756.117625862360001 ] ] ] ] } },
{ "type": "Feature", "properties": { }, "geometry": { "type": "MultiPolygon", "coordinates": [ [ [ [ 296667.962702552322298, 9638756.117625862360001 ], [ 296667.962702552322298, 9639786.867625862360001 ], [ 298170.162702552275732, 9639786.867625862360001 ], [ 298170.162702552275732, 9638756.117625862360001 ], [ 296667.962702552322298, 9638756.117625862360001 ] ] ] ] } },
{ "type": "Feature", "properties": { }, "geometry": { "type": "MultiPolygon", "coordinates": [ [ [ [ 298170.16270255233394, 9638756.117625862360001 ], [ 298170.16270255233394, 9639786.867625862360001 ], [ 299672.362702552287374, 9639786.867625862360001 ], [ 299672.362702552287374, 9638756.117625862360001 ], [ 298170.16270255233394, 9638756.117625862360001 ] ] ] ] } },
{ "type": "Feature", "properties": { }, "geometry": { "type": "MultiPolygon", "coordinates": [ [ [ [ 299672.362702552345581, 9638756.117625862360001 ], [ 299672.362702552345581, 9639786.867625862360001 ], [ 301174.562702552299015, 9639786.867625862360001 ], [ 301174.562702552299015, 9638756.117625862360001 ], [ 299672.362702552345581, 9638756.117625862360001 ] ] ] ] } },
{ "type": "Feature", "properties": { }, "geometry": { "type": "MultiPolygon", "coordinates": [ [ [ [ 301174.562702552357223, 9638756.117625862360001 ], [ 301174.562702552357223, 9639786.867625862360001 ], [ 302676.762702552310657, 9639786.867625862360001 ], [ 302676.762702552310657, 9638756.117625862360001 ], [ 301174.562702552357223, 9638756.117625862360001 ] ] ] ] } },
{ "type": "Feature", "properties": { }, "geometry": { "type": "MultiPolygon", "coordinates": [ [ [ [ 302676.762702552368864, 9638756.117625862360001 ], [ 302676.762702552368864, 9639786.867625862360001 ], [ 304178.962702552322298, 9639786.867625862360001 ], [ 304178.962702552322298, 9638756.117625862360001 ], [ 302676.762702552368864, 9638756.117625862360001 ] ] ] ] } },
{ "type": "Feature", "properties": { }, "geometry": { "type": "MultiPolygon", "coordinates": [ [ [ [ 304178.962702552322298, 9638756.117625862360001 ], [ 304178.962702552322298, 9639786.867625862360001 ], [ 305681.162702552275732, 9639786.867625862360001 ], [ 305681.162702552275732, 9638756.117625862360001 ], [ 304178.962702552322298, 9638756.117625862360001 ] ] ] ] } },
{ "type": "Feature", "properties": { }, "geometry": { "type": "MultiPolygon", "coordinates": [ [ [ [ 305681.16270255233394, 9638756.117625862360001 ], [ 305681.16270255233394, 9639786.867625862360001 ], [ 307183.362702552287374, 9639786.867625862360001 ], [ 307183.362702552287374, 9638756.117625862360001 ], [ 305681.16270255233394, 9638756.117625862360001 ] ] ] ] } },
{ "type": "Feature", "properties": { }, "geometry": { "type": "MultiPolygon", "coordinates": [ [ [ [ 307183.362702552345581, 9638756.117625862360001 ], [ 307183.362702552345581, 9639786.867625862360001 ], [ 308685.562702552299015, 9639786.867625862360001 ], [ 308685.562702552299015, 9638756.117625862360001 ], [ 307183.362702552345581, 9638756.117625862360001 ] ] ] ] } },
{ "type": "Feature", "properties": { }, "geometry": { "type": "MultiPolygon", "coordinates": [ [ [ [ 308685.562702552357223, 9638756.117625862360001 ], [ 308685.562702552357223, 9639786.867625862360001 ], [ 310187.762702552310657, 9639786.867625862360001 ], [ 310187.762702552310657, 9638756.117625862360001 ], [ 308685.562702552357223, 9638756.117625862360001 ] ] ] ] } },
{ "type": "Feature", "properties": { }, "geometry": { "type": "MultiPolygon", "coordinates": [ [ [ [ 310187.762702552368864, 9638756.117625862360001 ], [ 310187.762702552368864, 9639786.867625862360001 ], [ 311689.962702552322298, 9639786.867625862360001 ], [ 311689.962702552322298, 9638756.117625862360001 ], [ 310187.762702552368864, 9638756.117625862360001 ] ] ] ] } },
{ "type": "Feature", "properties": { }, "geometry": { "type": "MultiPolygon", "coordinates": [ [ [ [ 311689.962702552322298, 9638756.117625862360001 ], [ 311689.962702552322298, 9639786.867625862360001 ], [ 313192.162702552275732, 9639786.867625862360001 ], [ 313192.162702552275732, 9638756.117625862360001 ], [ 311689.962702552322298, 9638756.117625862360001 ] ] ] ] } },
{ "type": "Feature", "properties": { }, "geometry": { "type": "MultiPolygon", "coordinates": [ [ [ [ 313192.16270255233394, 9638756.117625862360001 ], [ 313192.16270255233394, 9639786.867625862360001 ], [ 314694.362702552287374, 9639786.867625862360001 ], [ 314694.362702552287374, 9638756.117625862360001 ], [ 313192.16270255233394, 9638756.117625862360001 ] ] ] ] } },
{ "type": "Feature", "properties": { }, "geometry": { "type": "MultiPolygon", "coordinates": [ [ [ [ 314694.362702552345581, 9638756.117625862360001 ], [ 314694.362702552345581, 9639786.867625862360001 ], [ 316196.562702552299015, 9639786.867625862360001 ], [ 316196.562702552299015, 9638756.117625862360001 ], [ 314694.362702552345581, 9638756.117625862360001 ] ] ] ] } },
{ "type": "Feature", "properties": { }, "geometry": { "type": "MultiPolygon", "coordinates": [ [ [ [ 316196.562702552357223, 9638756.117625862360001 ], [ 316196.562702552357223, 9639786.867625862360001 ], [ 317698.762702552310657, 9639786.867625862360001 ], [ 317698.762702552310657, 9638756.117625862360001 ], [ 316196.562702552357223, 9638756.117625862360001 ] ] ] ] } },
{ "type": "Feature", "properties": { }, "geometry": { "type": "MultiPolygon", "coordinates": [ [ [ [ 317698.762702552368864, 9638756.117625862360001 ], [ 317698.762702552368864, 9639786.867625862360001 ], [ 319200.962702552322298, 9639786.867625862360001 ], [ 319200.962702552322298, 9638756.117625862360001 ], [ 317698.762702552368864, 9638756.117625862360001 ] ] ] ] } },
{ "type": "Feature", "properties": { }, "geometry": { "type": "MultiPolygon", "coordinates": [ [ [ [ 319200.962702552322298, 9638756.117625862360001 ], [ 319200.962702552322298, 9639786.867625862360001 ], [ 320703.162702552275732, 9639786.867625862360001 ], [ 320703.162702552275732, 9638756.117625862360001 ], [ 319200.962702552322298, 9638756.117625862360001 ] ] ] ] } },
{ "type": "Feature", "properties": { }, "geometry": { "type": "MultiPolygon", "coordinates": [ [ [ [ 320703.16270255233394, 9638756.117625862360001 ], [ 320703.16270255233394, 9639786.867625862360001 ], [ 322205.362702552287374, 9639786.867625862360001 ], [ 322205.362702552287374, 9638756.117625862360001 ], [ 320703.16270255233394, 9638756.117625862360001 ] ] ] ] } },
{ "type": "Feature", "properties": { }, "geometry": { "type": "MultiPolygon", "coordinates": [ [ [ [ 322205.362702552345581, 9638756.117625862360001 ], [ 322205.362702552345581, 9639786.867625862360001 ], [ 323707.562702552299015, 9639786.867625862360001 ], [ 323707.562702552299015, 9638756.117625862360001 ], [ 322205.362702552345581, 9638756.117625862360001 ] ] ] ] } },
{ "type": "Feature", "properties": { }, "geometry": { "type": "MultiPolygon", "coordinates": [ [ [ [ 323707.562702552357223, 9638756.117625862360001 ], [ 323707.562702552357223, 9639786.867625862360001 ], [ 325209.762702552310657, 9639786.867625862360001 ], [ 325209.762702552310657, 9638756.117625862360001 ], [ 323707.562702552357223, 9638756.117625862360001 ] ] ] ] } },
{ "type": "Feature", "properties": { }, "geometry": { "type": "MultiPolygon", "coordinates": [ [ [ [ 325209.762702552368864, 9638756.117625862360001 ], [ 325209.762702552368864, 9639786.867625862360001 ], [ 326711.962702552322298, 9639786.867625862360001 ], [ 326711.962702552322298, 9638756.117625862360001 ], [ 325209.762702552368864, 9638756.117625862360001 ] ] ] ] } },
{ "type": "Feature", "properties": { }, "geometry": { "type": "MultiPolygon", "coordinates": [ [ [ [ 326711.962702552322298, 9638756.117625862360001 ], [ 326711.962702552322298, 9639786.867625862360001 ], [ 328214.162702552275732, 9639786.867625862360001 ], [ 328214.162702552275732, 9638756.117625862360001 ], [ 326711.962702552322298, 9638756.117625862360001 ] ] ] ] } },
{ "type": "Feature", "properties": { }, "geometry": { "type": "MultiPolygon", "coordinates": [ [ [ [ 328214.16270255233394, 9638756.117625862360001 ], [ 328214.16270255233394, 9639786.867625862360001 ], [ 329716.362702552287374, 9639786.867625862360001 ], [ 329716.362702552287374, 9638756.117625862360001 ], [ 328214.16270255233394, 9638756.117625862360001 ] ] ] ] } },
{ "type": "Feature", "properties": { }, "geometry": { "type": "MultiPolygon", "coordinates": [ [ [ [ 329716.362702552345581, 9638756.117625862360001 ], [ 329716.362702552345581, 9639786.867625862360001 ], [ 331218.562702552299015, 9639786.867625862360001 ], [ 331218.562702552299015, 9638756.117625862360001 ], [ 329716.362702552345581, 9638756.117625862360001 ] ] ] ] } },
{ "type": "Feature", "properties": { }, "geometry": { "type": "MultiPolygon", "coordinates": [ [ [ [ 331218.562702552357223, 9638756.117625862360001 ], [ 331218.562702552357223, 9639786.867625862360001 ], [ 332720.762702552310657, 9639786.867625862360001 ], [ 332720.762702552310657, 9638756.117625862360001 ], [ 331218.562702552357223, 9638756.117625862360001 ] ] ] ] } },
{ "type": "Feature", "properties": { }, "geometry": { "type": "MultiPolygon", "coordinates": [ [ [ [ 332720.762702552368864, 9638756.117625862360001 ], [ 332720.762702552368864, 9639786.867625862360001 ], [ 334222.962702552322298, 9639786.867625862360001 ], [ 334222.962702552322298, 9638756.117625862360001 ], [ 332720.762702552368864, 9638756.117625862360001 ] ] ] ] } },
{ "type": "Feature", "properties": { }, "geometry": { "type": "MultiPolygon", "coordinates": [ [ [ [ 334222.962702552322298, 9638756.117625862360001 ], [ 334222.962702552322298, 9639786.867625862360001 ], [ 335725.162702552275732, 9639786.867625862360001 ], [ 335725.162702552275732, 9638756.117625862360001 ], [ 334222.962702552322298, 9638756.117625862360001 ] ] ] ] } },
{ "type": "Feature", "properties": { }, "geometry": { "type": "MultiPolygon", "coordinates": [ [ [ [ 335725.16270255233394, 9638756.117625862360001 ], [ 335725.16270255233394, 9639786.867625862360001 ], [ 337227.362702552287374, 9639786.867625862360001 ], [ 337227.362702552287374, 9638756.117625862360001 ], [ 335725.16270255233394, 9638756.117625862360001 ] ] ] ] } },
{ "type": "Feature", "properties": { }, "geometry": { "type": "MultiPolygon", "coordinates": [ [ [ [ 337227.362702552345581, 9638756.117625862360001 ], [ 337227.362702552345581, 9639786.867625862360001 ], [ 338729.562702552299015, 9639786.867625862360001 ], [ 338729.562702552299015, 9638756.117625862360001 ], [ 337227.362702552345581, 9638756.117625862360001 ] ] ] ] } },
{ "type": "Feature", "properties": { }, "geometry": { "type": "MultiPolygon", "coordinates": [ [ [ [ 338729.562702552357223, 9638756.117625862360001 ], [ 338729.562702552357223, 9639786.867625862360001 ], [ 340231.762702552310657, 9639786.867625862360001 ], [ 340231.762702552310657, 9638756.117625862360001 ], [ 338729.562702552357223, 9638756.117625862360001 ] ] ] ] } },
{ "type": "Feature", "properties": { }, "geometry": { "type": "MultiPolygon", "coordinates": [ [ [ [ 340231.762702552368864, 9638756.117625862360001 ], [ 340231.762702552368864, 9639786.867625862360001 ], [ 341733.962702552322298, 9639786.867625862360001 ], [ 341733.962702552322298, 9638756.117625862360001 ], [ 340231.762702552368864, 9638756.117625862360001 ] ] ] ] } },
{ "type": "Feature", "properties": { }, "geometry": { "type": "MultiPolygon", "coordinates": [ [ [ [ 341733.962702552322298, 9638756.117625862360001 ], [ 341733.962702552322298, 9639786.867625862360001 ], [ 343236.162702552275732, 9639786.867625862360001 ], [ 343236.162702552275732, 9638756.117625862360001 ], [ 341733.962702552322298, 9638756.117625862360001 ] ] ] ] } },
{ "type": "Feature", "properties": { }, "geometry": { "type": "MultiPolygon", "coordinates": [ [ [ [ 343236.16270255233394, 9638756.117625862360001 ], [ 343236.16270255233394, 9639786.867625862360001 ], [ 344738.362702552287374, 9639786.867625862360001 ], [ 344738.362702552287374, 9638756.117625862360001 ], [ 343236.16270255233394, 9638756.117625862360001 ] ] ] ] } },
{ "type": "Feature", "properties": { }, "geometry": { "type": "MultiPolygon", "coordinates": [ [ [ [ 344738.362702552345581, 9638756.117625862360001 ], [ 344738.362702552345581, 9639786.867625862360001 ], [ 346240.562702552299015, 9639786.867625862360001 ], [ 346240.562702552299015, 9638756.117625862360001 ], [ 344738.362702552345581, 9638756.117625862360001 ] ] ] ] } },
{ "type": "Feature", "properties": { }, "geometry": { "type": "MultiPolygon", "coordinates": [ [ [ [ 346240.562702552357223, 9638756.117625862360001 ], [ 346240.562702552357223, 9639786.867625862360001 ], [ 347742.762702552310657, 9639786.867625862360001 ], [ 347742.762702552310657, 9638756.117625862360001 ], [ 346240.562702552357223, 9638756.117625862360001 ] ] ] ] } },
{ "type": "Feature", "properties": { }, "geometry": { "type": "MultiPolygon", "coordinates": [ [ [ [ 347742.762702552368864, 9638756.117625862360001 ], [ 347742.762702552368864, 9639786.867625862360001 ], [ 349244.962702552322298, 9639786.867625862360001 ], [ 349244.962702552322298, 9638756.117625862360001 ], [ 347742.762702552368864, 9638756.117625862360001 ] ] ] ] } },
{ "type": "Feature", "properties": { }, "geometry": { "type": "MultiPolygon", "coordinates": [ [ [ [ 349244.962702552322298, 9638756.117625862360001 ], [ 349244.962702552322298, 9639786.867625862360001 ], [ 350747.162702552275732, 9639786.867625862360001 ], [ 350747.162702552275732, 9638756.117625862360001 ], [ 349244.962702552322298, 9638756.117625862360001 ] ] ] ] } },
{ "type": "Feature", "properties": { }, "geometry": { "type": "MultiPolygon", "coordinates": [ [ [ [ 350747.16270255233394, 9638756.117625862360001 ], [ 350747.16270255233394, 9639786.867625862360001 ], [ 352249.362702552287374, 9639786.867625862360001 ], [ 352249.362702552287374, 9638756.117625862360001 ], [ 350747.16270255233394, 9638756.117625862360001 ] ] ] ] } },
{ "type": "Feature", "properties": { }, "geometry": { "type": "MultiPolygon", "coordinates": [ [ [ [ 352249.362702552345581, 9638756.117625862360001 ], [ 352249.362702552345581, 9639786.867625862360001 ], [ 353751.562702552299015, 9639786.867625862360001 ], [ 353751.562702552299015, 9638756.117625862360001 ], [ 352249.362702552345581, 9638756.117625862360001 ] ] ] ] } },
{ "type": "Feature", "properties": { }, "geometry": { "type": "MultiPolygon", "coordinates": [ [ [ [ 353751.562702552357223, 9638756.117625862360001 ], [ 353751.562702552357223, 9639786.867625862360001 ], [ 355253.762702552310657, 9639786.867625862360001 ], [ 355253.762702552310657, 9638756.117625862360001 ], [ 353751.562702552357223, 9638756.117625862360001 ] ] ] ] } },
{ "type": "Feature", "properties": { }, "geometry": { "type": "MultiPolygon", "coordinates": [ [ [ [ 355253.762702552368864, 9638756.117625862360001 ], [ 355253.762702552368864, 9639786.867625862360001 ], [ 356755.962702552322298, 9639786.867625862360001 ], [ 356755.962702552322298, 9638756.117625862360001 ], [ 355253.762702552368864, 9638756.117625862360001 ] ] ] ] } },
{ "type": "Feature", "properties": { }, "geometry": { "type": "MultiPolygon", "coordinates": [ [ [ [ 281645.962702552322298, 9637725.367625862360001 ], [ 281645.962702552322298, 9638756.117625862360001 ], [ 283148.162702552275732, 9638756.117625862360001 ], [ 283148.162702552275732, 9637725.367625862360001 ], [ 281645.962702552322298, 9637725.367625862360001 ] ] ] ] } },
{ "type": "Feature", "properties": { }, "geometry": { "type": "MultiPolygon", "coordinates": [ [ [ [ 283148.16270255233394, 9637725.367625862360001 ], [ 283148.16270255233394, 9638756.117625862360001 ], [ 284650.362702552287374, 9638756.117625862360001 ], [ 284650.362702552287374, 9637725.367625862360001 ], [ 283148.16270255233394, 9637725.367625862360001 ] ] ] ] } },
{ "type": "Feature", "properties": { }, "geometry": { "type": "MultiPolygon", "coordinates": [ [ [ [ 284650.362702552345581, 9637725.367625862360001 ], [ 284650.362702552345581, 9638756.117625862360001 ], [ 286152.562702552299015, 9638756.117625862360001 ], [ 286152.562702552299015, 9637725.367625862360001 ], [ 284650.362702552345581, 9637725.367625862360001 ] ] ] ] } },
{ "type": "Feature", "properties": { }, "geometry": { "type": "MultiPolygon", "coordinates": [ [ [ [ 286152.562702552357223, 9637725.367625862360001 ], [ 286152.562702552357223, 9638756.117625862360001 ], [ 287654.762702552310657, 9638756.117625862360001 ], [ 287654.762702552310657, 9637725.367625862360001 ], [ 286152.562702552357223, 9637725.367625862360001 ] ] ] ] } },
{ "type": "Feature", "properties": { }, "geometry": { "type": "MultiPolygon", "coordinates": [ [ [ [ 287654.762702552368864, 9637725.367625862360001 ], [ 287654.762702552368864, 9638756.117625862360001 ], [ 289156.962702552322298, 9638756.117625862360001 ], [ 289156.962702552322298, 9637725.367625862360001 ], [ 287654.762702552368864, 9637725.367625862360001 ] ] ] ] } },
{ "type": "Feature", "properties": { }, "geometry": { "type": "MultiPolygon", "coordinates": [ [ [ [ 289156.962702552322298, 9637725.367625862360001 ], [ 289156.962702552322298, 9638756.117625862360001 ], [ 290659.162702552275732, 9638756.117625862360001 ], [ 290659.162702552275732, 9637725.367625862360001 ], [ 289156.962702552322298, 9637725.367625862360001 ] ] ] ] } },
{ "type": "Feature", "properties": { }, "geometry": { "type": "MultiPolygon", "coordinates": [ [ [ [ 290659.16270255233394, 9637725.367625862360001 ], [ 290659.16270255233394, 9638756.117625862360001 ], [ 292161.362702552287374, 9638756.117625862360001 ], [ 292161.362702552287374, 9637725.367625862360001 ], [ 290659.16270255233394, 9637725.367625862360001 ] ] ] ] } },
{ "type": "Feature", "properties": { }, "geometry": { "type": "MultiPolygon", "coordinates": [ [ [ [ 292161.362702552345581, 9637725.367625862360001 ], [ 292161.362702552345581, 9638756.117625862360001 ], [ 293663.562702552299015, 9638756.117625862360001 ], [ 293663.562702552299015, 9637725.367625862360001 ], [ 292161.362702552345581, 9637725.367625862360001 ] ] ] ] } },
{ "type": "Feature", "properties": { }, "geometry": { "type": "MultiPolygon", "coordinates": [ [ [ [ 293663.562702552357223, 9637725.367625862360001 ], [ 293663.562702552357223, 9638756.117625862360001 ], [ 295165.762702552310657, 9638756.117625862360001 ], [ 295165.762702552310657, 9637725.367625862360001 ], [ 293663.562702552357223, 9637725.367625862360001 ] ] ] ] } },
{ "type": "Feature", "properties": { }, "geometry": { "type": "MultiPolygon", "coordinates": [ [ [ [ 295165.762702552368864, 9637725.367625862360001 ], [ 295165.762702552368864, 9638756.117625862360001 ], [ 296667.962702552322298, 9638756.117625862360001 ], [ 296667.962702552322298, 9637725.367625862360001 ], [ 295165.762702552368864, 9637725.367625862360001 ] ] ] ] } },
{ "type": "Feature", "properties": { }, "geometry": { "type": "MultiPolygon", "coordinates": [ [ [ [ 296667.962702552322298, 9637725.367625862360001 ], [ 296667.962702552322298, 9638756.117625862360001 ], [ 298170.162702552275732, 9638756.117625862360001 ], [ 298170.162702552275732, 9637725.367625862360001 ], [ 296667.962702552322298, 9637725.367625862360001 ] ] ] ] } },
{ "type": "Feature", "properties": { }, "geometry": { "type": "MultiPolygon", "coordinates": [ [ [ [ 298170.16270255233394, 9637725.367625862360001 ], [ 298170.16270255233394, 9638756.117625862360001 ], [ 299672.362702552287374, 9638756.117625862360001 ], [ 299672.362702552287374, 9637725.367625862360001 ], [ 298170.16270255233394, 9637725.367625862360001 ] ] ] ] } },
{ "type": "Feature", "properties": { }, "geometry": { "type": "MultiPolygon", "coordinates": [ [ [ [ 299672.362702552345581, 9637725.367625862360001 ], [ 299672.362702552345581, 9638756.117625862360001 ], [ 301174.562702552299015, 9638756.117625862360001 ], [ 301174.562702552299015, 9637725.367625862360001 ], [ 299672.362702552345581, 9637725.367625862360001 ] ] ] ] } },
{ "type": "Feature", "properties": { }, "geometry": { "type": "MultiPolygon", "coordinates": [ [ [ [ 301174.562702552357223, 9637725.367625862360001 ], [ 301174.562702552357223, 9638756.117625862360001 ], [ 302676.762702552310657, 9638756.117625862360001 ], [ 302676.762702552310657, 9637725.367625862360001 ], [ 301174.562702552357223, 9637725.367625862360001 ] ] ] ] } },
{ "type": "Feature", "properties": { }, "geometry": { "type": "MultiPolygon", "coordinates": [ [ [ [ 302676.762702552368864, 9637725.367625862360001 ], [ 302676.762702552368864, 9638756.117625862360001 ], [ 304178.962702552322298, 9638756.117625862360001 ], [ 304178.962702552322298, 9637725.367625862360001 ], [ 302676.762702552368864, 9637725.367625862360001 ] ] ] ] } },
{ "type": "Feature", "properties": { }, "geometry": { "type": "MultiPolygon", "coordinates": [ [ [ [ 304178.962702552322298, 9637725.367625862360001 ], [ 304178.962702552322298, 9638756.117625862360001 ], [ 305681.162702552275732, 9638756.117625862360001 ], [ 305681.162702552275732, 9637725.367625862360001 ], [ 304178.962702552322298, 9637725.367625862360001 ] ] ] ] } },
{ "type": "Feature", "properties": { }, "geometry": { "type": "MultiPolygon", "coordinates": [ [ [ [ 305681.16270255233394, 9637725.367625862360001 ], [ 305681.16270255233394, 9638756.117625862360001 ], [ 307183.362702552287374, 9638756.117625862360001 ], [ 307183.362702552287374, 9637725.367625862360001 ], [ 305681.16270255233394, 9637725.367625862360001 ] ] ] ] } },
{ "type": "Feature", "properties": { }, "geometry": { "type": "MultiPolygon", "coordinates": [ [ [ [ 307183.362702552345581, 9637725.367625862360001 ], [ 307183.362702552345581, 9638756.117625862360001 ], [ 308685.562702552299015, 9638756.117625862360001 ], [ 308685.562702552299015, 9637725.367625862360001 ], [ 307183.362702552345581, 9637725.367625862360001 ] ] ] ] } },
{ "type": "Feature", "properties": { }, "geometry": { "type": "MultiPolygon", "coordinates": [ [ [ [ 308685.562702552357223, 9637725.367625862360001 ], [ 308685.562702552357223, 9638756.117625862360001 ], [ 310187.762702552310657, 9638756.117625862360001 ], [ 310187.762702552310657, 9637725.367625862360001 ], [ 308685.562702552357223, 9637725.367625862360001 ] ] ] ] } },
{ "type": "Feature", "properties": { }, "geometry": { "type": "MultiPolygon", "coordinates": [ [ [ [ 310187.762702552368864, 9637725.367625862360001 ], [ 310187.762702552368864, 9638756.117625862360001 ], [ 311689.962702552322298, 9638756.117625862360001 ], [ 311689.962702552322298, 9637725.367625862360001 ], [ 310187.762702552368864, 9637725.367625862360001 ] ] ] ] } },
{ "type": "Feature", "properties": { }, "geometry": { "type": "MultiPolygon", "coordinates": [ [ [ [ 311689.962702552322298, 9637725.367625862360001 ], [ 311689.962702552322298, 9638756.117625862360001 ], [ 313192.162702552275732, 9638756.117625862360001 ], [ 313192.162702552275732, 9637725.367625862360001 ], [ 311689.962702552322298, 9637725.367625862360001 ] ] ] ] } },
{ "type": "Feature", "properties": { }, "geometry": { "type": "MultiPolygon", "coordinates": [ [ [ [ 313192.16270255233394, 9637725.367625862360001 ], [ 313192.16270255233394, 9638756.117625862360001 ], [ 314694.362702552287374, 9638756.117625862360001 ], [ 314694.362702552287374, 9637725.367625862360001 ], [ 313192.16270255233394, 9637725.367625862360001 ] ] ] ] } },
{ "type": "Feature", "properties": { }, "geometry": { "type": "MultiPolygon", "coordinates": [ [ [ [ 314694.362702552345581, 9637725.367625862360001 ], [ 314694.362702552345581, 9638756.117625862360001 ], [ 316196.562702552299015, 9638756.117625862360001 ], [ 316196.562702552299015, 9637725.367625862360001 ], [ 314694.362702552345581, 9637725.367625862360001 ] ] ] ] } },
{ "type": "Feature", "properties": { }, "geometry": { "type": "MultiPolygon", "coordinates": [ [ [ [ 316196.562702552357223, 9637725.367625862360001 ], [ 316196.562702552357223, 9638756.117625862360001 ], [ 317698.762702552310657, 9638756.117625862360001 ], [ 317698.762702552310657, 9637725.367625862360001 ], [ 316196.562702552357223, 9637725.367625862360001 ] ] ] ] } },
{ "type": "Feature", "properties": { }, "geometry": { "type": "MultiPolygon", "coordinates": [ [ [ [ 317698.762702552368864, 9637725.367625862360001 ], [ 317698.762702552368864, 9638756.117625862360001 ], [ 319200.962702552322298, 9638756.117625862360001 ], [ 319200.962702552322298, 9637725.367625862360001 ], [ 317698.762702552368864, 9637725.367625862360001 ] ] ] ] } },
{ "type": "Feature", "properties": { }, "geometry": { "type": "MultiPolygon", "coordinates": [ [ [ [ 319200.962702552322298, 9637725.367625862360001 ], [ 319200.962702552322298, 9638756.117625862360001 ], [ 320703.162702552275732, 9638756.117625862360001 ], [ 320703.162702552275732, 9637725.367625862360001 ], [ 319200.962702552322298, 9637725.367625862360001 ] ] ] ] } },
{ "type": "Feature", "properties": { }, "geometry": { "type": "MultiPolygon", "coordinates": [ [ [ [ 320703.16270255233394, 9637725.367625862360001 ], [ 320703.16270255233394, 9638756.117625862360001 ], [ 322205.362702552287374, 9638756.117625862360001 ], [ 322205.362702552287374, 9637725.367625862360001 ], [ 320703.16270255233394, 9637725.367625862360001 ] ] ] ] } },
{ "type": "Feature", "properties": { }, "geometry": { "type": "MultiPolygon", "coordinates": [ [ [ [ 322205.362702552345581, 9637725.367625862360001 ], [ 322205.362702552345581, 9638756.117625862360001 ], [ 323707.562702552299015, 9638756.117625862360001 ], [ 323707.562702552299015, 9637725.367625862360001 ], [ 322205.362702552345581, 9637725.367625862360001 ] ] ] ] } },
{ "type": "Feature", "properties": { }, "geometry": { "type": "MultiPolygon", "coordinates": [ [ [ [ 323707.562702552357223, 9637725.367625862360001 ], [ 323707.562702552357223, 9638756.117625862360001 ], [ 325209.762702552310657, 9638756.117625862360001 ], [ 325209.762702552310657, 9637725.367625862360001 ], [ 323707.562702552357223, 9637725.367625862360001 ] ] ] ] } },
{ "type": "Feature", "properties": { }, "geometry": { "type": "MultiPolygon", "coordinates": [ [ [ [ 325209.762702552368864, 9637725.367625862360001 ], [ 325209.762702552368864, 9638756.117625862360001 ], [ 326711.962702552322298, 9638756.117625862360001 ], [ 326711.962702552322298, 9637725.367625862360001 ], [ 325209.762702552368864, 9637725.367625862360001 ] ] ] ] } },
{ "type": "Feature", "properties": { }, "geometry": { "type": "MultiPolygon", "coordinates": [ [ [ [ 326711.962702552322298, 9637725.367625862360001 ], [ 326711.962702552322298, 9638756.117625862360001 ], [ 328214.162702552275732, 9638756.117625862360001 ], [ 328214.162702552275732, 9637725.367625862360001 ], [ 326711.962702552322298, 9637725.367625862360001 ] ] ] ] } },
{ "type": "Feature", "properties": { }, "geometry": { "type": "MultiPolygon", "coordinates": [ [ [ [ 328214.16270255233394, 9637725.367625862360001 ], [ 328214.16270255233394, 9638756.117625862360001 ], [ 329716.362702552287374, 9638756.117625862360001 ], [ 329716.362702552287374, 9637725.367625862360001 ], [ 328214.16270255233394, 9637725.367625862360001 ] ] ] ] } },
{ "type": "Feature", "properties": { }, "geometry": { "type": "MultiPolygon", "coordinates": [ [ [ [ 329716.362702552345581, 9637725.367625862360001 ], [ 329716.362702552345581, 9638756.117625862360001 ], [ 331218.562702552299015, 9638756.117625862360001 ], [ 331218.562702552299015, 9637725.367625862360001 ], [ 329716.362702552345581, 9637725.367625862360001 ] ] ] ] } },
{ "type": "Feature", "properties": { }, "geometry": { "type": "MultiPolygon", "coordinates": [ [ [ [ 331218.562702552357223, 9637725.367625862360001 ], [ 331218.562702552357223, 9638756.117625862360001 ], [ 332720.762702552310657, 9638756.117625862360001 ], [ 332720.762702552310657, 9637725.367625862360001 ], [ 331218.562702552357223, 9637725.367625862360001 ] ] ] ] } },
{ "type": "Feature", "properties": { }, "geometry": { "type": "MultiPolygon", "coordinates": [ [ [ [ 332720.762702552368864, 9637725.367625862360001 ], [ 332720.762702552368864, 9638756.117625862360001 ], [ 334222.962702552322298, 9638756.117625862360001 ], [ 334222.962702552322298, 9637725.367625862360001 ], [ 332720.762702552368864, 9637725.367625862360001 ] ] ] ] } },
{ "type": "Feature", "properties": { }, "geometry": { "type": "MultiPolygon", "coordinates": [ [ [ [ 334222.962702552322298, 9637725.367625862360001 ], [ 334222.962702552322298, 9638756.117625862360001 ], [ 335725.162702552275732, 9638756.117625862360001 ], [ 335725.162702552275732, 9637725.367625862360001 ], [ 334222.962702552322298, 9637725.367625862360001 ] ] ] ] } },
{ "type": "Feature", "properties": { }, "geometry": { "type": "MultiPolygon", "coordinates": [ [ [ [ 335725.16270255233394, 9637725.367625862360001 ], [ 335725.16270255233394, 9638756.117625862360001 ], [ 337227.362702552287374, 9638756.117625862360001 ], [ 337227.362702552287374, 9637725.367625862360001 ], [ 335725.16270255233394, 9637725.367625862360001 ] ] ] ] } },
{ "type": "Feature", "properties": { }, "geometry": { "type": "MultiPolygon", "coordinates": [ [ [ [ 337227.362702552345581, 9637725.367625862360001 ], [ 337227.362702552345581, 9638756.117625862360001 ], [ 338729.562702552299015, 9638756.117625862360001 ], [ 338729.562702552299015, 9637725.367625862360001 ], [ 337227.362702552345581, 9637725.367625862360001 ] ] ] ] } },
{ "type": "Feature", "properties": { }, "geometry": { "type": "MultiPolygon", "coordinates": [ [ [ [ 338729.562702552357223, 9637725.367625862360001 ], [ 338729.562702552357223, 9638756.117625862360001 ], [ 340231.762702552310657, 9638756.117625862360001 ], [ 340231.762702552310657, 9637725.367625862360001 ], [ 338729.562702552357223, 9637725.367625862360001 ] ] ] ] } },
{ "type": "Feature", "properties": { }, "geometry": { "type": "MultiPolygon", "coordinates": [ [ [ [ 340231.762702552368864, 9637725.367625862360001 ], [ 340231.762702552368864, 9638756.117625862360001 ], [ 341733.962702552322298, 9638756.117625862360001 ], [ 341733.962702552322298, 9637725.367625862360001 ], [ 340231.762702552368864, 9637725.367625862360001 ] ] ] ] } },
{ "type": "Feature", "properties": { }, "geometry": { "type": "MultiPolygon", "coordinates": [ [ [ [ 341733.962702552322298, 9637725.367625862360001 ], [ 341733.962702552322298, 9638756.117625862360001 ], [ 343236.162702552275732, 9638756.117625862360001 ], [ 343236.162702552275732, 9637725.367625862360001 ], [ 341733.962702552322298, 9637725.367625862360001 ] ] ] ] } },
{ "type": "Feature", "properties": { }, "geometry": { "type": "MultiPolygon", "coordinates": [ [ [ [ 343236.16270255233394, 9637725.367625862360001 ], [ 343236.16270255233394, 9638756.117625862360001 ], [ 344738.362702552287374, 9638756.117625862360001 ], [ 344738.362702552287374, 9637725.367625862360001 ], [ 343236.16270255233394, 9637725.367625862360001 ] ] ] ] } },
{ "type": "Feature", "properties": { }, "geometry": { "type": "MultiPolygon", "coordinates": [ [ [ [ 344738.362702552345581, 9637725.367625862360001 ], [ 344738.362702552345581, 9638756.117625862360001 ], [ 346240.562702552299015, 9638756.117625862360001 ], [ 346240.562702552299015, 9637725.367625862360001 ], [ 344738.362702552345581, 9637725.367625862360001 ] ] ] ] } },
{ "type": "Feature", "properties": { }, "geometry": { "type": "MultiPolygon", "coordinates": [ [ [ [ 346240.562702552357223, 9637725.367625862360001 ], [ 346240.562702552357223, 9638756.117625862360001 ], [ 347742.762702552310657, 9638756.117625862360001 ], [ 347742.762702552310657, 9637725.367625862360001 ], [ 346240.562702552357223, 9637725.367625862360001 ] ] ] ] } },
{ "type": "Feature", "properties": { }, "geometry": { "type": "MultiPolygon", "coordinates": [ [ [ [ 347742.762702552368864, 9637725.367625862360001 ], [ 347742.762702552368864, 9638756.117625862360001 ], [ 349244.962702552322298, 9638756.117625862360001 ], [ 349244.962702552322298, 9637725.367625862360001 ], [ 347742.762702552368864, 9637725.367625862360001 ] ] ] ] } },
{ "type": "Feature", "properties": { }, "geometry": { "type": "MultiPolygon", "coordinates": [ [ [ [ 349244.962702552322298, 9637725.367625862360001 ], [ 349244.962702552322298, 9638756.117625862360001 ], [ 350747.162702552275732, 9638756.117625862360001 ], [ 350747.162702552275732, 9637725.367625862360001 ], [ 349244.962702552322298, 9637725.367625862360001 ] ] ] ] } },
{ "type": "Feature", "properties": { }, "geometry": { "type": "MultiPolygon", "coordinates": [ [ [ [ 350747.16270255233394, 9637725.367625862360001 ], [ 350747.16270255233394, 9638756.117625862360001 ], [ 352249.362702552287374, 9638756.117625862360001 ], [ 352249.362702552287374, 9637725.367625862360001 ], [ 350747.16270255233394, 9637725.367625862360001 ] ] ] ] } },
{ "type": "Feature", "properties": { }, "geometry": { "type": "MultiPolygon", "coordinates": [ [ [ [ 352249.362702552345581, 9637725.367625862360001 ], [ 352249.362702552345581, 9638756.117625862360001 ], [ 353751.562702552299015, 9638756.117625862360001 ], [ 353751.562702552299015, 9637725.367625862360001 ], [ 352249.362702552345581, 9637725.367625862360001 ] ] ] ] } },
{ "type": "Feature", "properties": { }, "geometry": { "type": "MultiPolygon", "coordinates": [ [ [ [ 353751.562702552357223, 9637725.367625862360001 ], [ 353751.562702552357223, 9638756.117625862360001 ], [ 355253.762702552310657, 9638756.117625862360001 ], [ 355253.762702552310657, 9637725.367625862360001 ], [ 353751.562702552357223, 9637725.367625862360001 ] ] ] ] } },
{ "type": "Feature", "properties": { }, "geometry": { "type": "MultiPolygon", "coordinates": [ [ [ [ 355253.762702552368864, 9637725.367625862360001 ], [ 355253.762702552368864, 9638756.117625862360001 ], [ 356755.962702552322298, 9638756.117625862360001 ], [ 356755.962702552322298, 9637725.367625862360001 ], [ 355253.762702552368864, 9637725.367625862360001 ] ] ] ] } },
{ "type": "Feature", "properties": { }, "geometry": { "type": "MultiPolygon", "coordinates": [ [ [ [ 281645.962702552322298, 9636694.617625862360001 ], [ 281645.962702552322298, 9637725.367625862360001 ], [ 283148.162702552275732, 9637725.367625862360001 ], [ 283148.162702552275732, 9636694.617625862360001 ], [ 281645.962702552322298, 9636694.617625862360001 ] ] ] ] } },
{ "type": "Feature", "properties": { }, "geometry": { "type": "MultiPolygon", "coordinates": [ [ [ [ 283148.16270255233394, 9636694.617625862360001 ], [ 283148.16270255233394, 9637725.367625862360001 ], [ 284650.362702552287374, 9637725.367625862360001 ], [ 284650.362702552287374, 9636694.617625862360001 ], [ 283148.16270255233394, 9636694.617625862360001 ] ] ] ] } },
{ "type": "Feature", "properties": { }, "geometry": { "type": "MultiPolygon", "coordinates": [ [ [ [ 284650.362702552345581, 9636694.617625862360001 ], [ 284650.362702552345581, 9637725.367625862360001 ], [ 286152.562702552299015, 9637725.367625862360001 ], [ 286152.562702552299015, 9636694.617625862360001 ], [ 284650.362702552345581, 9636694.617625862360001 ] ] ] ] } },
{ "type": "Feature", "properties": { }, "geometry": { "type": "MultiPolygon", "coordinates": [ [ [ [ 286152.562702552357223, 9636694.617625862360001 ], [ 286152.562702552357223, 9637725.367625862360001 ], [ 287654.762702552310657, 9637725.367625862360001 ], [ 287654.762702552310657, 9636694.617625862360001 ], [ 286152.562702552357223, 9636694.617625862360001 ] ] ] ] } },
{ "type": "Feature", "properties": { }, "geometry": { "type": "MultiPolygon", "coordinates": [ [ [ [ 287654.762702552368864, 9636694.617625862360001 ], [ 287654.762702552368864, 9637725.367625862360001 ], [ 289156.962702552322298, 9637725.367625862360001 ], [ 289156.962702552322298, 9636694.617625862360001 ], [ 287654.762702552368864, 9636694.617625862360001 ] ] ] ] } },
{ "type": "Feature", "properties": { }, "geometry": { "type": "MultiPolygon", "coordinates": [ [ [ [ 289156.962702552322298, 9636694.617625862360001 ], [ 289156.962702552322298, 9637725.367625862360001 ], [ 290659.162702552275732, 9637725.367625862360001 ], [ 290659.162702552275732, 9636694.617625862360001 ], [ 289156.962702552322298, 9636694.617625862360001 ] ] ] ] } },
{ "type": "Feature", "properties": { }, "geometry": { "type": "MultiPolygon", "coordinates": [ [ [ [ 290659.16270255233394, 9636694.617625862360001 ], [ 290659.16270255233394, 9637725.367625862360001 ], [ 292161.362702552287374, 9637725.367625862360001 ], [ 292161.362702552287374, 9636694.617625862360001 ], [ 290659.16270255233394, 9636694.617625862360001 ] ] ] ] } },
{ "type": "Feature", "properties": { }, "geometry": { "type": "MultiPolygon", "coordinates": [ [ [ [ 292161.362702552345581, 9636694.617625862360001 ], [ 292161.362702552345581, 9637725.367625862360001 ], [ 293663.562702552299015, 9637725.367625862360001 ], [ 293663.562702552299015, 9636694.617625862360001 ], [ 292161.362702552345581, 9636694.617625862360001 ] ] ] ] } },
{ "type": "Feature", "properties": { }, "geometry": { "type": "MultiPolygon", "coordinates": [ [ [ [ 293663.562702552357223, 9636694.617625862360001 ], [ 293663.562702552357223, 9637725.367625862360001 ], [ 295165.762702552310657, 9637725.367625862360001 ], [ 295165.762702552310657, 9636694.617625862360001 ], [ 293663.562702552357223, 9636694.617625862360001 ] ] ] ] } },
{ "type": "Feature", "properties": { }, "geometry": { "type": "MultiPolygon", "coordinates": [ [ [ [ 295165.762702552368864, 9636694.617625862360001 ], [ 295165.762702552368864, 9637725.367625862360001 ], [ 296667.962702552322298, 9637725.367625862360001 ], [ 296667.962702552322298, 9636694.617625862360001 ], [ 295165.762702552368864, 9636694.617625862360001 ] ] ] ] } },
{ "type": "Feature", "properties": { }, "geometry": { "type": "MultiPolygon", "coordinates": [ [ [ [ 296667.962702552322298, 9636694.617625862360001 ], [ 296667.962702552322298, 9637725.367625862360001 ], [ 298170.162702552275732, 9637725.367625862360001 ], [ 298170.162702552275732, 9636694.617625862360001 ], [ 296667.962702552322298, 9636694.617625862360001 ] ] ] ] } },
{ "type": "Feature", "properties": { }, "geometry": { "type": "MultiPolygon", "coordinates": [ [ [ [ 298170.16270255233394, 9636694.617625862360001 ], [ 298170.16270255233394, 9637725.367625862360001 ], [ 299672.362702552287374, 9637725.367625862360001 ], [ 299672.362702552287374, 9636694.617625862360001 ], [ 298170.16270255233394, 9636694.617625862360001 ] ] ] ] } },
{ "type": "Feature", "properties": { }, "geometry": { "type": "MultiPolygon", "coordinates": [ [ [ [ 299672.362702552345581, 9636694.617625862360001 ], [ 299672.362702552345581, 9637725.367625862360001 ], [ 301174.562702552299015, 9637725.367625862360001 ], [ 301174.562702552299015, 9636694.617625862360001 ], [ 299672.362702552345581, 9636694.617625862360001 ] ] ] ] } },
{ "type": "Feature", "properties": { }, "geometry": { "type": "MultiPolygon", "coordinates": [ [ [ [ 301174.562702552357223, 9636694.617625862360001 ], [ 301174.562702552357223, 9637725.367625862360001 ], [ 302676.762702552310657, 9637725.367625862360001 ], [ 302676.762702552310657, 9636694.617625862360001 ], [ 301174.562702552357223, 9636694.617625862360001 ] ] ] ] } },
{ "type": "Feature", "properties": { }, "geometry": { "type": "MultiPolygon", "coordinates": [ [ [ [ 302676.762702552368864, 9636694.617625862360001 ], [ 302676.762702552368864, 9637725.367625862360001 ], [ 304178.962702552322298, 9637725.367625862360001 ], [ 304178.962702552322298, 9636694.617625862360001 ], [ 302676.762702552368864, 9636694.617625862360001 ] ] ] ] } },
{ "type": "Feature", "properties": { }, "geometry": { "type": "MultiPolygon", "coordinates": [ [ [ [ 304178.962702552322298, 9636694.617625862360001 ], [ 304178.962702552322298, 9637725.367625862360001 ], [ 305681.162702552275732, 9637725.367625862360001 ], [ 305681.162702552275732, 9636694.617625862360001 ], [ 304178.962702552322298, 9636694.617625862360001 ] ] ] ] } },
{ "type": "Feature", "properties": { }, "geometry": { "type": "MultiPolygon", "coordinates": [ [ [ [ 305681.16270255233394, 9636694.617625862360001 ], [ 305681.16270255233394, 9637725.367625862360001 ], [ 307183.362702552287374, 9637725.367625862360001 ], [ 307183.362702552287374, 9636694.617625862360001 ], [ 305681.16270255233394, 9636694.617625862360001 ] ] ] ] } },
{ "type": "Feature", "properties": { }, "geometry": { "type": "MultiPolygon", "coordinates": [ [ [ [ 307183.362702552345581, 9636694.617625862360001 ], [ 307183.362702552345581, 9637725.367625862360001 ], [ 308685.562702552299015, 9637725.367625862360001 ], [ 308685.562702552299015, 9636694.617625862360001 ], [ 307183.362702552345581, 9636694.617625862360001 ] ] ] ] } },
{ "type": "Feature", "properties": { }, "geometry": { "type": "MultiPolygon", "coordinates": [ [ [ [ 308685.562702552357223, 9636694.617625862360001 ], [ 308685.562702552357223, 9637725.367625862360001 ], [ 310187.762702552310657, 9637725.367625862360001 ], [ 310187.762702552310657, 9636694.617625862360001 ], [ 308685.562702552357223, 9636694.617625862360001 ] ] ] ] } },
{ "type": "Feature", "properties": { }, "geometry": { "type": "MultiPolygon", "coordinates": [ [ [ [ 310187.762702552368864, 9636694.617625862360001 ], [ 310187.762702552368864, 9637725.367625862360001 ], [ 311689.962702552322298, 9637725.367625862360001 ], [ 311689.962702552322298, 9636694.617625862360001 ], [ 310187.762702552368864, 9636694.617625862360001 ] ] ] ] } },
{ "type": "Feature", "properties": { }, "geometry": { "type": "MultiPolygon", "coordinates": [ [ [ [ 311689.962702552322298, 9636694.617625862360001 ], [ 311689.962702552322298, 9637725.367625862360001 ], [ 313192.162702552275732, 9637725.367625862360001 ], [ 313192.162702552275732, 9636694.617625862360001 ], [ 311689.962702552322298, 9636694.617625862360001 ] ] ] ] } },
{ "type": "Feature", "properties": { }, "geometry": { "type": "MultiPolygon", "coordinates": [ [ [ [ 313192.16270255233394, 9636694.617625862360001 ], [ 313192.16270255233394, 9637725.367625862360001 ], [ 314694.362702552287374, 9637725.367625862360001 ], [ 314694.362702552287374, 9636694.617625862360001 ], [ 313192.16270255233394, 9636694.617625862360001 ] ] ] ] } },
{ "type": "Feature", "properties": { }, "geometry": { "type": "MultiPolygon", "coordinates": [ [ [ [ 314694.362702552345581, 9636694.617625862360001 ], [ 314694.362702552345581, 9637725.367625862360001 ], [ 316196.562702552299015, 9637725.367625862360001 ], [ 316196.562702552299015, 9636694.617625862360001 ], [ 314694.362702552345581, 9636694.617625862360001 ] ] ] ] } },
{ "type": "Feature", "properties": { }, "geometry": { "type": "MultiPolygon", "coordinates": [ [ [ [ 316196.562702552357223, 9636694.617625862360001 ], [ 316196.562702552357223, 9637725.367625862360001 ], [ 317698.762702552310657, 9637725.367625862360001 ], [ 317698.762702552310657, 9636694.617625862360001 ], [ 316196.562702552357223, 9636694.617625862360001 ] ] ] ] } },
{ "type": "Feature", "properties": { }, "geometry": { "type": "MultiPolygon", "coordinates": [ [ [ [ 317698.762702552368864, 9636694.617625862360001 ], [ 317698.762702552368864, 9637725.367625862360001 ], [ 319200.962702552322298, 9637725.367625862360001 ], [ 319200.962702552322298, 9636694.617625862360001 ], [ 317698.762702552368864, 9636694.617625862360001 ] ] ] ] } },
{ "type": "Feature", "properties": { }, "geometry": { "type": "MultiPolygon", "coordinates": [ [ [ [ 319200.962702552322298, 9636694.617625862360001 ], [ 319200.962702552322298, 9637725.367625862360001 ], [ 320703.162702552275732, 9637725.367625862360001 ], [ 320703.162702552275732, 9636694.617625862360001 ], [ 319200.962702552322298, 9636694.617625862360001 ] ] ] ] } },
{ "type": "Feature", "properties": { }, "geometry": { "type": "MultiPolygon", "coordinates": [ [ [ [ 320703.16270255233394, 9636694.617625862360001 ], [ 320703.16270255233394, 9637725.367625862360001 ], [ 322205.362702552287374, 9637725.367625862360001 ], [ 322205.362702552287374, 9636694.617625862360001 ], [ 320703.16270255233394, 9636694.617625862360001 ] ] ] ] } },
{ "type": "Feature", "properties": { }, "geometry": { "type": "MultiPolygon", "coordinates": [ [ [ [ 322205.362702552345581, 9636694.617625862360001 ], [ 322205.362702552345581, 9637725.367625862360001 ], [ 323707.562702552299015, 9637725.367625862360001 ], [ 323707.562702552299015, 9636694.617625862360001 ], [ 322205.362702552345581, 9636694.617625862360001 ] ] ] ] } },
{ "type": "Feature", "properties": { }, "geometry": { "type": "MultiPolygon", "coordinates": [ [ [ [ 323707.562702552357223, 9636694.617625862360001 ], [ 323707.562702552357223, 9637725.367625862360001 ], [ 325209.762702552310657, 9637725.367625862360001 ], [ 325209.762702552310657, 9636694.617625862360001 ], [ 323707.562702552357223, 9636694.617625862360001 ] ] ] ] } },
{ "type": "Feature", "properties": { }, "geometry": { "type": "MultiPolygon", "coordinates": [ [ [ [ 325209.762702552368864, 9636694.617625862360001 ], [ 325209.762702552368864, 9637725.367625862360001 ], [ 326711.962702552322298, 9637725.367625862360001 ], [ 326711.962702552322298, 9636694.617625862360001 ], [ 325209.762702552368864, 9636694.617625862360001 ] ] ] ] } },
{ "type": "Feature", "properties": { }, "geometry": { "type": "MultiPolygon", "coordinates": [ [ [ [ 326711.962702552322298, 9636694.617625862360001 ], [ 326711.962702552322298, 9637725.367625862360001 ], [ 328214.162702552275732, 9637725.367625862360001 ], [ 328214.162702552275732, 9636694.617625862360001 ], [ 326711.962702552322298, 9636694.617625862360001 ] ] ] ] } },
{ "type": "Feature", "properties": { }, "geometry": { "type": "MultiPolygon", "coordinates": [ [ [ [ 328214.16270255233394, 9636694.617625862360001 ], [ 328214.16270255233394, 9637725.367625862360001 ], [ 329716.362702552287374, 9637725.367625862360001 ], [ 329716.362702552287374, 9636694.617625862360001 ], [ 328214.16270255233394, 9636694.617625862360001 ] ] ] ] } },
{ "type": "Feature", "properties": { }, "geometry": { "type": "MultiPolygon", "coordinates": [ [ [ [ 329716.362702552345581, 9636694.617625862360001 ], [ 329716.362702552345581, 9637725.367625862360001 ], [ 331218.562702552299015, 9637725.367625862360001 ], [ 331218.562702552299015, 9636694.617625862360001 ], [ 329716.362702552345581, 9636694.617625862360001 ] ] ] ] } },
{ "type": "Feature", "properties": { }, "geometry": { "type": "MultiPolygon", "coordinates": [ [ [ [ 331218.562702552357223, 9636694.617625862360001 ], [ 331218.562702552357223, 9637725.367625862360001 ], [ 332720.762702552310657, 9637725.367625862360001 ], [ 332720.762702552310657, 9636694.617625862360001 ], [ 331218.562702552357223, 9636694.617625862360001 ] ] ] ] } },
{ "type": "Feature", "properties": { }, "geometry": { "type": "MultiPolygon", "coordinates": [ [ [ [ 332720.762702552368864, 9636694.617625862360001 ], [ 332720.762702552368864, 9637725.367625862360001 ], [ 334222.962702552322298, 9637725.367625862360001 ], [ 334222.962702552322298, 9636694.617625862360001 ], [ 332720.762702552368864, 9636694.617625862360001 ] ] ] ] } },
{ "type": "Feature", "properties": { }, "geometry": { "type": "MultiPolygon", "coordinates": [ [ [ [ 334222.962702552322298, 9636694.617625862360001 ], [ 334222.962702552322298, 9637725.367625862360001 ], [ 335725.162702552275732, 9637725.367625862360001 ], [ 335725.162702552275732, 9636694.617625862360001 ], [ 334222.962702552322298, 9636694.617625862360001 ] ] ] ] } },
{ "type": "Feature", "properties": { }, "geometry": { "type": "MultiPolygon", "coordinates": [ [ [ [ 335725.16270255233394, 9636694.617625862360001 ], [ 335725.16270255233394, 9637725.367625862360001 ], [ 337227.362702552287374, 9637725.367625862360001 ], [ 337227.362702552287374, 9636694.617625862360001 ], [ 335725.16270255233394, 9636694.617625862360001 ] ] ] ] } },
{ "type": "Feature", "properties": { }, "geometry": { "type": "MultiPolygon", "coordinates": [ [ [ [ 337227.362702552345581, 9636694.617625862360001 ], [ 337227.362702552345581, 9637725.367625862360001 ], [ 338729.562702552299015, 9637725.367625862360001 ], [ 338729.562702552299015, 9636694.617625862360001 ], [ 337227.362702552345581, 9636694.617625862360001 ] ] ] ] } },
{ "type": "Feature", "properties": { }, "geometry": { "type": "MultiPolygon", "coordinates": [ [ [ [ 338729.562702552357223, 9636694.617625862360001 ], [ 338729.562702552357223, 9637725.367625862360001 ], [ 340231.762702552310657, 9637725.367625862360001 ], [ 340231.762702552310657, 9636694.617625862360001 ], [ 338729.562702552357223, 9636694.617625862360001 ] ] ] ] } },
{ "type": "Feature", "properties": { }, "geometry": { "type": "MultiPolygon", "coordinates": [ [ [ [ 340231.762702552368864, 9636694.617625862360001 ], [ 340231.762702552368864, 9637725.367625862360001 ], [ 341733.962702552322298, 9637725.367625862360001 ], [ 341733.962702552322298, 9636694.617625862360001 ], [ 340231.762702552368864, 9636694.617625862360001 ] ] ] ] } },
{ "type": "Feature", "properties": { }, "geometry": { "type": "MultiPolygon", "coordinates": [ [ [ [ 341733.962702552322298, 9636694.617625862360001 ], [ 341733.962702552322298, 9637725.367625862360001 ], [ 343236.162702552275732, 9637725.367625862360001 ], [ 343236.162702552275732, 9636694.617625862360001 ], [ 341733.962702552322298, 9636694.617625862360001 ] ] ] ] } },
{ "type": "Feature", "properties": { }, "geometry": { "type": "MultiPolygon", "coordinates": [ [ [ [ 343236.16270255233394, 9636694.617625862360001 ], [ 343236.16270255233394, 9637725.367625862360001 ], [ 344738.362702552287374, 9637725.367625862360001 ], [ 344738.362702552287374, 9636694.617625862360001 ], [ 343236.16270255233394, 9636694.617625862360001 ] ] ] ] } },
{ "type": "Feature", "properties": { }, "geometry": { "type": "MultiPolygon", "coordinates": [ [ [ [ 344738.362702552345581, 9636694.617625862360001 ], [ 344738.362702552345581, 9637725.367625862360001 ], [ 346240.562702552299015, 9637725.367625862360001 ], [ 346240.562702552299015, 9636694.617625862360001 ], [ 344738.362702552345581, 9636694.617625862360001 ] ] ] ] } },
{ "type": "Feature", "properties": { }, "geometry": { "type": "MultiPolygon", "coordinates": [ [ [ [ 346240.562702552357223, 9636694.617625862360001 ], [ 346240.562702552357223, 9637725.367625862360001 ], [ 347742.762702552310657, 9637725.367625862360001 ], [ 347742.762702552310657, 9636694.617625862360001 ], [ 346240.562702552357223, 9636694.617625862360001 ] ] ] ] } },
{ "type": "Feature", "properties": { }, "geometry": { "type": "MultiPolygon", "coordinates": [ [ [ [ 347742.762702552368864, 9636694.617625862360001 ], [ 347742.762702552368864, 9637725.367625862360001 ], [ 349244.962702552322298, 9637725.367625862360001 ], [ 349244.962702552322298, 9636694.617625862360001 ], [ 347742.762702552368864, 9636694.617625862360001 ] ] ] ] } },
{ "type": "Feature", "properties": { }, "geometry": { "type": "MultiPolygon", "coordinates": [ [ [ [ 349244.962702552322298, 9636694.617625862360001 ], [ 349244.962702552322298, 9637725.367625862360001 ], [ 350747.162702552275732, 9637725.367625862360001 ], [ 350747.162702552275732, 9636694.617625862360001 ], [ 349244.962702552322298, 9636694.617625862360001 ] ] ] ] } },
{ "type": "Feature", "properties": { }, "geometry": { "type": "MultiPolygon", "coordinates": [ [ [ [ 350747.16270255233394, 9636694.617625862360001 ], [ 350747.16270255233394, 9637725.367625862360001 ], [ 352249.362702552287374, 9637725.367625862360001 ], [ 352249.362702552287374, 9636694.617625862360001 ], [ 350747.16270255233394, 9636694.617625862360001 ] ] ] ] } },
{ "type": "Feature", "properties": { }, "geometry": { "type": "MultiPolygon", "coordinates": [ [ [ [ 352249.362702552345581, 9636694.617625862360001 ], [ 352249.362702552345581, 9637725.367625862360001 ], [ 353751.562702552299015, 9637725.367625862360001 ], [ 353751.562702552299015, 9636694.617625862360001 ], [ 352249.362702552345581, 9636694.617625862360001 ] ] ] ] } },
{ "type": "Feature", "properties": { }, "geometry": { "type": "MultiPolygon", "coordinates": [ [ [ [ 353751.562702552357223, 9636694.617625862360001 ], [ 353751.562702552357223, 9637725.367625862360001 ], [ 355253.762702552310657, 9637725.367625862360001 ], [ 355253.762702552310657, 9636694.617625862360001 ], [ 353751.562702552357223, 9636694.617625862360001 ] ] ] ] } },
{ "type": "Feature", "properties": { }, "geometry": { "type": "MultiPolygon", "coordinates": [ [ [ [ 355253.762702552368864, 9636694.617625862360001 ], [ 355253.762702552368864, 9637725.367625862360001 ], [ 356755.962702552322298, 9637725.367625862360001 ], [ 356755.962702552322298, 9636694.617625862360001 ], [ 355253.762702552368864, 9636694.617625862360001 ] ] ] ] } },
{ "type": "Feature", "properties": { }, "geometry": { "type": "MultiPolygon", "coordinates": [ [ [ [ 281645.962702552322298, 9635663.867625862360001 ], [ 281645.962702552322298, 9636694.617625862360001 ], [ 283148.162702552275732, 9636694.617625862360001 ], [ 283148.162702552275732, 9635663.867625862360001 ], [ 281645.962702552322298, 9635663.867625862360001 ] ] ] ] } },
{ "type": "Feature", "properties": { }, "geometry": { "type": "MultiPolygon", "coordinates": [ [ [ [ 283148.16270255233394, 9635663.867625862360001 ], [ 283148.16270255233394, 9636694.617625862360001 ], [ 284650.362702552287374, 9636694.617625862360001 ], [ 284650.362702552287374, 9635663.867625862360001 ], [ 283148.16270255233394, 9635663.867625862360001 ] ] ] ] } },
{ "type": "Feature", "properties": { }, "geometry": { "type": "MultiPolygon", "coordinates": [ [ [ [ 284650.362702552345581, 9635663.867625862360001 ], [ 284650.362702552345581, 9636694.617625862360001 ], [ 286152.562702552299015, 9636694.617625862360001 ], [ 286152.562702552299015, 9635663.867625862360001 ], [ 284650.362702552345581, 9635663.867625862360001 ] ] ] ] } },
{ "type": "Feature", "properties": { }, "geometry": { "type": "MultiPolygon", "coordinates": [ [ [ [ 286152.562702552357223, 9635663.867625862360001 ], [ 286152.562702552357223, 9636694.617625862360001 ], [ 287654.762702552310657, 9636694.617625862360001 ], [ 287654.762702552310657, 9635663.867625862360001 ], [ 286152.562702552357223, 9635663.867625862360001 ] ] ] ] } },
{ "type": "Feature", "properties": { }, "geometry": { "type": "MultiPolygon", "coordinates": [ [ [ [ 287654.762702552368864, 9635663.867625862360001 ], [ 287654.762702552368864, 9636694.617625862360001 ], [ 289156.962702552322298, 9636694.617625862360001 ], [ 289156.962702552322298, 9635663.867625862360001 ], [ 287654.762702552368864, 9635663.867625862360001 ] ] ] ] } },
{ "type": "Feature", "properties": { }, "geometry": { "type": "MultiPolygon", "coordinates": [ [ [ [ 289156.962702552322298, 9635663.867625862360001 ], [ 289156.962702552322298, 9636694.617625862360001 ], [ 290659.162702552275732, 9636694.617625862360001 ], [ 290659.162702552275732, 9635663.867625862360001 ], [ 289156.962702552322298, 9635663.867625862360001 ] ] ] ] } },
{ "type": "Feature", "properties": { }, "geometry": { "type": "MultiPolygon", "coordinates": [ [ [ [ 290659.16270255233394, 9635663.867625862360001 ], [ 290659.16270255233394, 9636694.617625862360001 ], [ 292161.362702552287374, 9636694.617625862360001 ], [ 292161.362702552287374, 9635663.867625862360001 ], [ 290659.16270255233394, 9635663.867625862360001 ] ] ] ] } },
{ "type": "Feature", "properties": { }, "geometry": { "type": "MultiPolygon", "coordinates": [ [ [ [ 292161.362702552345581, 9635663.867625862360001 ], [ 292161.362702552345581, 9636694.617625862360001 ], [ 293663.562702552299015, 9636694.617625862360001 ], [ 293663.562702552299015, 9635663.867625862360001 ], [ 292161.362702552345581, 9635663.867625862360001 ] ] ] ] } },
{ "type": "Feature", "properties": { }, "geometry": { "type": "MultiPolygon", "coordinates": [ [ [ [ 293663.562702552357223, 9635663.867625862360001 ], [ 293663.562702552357223, 9636694.617625862360001 ], [ 295165.762702552310657, 9636694.617625862360001 ], [ 295165.762702552310657, 9635663.867625862360001 ], [ 293663.562702552357223, 9635663.867625862360001 ] ] ] ] } },
{ "type": "Feature", "properties": { }, "geometry": { "type": "MultiPolygon", "coordinates": [ [ [ [ 295165.762702552368864, 9635663.867625862360001 ], [ 295165.762702552368864, 9636694.617625862360001 ], [ 296667.962702552322298, 9636694.617625862360001 ], [ 296667.962702552322298, 9635663.867625862360001 ], [ 295165.762702552368864, 9635663.867625862360001 ] ] ] ] } },
{ "type": "Feature", "properties": { }, "geometry": { "type": "MultiPolygon", "coordinates": [ [ [ [ 296667.962702552322298, 9635663.867625862360001 ], [ 296667.962702552322298, 9636694.617625862360001 ], [ 298170.162702552275732, 9636694.617625862360001 ], [ 298170.162702552275732, 9635663.867625862360001 ], [ 296667.962702552322298, 9635663.867625862360001 ] ] ] ] } },
{ "type": "Feature", "properties": { }, "geometry": { "type": "MultiPolygon", "coordinates": [ [ [ [ 298170.16270255233394, 9635663.867625862360001 ], [ 298170.16270255233394, 9636694.617625862360001 ], [ 299672.362702552287374, 9636694.617625862360001 ], [ 299672.362702552287374, 9635663.867625862360001 ], [ 298170.16270255233394, 9635663.867625862360001 ] ] ] ] } },
{ "type": "Feature", "properties": { }, "geometry": { "type": "MultiPolygon", "coordinates": [ [ [ [ 299672.362702552345581, 9635663.867625862360001 ], [ 299672.362702552345581, 9636694.617625862360001 ], [ 301174.562702552299015, 9636694.617625862360001 ], [ 301174.562702552299015, 9635663.867625862360001 ], [ 299672.362702552345581, 9635663.867625862360001 ] ] ] ] } },
{ "type": "Feature", "properties": { }, "geometry": { "type": "MultiPolygon", "coordinates": [ [ [ [ 301174.562702552357223, 9635663.867625862360001 ], [ 301174.562702552357223, 9636694.617625862360001 ], [ 302676.762702552310657, 9636694.617625862360001 ], [ 302676.762702552310657, 9635663.867625862360001 ], [ 301174.562702552357223, 9635663.867625862360001 ] ] ] ] } },
{ "type": "Feature", "properties": { }, "geometry": { "type": "MultiPolygon", "coordinates": [ [ [ [ 302676.762702552368864, 9635663.867625862360001 ], [ 302676.762702552368864, 9636694.617625862360001 ], [ 304178.962702552322298, 9636694.617625862360001 ], [ 304178.962702552322298, 9635663.867625862360001 ], [ 302676.762702552368864, 9635663.867625862360001 ] ] ] ] } },
{ "type": "Feature", "properties": { }, "geometry": { "type": "MultiPolygon", "coordinates": [ [ [ [ 304178.962702552322298, 9635663.867625862360001 ], [ 304178.962702552322298, 9636694.617625862360001 ], [ 305681.162702552275732, 9636694.617625862360001 ], [ 305681.162702552275732, 9635663.867625862360001 ], [ 304178.962702552322298, 9635663.867625862360001 ] ] ] ] } },
{ "type": "Feature", "properties": { }, "geometry": { "type": "MultiPolygon", "coordinates": [ [ [ [ 305681.16270255233394, 9635663.867625862360001 ], [ 305681.16270255233394, 9636694.617625862360001 ], [ 307183.362702552287374, 9636694.617625862360001 ], [ 307183.362702552287374, 9635663.867625862360001 ], [ 305681.16270255233394, 9635663.867625862360001 ] ] ] ] } },
{ "type": "Feature", "properties": { }, "geometry": { "type": "MultiPolygon", "coordinates": [ [ [ [ 307183.362702552345581, 9635663.867625862360001 ], [ 307183.362702552345581, 9636694.617625862360001 ], [ 308685.562702552299015, 9636694.617625862360001 ], [ 308685.562702552299015, 9635663.867625862360001 ], [ 307183.362702552345581, 9635663.867625862360001 ] ] ] ] } },
{ "type": "Feature", "properties": { }, "geometry": { "type": "MultiPolygon", "coordinates": [ [ [ [ 308685.562702552357223, 9635663.867625862360001 ], [ 308685.562702552357223, 9636694.617625862360001 ], [ 310187.762702552310657, 9636694.617625862360001 ], [ 310187.762702552310657, 9635663.867625862360001 ], [ 308685.562702552357223, 9635663.867625862360001 ] ] ] ] } },
{ "type": "Feature", "properties": { }, "geometry": { "type": "MultiPolygon", "coordinates": [ [ [ [ 310187.762702552368864, 9635663.867625862360001 ], [ 310187.762702552368864, 9636694.617625862360001 ], [ 311689.962702552322298, 9636694.617625862360001 ], [ 311689.962702552322298, 9635663.867625862360001 ], [ 310187.762702552368864, 9635663.867625862360001 ] ] ] ] } },
{ "type": "Feature", "properties": { }, "geometry": { "type": "MultiPolygon", "coordinates": [ [ [ [ 311689.962702552322298, 9635663.867625862360001 ], [ 311689.962702552322298, 9636694.617625862360001 ], [ 313192.162702552275732, 9636694.617625862360001 ], [ 313192.162702552275732, 9635663.867625862360001 ], [ 311689.962702552322298, 9635663.867625862360001 ] ] ] ] } },
{ "type": "Feature", "properties": { }, "geometry": { "type": "MultiPolygon", "coordinates": [ [ [ [ 313192.16270255233394, 9635663.867625862360001 ], [ 313192.16270255233394, 9636694.617625862360001 ], [ 314694.362702552287374, 9636694.617625862360001 ], [ 314694.362702552287374, 9635663.867625862360001 ], [ 313192.16270255233394, 9635663.867625862360001 ] ] ] ] } },
{ "type": "Feature", "properties": { }, "geometry": { "type": "MultiPolygon", "coordinates": [ [ [ [ 314694.362702552345581, 9635663.867625862360001 ], [ 314694.362702552345581, 9636694.617625862360001 ], [ 316196.562702552299015, 9636694.617625862360001 ], [ 316196.562702552299015, 9635663.867625862360001 ], [ 314694.362702552345581, 9635663.867625862360001 ] ] ] ] } },
{ "type": "Feature", "properties": { }, "geometry": { "type": "MultiPolygon", "coordinates": [ [ [ [ 316196.562702552357223, 9635663.867625862360001 ], [ 316196.562702552357223, 9636694.617625862360001 ], [ 317698.762702552310657, 9636694.617625862360001 ], [ 317698.762702552310657, 9635663.867625862360001 ], [ 316196.562702552357223, 9635663.867625862360001 ] ] ] ] } },
{ "type": "Feature", "properties": { }, "geometry": { "type": "MultiPolygon", "coordinates": [ [ [ [ 317698.762702552368864, 9635663.867625862360001 ], [ 317698.762702552368864, 9636694.617625862360001 ], [ 319200.962702552322298, 9636694.617625862360001 ], [ 319200.962702552322298, 9635663.867625862360001 ], [ 317698.762702552368864, 9635663.867625862360001 ] ] ] ] } },
{ "type": "Feature", "properties": { }, "geometry": { "type": "MultiPolygon", "coordinates": [ [ [ [ 319200.962702552322298, 9635663.867625862360001 ], [ 319200.962702552322298, 9636694.617625862360001 ], [ 320703.162702552275732, 9636694.617625862360001 ], [ 320703.162702552275732, 9635663.867625862360001 ], [ 319200.962702552322298, 9635663.867625862360001 ] ] ] ] } },
{ "type": "Feature", "properties": { }, "geometry": { "type": "MultiPolygon", "coordinates": [ [ [ [ 320703.16270255233394, 9635663.867625862360001 ], [ 320703.16270255233394, 9636694.617625862360001 ], [ 322205.362702552287374, 9636694.617625862360001 ], [ 322205.362702552287374, 9635663.867625862360001 ], [ 320703.16270255233394, 9635663.867625862360001 ] ] ] ] } },
{ "type": "Feature", "properties": { }, "geometry": { "type": "MultiPolygon", "coordinates": [ [ [ [ 322205.362702552345581, 9635663.867625862360001 ], [ 322205.362702552345581, 9636694.617625862360001 ], [ 323707.562702552299015, 9636694.617625862360001 ], [ 323707.562702552299015, 9635663.867625862360001 ], [ 322205.362702552345581, 9635663.867625862360001 ] ] ] ] } },
{ "type": "Feature", "properties": { }, "geometry": { "type": "MultiPolygon", "coordinates": [ [ [ [ 323707.562702552357223, 9635663.867625862360001 ], [ 323707.562702552357223, 9636694.617625862360001 ], [ 325209.762702552310657, 9636694.617625862360001 ], [ 325209.762702552310657, 9635663.867625862360001 ], [ 323707.562702552357223, 9635663.867625862360001 ] ] ] ] } },
{ "type": "Feature", "properties": { }, "geometry": { "type": "MultiPolygon", "coordinates": [ [ [ [ 325209.762702552368864, 9635663.867625862360001 ], [ 325209.762702552368864, 9636694.617625862360001 ], [ 326711.962702552322298, 9636694.617625862360001 ], [ 326711.962702552322298, 9635663.867625862360001 ], [ 325209.762702552368864, 9635663.867625862360001 ] ] ] ] } },
{ "type": "Feature", "properties": { }, "geometry": { "type": "MultiPolygon", "coordinates": [ [ [ [ 326711.962702552322298, 9635663.867625862360001 ], [ 326711.962702552322298, 9636694.617625862360001 ], [ 328214.162702552275732, 9636694.617625862360001 ], [ 328214.162702552275732, 9635663.867625862360001 ], [ 326711.962702552322298, 9635663.867625862360001 ] ] ] ] } },
{ "type": "Feature", "properties": { }, "geometry": { "type": "MultiPolygon", "coordinates": [ [ [ [ 328214.16270255233394, 9635663.867625862360001 ], [ 328214.16270255233394, 9636694.617625862360001 ], [ 329716.362702552287374, 9636694.617625862360001 ], [ 329716.362702552287374, 9635663.867625862360001 ], [ 328214.16270255233394, 9635663.867625862360001 ] ] ] ] } },
{ "type": "Feature", "properties": { }, "geometry": { "type": "MultiPolygon", "coordinates": [ [ [ [ 329716.362702552345581, 9635663.867625862360001 ], [ 329716.362702552345581, 9636694.617625862360001 ], [ 331218.562702552299015, 9636694.617625862360001 ], [ 331218.562702552299015, 9635663.867625862360001 ], [ 329716.362702552345581, 9635663.867625862360001 ] ] ] ] } },
{ "type": "Feature", "properties": { }, "geometry": { "type": "MultiPolygon", "coordinates": [ [ [ [ 331218.562702552357223, 9635663.867625862360001 ], [ 331218.562702552357223, 9636694.617625862360001 ], [ 332720.762702552310657, 9636694.617625862360001 ], [ 332720.762702552310657, 9635663.867625862360001 ], [ 331218.562702552357223, 9635663.867625862360001 ] ] ] ] } },
{ "type": "Feature", "properties": { }, "geometry": { "type": "MultiPolygon", "coordinates": [ [ [ [ 332720.762702552368864, 9635663.867625862360001 ], [ 332720.762702552368864, 9636694.617625862360001 ], [ 334222.962702552322298, 9636694.617625862360001 ], [ 334222.962702552322298, 9635663.867625862360001 ], [ 332720.762702552368864, 9635663.867625862360001 ] ] ] ] } },
{ "type": "Feature", "properties": { }, "geometry": { "type": "MultiPolygon", "coordinates": [ [ [ [ 334222.962702552322298, 9635663.867625862360001 ], [ 334222.962702552322298, 9636694.617625862360001 ], [ 335725.162702552275732, 9636694.617625862360001 ], [ 335725.162702552275732, 9635663.867625862360001 ], [ 334222.962702552322298, 9635663.867625862360001 ] ] ] ] } },
{ "type": "Feature", "properties": { }, "geometry": { "type": "MultiPolygon", "coordinates": [ [ [ [ 335725.16270255233394, 9635663.867625862360001 ], [ 335725.16270255233394, 9636694.617625862360001 ], [ 337227.362702552287374, 9636694.617625862360001 ], [ 337227.362702552287374, 9635663.867625862360001 ], [ 335725.16270255233394, 9635663.867625862360001 ] ] ] ] } },
{ "type": "Feature", "properties": { }, "geometry": { "type": "MultiPolygon", "coordinates": [ [ [ [ 337227.362702552345581, 9635663.867625862360001 ], [ 337227.362702552345581, 9636694.617625862360001 ], [ 338729.562702552299015, 9636694.617625862360001 ], [ 338729.562702552299015, 9635663.867625862360001 ], [ 337227.362702552345581, 9635663.867625862360001 ] ] ] ] } },
{ "type": "Feature", "properties": { }, "geometry": { "type": "MultiPolygon", "coordinates": [ [ [ [ 338729.562702552357223, 9635663.867625862360001 ], [ 338729.562702552357223, 9636694.617625862360001 ], [ 340231.762702552310657, 9636694.617625862360001 ], [ 340231.762702552310657, 9635663.867625862360001 ], [ 338729.562702552357223, 9635663.867625862360001 ] ] ] ] } },
{ "type": "Feature", "properties": { }, "geometry": { "type": "MultiPolygon", "coordinates": [ [ [ [ 340231.762702552368864, 9635663.867625862360001 ], [ 340231.762702552368864, 9636694.617625862360001 ], [ 341733.962702552322298, 9636694.617625862360001 ], [ 341733.962702552322298, 9635663.867625862360001 ], [ 340231.762702552368864, 9635663.867625862360001 ] ] ] ] } },
{ "type": "Feature", "properties": { }, "geometry": { "type": "MultiPolygon", "coordinates": [ [ [ [ 341733.962702552322298, 9635663.867625862360001 ], [ 341733.962702552322298, 9636694.617625862360001 ], [ 343236.162702552275732, 9636694.617625862360001 ], [ 343236.162702552275732, 9635663.867625862360001 ], [ 341733.962702552322298, 9635663.867625862360001 ] ] ] ] } },
{ "type": "Feature", "properties": { }, "geometry": { "type": "MultiPolygon", "coordinates": [ [ [ [ 343236.16270255233394, 9635663.867625862360001 ], [ 343236.16270255233394, 9636694.617625862360001 ], [ 344738.362702552287374, 9636694.617625862360001 ], [ 344738.362702552287374, 9635663.867625862360001 ], [ 343236.16270255233394, 9635663.867625862360001 ] ] ] ] } },
{ "type": "Feature", "properties": { }, "geometry": { "type": "MultiPolygon", "coordinates": [ [ [ [ 344738.362702552345581, 9635663.867625862360001 ], [ 344738.362702552345581, 9636694.617625862360001 ], [ 346240.562702552299015, 9636694.617625862360001 ], [ 346240.562702552299015, 9635663.867625862360001 ], [ 344738.362702552345581, 9635663.867625862360001 ] ] ] ] } },
{ "type": "Feature", "properties": { }, "geometry": { "type": "MultiPolygon", "coordinates": [ [ [ [ 346240.562702552357223, 9635663.867625862360001 ], [ 346240.562702552357223, 9636694.617625862360001 ], [ 347742.762702552310657, 9636694.617625862360001 ], [ 347742.762702552310657, 9635663.867625862360001 ], [ 346240.562702552357223, 9635663.867625862360001 ] ] ] ] } },
{ "type": "Feature", "properties": { }, "geometry": { "type": "MultiPolygon", "coordinates": [ [ [ [ 347742.762702552368864, 9635663.867625862360001 ], [ 347742.762702552368864, 9636694.617625862360001 ], [ 349244.962702552322298, 9636694.617625862360001 ], [ 349244.962702552322298, 9635663.867625862360001 ], [ 347742.762702552368864, 9635663.867625862360001 ] ] ] ] } },
{ "type": "Feature", "properties": { }, "geometry": { "type": "MultiPolygon", "coordinates": [ [ [ [ 349244.962702552322298, 9635663.867625862360001 ], [ 349244.962702552322298, 9636694.617625862360001 ], [ 350747.162702552275732, 9636694.617625862360001 ], [ 350747.162702552275732, 9635663.867625862360001 ], [ 349244.962702552322298, 9635663.867625862360001 ] ] ] ] } },
{ "type": "Feature", "properties": { }, "geometry": { "type": "MultiPolygon", "coordinates": [ [ [ [ 350747.16270255233394, 9635663.867625862360001 ], [ 350747.16270255233394, 9636694.617625862360001 ], [ 352249.362702552287374, 9636694.617625862360001 ], [ 352249.362702552287374, 9635663.867625862360001 ], [ 350747.16270255233394, 9635663.867625862360001 ] ] ] ] } },
{ "type": "Feature", "properties": { }, "geometry": { "type": "MultiPolygon", "coordinates": [ [ [ [ 352249.362702552345581, 9635663.867625862360001 ], [ 352249.362702552345581, 9636694.617625862360001 ], [ 353751.562702552299015, 9636694.617625862360001 ], [ 353751.562702552299015, 9635663.867625862360001 ], [ 352249.362702552345581, 9635663.867625862360001 ] ] ] ] } },
{ "type": "Feature", "properties": { }, "geometry": { "type": "MultiPolygon", "coordinates": [ [ [ [ 353751.562702552357223, 9635663.867625862360001 ], [ 353751.562702552357223, 9636694.617625862360001 ], [ 355253.762702552310657, 9636694.617625862360001 ], [ 355253.762702552310657, 9635663.867625862360001 ], [ 353751.562702552357223, 9635663.867625862360001 ] ] ] ] } },
{ "type": "Feature", "properties": { }, "geometry": { "type": "MultiPolygon", "coordinates": [ [ [ [ 355253.762702552368864, 9635663.867625862360001 ], [ 355253.762702552368864, 9636694.617625862360001 ], [ 356755.962702552322298, 9636694.617625862360001 ], [ 356755.962702552322298, 9635663.867625862360001 ], [ 355253.762702552368864, 9635663.867625862360001 ] ] ] ] } },
{ "type": "Feature", "properties": { }, "geometry": { "type": "MultiPolygon", "coordinates": [ [ [ [ 281645.962702552322298, 9634633.117625862360001 ], [ 281645.962702552322298, 9635663.867625862360001 ], [ 283148.162702552275732, 9635663.867625862360001 ], [ 283148.162702552275732, 9634633.117625862360001 ], [ 281645.962702552322298, 9634633.117625862360001 ] ] ] ] } },
{ "type": "Feature", "properties": { }, "geometry": { "type": "MultiPolygon", "coordinates": [ [ [ [ 283148.16270255233394, 9634633.117625862360001 ], [ 283148.16270255233394, 9635663.867625862360001 ], [ 284650.362702552287374, 9635663.867625862360001 ], [ 284650.362702552287374, 9634633.117625862360001 ], [ 283148.16270255233394, 9634633.117625862360001 ] ] ] ] } },
{ "type": "Feature", "properties": { }, "geometry": { "type": "MultiPolygon", "coordinates": [ [ [ [ 284650.362702552345581, 9634633.117625862360001 ], [ 284650.362702552345581, 9635663.867625862360001 ], [ 286152.562702552299015, 9635663.867625862360001 ], [ 286152.562702552299015, 9634633.117625862360001 ], [ 284650.362702552345581, 9634633.117625862360001 ] ] ] ] } },
{ "type": "Feature", "properties": { }, "geometry": { "type": "MultiPolygon", "coordinates": [ [ [ [ 286152.562702552357223, 9634633.117625862360001 ], [ 286152.562702552357223, 9635663.867625862360001 ], [ 287654.762702552310657, 9635663.867625862360001 ], [ 287654.762702552310657, 9634633.117625862360001 ], [ 286152.562702552357223, 9634633.117625862360001 ] ] ] ] } },
{ "type": "Feature", "properties": { }, "geometry": { "type": "MultiPolygon", "coordinates": [ [ [ [ 287654.762702552368864, 9634633.117625862360001 ], [ 287654.762702552368864, 9635663.867625862360001 ], [ 289156.962702552322298, 9635663.867625862360001 ], [ 289156.962702552322298, 9634633.117625862360001 ], [ 287654.762702552368864, 9634633.117625862360001 ] ] ] ] } },
{ "type": "Feature", "properties": { }, "geometry": { "type": "MultiPolygon", "coordinates": [ [ [ [ 289156.962702552322298, 9634633.117625862360001 ], [ 289156.962702552322298, 9635663.867625862360001 ], [ 290659.162702552275732, 9635663.867625862360001 ], [ 290659.162702552275732, 9634633.117625862360001 ], [ 289156.962702552322298, 9634633.117625862360001 ] ] ] ] } },
{ "type": "Feature", "properties": { }, "geometry": { "type": "MultiPolygon", "coordinates": [ [ [ [ 290659.16270255233394, 9634633.117625862360001 ], [ 290659.16270255233394, 9635663.867625862360001 ], [ 292161.362702552287374, 9635663.867625862360001 ], [ 292161.362702552287374, 9634633.117625862360001 ], [ 290659.16270255233394, 9634633.117625862360001 ] ] ] ] } },
{ "type": "Feature", "properties": { }, "geometry": { "type": "MultiPolygon", "coordinates": [ [ [ [ 292161.362702552345581, 9634633.117625862360001 ], [ 292161.362702552345581, 9635663.867625862360001 ], [ 293663.562702552299015, 9635663.867625862360001 ], [ 293663.562702552299015, 9634633.117625862360001 ], [ 292161.362702552345581, 9634633.117625862360001 ] ] ] ] } },
{ "type": "Feature", "properties": { }, "geometry": { "type": "MultiPolygon", "coordinates": [ [ [ [ 293663.562702552357223, 9634633.117625862360001 ], [ 293663.562702552357223, 9635663.867625862360001 ], [ 295165.762702552310657, 9635663.867625862360001 ], [ 295165.762702552310657, 9634633.117625862360001 ], [ 293663.562702552357223, 9634633.117625862360001 ] ] ] ] } },
{ "type": "Feature", "properties": { }, "geometry": { "type": "MultiPolygon", "coordinates": [ [ [ [ 295165.762702552368864, 9634633.117625862360001 ], [ 295165.762702552368864, 9635663.867625862360001 ], [ 296667.962702552322298, 9635663.867625862360001 ], [ 296667.962702552322298, 9634633.117625862360001 ], [ 295165.762702552368864, 9634633.117625862360001 ] ] ] ] } },
{ "type": "Feature", "properties": { }, "geometry": { "type": "MultiPolygon", "coordinates": [ [ [ [ 296667.962702552322298, 9634633.117625862360001 ], [ 296667.962702552322298, 9635663.867625862360001 ], [ 298170.162702552275732, 9635663.867625862360001 ], [ 298170.162702552275732, 9634633.117625862360001 ], [ 296667.962702552322298, 9634633.117625862360001 ] ] ] ] } },
{ "type": "Feature", "properties": { }, "geometry": { "type": "MultiPolygon", "coordinates": [ [ [ [ 298170.16270255233394, 9634633.117625862360001 ], [ 298170.16270255233394, 9635663.867625862360001 ], [ 299672.362702552287374, 9635663.867625862360001 ], [ 299672.362702552287374, 9634633.117625862360001 ], [ 298170.16270255233394, 9634633.117625862360001 ] ] ] ] } },
{ "type": "Feature", "properties": { }, "geometry": { "type": "MultiPolygon", "coordinates": [ [ [ [ 299672.362702552345581, 9634633.117625862360001 ], [ 299672.362702552345581, 9635663.867625862360001 ], [ 301174.562702552299015, 9635663.867625862360001 ], [ 301174.562702552299015, 9634633.117625862360001 ], [ 299672.362702552345581, 9634633.117625862360001 ] ] ] ] } },
{ "type": "Feature", "properties": { }, "geometry": { "type": "MultiPolygon", "coordinates": [ [ [ [ 301174.562702552357223, 9634633.117625862360001 ], [ 301174.562702552357223, 9635663.867625862360001 ], [ 302676.762702552310657, 9635663.867625862360001 ], [ 302676.762702552310657, 9634633.117625862360001 ], [ 301174.562702552357223, 9634633.117625862360001 ] ] ] ] } },
{ "type": "Feature", "properties": { }, "geometry": { "type": "MultiPolygon", "coordinates": [ [ [ [ 302676.762702552368864, 9634633.117625862360001 ], [ 302676.762702552368864, 9635663.867625862360001 ], [ 304178.962702552322298, 9635663.867625862360001 ], [ 304178.962702552322298, 9634633.117625862360001 ], [ 302676.762702552368864, 9634633.117625862360001 ] ] ] ] } },
{ "type": "Feature", "properties": { }, "geometry": { "type": "MultiPolygon", "coordinates": [ [ [ [ 304178.962702552322298, 9634633.117625862360001 ], [ 304178.962702552322298, 9635663.867625862360001 ], [ 305681.162702552275732, 9635663.867625862360001 ], [ 305681.162702552275732, 9634633.117625862360001 ], [ 304178.962702552322298, 9634633.117625862360001 ] ] ] ] } },
{ "type": "Feature", "properties": { }, "geometry": { "type": "MultiPolygon", "coordinates": [ [ [ [ 305681.16270255233394, 9634633.117625862360001 ], [ 305681.16270255233394, 9635663.867625862360001 ], [ 307183.362702552287374, 9635663.867625862360001 ], [ 307183.362702552287374, 9634633.117625862360001 ], [ 305681.16270255233394, 9634633.117625862360001 ] ] ] ] } },
{ "type": "Feature", "properties": { }, "geometry": { "type": "MultiPolygon", "coordinates": [ [ [ [ 307183.362702552345581, 9634633.117625862360001 ], [ 307183.362702552345581, 9635663.867625862360001 ], [ 308685.562702552299015, 9635663.867625862360001 ], [ 308685.562702552299015, 9634633.117625862360001 ], [ 307183.362702552345581, 9634633.117625862360001 ] ] ] ] } },
{ "type": "Feature", "properties": { }, "geometry": { "type": "MultiPolygon", "coordinates": [ [ [ [ 308685.562702552357223, 9634633.117625862360001 ], [ 308685.562702552357223, 9635663.867625862360001 ], [ 310187.762702552310657, 9635663.867625862360001 ], [ 310187.762702552310657, 9634633.117625862360001 ], [ 308685.562702552357223, 9634633.117625862360001 ] ] ] ] } },
{ "type": "Feature", "properties": { }, "geometry": { "type": "MultiPolygon", "coordinates": [ [ [ [ 310187.762702552368864, 9634633.117625862360001 ], [ 310187.762702552368864, 9635663.867625862360001 ], [ 311689.962702552322298, 9635663.867625862360001 ], [ 311689.962702552322298, 9634633.117625862360001 ], [ 310187.762702552368864, 9634633.117625862360001 ] ] ] ] } },
{ "type": "Feature", "properties": { }, "geometry": { "type": "MultiPolygon", "coordinates": [ [ [ [ 311689.962702552322298, 9634633.117625862360001 ], [ 311689.962702552322298, 9635663.867625862360001 ], [ 313192.162702552275732, 9635663.867625862360001 ], [ 313192.162702552275732, 9634633.117625862360001 ], [ 311689.962702552322298, 9634633.117625862360001 ] ] ] ] } },
{ "type": "Feature", "properties": { }, "geometry": { "type": "MultiPolygon", "coordinates": [ [ [ [ 313192.16270255233394, 9634633.117625862360001 ], [ 313192.16270255233394, 9635663.867625862360001 ], [ 314694.362702552287374, 9635663.867625862360001 ], [ 314694.362702552287374, 9634633.117625862360001 ], [ 313192.16270255233394, 9634633.117625862360001 ] ] ] ] } },
{ "type": "Feature", "properties": { }, "geometry": { "type": "MultiPolygon", "coordinates": [ [ [ [ 314694.362702552345581, 9634633.117625862360001 ], [ 314694.362702552345581, 9635663.867625862360001 ], [ 316196.562702552299015, 9635663.867625862360001 ], [ 316196.562702552299015, 9634633.117625862360001 ], [ 314694.362702552345581, 9634633.117625862360001 ] ] ] ] } },
{ "type": "Feature", "properties": { }, "geometry": { "type": "MultiPolygon", "coordinates": [ [ [ [ 316196.562702552357223, 9634633.117625862360001 ], [ 316196.562702552357223, 9635663.867625862360001 ], [ 317698.762702552310657, 9635663.867625862360001 ], [ 317698.762702552310657, 9634633.117625862360001 ], [ 316196.562702552357223, 9634633.117625862360001 ] ] ] ] } },
{ "type": "Feature", "properties": { }, "geometry": { "type": "MultiPolygon", "coordinates": [ [ [ [ 317698.762702552368864, 9634633.117625862360001 ], [ 317698.762702552368864, 9635663.867625862360001 ], [ 319200.962702552322298, 9635663.867625862360001 ], [ 319200.962702552322298, 9634633.117625862360001 ], [ 317698.762702552368864, 9634633.117625862360001 ] ] ] ] } },
{ "type": "Feature", "properties": { }, "geometry": { "type": "MultiPolygon", "coordinates": [ [ [ [ 319200.962702552322298, 9634633.117625862360001 ], [ 319200.962702552322298, 9635663.867625862360001 ], [ 320703.162702552275732, 9635663.867625862360001 ], [ 320703.162702552275732, 9634633.117625862360001 ], [ 319200.962702552322298, 9634633.117625862360001 ] ] ] ] } },
{ "type": "Feature", "properties": { }, "geometry": { "type": "MultiPolygon", "coordinates": [ [ [ [ 320703.16270255233394, 9634633.117625862360001 ], [ 320703.16270255233394, 9635663.867625862360001 ], [ 322205.362702552287374, 9635663.867625862360001 ], [ 322205.362702552287374, 9634633.117625862360001 ], [ 320703.16270255233394, 9634633.117625862360001 ] ] ] ] } },
{ "type": "Feature", "properties": { }, "geometry": { "type": "MultiPolygon", "coordinates": [ [ [ [ 322205.362702552345581, 9634633.117625862360001 ], [ 322205.362702552345581, 9635663.867625862360001 ], [ 323707.562702552299015, 9635663.867625862360001 ], [ 323707.562702552299015, 9634633.117625862360001 ], [ 322205.362702552345581, 9634633.117625862360001 ] ] ] ] } },
{ "type": "Feature", "properties": { }, "geometry": { "type": "MultiPolygon", "coordinates": [ [ [ [ 323707.562702552357223, 9634633.117625862360001 ], [ 323707.562702552357223, 9635663.867625862360001 ], [ 325209.762702552310657, 9635663.867625862360001 ], [ 325209.762702552310657, 9634633.117625862360001 ], [ 323707.562702552357223, 9634633.117625862360001 ] ] ] ] } },
{ "type": "Feature", "properties": { }, "geometry": { "type": "MultiPolygon", "coordinates": [ [ [ [ 325209.762702552368864, 9634633.117625862360001 ], [ 325209.762702552368864, 9635663.867625862360001 ], [ 326711.962702552322298, 9635663.867625862360001 ], [ 326711.962702552322298, 9634633.117625862360001 ], [ 325209.762702552368864, 9634633.117625862360001 ] ] ] ] } },
{ "type": "Feature", "properties": { }, "geometry": { "type": "MultiPolygon", "coordinates": [ [ [ [ 326711.962702552322298, 9634633.117625862360001 ], [ 326711.962702552322298, 9635663.867625862360001 ], [ 328214.162702552275732, 9635663.867625862360001 ], [ 328214.162702552275732, 9634633.117625862360001 ], [ 326711.962702552322298, 9634633.117625862360001 ] ] ] ] } },
{ "type": "Feature", "properties": { }, "geometry": { "type": "MultiPolygon", "coordinates": [ [ [ [ 328214.16270255233394, 9634633.117625862360001 ], [ 328214.16270255233394, 9635663.867625862360001 ], [ 329716.362702552287374, 9635663.867625862360001 ], [ 329716.362702552287374, 9634633.117625862360001 ], [ 328214.16270255233394, 9634633.117625862360001 ] ] ] ] } },
{ "type": "Feature", "properties": { }, "geometry": { "type": "MultiPolygon", "coordinates": [ [ [ [ 329716.362702552345581, 9634633.117625862360001 ], [ 329716.362702552345581, 9635663.867625862360001 ], [ 331218.562702552299015, 9635663.867625862360001 ], [ 331218.562702552299015, 9634633.117625862360001 ], [ 329716.362702552345581, 9634633.117625862360001 ] ] ] ] } },
{ "type": "Feature", "properties": { }, "geometry": { "type": "MultiPolygon", "coordinates": [ [ [ [ 331218.562702552357223, 9634633.117625862360001 ], [ 331218.562702552357223, 9635663.867625862360001 ], [ 332720.762702552310657, 9635663.867625862360001 ], [ 332720.762702552310657, 9634633.117625862360001 ], [ 331218.562702552357223, 9634633.117625862360001 ] ] ] ] } },
{ "type": "Feature", "properties": { }, "geometry": { "type": "MultiPolygon", "coordinates": [ [ [ [ 332720.762702552368864, 9634633.117625862360001 ], [ 332720.762702552368864, 9635663.867625862360001 ], [ 334222.962702552322298, 9635663.867625862360001 ], [ 334222.962702552322298, 9634633.117625862360001 ], [ 332720.762702552368864, 9634633.117625862360001 ] ] ] ] } },
{ "type": "Feature", "properties": { }, "geometry": { "type": "MultiPolygon", "coordinates": [ [ [ [ 334222.962702552322298, 9634633.117625862360001 ], [ 334222.962702552322298, 9635663.867625862360001 ], [ 335725.162702552275732, 9635663.867625862360001 ], [ 335725.162702552275732, 9634633.117625862360001 ], [ 334222.962702552322298, 9634633.117625862360001 ] ] ] ] } },
{ "type": "Feature", "properties": { }, "geometry": { "type": "MultiPolygon", "coordinates": [ [ [ [ 335725.16270255233394, 9634633.117625862360001 ], [ 335725.16270255233394, 9635663.867625862360001 ], [ 337227.362702552287374, 9635663.867625862360001 ], [ 337227.362702552287374, 9634633.117625862360001 ], [ 335725.16270255233394, 9634633.117625862360001 ] ] ] ] } },
{ "type": "Feature", "properties": { }, "geometry": { "type": "MultiPolygon", "coordinates": [ [ [ [ 337227.362702552345581, 9634633.117625862360001 ], [ 337227.362702552345581, 9635663.867625862360001 ], [ 338729.562702552299015, 9635663.867625862360001 ], [ 338729.562702552299015, 9634633.117625862360001 ], [ 337227.362702552345581, 9634633.117625862360001 ] ] ] ] } },
{ "type": "Feature", "properties": { }, "geometry": { "type": "MultiPolygon", "coordinates": [ [ [ [ 338729.562702552357223, 9634633.117625862360001 ], [ 338729.562702552357223, 9635663.867625862360001 ], [ 340231.762702552310657, 9635663.867625862360001 ], [ 340231.762702552310657, 9634633.117625862360001 ], [ 338729.562702552357223, 9634633.117625862360001 ] ] ] ] } },
{ "type": "Feature", "properties": { }, "geometry": { "type": "MultiPolygon", "coordinates": [ [ [ [ 340231.762702552368864, 9634633.117625862360001 ], [ 340231.762702552368864, 9635663.867625862360001 ], [ 341733.962702552322298, 9635663.867625862360001 ], [ 341733.962702552322298, 9634633.117625862360001 ], [ 340231.762702552368864, 9634633.117625862360001 ] ] ] ] } },
{ "type": "Feature", "properties": { }, "geometry": { "type": "MultiPolygon", "coordinates": [ [ [ [ 341733.962702552322298, 9634633.117625862360001 ], [ 341733.962702552322298, 9635663.867625862360001 ], [ 343236.162702552275732, 9635663.867625862360001 ], [ 343236.162702552275732, 9634633.117625862360001 ], [ 341733.962702552322298, 9634633.117625862360001 ] ] ] ] } },
{ "type": "Feature", "properties": { }, "geometry": { "type": "MultiPolygon", "coordinates": [ [ [ [ 343236.16270255233394, 9634633.117625862360001 ], [ 343236.16270255233394, 9635663.867625862360001 ], [ 344738.362702552287374, 9635663.867625862360001 ], [ 344738.362702552287374, 9634633.117625862360001 ], [ 343236.16270255233394, 9634633.117625862360001 ] ] ] ] } },
{ "type": "Feature", "properties": { }, "geometry": { "type": "MultiPolygon", "coordinates": [ [ [ [ 344738.362702552345581, 9634633.117625862360001 ], [ 344738.362702552345581, 9635663.867625862360001 ], [ 346240.562702552299015, 9635663.867625862360001 ], [ 346240.562702552299015, 9634633.117625862360001 ], [ 344738.362702552345581, 9634633.117625862360001 ] ] ] ] } },
{ "type": "Feature", "properties": { }, "geometry": { "type": "MultiPolygon", "coordinates": [ [ [ [ 346240.562702552357223, 9634633.117625862360001 ], [ 346240.562702552357223, 9635663.867625862360001 ], [ 347742.762702552310657, 9635663.867625862360001 ], [ 347742.762702552310657, 9634633.117625862360001 ], [ 346240.562702552357223, 9634633.117625862360001 ] ] ] ] } },
{ "type": "Feature", "properties": { }, "geometry": { "type": "MultiPolygon", "coordinates": [ [ [ [ 347742.762702552368864, 9634633.117625862360001 ], [ 347742.762702552368864, 9635663.867625862360001 ], [ 349244.962702552322298, 9635663.867625862360001 ], [ 349244.962702552322298, 9634633.117625862360001 ], [ 347742.762702552368864, 9634633.117625862360001 ] ] ] ] } },
{ "type": "Feature", "properties": { }, "geometry": { "type": "MultiPolygon", "coordinates": [ [ [ [ 349244.962702552322298, 9634633.117625862360001 ], [ 349244.962702552322298, 9635663.867625862360001 ], [ 350747.162702552275732, 9635663.867625862360001 ], [ 350747.162702552275732, 9634633.117625862360001 ], [ 349244.962702552322298, 9634633.117625862360001 ] ] ] ] } },
{ "type": "Feature", "properties": { }, "geometry": { "type": "MultiPolygon", "coordinates": [ [ [ [ 350747.16270255233394, 9634633.117625862360001 ], [ 350747.16270255233394, 9635663.867625862360001 ], [ 352249.362702552287374, 9635663.867625862360001 ], [ 352249.362702552287374, 9634633.117625862360001 ], [ 350747.16270255233394, 9634633.117625862360001 ] ] ] ] } },
{ "type": "Feature", "properties": { }, "geometry": { "type": "MultiPolygon", "coordinates": [ [ [ [ 352249.362702552345581, 9634633.117625862360001 ], [ 352249.362702552345581, 9635663.867625862360001 ], [ 353751.562702552299015, 9635663.867625862360001 ], [ 353751.562702552299015, 9634633.117625862360001 ], [ 352249.362702552345581, 9634633.117625862360001 ] ] ] ] } },
{ "type": "Feature", "properties": { }, "geometry": { "type": "MultiPolygon", "coordinates": [ [ [ [ 353751.562702552357223, 9634633.117625862360001 ], [ 353751.562702552357223, 9635663.867625862360001 ], [ 355253.762702552310657, 9635663.867625862360001 ], [ 355253.762702552310657, 9634633.117625862360001 ], [ 353751.562702552357223, 9634633.117625862360001 ] ] ] ] } },
{ "type": "Feature", "properties": { }, "geometry": { "type": "MultiPolygon", "coordinates": [ [ [ [ 355253.762702552368864, 9634633.117625862360001 ], [ 355253.762702552368864, 9635663.867625862360001 ], [ 356755.962702552322298, 9635663.867625862360001 ], [ 356755.962702552322298, 9634633.117625862360001 ], [ 355253.762702552368864, 9634633.117625862360001 ] ] ] ] } },
{ "type": "Feature", "properties": { }, "geometry": { "type": "MultiPolygon", "coordinates": [ [ [ [ 281645.962702552322298, 9633602.367625862360001 ], [ 281645.962702552322298, 9634633.117625862360001 ], [ 283148.162702552275732, 9634633.117625862360001 ], [ 283148.162702552275732, 9633602.367625862360001 ], [ 281645.962702552322298, 9633602.367625862360001 ] ] ] ] } },
{ "type": "Feature", "properties": { }, "geometry": { "type": "MultiPolygon", "coordinates": [ [ [ [ 283148.16270255233394, 9633602.367625862360001 ], [ 283148.16270255233394, 9634633.117625862360001 ], [ 284650.362702552287374, 9634633.117625862360001 ], [ 284650.362702552287374, 9633602.367625862360001 ], [ 283148.16270255233394, 9633602.367625862360001 ] ] ] ] } },
{ "type": "Feature", "properties": { }, "geometry": { "type": "MultiPolygon", "coordinates": [ [ [ [ 284650.362702552345581, 9633602.367625862360001 ], [ 284650.362702552345581, 9634633.117625862360001 ], [ 286152.562702552299015, 9634633.117625862360001 ], [ 286152.562702552299015, 9633602.367625862360001 ], [ 284650.362702552345581, 9633602.367625862360001 ] ] ] ] } },
{ "type": "Feature", "properties": { }, "geometry": { "type": "MultiPolygon", "coordinates": [ [ [ [ 286152.562702552357223, 9633602.367625862360001 ], [ 286152.562702552357223, 9634633.117625862360001 ], [ 287654.762702552310657, 9634633.117625862360001 ], [ 287654.762702552310657, 9633602.367625862360001 ], [ 286152.562702552357223, 9633602.367625862360001 ] ] ] ] } },
{ "type": "Feature", "properties": { }, "geometry": { "type": "MultiPolygon", "coordinates": [ [ [ [ 287654.762702552368864, 9633602.367625862360001 ], [ 287654.762702552368864, 9634633.117625862360001 ], [ 289156.962702552322298, 9634633.117625862360001 ], [ 289156.962702552322298, 9633602.367625862360001 ], [ 287654.762702552368864, 9633602.367625862360001 ] ] ] ] } },
{ "type": "Feature", "properties": { }, "geometry": { "type": "MultiPolygon", "coordinates": [ [ [ [ 289156.962702552322298, 9633602.367625862360001 ], [ 289156.962702552322298, 9634633.117625862360001 ], [ 290659.162702552275732, 9634633.117625862360001 ], [ 290659.162702552275732, 9633602.367625862360001 ], [ 289156.962702552322298, 9633602.367625862360001 ] ] ] ] } },
{ "type": "Feature", "properties": { }, "geometry": { "type": "MultiPolygon", "coordinates": [ [ [ [ 290659.16270255233394, 9633602.367625862360001 ], [ 290659.16270255233394, 9634633.117625862360001 ], [ 292161.362702552287374, 9634633.117625862360001 ], [ 292161.362702552287374, 9633602.367625862360001 ], [ 290659.16270255233394, 9633602.367625862360001 ] ] ] ] } },
{ "type": "Feature", "properties": { }, "geometry": { "type": "MultiPolygon", "coordinates": [ [ [ [ 292161.362702552345581, 9633602.367625862360001 ], [ 292161.362702552345581, 9634633.117625862360001 ], [ 293663.562702552299015, 9634633.117625862360001 ], [ 293663.562702552299015, 9633602.367625862360001 ], [ 292161.362702552345581, 9633602.367625862360001 ] ] ] ] } },
{ "type": "Feature", "properties": { }, "geometry": { "type": "MultiPolygon", "coordinates": [ [ [ [ 293663.562702552357223, 9633602.367625862360001 ], [ 293663.562702552357223, 9634633.117625862360001 ], [ 295165.762702552310657, 9634633.117625862360001 ], [ 295165.762702552310657, 9633602.367625862360001 ], [ 293663.562702552357223, 9633602.367625862360001 ] ] ] ] } },
{ "type": "Feature", "properties": { }, "geometry": { "type": "MultiPolygon", "coordinates": [ [ [ [ 295165.762702552368864, 9633602.367625862360001 ], [ 295165.762702552368864, 9634633.117625862360001 ], [ 296667.962702552322298, 9634633.117625862360001 ], [ 296667.962702552322298, 9633602.367625862360001 ], [ 295165.762702552368864, 9633602.367625862360001 ] ] ] ] } },
{ "type": "Feature", "properties": { }, "geometry": { "type": "MultiPolygon", "coordinates": [ [ [ [ 296667.962702552322298, 9633602.367625862360001 ], [ 296667.962702552322298, 9634633.117625862360001 ], [ 298170.162702552275732, 9634633.117625862360001 ], [ 298170.162702552275732, 9633602.367625862360001 ], [ 296667.962702552322298, 9633602.367625862360001 ] ] ] ] } },
{ "type": "Feature", "properties": { }, "geometry": { "type": "MultiPolygon", "coordinates": [ [ [ [ 298170.16270255233394, 9633602.367625862360001 ], [ 298170.16270255233394, 9634633.117625862360001 ], [ 299672.362702552287374, 9634633.117625862360001 ], [ 299672.362702552287374, 9633602.367625862360001 ], [ 298170.16270255233394, 9633602.367625862360001 ] ] ] ] } },
{ "type": "Feature", "properties": { }, "geometry": { "type": "MultiPolygon", "coordinates": [ [ [ [ 299672.362702552345581, 9633602.367625862360001 ], [ 299672.362702552345581, 9634633.117625862360001 ], [ 301174.562702552299015, 9634633.117625862360001 ], [ 301174.562702552299015, 9633602.367625862360001 ], [ 299672.362702552345581, 9633602.367625862360001 ] ] ] ] } },
{ "type": "Feature", "properties": { }, "geometry": { "type": "MultiPolygon", "coordinates": [ [ [ [ 301174.562702552357223, 9633602.367625862360001 ], [ 301174.562702552357223, 9634633.117625862360001 ], [ 302676.762702552310657, 9634633.117625862360001 ], [ 302676.762702552310657, 9633602.367625862360001 ], [ 301174.562702552357223, 9633602.367625862360001 ] ] ] ] } },
{ "type": "Feature", "properties": { }, "geometry": { "type": "MultiPolygon", "coordinates": [ [ [ [ 302676.762702552368864, 9633602.367625862360001 ], [ 302676.762702552368864, 9634633.117625862360001 ], [ 304178.962702552322298, 9634633.117625862360001 ], [ 304178.962702552322298, 9633602.367625862360001 ], [ 302676.762702552368864, 9633602.367625862360001 ] ] ] ] } },
{ "type": "Feature", "properties": { }, "geometry": { "type": "MultiPolygon", "coordinates": [ [ [ [ 304178.962702552322298, 9633602.367625862360001 ], [ 304178.962702552322298, 9634633.117625862360001 ], [ 305681.162702552275732, 9634633.117625862360001 ], [ 305681.162702552275732, 9633602.367625862360001 ], [ 304178.962702552322298, 9633602.367625862360001 ] ] ] ] } },
{ "type": "Feature", "properties": { }, "geometry": { "type": "MultiPolygon", "coordinates": [ [ [ [ 305681.16270255233394, 9633602.367625862360001 ], [ 305681.16270255233394, 9634633.117625862360001 ], [ 307183.362702552287374, 9634633.117625862360001 ], [ 307183.362702552287374, 9633602.367625862360001 ], [ 305681.16270255233394, 9633602.367625862360001 ] ] ] ] } },
{ "type": "Feature", "properties": { }, "geometry": { "type": "MultiPolygon", "coordinates": [ [ [ [ 307183.362702552345581, 9633602.367625862360001 ], [ 307183.362702552345581, 9634633.117625862360001 ], [ 308685.562702552299015, 9634633.117625862360001 ], [ 308685.562702552299015, 9633602.367625862360001 ], [ 307183.362702552345581, 9633602.367625862360001 ] ] ] ] } },
{ "type": "Feature", "properties": { }, "geometry": { "type": "MultiPolygon", "coordinates": [ [ [ [ 308685.562702552357223, 9633602.367625862360001 ], [ 308685.562702552357223, 9634633.117625862360001 ], [ 310187.762702552310657, 9634633.117625862360001 ], [ 310187.762702552310657, 9633602.367625862360001 ], [ 308685.562702552357223, 9633602.367625862360001 ] ] ] ] } },
{ "type": "Feature", "properties": { }, "geometry": { "type": "MultiPolygon", "coordinates": [ [ [ [ 310187.762702552368864, 9633602.367625862360001 ], [ 310187.762702552368864, 9634633.117625862360001 ], [ 311689.962702552322298, 9634633.117625862360001 ], [ 311689.962702552322298, 9633602.367625862360001 ], [ 310187.762702552368864, 9633602.367625862360001 ] ] ] ] } },
{ "type": "Feature", "properties": { }, "geometry": { "type": "MultiPolygon", "coordinates": [ [ [ [ 311689.962702552322298, 9633602.367625862360001 ], [ 311689.962702552322298, 9634633.117625862360001 ], [ 313192.162702552275732, 9634633.117625862360001 ], [ 313192.162702552275732, 9633602.367625862360001 ], [ 311689.962702552322298, 9633602.367625862360001 ] ] ] ] } },
{ "type": "Feature", "properties": { }, "geometry": { "type": "MultiPolygon", "coordinates": [ [ [ [ 313192.16270255233394, 9633602.367625862360001 ], [ 313192.16270255233394, 9634633.117625862360001 ], [ 314694.362702552287374, 9634633.117625862360001 ], [ 314694.362702552287374, 9633602.367625862360001 ], [ 313192.16270255233394, 9633602.367625862360001 ] ] ] ] } },
{ "type": "Feature", "properties": { }, "geometry": { "type": "MultiPolygon", "coordinates": [ [ [ [ 314694.362702552345581, 9633602.367625862360001 ], [ 314694.362702552345581, 9634633.117625862360001 ], [ 316196.562702552299015, 9634633.117625862360001 ], [ 316196.562702552299015, 9633602.367625862360001 ], [ 314694.362702552345581, 9633602.367625862360001 ] ] ] ] } },
{ "type": "Feature", "properties": { }, "geometry": { "type": "MultiPolygon", "coordinates": [ [ [ [ 316196.562702552357223, 9633602.367625862360001 ], [ 316196.562702552357223, 9634633.117625862360001 ], [ 317698.762702552310657, 9634633.117625862360001 ], [ 317698.762702552310657, 9633602.367625862360001 ], [ 316196.562702552357223, 9633602.367625862360001 ] ] ] ] } },
{ "type": "Feature", "properties": { }, "geometry": { "type": "MultiPolygon", "coordinates": [ [ [ [ 317698.762702552368864, 9633602.367625862360001 ], [ 317698.762702552368864, 9634633.117625862360001 ], [ 319200.962702552322298, 9634633.117625862360001 ], [ 319200.962702552322298, 9633602.367625862360001 ], [ 317698.762702552368864, 9633602.367625862360001 ] ] ] ] } },
{ "type": "Feature", "properties": { }, "geometry": { "type": "MultiPolygon", "coordinates": [ [ [ [ 319200.962702552322298, 9633602.367625862360001 ], [ 319200.962702552322298, 9634633.117625862360001 ], [ 320703.162702552275732, 9634633.117625862360001 ], [ 320703.162702552275732, 9633602.367625862360001 ], [ 319200.962702552322298, 9633602.367625862360001 ] ] ] ] } },
{ "type": "Feature", "properties": { }, "geometry": { "type": "MultiPolygon", "coordinates": [ [ [ [ 320703.16270255233394, 9633602.367625862360001 ], [ 320703.16270255233394, 9634633.117625862360001 ], [ 322205.362702552287374, 9634633.117625862360001 ], [ 322205.362702552287374, 9633602.367625862360001 ], [ 320703.16270255233394, 9633602.367625862360001 ] ] ] ] } },
{ "type": "Feature", "properties": { }, "geometry": { "type": "MultiPolygon", "coordinates": [ [ [ [ 322205.362702552345581, 9633602.367625862360001 ], [ 322205.362702552345581, 9634633.117625862360001 ], [ 323707.562702552299015, 9634633.117625862360001 ], [ 323707.562702552299015, 9633602.367625862360001 ], [ 322205.362702552345581, 9633602.367625862360001 ] ] ] ] } },
{ "type": "Feature", "properties": { }, "geometry": { "type": "MultiPolygon", "coordinates": [ [ [ [ 323707.562702552357223, 9633602.367625862360001 ], [ 323707.562702552357223, 9634633.117625862360001 ], [ 325209.762702552310657, 9634633.117625862360001 ], [ 325209.762702552310657, 9633602.367625862360001 ], [ 323707.562702552357223, 9633602.367625862360001 ] ] ] ] } },
{ "type": "Feature", "properties": { }, "geometry": { "type": "MultiPolygon", "coordinates": [ [ [ [ 325209.762702552368864, 9633602.367625862360001 ], [ 325209.762702552368864, 9634633.117625862360001 ], [ 326711.962702552322298, 9634633.117625862360001 ], [ 326711.962702552322298, 9633602.367625862360001 ], [ 325209.762702552368864, 9633602.367625862360001 ] ] ] ] } },
{ "type": "Feature", "properties": { }, "geometry": { "type": "MultiPolygon", "coordinates": [ [ [ [ 326711.962702552322298, 9633602.367625862360001 ], [ 326711.962702552322298, 9634633.117625862360001 ], [ 328214.162702552275732, 9634633.117625862360001 ], [ 328214.162702552275732, 9633602.367625862360001 ], [ 326711.962702552322298, 9633602.367625862360001 ] ] ] ] } },
{ "type": "Feature", "properties": { }, "geometry": { "type": "MultiPolygon", "coordinates": [ [ [ [ 328214.16270255233394, 9633602.367625862360001 ], [ 328214.16270255233394, 9634633.117625862360001 ], [ 329716.362702552287374, 9634633.117625862360001 ], [ 329716.362702552287374, 9633602.367625862360001 ], [ 328214.16270255233394, 9633602.367625862360001 ] ] ] ] } },
{ "type": "Feature", "properties": { }, "geometry": { "type": "MultiPolygon", "coordinates": [ [ [ [ 329716.362702552345581, 9633602.367625862360001 ], [ 329716.362702552345581, 9634633.117625862360001 ], [ 331218.562702552299015, 9634633.117625862360001 ], [ 331218.562702552299015, 9633602.367625862360001 ], [ 329716.362702552345581, 9633602.367625862360001 ] ] ] ] } },
{ "type": "Feature", "properties": { }, "geometry": { "type": "MultiPolygon", "coordinates": [ [ [ [ 331218.562702552357223, 9633602.367625862360001 ], [ 331218.562702552357223, 9634633.117625862360001 ], [ 332720.762702552310657, 9634633.117625862360001 ], [ 332720.762702552310657, 9633602.367625862360001 ], [ 331218.562702552357223, 9633602.367625862360001 ] ] ] ] } },
{ "type": "Feature", "properties": { }, "geometry": { "type": "MultiPolygon", "coordinates": [ [ [ [ 332720.762702552368864, 9633602.367625862360001 ], [ 332720.762702552368864, 9634633.117625862360001 ], [ 334222.962702552322298, 9634633.117625862360001 ], [ 334222.962702552322298, 9633602.367625862360001 ], [ 332720.762702552368864, 9633602.367625862360001 ] ] ] ] } },
{ "type": "Feature", "properties": { }, "geometry": { "type": "MultiPolygon", "coordinates": [ [ [ [ 334222.962702552322298, 9633602.367625862360001 ], [ 334222.962702552322298, 9634633.117625862360001 ], [ 335725.162702552275732, 9634633.117625862360001 ], [ 335725.162702552275732, 9633602.367625862360001 ], [ 334222.962702552322298, 9633602.367625862360001 ] ] ] ] } },
{ "type": "Feature", "properties": { }, "geometry": { "type": "MultiPolygon", "coordinates": [ [ [ [ 335725.16270255233394, 9633602.367625862360001 ], [ 335725.16270255233394, 9634633.117625862360001 ], [ 337227.362702552287374, 9634633.117625862360001 ], [ 337227.362702552287374, 9633602.367625862360001 ], [ 335725.16270255233394, 9633602.367625862360001 ] ] ] ] } },
{ "type": "Feature", "properties": { }, "geometry": { "type": "MultiPolygon", "coordinates": [ [ [ [ 337227.362702552345581, 9633602.367625862360001 ], [ 337227.362702552345581, 9634633.117625862360001 ], [ 338729.562702552299015, 9634633.117625862360001 ], [ 338729.562702552299015, 9633602.367625862360001 ], [ 337227.362702552345581, 9633602.367625862360001 ] ] ] ] } },
{ "type": "Feature", "properties": { }, "geometry": { "type": "MultiPolygon", "coordinates": [ [ [ [ 338729.562702552357223, 9633602.367625862360001 ], [ 338729.562702552357223, 9634633.117625862360001 ], [ 340231.762702552310657, 9634633.117625862360001 ], [ 340231.762702552310657, 9633602.367625862360001 ], [ 338729.562702552357223, 9633602.367625862360001 ] ] ] ] } },
{ "type": "Feature", "properties": { }, "geometry": { "type": "MultiPolygon", "coordinates": [ [ [ [ 340231.762702552368864, 9633602.367625862360001 ], [ 340231.762702552368864, 9634633.117625862360001 ], [ 341733.962702552322298, 9634633.117625862360001 ], [ 341733.962702552322298, 9633602.367625862360001 ], [ 340231.762702552368864, 9633602.367625862360001 ] ] ] ] } },
{ "type": "Feature", "properties": { }, "geometry": { "type": "MultiPolygon", "coordinates": [ [ [ [ 341733.962702552322298, 9633602.367625862360001 ], [ 341733.962702552322298, 9634633.117625862360001 ], [ 343236.162702552275732, 9634633.117625862360001 ], [ 343236.162702552275732, 9633602.367625862360001 ], [ 341733.962702552322298, 9633602.367625862360001 ] ] ] ] } },
{ "type": "Feature", "properties": { }, "geometry": { "type": "MultiPolygon", "coordinates": [ [ [ [ 343236.16270255233394, 9633602.367625862360001 ], [ 343236.16270255233394, 9634633.117625862360001 ], [ 344738.362702552287374, 9634633.117625862360001 ], [ 344738.362702552287374, 9633602.367625862360001 ], [ 343236.16270255233394, 9633602.367625862360001 ] ] ] ] } },
{ "type": "Feature", "properties": { }, "geometry": { "type": "MultiPolygon", "coordinates": [ [ [ [ 344738.362702552345581, 9633602.367625862360001 ], [ 344738.362702552345581, 9634633.117625862360001 ], [ 346240.562702552299015, 9634633.117625862360001 ], [ 346240.562702552299015, 9633602.367625862360001 ], [ 344738.362702552345581, 9633602.367625862360001 ] ] ] ] } },
{ "type": "Feature", "properties": { }, "geometry": { "type": "MultiPolygon", "coordinates": [ [ [ [ 346240.562702552357223, 9633602.367625862360001 ], [ 346240.562702552357223, 9634633.117625862360001 ], [ 347742.762702552310657, 9634633.117625862360001 ], [ 347742.762702552310657, 9633602.367625862360001 ], [ 346240.562702552357223, 9633602.367625862360001 ] ] ] ] } },
{ "type": "Feature", "properties": { }, "geometry": { "type": "MultiPolygon", "coordinates": [ [ [ [ 347742.762702552368864, 9633602.367625862360001 ], [ 347742.762702552368864, 9634633.117625862360001 ], [ 349244.962702552322298, 9634633.117625862360001 ], [ 349244.962702552322298, 9633602.367625862360001 ], [ 347742.762702552368864, 9633602.367625862360001 ] ] ] ] } },
{ "type": "Feature", "properties": { }, "geometry": { "type": "MultiPolygon", "coordinates": [ [ [ [ 349244.962702552322298, 9633602.367625862360001 ], [ 349244.962702552322298, 9634633.117625862360001 ], [ 350747.162702552275732, 9634633.117625862360001 ], [ 350747.162702552275732, 9633602.367625862360001 ], [ 349244.962702552322298, 9633602.367625862360001 ] ] ] ] } },
{ "type": "Feature", "properties": { }, "geometry": { "type": "MultiPolygon", "coordinates": [ [ [ [ 350747.16270255233394, 9633602.367625862360001 ], [ 350747.16270255233394, 9634633.117625862360001 ], [ 352249.362702552287374, 9634633.117625862360001 ], [ 352249.362702552287374, 9633602.367625862360001 ], [ 350747.16270255233394, 9633602.367625862360001 ] ] ] ] } },
{ "type": "Feature", "properties": { }, "geometry": { "type": "MultiPolygon", "coordinates": [ [ [ [ 352249.362702552345581, 9633602.367625862360001 ], [ 352249.362702552345581, 9634633.117625862360001 ], [ 353751.562702552299015, 9634633.117625862360001 ], [ 353751.562702552299015, 9633602.367625862360001 ], [ 352249.362702552345581, 9633602.367625862360001 ] ] ] ] } },
{ "type": "Feature", "properties": { }, "geometry": { "type": "MultiPolygon", "coordinates": [ [ [ [ 353751.562702552357223, 9633602.367625862360001 ], [ 353751.562702552357223, 9634633.117625862360001 ], [ 355253.762702552310657, 9634633.117625862360001 ], [ 355253.762702552310657, 9633602.367625862360001 ], [ 353751.562702552357223, 9633602.367625862360001 ] ] ] ] } },
{ "type": "Feature", "properties": { }, "geometry": { "type": "MultiPolygon", "coordinates": [ [ [ [ 355253.762702552368864, 9633602.367625862360001 ], [ 355253.762702552368864, 9634633.117625862360001 ], [ 356755.962702552322298, 9634633.117625862360001 ], [ 356755.962702552322298, 9633602.367625862360001 ], [ 355253.762702552368864, 9633602.367625862360001 ] ] ] ] } },
{ "type": "Feature", "properties": { }, "geometry": { "type": "MultiPolygon", "coordinates": [ [ [ [ 281645.962702552322298, 9632571.617625862360001 ], [ 281645.962702552322298, 9633602.367625862360001 ], [ 283148.162702552275732, 9633602.367625862360001 ], [ 283148.162702552275732, 9632571.617625862360001 ], [ 281645.962702552322298, 9632571.617625862360001 ] ] ] ] } },
{ "type": "Feature", "properties": { }, "geometry": { "type": "MultiPolygon", "coordinates": [ [ [ [ 283148.16270255233394, 9632571.617625862360001 ], [ 283148.16270255233394, 9633602.367625862360001 ], [ 284650.362702552287374, 9633602.367625862360001 ], [ 284650.362702552287374, 9632571.617625862360001 ], [ 283148.16270255233394, 9632571.617625862360001 ] ] ] ] } },
{ "type": "Feature", "properties": { }, "geometry": { "type": "MultiPolygon", "coordinates": [ [ [ [ 284650.362702552345581, 9632571.617625862360001 ], [ 284650.362702552345581, 9633602.367625862360001 ], [ 286152.562702552299015, 9633602.367625862360001 ], [ 286152.562702552299015, 9632571.617625862360001 ], [ 284650.362702552345581, 9632571.617625862360001 ] ] ] ] } },
{ "type": "Feature", "properties": { }, "geometry": { "type": "MultiPolygon", "coordinates": [ [ [ [ 286152.562702552357223, 9632571.617625862360001 ], [ 286152.562702552357223, 9633602.367625862360001 ], [ 287654.762702552310657, 9633602.367625862360001 ], [ 287654.762702552310657, 9632571.617625862360001 ], [ 286152.562702552357223, 9632571.617625862360001 ] ] ] ] } },
{ "type": "Feature", "properties": { }, "geometry": { "type": "MultiPolygon", "coordinates": [ [ [ [ 287654.762702552368864, 9632571.617625862360001 ], [ 287654.762702552368864, 9633602.367625862360001 ], [ 289156.962702552322298, 9633602.367625862360001 ], [ 289156.962702552322298, 9632571.617625862360001 ], [ 287654.762702552368864, 9632571.617625862360001 ] ] ] ] } },
{ "type": "Feature", "properties": { }, "geometry": { "type": "MultiPolygon", "coordinates": [ [ [ [ 289156.962702552322298, 9632571.617625862360001 ], [ 289156.962702552322298, 9633602.367625862360001 ], [ 290659.162702552275732, 9633602.367625862360001 ], [ 290659.162702552275732, 9632571.617625862360001 ], [ 289156.962702552322298, 9632571.617625862360001 ] ] ] ] } },
{ "type": "Feature", "properties": { }, "geometry": { "type": "MultiPolygon", "coordinates": [ [ [ [ 290659.16270255233394, 9632571.617625862360001 ], [ 290659.16270255233394, 9633602.367625862360001 ], [ 292161.362702552287374, 9633602.367625862360001 ], [ 292161.362702552287374, 9632571.617625862360001 ], [ 290659.16270255233394, 9632571.617625862360001 ] ] ] ] } },
{ "type": "Feature", "properties": { }, "geometry": { "type": "MultiPolygon", "coordinates": [ [ [ [ 292161.362702552345581, 9632571.617625862360001 ], [ 292161.362702552345581, 9633602.367625862360001 ], [ 293663.562702552299015, 9633602.367625862360001 ], [ 293663.562702552299015, 9632571.617625862360001 ], [ 292161.362702552345581, 9632571.617625862360001 ] ] ] ] } },
{ "type": "Feature", "properties": { }, "geometry": { "type": "MultiPolygon", "coordinates": [ [ [ [ 293663.562702552357223, 9632571.617625862360001 ], [ 293663.562702552357223, 9633602.367625862360001 ], [ 295165.762702552310657, 9633602.367625862360001 ], [ 295165.762702552310657, 9632571.617625862360001 ], [ 293663.562702552357223, 9632571.617625862360001 ] ] ] ] } },
{ "type": "Feature", "properties": { }, "geometry": { "type": "MultiPolygon", "coordinates": [ [ [ [ 295165.762702552368864, 9632571.617625862360001 ], [ 295165.762702552368864, 9633602.367625862360001 ], [ 296667.962702552322298, 9633602.367625862360001 ], [ 296667.962702552322298, 9632571.617625862360001 ], [ 295165.762702552368864, 9632571.617625862360001 ] ] ] ] } },
{ "type": "Feature", "properties": { }, "geometry": { "type": "MultiPolygon", "coordinates": [ [ [ [ 296667.962702552322298, 9632571.617625862360001 ], [ 296667.962702552322298, 9633602.367625862360001 ], [ 298170.162702552275732, 9633602.367625862360001 ], [ 298170.162702552275732, 9632571.617625862360001 ], [ 296667.962702552322298, 9632571.617625862360001 ] ] ] ] } },
{ "type": "Feature", "properties": { }, "geometry": { "type": "MultiPolygon", "coordinates": [ [ [ [ 298170.16270255233394, 9632571.617625862360001 ], [ 298170.16270255233394, 9633602.367625862360001 ], [ 299672.362702552287374, 9633602.367625862360001 ], [ 299672.362702552287374, 9632571.617625862360001 ], [ 298170.16270255233394, 9632571.617625862360001 ] ] ] ] } },
{ "type": "Feature", "properties": { }, "geometry": { "type": "MultiPolygon", "coordinates": [ [ [ [ 299672.362702552345581, 9632571.617625862360001 ], [ 299672.362702552345581, 9633602.367625862360001 ], [ 301174.562702552299015, 9633602.367625862360001 ], [ 301174.562702552299015, 9632571.617625862360001 ], [ 299672.362702552345581, 9632571.617625862360001 ] ] ] ] } },
{ "type": "Feature", "properties": { }, "geometry": { "type": "MultiPolygon", "coordinates": [ [ [ [ 301174.562702552357223, 9632571.617625862360001 ], [ 301174.562702552357223, 9633602.367625862360001 ], [ 302676.762702552310657, 9633602.367625862360001 ], [ 302676.762702552310657, 9632571.617625862360001 ], [ 301174.562702552357223, 9632571.617625862360001 ] ] ] ] } },
{ "type": "Feature", "properties": { }, "geometry": { "type": "MultiPolygon", "coordinates": [ [ [ [ 302676.762702552368864, 9632571.617625862360001 ], [ 302676.762702552368864, 9633602.367625862360001 ], [ 304178.962702552322298, 9633602.367625862360001 ], [ 304178.962702552322298, 9632571.617625862360001 ], [ 302676.762702552368864, 9632571.617625862360001 ] ] ] ] } },
{ "type": "Feature", "properties": { }, "geometry": { "type": "MultiPolygon", "coordinates": [ [ [ [ 304178.962702552322298, 9632571.617625862360001 ], [ 304178.962702552322298, 9633602.367625862360001 ], [ 305681.162702552275732, 9633602.367625862360001 ], [ 305681.162702552275732, 9632571.617625862360001 ], [ 304178.962702552322298, 9632571.617625862360001 ] ] ] ] } },
{ "type": "Feature", "properties": { }, "geometry": { "type": "MultiPolygon", "coordinates": [ [ [ [ 305681.16270255233394, 9632571.617625862360001 ], [ 305681.16270255233394, 9633602.367625862360001 ], [ 307183.362702552287374, 9633602.367625862360001 ], [ 307183.362702552287374, 9632571.617625862360001 ], [ 305681.16270255233394, 9632571.617625862360001 ] ] ] ] } },
{ "type": "Feature", "properties": { }, "geometry": { "type": "MultiPolygon", "coordinates": [ [ [ [ 307183.362702552345581, 9632571.617625862360001 ], [ 307183.362702552345581, 9633602.367625862360001 ], [ 308685.562702552299015, 9633602.367625862360001 ], [ 308685.562702552299015, 9632571.617625862360001 ], [ 307183.362702552345581, 9632571.617625862360001 ] ] ] ] } },
{ "type": "Feature", "properties": { }, "geometry": { "type": "MultiPolygon", "coordinates": [ [ [ [ 308685.562702552357223, 9632571.617625862360001 ], [ 308685.562702552357223, 9633602.367625862360001 ], [ 310187.762702552310657, 9633602.367625862360001 ], [ 310187.762702552310657, 9632571.617625862360001 ], [ 308685.562702552357223, 9632571.617625862360001 ] ] ] ] } },
{ "type": "Feature", "properties": { }, "geometry": { "type": "MultiPolygon", "coordinates": [ [ [ [ 310187.762702552368864, 9632571.617625862360001 ], [ 310187.762702552368864, 9633602.367625862360001 ], [ 311689.962702552322298, 9633602.367625862360001 ], [ 311689.962702552322298, 9632571.617625862360001 ], [ 310187.762702552368864, 9632571.617625862360001 ] ] ] ] } },
{ "type": "Feature", "properties": { }, "geometry": { "type": "MultiPolygon", "coordinates": [ [ [ [ 311689.962702552322298, 9632571.617625862360001 ], [ 311689.962702552322298, 9633602.367625862360001 ], [ 313192.162702552275732, 9633602.367625862360001 ], [ 313192.162702552275732, 9632571.617625862360001 ], [ 311689.962702552322298, 9632571.617625862360001 ] ] ] ] } },
{ "type": "Feature", "properties": { }, "geometry": { "type": "MultiPolygon", "coordinates": [ [ [ [ 313192.16270255233394, 9632571.617625862360001 ], [ 313192.16270255233394, 9633602.367625862360001 ], [ 314694.362702552287374, 9633602.367625862360001 ], [ 314694.362702552287374, 9632571.617625862360001 ], [ 313192.16270255233394, 9632571.617625862360001 ] ] ] ] } },
{ "type": "Feature", "properties": { }, "geometry": { "type": "MultiPolygon", "coordinates": [ [ [ [ 314694.362702552345581, 9632571.617625862360001 ], [ 314694.362702552345581, 9633602.367625862360001 ], [ 316196.562702552299015, 9633602.367625862360001 ], [ 316196.562702552299015, 9632571.617625862360001 ], [ 314694.362702552345581, 9632571.617625862360001 ] ] ] ] } },
{ "type": "Feature", "properties": { }, "geometry": { "type": "MultiPolygon", "coordinates": [ [ [ [ 316196.562702552357223, 9632571.617625862360001 ], [ 316196.562702552357223, 9633602.367625862360001 ], [ 317698.762702552310657, 9633602.367625862360001 ], [ 317698.762702552310657, 9632571.617625862360001 ], [ 316196.562702552357223, 9632571.617625862360001 ] ] ] ] } },
{ "type": "Feature", "properties": { }, "geometry": { "type": "MultiPolygon", "coordinates": [ [ [ [ 317698.762702552368864, 9632571.617625862360001 ], [ 317698.762702552368864, 9633602.367625862360001 ], [ 319200.962702552322298, 9633602.367625862360001 ], [ 319200.962702552322298, 9632571.617625862360001 ], [ 317698.762702552368864, 9632571.617625862360001 ] ] ] ] } },
{ "type": "Feature", "properties": { }, "geometry": { "type": "MultiPolygon", "coordinates": [ [ [ [ 319200.962702552322298, 9632571.617625862360001 ], [ 319200.962702552322298, 9633602.367625862360001 ], [ 320703.162702552275732, 9633602.367625862360001 ], [ 320703.162702552275732, 9632571.617625862360001 ], [ 319200.962702552322298, 9632571.617625862360001 ] ] ] ] } },
{ "type": "Feature", "properties": { }, "geometry": { "type": "MultiPolygon", "coordinates": [ [ [ [ 320703.16270255233394, 9632571.617625862360001 ], [ 320703.16270255233394, 9633602.367625862360001 ], [ 322205.362702552287374, 9633602.367625862360001 ], [ 322205.362702552287374, 9632571.617625862360001 ], [ 320703.16270255233394, 9632571.617625862360001 ] ] ] ] } },
{ "type": "Feature", "properties": { }, "geometry": { "type": "MultiPolygon", "coordinates": [ [ [ [ 322205.362702552345581, 9632571.617625862360001 ], [ 322205.362702552345581, 9633602.367625862360001 ], [ 323707.562702552299015, 9633602.367625862360001 ], [ 323707.562702552299015, 9632571.617625862360001 ], [ 322205.362702552345581, 9632571.617625862360001 ] ] ] ] } },
{ "type": "Feature", "properties": { }, "geometry": { "type": "MultiPolygon", "coordinates": [ [ [ [ 323707.562702552357223, 9632571.617625862360001 ], [ 323707.562702552357223, 9633602.367625862360001 ], [ 325209.762702552310657, 9633602.367625862360001 ], [ 325209.762702552310657, 9632571.617625862360001 ], [ 323707.562702552357223, 9632571.617625862360001 ] ] ] ] } },
{ "type": "Feature", "properties": { }, "geometry": { "type": "MultiPolygon", "coordinates": [ [ [ [ 325209.762702552368864, 9632571.617625862360001 ], [ 325209.762702552368864, 9633602.367625862360001 ], [ 326711.962702552322298, 9633602.367625862360001 ], [ 326711.962702552322298, 9632571.617625862360001 ], [ 325209.762702552368864, 9632571.617625862360001 ] ] ] ] } },
{ "type": "Feature", "properties": { }, "geometry": { "type": "MultiPolygon", "coordinates": [ [ [ [ 326711.962702552322298, 9632571.617625862360001 ], [ 326711.962702552322298, 9633602.367625862360001 ], [ 328214.162702552275732, 9633602.367625862360001 ], [ 328214.162702552275732, 9632571.617625862360001 ], [ 326711.962702552322298, 9632571.617625862360001 ] ] ] ] } },
{ "type": "Feature", "properties": { }, "geometry": { "type": "MultiPolygon", "coordinates": [ [ [ [ 328214.16270255233394, 9632571.617625862360001 ], [ 328214.16270255233394, 9633602.367625862360001 ], [ 329716.362702552287374, 9633602.367625862360001 ], [ 329716.362702552287374, 9632571.617625862360001 ], [ 328214.16270255233394, 9632571.617625862360001 ] ] ] ] } },
{ "type": "Feature", "properties": { }, "geometry": { "type": "MultiPolygon", "coordinates": [ [ [ [ 329716.362702552345581, 9632571.617625862360001 ], [ 329716.362702552345581, 9633602.367625862360001 ], [ 331218.562702552299015, 9633602.367625862360001 ], [ 331218.562702552299015, 9632571.617625862360001 ], [ 329716.362702552345581, 9632571.617625862360001 ] ] ] ] } },
{ "type": "Feature", "properties": { }, "geometry": { "type": "MultiPolygon", "coordinates": [ [ [ [ 331218.562702552357223, 9632571.617625862360001 ], [ 331218.562702552357223, 9633602.367625862360001 ], [ 332720.762702552310657, 9633602.367625862360001 ], [ 332720.762702552310657, 9632571.617625862360001 ], [ 331218.562702552357223, 9632571.617625862360001 ] ] ] ] } },
{ "type": "Feature", "properties": { }, "geometry": { "type": "MultiPolygon", "coordinates": [ [ [ [ 332720.762702552368864, 9632571.617625862360001 ], [ 332720.762702552368864, 9633602.367625862360001 ], [ 334222.962702552322298, 9633602.367625862360001 ], [ 334222.962702552322298, 9632571.617625862360001 ], [ 332720.762702552368864, 9632571.617625862360001 ] ] ] ] } },
{ "type": "Feature", "properties": { }, "geometry": { "type": "MultiPolygon", "coordinates": [ [ [ [ 334222.962702552322298, 9632571.617625862360001 ], [ 334222.962702552322298, 9633602.367625862360001 ], [ 335725.162702552275732, 9633602.367625862360001 ], [ 335725.162702552275732, 9632571.617625862360001 ], [ 334222.962702552322298, 9632571.617625862360001 ] ] ] ] } },
{ "type": "Feature", "properties": { }, "geometry": { "type": "MultiPolygon", "coordinates": [ [ [ [ 335725.16270255233394, 9632571.617625862360001 ], [ 335725.16270255233394, 9633602.367625862360001 ], [ 337227.362702552287374, 9633602.367625862360001 ], [ 337227.362702552287374, 9632571.617625862360001 ], [ 335725.16270255233394, 9632571.617625862360001 ] ] ] ] } },
{ "type": "Feature", "properties": { }, "geometry": { "type": "MultiPolygon", "coordinates": [ [ [ [ 337227.362702552345581, 9632571.617625862360001 ], [ 337227.362702552345581, 9633602.367625862360001 ], [ 338729.562702552299015, 9633602.367625862360001 ], [ 338729.562702552299015, 9632571.617625862360001 ], [ 337227.362702552345581, 9632571.617625862360001 ] ] ] ] } },
{ "type": "Feature", "properties": { }, "geometry": { "type": "MultiPolygon", "coordinates": [ [ [ [ 338729.562702552357223, 9632571.617625862360001 ], [ 338729.562702552357223, 9633602.367625862360001 ], [ 340231.762702552310657, 9633602.367625862360001 ], [ 340231.762702552310657, 9632571.617625862360001 ], [ 338729.562702552357223, 9632571.617625862360001 ] ] ] ] } },
{ "type": "Feature", "properties": { }, "geometry": { "type": "MultiPolygon", "coordinates": [ [ [ [ 340231.762702552368864, 9632571.617625862360001 ], [ 340231.762702552368864, 9633602.367625862360001 ], [ 341733.962702552322298, 9633602.367625862360001 ], [ 341733.962702552322298, 9632571.617625862360001 ], [ 340231.762702552368864, 9632571.617625862360001 ] ] ] ] } },
{ "type": "Feature", "properties": { }, "geometry": { "type": "MultiPolygon", "coordinates": [ [ [ [ 341733.962702552322298, 9632571.617625862360001 ], [ 341733.962702552322298, 9633602.367625862360001 ], [ 343236.162702552275732, 9633602.367625862360001 ], [ 343236.162702552275732, 9632571.617625862360001 ], [ 341733.962702552322298, 9632571.617625862360001 ] ] ] ] } },
{ "type": "Feature", "properties": { }, "geometry": { "type": "MultiPolygon", "coordinates": [ [ [ [ 343236.16270255233394, 9632571.617625862360001 ], [ 343236.16270255233394, 9633602.367625862360001 ], [ 344738.362702552287374, 9633602.367625862360001 ], [ 344738.362702552287374, 9632571.617625862360001 ], [ 343236.16270255233394, 9632571.617625862360001 ] ] ] ] } },
{ "type": "Feature", "properties": { }, "geometry": { "type": "MultiPolygon", "coordinates": [ [ [ [ 344738.362702552345581, 9632571.617625862360001 ], [ 344738.362702552345581, 9633602.367625862360001 ], [ 346240.562702552299015, 9633602.367625862360001 ], [ 346240.562702552299015, 9632571.617625862360001 ], [ 344738.362702552345581, 9632571.617625862360001 ] ] ] ] } },
{ "type": "Feature", "properties": { }, "geometry": { "type": "MultiPolygon", "coordinates": [ [ [ [ 346240.562702552357223, 9632571.617625862360001 ], [ 346240.562702552357223, 9633602.367625862360001 ], [ 347742.762702552310657, 9633602.367625862360001 ], [ 347742.762702552310657, 9632571.617625862360001 ], [ 346240.562702552357223, 9632571.617625862360001 ] ] ] ] } },
{ "type": "Feature", "properties": { }, "geometry": { "type": "MultiPolygon", "coordinates": [ [ [ [ 347742.762702552368864, 9632571.617625862360001 ], [ 347742.762702552368864, 9633602.367625862360001 ], [ 349244.962702552322298, 9633602.367625862360001 ], [ 349244.962702552322298, 9632571.617625862360001 ], [ 347742.762702552368864, 9632571.617625862360001 ] ] ] ] } },
{ "type": "Feature", "properties": { }, "geometry": { "type": "MultiPolygon", "coordinates": [ [ [ [ 349244.962702552322298, 9632571.617625862360001 ], [ 349244.962702552322298, 9633602.367625862360001 ], [ 350747.162702552275732, 9633602.367625862360001 ], [ 350747.162702552275732, 9632571.617625862360001 ], [ 349244.962702552322298, 9632571.617625862360001 ] ] ] ] } },
{ "type": "Feature", "properties": { }, "geometry": { "type": "MultiPolygon", "coordinates": [ [ [ [ 350747.16270255233394, 9632571.617625862360001 ], [ 350747.16270255233394, 9633602.367625862360001 ], [ 352249.362702552287374, 9633602.367625862360001 ], [ 352249.362702552287374, 9632571.617625862360001 ], [ 350747.16270255233394, 9632571.617625862360001 ] ] ] ] } },
{ "type": "Feature", "properties": { }, "geometry": { "type": "MultiPolygon", "coordinates": [ [ [ [ 352249.362702552345581, 9632571.617625862360001 ], [ 352249.362702552345581, 9633602.367625862360001 ], [ 353751.562702552299015, 9633602.367625862360001 ], [ 353751.562702552299015, 9632571.617625862360001 ], [ 352249.362702552345581, 9632571.617625862360001 ] ] ] ] } },
{ "type": "Feature", "properties": { }, "geometry": { "type": "MultiPolygon", "coordinates": [ [ [ [ 353751.562702552357223, 9632571.617625862360001 ], [ 353751.562702552357223, 9633602.367625862360001 ], [ 355253.762702552310657, 9633602.367625862360001 ], [ 355253.762702552310657, 9632571.617625862360001 ], [ 353751.562702552357223, 9632571.617625862360001 ] ] ] ] } },
{ "type": "Feature", "properties": { }, "geometry": { "type": "MultiPolygon", "coordinates": [ [ [ [ 355253.762702552368864, 9632571.617625862360001 ], [ 355253.762702552368864, 9633602.367625862360001 ], [ 356755.962702552322298, 9633602.367625862360001 ], [ 356755.962702552322298, 9632571.617625862360001 ], [ 355253.762702552368864, 9632571.617625862360001 ] ] ] ] } },
{ "type": "Feature", "properties": { }, "geometry": { "type": "MultiPolygon", "coordinates": [ [ [ [ 281645.962702552322298, 9631540.867625862360001 ], [ 281645.962702552322298, 9632571.617625862360001 ], [ 283148.162702552275732, 9632571.617625862360001 ], [ 283148.162702552275732, 9631540.867625862360001 ], [ 281645.962702552322298, 9631540.867625862360001 ] ] ] ] } },
{ "type": "Feature", "properties": { }, "geometry": { "type": "MultiPolygon", "coordinates": [ [ [ [ 283148.16270255233394, 9631540.867625862360001 ], [ 283148.16270255233394, 9632571.617625862360001 ], [ 284650.362702552287374, 9632571.617625862360001 ], [ 284650.362702552287374, 9631540.867625862360001 ], [ 283148.16270255233394, 9631540.867625862360001 ] ] ] ] } },
{ "type": "Feature", "properties": { }, "geometry": { "type": "MultiPolygon", "coordinates": [ [ [ [ 284650.362702552345581, 9631540.867625862360001 ], [ 284650.362702552345581, 9632571.617625862360001 ], [ 286152.562702552299015, 9632571.617625862360001 ], [ 286152.562702552299015, 9631540.867625862360001 ], [ 284650.362702552345581, 9631540.867625862360001 ] ] ] ] } },
{ "type": "Feature", "properties": { }, "geometry": { "type": "MultiPolygon", "coordinates": [ [ [ [ 286152.562702552357223, 9631540.867625862360001 ], [ 286152.562702552357223, 9632571.617625862360001 ], [ 287654.762702552310657, 9632571.617625862360001 ], [ 287654.762702552310657, 9631540.867625862360001 ], [ 286152.562702552357223, 9631540.867625862360001 ] ] ] ] } },
{ "type": "Feature", "properties": { }, "geometry": { "type": "MultiPolygon", "coordinates": [ [ [ [ 287654.762702552368864, 9631540.867625862360001 ], [ 287654.762702552368864, 9632571.617625862360001 ], [ 289156.962702552322298, 9632571.617625862360001 ], [ 289156.962702552322298, 9631540.867625862360001 ], [ 287654.762702552368864, 9631540.867625862360001 ] ] ] ] } },
{ "type": "Feature", "properties": { }, "geometry": { "type": "MultiPolygon", "coordinates": [ [ [ [ 289156.962702552322298, 9631540.867625862360001 ], [ 289156.962702552322298, 9632571.617625862360001 ], [ 290659.162702552275732, 9632571.617625862360001 ], [ 290659.162702552275732, 9631540.867625862360001 ], [ 289156.962702552322298, 9631540.867625862360001 ] ] ] ] } },
{ "type": "Feature", "properties": { }, "geometry": { "type": "MultiPolygon", "coordinates": [ [ [ [ 290659.16270255233394, 9631540.867625862360001 ], [ 290659.16270255233394, 9632571.617625862360001 ], [ 292161.362702552287374, 9632571.617625862360001 ], [ 292161.362702552287374, 9631540.867625862360001 ], [ 290659.16270255233394, 9631540.867625862360001 ] ] ] ] } },
{ "type": "Feature", "properties": { }, "geometry": { "type": "MultiPolygon", "coordinates": [ [ [ [ 292161.362702552345581, 9631540.867625862360001 ], [ 292161.362702552345581, 9632571.617625862360001 ], [ 293663.562702552299015, 9632571.617625862360001 ], [ 293663.562702552299015, 9631540.867625862360001 ], [ 292161.362702552345581, 9631540.867625862360001 ] ] ] ] } },
{ "type": "Feature", "properties": { }, "geometry": { "type": "MultiPolygon", "coordinates": [ [ [ [ 293663.562702552357223, 9631540.867625862360001 ], [ 293663.562702552357223, 9632571.617625862360001 ], [ 295165.762702552310657, 9632571.617625862360001 ], [ 295165.762702552310657, 9631540.867625862360001 ], [ 293663.562702552357223, 9631540.867625862360001 ] ] ] ] } },
{ "type": "Feature", "properties": { }, "geometry": { "type": "MultiPolygon", "coordinates": [ [ [ [ 295165.762702552368864, 9631540.867625862360001 ], [ 295165.762702552368864, 9632571.617625862360001 ], [ 296667.962702552322298, 9632571.617625862360001 ], [ 296667.962702552322298, 9631540.867625862360001 ], [ 295165.762702552368864, 9631540.867625862360001 ] ] ] ] } },
{ "type": "Feature", "properties": { }, "geometry": { "type": "MultiPolygon", "coordinates": [ [ [ [ 296667.962702552322298, 9631540.867625862360001 ], [ 296667.962702552322298, 9632571.617625862360001 ], [ 298170.162702552275732, 9632571.617625862360001 ], [ 298170.162702552275732, 9631540.867625862360001 ], [ 296667.962702552322298, 9631540.867625862360001 ] ] ] ] } },
{ "type": "Feature", "properties": { }, "geometry": { "type": "MultiPolygon", "coordinates": [ [ [ [ 298170.16270255233394, 9631540.867625862360001 ], [ 298170.16270255233394, 9632571.617625862360001 ], [ 299672.362702552287374, 9632571.617625862360001 ], [ 299672.362702552287374, 9631540.867625862360001 ], [ 298170.16270255233394, 9631540.867625862360001 ] ] ] ] } },
{ "type": "Feature", "properties": { }, "geometry": { "type": "MultiPolygon", "coordinates": [ [ [ [ 299672.362702552345581, 9631540.867625862360001 ], [ 299672.362702552345581, 9632571.617625862360001 ], [ 301174.562702552299015, 9632571.617625862360001 ], [ 301174.562702552299015, 9631540.867625862360001 ], [ 299672.362702552345581, 9631540.867625862360001 ] ] ] ] } },
{ "type": "Feature", "properties": { }, "geometry": { "type": "MultiPolygon", "coordinates": [ [ [ [ 301174.562702552357223, 9631540.867625862360001 ], [ 301174.562702552357223, 9632571.617625862360001 ], [ 302676.762702552310657, 9632571.617625862360001 ], [ 302676.762702552310657, 9631540.867625862360001 ], [ 301174.562702552357223, 9631540.867625862360001 ] ] ] ] } },
{ "type": "Feature", "properties": { }, "geometry": { "type": "MultiPolygon", "coordinates": [ [ [ [ 302676.762702552368864, 9631540.867625862360001 ], [ 302676.762702552368864, 9632571.617625862360001 ], [ 304178.962702552322298, 9632571.617625862360001 ], [ 304178.962702552322298, 9631540.867625862360001 ], [ 302676.762702552368864, 9631540.867625862360001 ] ] ] ] } },
{ "type": "Feature", "properties": { }, "geometry": { "type": "MultiPolygon", "coordinates": [ [ [ [ 304178.962702552322298, 9631540.867625862360001 ], [ 304178.962702552322298, 9632571.617625862360001 ], [ 305681.162702552275732, 9632571.617625862360001 ], [ 305681.162702552275732, 9631540.867625862360001 ], [ 304178.962702552322298, 9631540.867625862360001 ] ] ] ] } },
{ "type": "Feature", "properties": { }, "geometry": { "type": "MultiPolygon", "coordinates": [ [ [ [ 305681.16270255233394, 9631540.867625862360001 ], [ 305681.16270255233394, 9632571.617625862360001 ], [ 307183.362702552287374, 9632571.617625862360001 ], [ 307183.362702552287374, 9631540.867625862360001 ], [ 305681.16270255233394, 9631540.867625862360001 ] ] ] ] } },
{ "type": "Feature", "properties": { }, "geometry": { "type": "MultiPolygon", "coordinates": [ [ [ [ 307183.362702552345581, 9631540.867625862360001 ], [ 307183.362702552345581, 9632571.617625862360001 ], [ 308685.562702552299015, 9632571.617625862360001 ], [ 308685.562702552299015, 9631540.867625862360001 ], [ 307183.362702552345581, 9631540.867625862360001 ] ] ] ] } },
{ "type": "Feature", "properties": { }, "geometry": { "type": "MultiPolygon", "coordinates": [ [ [ [ 308685.562702552357223, 9631540.867625862360001 ], [ 308685.562702552357223, 9632571.617625862360001 ], [ 310187.762702552310657, 9632571.617625862360001 ], [ 310187.762702552310657, 9631540.867625862360001 ], [ 308685.562702552357223, 9631540.867625862360001 ] ] ] ] } },
{ "type": "Feature", "properties": { }, "geometry": { "type": "MultiPolygon", "coordinates": [ [ [ [ 310187.762702552368864, 9631540.867625862360001 ], [ 310187.762702552368864, 9632571.617625862360001 ], [ 311689.962702552322298, 9632571.617625862360001 ], [ 311689.962702552322298, 9631540.867625862360001 ], [ 310187.762702552368864, 9631540.867625862360001 ] ] ] ] } },
{ "type": "Feature", "properties": { }, "geometry": { "type": "MultiPolygon", "coordinates": [ [ [ [ 311689.962702552322298, 9631540.867625862360001 ], [ 311689.962702552322298, 9632571.617625862360001 ], [ 313192.162702552275732, 9632571.617625862360001 ], [ 313192.162702552275732, 9631540.867625862360001 ], [ 311689.962702552322298, 9631540.867625862360001 ] ] ] ] } },
{ "type": "Feature", "properties": { }, "geometry": { "type": "MultiPolygon", "coordinates": [ [ [ [ 313192.16270255233394, 9631540.867625862360001 ], [ 313192.16270255233394, 9632571.617625862360001 ], [ 314694.362702552287374, 9632571.617625862360001 ], [ 314694.362702552287374, 9631540.867625862360001 ], [ 313192.16270255233394, 9631540.867625862360001 ] ] ] ] } },
{ "type": "Feature", "properties": { }, "geometry": { "type": "MultiPolygon", "coordinates": [ [ [ [ 314694.362702552345581, 9631540.867625862360001 ], [ 314694.362702552345581, 9632571.617625862360001 ], [ 316196.562702552299015, 9632571.617625862360001 ], [ 316196.562702552299015, 9631540.867625862360001 ], [ 314694.362702552345581, 9631540.867625862360001 ] ] ] ] } },
{ "type": "Feature", "properties": { }, "geometry": { "type": "MultiPolygon", "coordinates": [ [ [ [ 316196.562702552357223, 9631540.867625862360001 ], [ 316196.562702552357223, 9632571.617625862360001 ], [ 317698.762702552310657, 9632571.617625862360001 ], [ 317698.762702552310657, 9631540.867625862360001 ], [ 316196.562702552357223, 9631540.867625862360001 ] ] ] ] } },
{ "type": "Feature", "properties": { }, "geometry": { "type": "MultiPolygon", "coordinates": [ [ [ [ 317698.762702552368864, 9631540.867625862360001 ], [ 317698.762702552368864, 9632571.617625862360001 ], [ 319200.962702552322298, 9632571.617625862360001 ], [ 319200.962702552322298, 9631540.867625862360001 ], [ 317698.762702552368864, 9631540.867625862360001 ] ] ] ] } },
{ "type": "Feature", "properties": { }, "geometry": { "type": "MultiPolygon", "coordinates": [ [ [ [ 319200.962702552322298, 9631540.867625862360001 ], [ 319200.962702552322298, 9632571.617625862360001 ], [ 320703.162702552275732, 9632571.617625862360001 ], [ 320703.162702552275732, 9631540.867625862360001 ], [ 319200.962702552322298, 9631540.867625862360001 ] ] ] ] } },
{ "type": "Feature", "properties": { }, "geometry": { "type": "MultiPolygon", "coordinates": [ [ [ [ 320703.16270255233394, 9631540.867625862360001 ], [ 320703.16270255233394, 9632571.617625862360001 ], [ 322205.362702552287374, 9632571.617625862360001 ], [ 322205.362702552287374, 9631540.867625862360001 ], [ 320703.16270255233394, 9631540.867625862360001 ] ] ] ] } },
{ "type": "Feature", "properties": { }, "geometry": { "type": "MultiPolygon", "coordinates": [ [ [ [ 322205.362702552345581, 9631540.867625862360001 ], [ 322205.362702552345581, 9632571.617625862360001 ], [ 323707.562702552299015, 9632571.617625862360001 ], [ 323707.562702552299015, 9631540.867625862360001 ], [ 322205.362702552345581, 9631540.867625862360001 ] ] ] ] } },
{ "type": "Feature", "properties": { }, "geometry": { "type": "MultiPolygon", "coordinates": [ [ [ [ 323707.562702552357223, 9631540.867625862360001 ], [ 323707.562702552357223, 9632571.617625862360001 ], [ 325209.762702552310657, 9632571.617625862360001 ], [ 325209.762702552310657, 9631540.867625862360001 ], [ 323707.562702552357223, 9631540.867625862360001 ] ] ] ] } },
{ "type": "Feature", "properties": { }, "geometry": { "type": "MultiPolygon", "coordinates": [ [ [ [ 325209.762702552368864, 9631540.867625862360001 ], [ 325209.762702552368864, 9632571.617625862360001 ], [ 326711.962702552322298, 9632571.617625862360001 ], [ 326711.962702552322298, 9631540.867625862360001 ], [ 325209.762702552368864, 9631540.867625862360001 ] ] ] ] } },
{ "type": "Feature", "properties": { }, "geometry": { "type": "MultiPolygon", "coordinates": [ [ [ [ 326711.962702552322298, 9631540.867625862360001 ], [ 326711.962702552322298, 9632571.617625862360001 ], [ 328214.162702552275732, 9632571.617625862360001 ], [ 328214.162702552275732, 9631540.867625862360001 ], [ 326711.962702552322298, 9631540.867625862360001 ] ] ] ] } },
{ "type": "Feature", "properties": { }, "geometry": { "type": "MultiPolygon", "coordinates": [ [ [ [ 328214.16270255233394, 9631540.867625862360001 ], [ 328214.16270255233394, 9632571.617625862360001 ], [ 329716.362702552287374, 9632571.617625862360001 ], [ 329716.362702552287374, 9631540.867625862360001 ], [ 328214.16270255233394, 9631540.867625862360001 ] ] ] ] } },
{ "type": "Feature", "properties": { }, "geometry": { "type": "MultiPolygon", "coordinates": [ [ [ [ 329716.362702552345581, 9631540.867625862360001 ], [ 329716.362702552345581, 9632571.617625862360001 ], [ 331218.562702552299015, 9632571.617625862360001 ], [ 331218.562702552299015, 9631540.867625862360001 ], [ 329716.362702552345581, 9631540.867625862360001 ] ] ] ] } },
{ "type": "Feature", "properties": { }, "geometry": { "type": "MultiPolygon", "coordinates": [ [ [ [ 331218.562702552357223, 9631540.867625862360001 ], [ 331218.562702552357223, 9632571.617625862360001 ], [ 332720.762702552310657, 9632571.617625862360001 ], [ 332720.762702552310657, 9631540.867625862360001 ], [ 331218.562702552357223, 9631540.867625862360001 ] ] ] ] } },
{ "type": "Feature", "properties": { }, "geometry": { "type": "MultiPolygon", "coordinates": [ [ [ [ 332720.762702552368864, 9631540.867625862360001 ], [ 332720.762702552368864, 9632571.617625862360001 ], [ 334222.962702552322298, 9632571.617625862360001 ], [ 334222.962702552322298, 9631540.867625862360001 ], [ 332720.762702552368864, 9631540.867625862360001 ] ] ] ] } },
{ "type": "Feature", "properties": { }, "geometry": { "type": "MultiPolygon", "coordinates": [ [ [ [ 334222.962702552322298, 9631540.867625862360001 ], [ 334222.962702552322298, 9632571.617625862360001 ], [ 335725.162702552275732, 9632571.617625862360001 ], [ 335725.162702552275732, 9631540.867625862360001 ], [ 334222.962702552322298, 9631540.867625862360001 ] ] ] ] } },
{ "type": "Feature", "properties": { }, "geometry": { "type": "MultiPolygon", "coordinates": [ [ [ [ 335725.16270255233394, 9631540.867625862360001 ], [ 335725.16270255233394, 9632571.617625862360001 ], [ 337227.362702552287374, 9632571.617625862360001 ], [ 337227.362702552287374, 9631540.867625862360001 ], [ 335725.16270255233394, 9631540.867625862360001 ] ] ] ] } },
{ "type": "Feature", "properties": { }, "geometry": { "type": "MultiPolygon", "coordinates": [ [ [ [ 337227.362702552345581, 9631540.867625862360001 ], [ 337227.362702552345581, 9632571.617625862360001 ], [ 338729.562702552299015, 9632571.617625862360001 ], [ 338729.562702552299015, 9631540.867625862360001 ], [ 337227.362702552345581, 9631540.867625862360001 ] ] ] ] } },
{ "type": "Feature", "properties": { }, "geometry": { "type": "MultiPolygon", "coordinates": [ [ [ [ 338729.562702552357223, 9631540.867625862360001 ], [ 338729.562702552357223, 9632571.617625862360001 ], [ 340231.762702552310657, 9632571.617625862360001 ], [ 340231.762702552310657, 9631540.867625862360001 ], [ 338729.562702552357223, 9631540.867625862360001 ] ] ] ] } },
{ "type": "Feature", "properties": { }, "geometry": { "type": "MultiPolygon", "coordinates": [ [ [ [ 340231.762702552368864, 9631540.867625862360001 ], [ 340231.762702552368864, 9632571.617625862360001 ], [ 341733.962702552322298, 9632571.617625862360001 ], [ 341733.962702552322298, 9631540.867625862360001 ], [ 340231.762702552368864, 9631540.867625862360001 ] ] ] ] } },
{ "type": "Feature", "properties": { }, "geometry": { "type": "MultiPolygon", "coordinates": [ [ [ [ 341733.962702552322298, 9631540.867625862360001 ], [ 341733.962702552322298, 9632571.617625862360001 ], [ 343236.162702552275732, 9632571.617625862360001 ], [ 343236.162702552275732, 9631540.867625862360001 ], [ 341733.962702552322298, 9631540.867625862360001 ] ] ] ] } },
{ "type": "Feature", "properties": { }, "geometry": { "type": "MultiPolygon", "coordinates": [ [ [ [ 343236.16270255233394, 9631540.867625862360001 ], [ 343236.16270255233394, 9632571.617625862360001 ], [ 344738.362702552287374, 9632571.617625862360001 ], [ 344738.362702552287374, 9631540.867625862360001 ], [ 343236.16270255233394, 9631540.867625862360001 ] ] ] ] } },
{ "type": "Feature", "properties": { }, "geometry": { "type": "MultiPolygon", "coordinates": [ [ [ [ 344738.362702552345581, 9631540.867625862360001 ], [ 344738.362702552345581, 9632571.617625862360001 ], [ 346240.562702552299015, 9632571.617625862360001 ], [ 346240.562702552299015, 9631540.867625862360001 ], [ 344738.362702552345581, 9631540.867625862360001 ] ] ] ] } },
{ "type": "Feature", "properties": { }, "geometry": { "type": "MultiPolygon", "coordinates": [ [ [ [ 346240.562702552357223, 9631540.867625862360001 ], [ 346240.562702552357223, 9632571.617625862360001 ], [ 347742.762702552310657, 9632571.617625862360001 ], [ 347742.762702552310657, 9631540.867625862360001 ], [ 346240.562702552357223, 9631540.867625862360001 ] ] ] ] } },
{ "type": "Feature", "properties": { }, "geometry": { "type": "MultiPolygon", "coordinates": [ [ [ [ 347742.762702552368864, 9631540.867625862360001 ], [ 347742.762702552368864, 9632571.617625862360001 ], [ 349244.962702552322298, 9632571.617625862360001 ], [ 349244.962702552322298, 9631540.867625862360001 ], [ 347742.762702552368864, 9631540.867625862360001 ] ] ] ] } },
{ "type": "Feature", "properties": { }, "geometry": { "type": "MultiPolygon", "coordinates": [ [ [ [ 349244.962702552322298, 9631540.867625862360001 ], [ 349244.962702552322298, 9632571.617625862360001 ], [ 350747.162702552275732, 9632571.617625862360001 ], [ 350747.162702552275732, 9631540.867625862360001 ], [ 349244.962702552322298, 9631540.867625862360001 ] ] ] ] } },
{ "type": "Feature", "properties": { }, "geometry": { "type": "MultiPolygon", "coordinates": [ [ [ [ 350747.16270255233394, 9631540.867625862360001 ], [ 350747.16270255233394, 9632571.617625862360001 ], [ 352249.362702552287374, 9632571.617625862360001 ], [ 352249.362702552287374, 9631540.867625862360001 ], [ 350747.16270255233394, 9631540.867625862360001 ] ] ] ] } },
{ "type": "Feature", "properties": { }, "geometry": { "type": "MultiPolygon", "coordinates": [ [ [ [ 352249.362702552345581, 9631540.867625862360001 ], [ 352249.362702552345581, 9632571.617625862360001 ], [ 353751.562702552299015, 9632571.617625862360001 ], [ 353751.562702552299015, 9631540.867625862360001 ], [ 352249.362702552345581, 9631540.867625862360001 ] ] ] ] } },
{ "type": "Feature", "properties": { }, "geometry": { "type": "MultiPolygon", "coordinates": [ [ [ [ 353751.562702552357223, 9631540.867625862360001 ], [ 353751.562702552357223, 9632571.617625862360001 ], [ 355253.762702552310657, 9632571.617625862360001 ], [ 355253.762702552310657, 9631540.867625862360001 ], [ 353751.562702552357223, 9631540.867625862360001 ] ] ] ] } },
{ "type": "Feature", "properties": { }, "geometry": { "type": "MultiPolygon", "coordinates": [ [ [ [ 355253.762702552368864, 9631540.867625862360001 ], [ 355253.762702552368864, 9632571.617625862360001 ], [ 356755.962702552322298, 9632571.617625862360001 ], [ 356755.962702552322298, 9631540.867625862360001 ], [ 355253.762702552368864, 9631540.867625862360001 ] ] ] ] } },
{ "type": "Feature", "properties": { }, "geometry": { "type": "MultiPolygon", "coordinates": [ [ [ [ 281645.962702552322298, 9630510.117625862360001 ], [ 281645.962702552322298, 9631540.867625862360001 ], [ 283148.162702552275732, 9631540.867625862360001 ], [ 283148.162702552275732, 9630510.117625862360001 ], [ 281645.962702552322298, 9630510.117625862360001 ] ] ] ] } },
{ "type": "Feature", "properties": { }, "geometry": { "type": "MultiPolygon", "coordinates": [ [ [ [ 283148.16270255233394, 9630510.117625862360001 ], [ 283148.16270255233394, 9631540.867625862360001 ], [ 284650.362702552287374, 9631540.867625862360001 ], [ 284650.362702552287374, 9630510.117625862360001 ], [ 283148.16270255233394, 9630510.117625862360001 ] ] ] ] } },
{ "type": "Feature", "properties": { }, "geometry": { "type": "MultiPolygon", "coordinates": [ [ [ [ 284650.362702552345581, 9630510.117625862360001 ], [ 284650.362702552345581, 9631540.867625862360001 ], [ 286152.562702552299015, 9631540.867625862360001 ], [ 286152.562702552299015, 9630510.117625862360001 ], [ 284650.362702552345581, 9630510.117625862360001 ] ] ] ] } },
{ "type": "Feature", "properties": { }, "geometry": { "type": "MultiPolygon", "coordinates": [ [ [ [ 286152.562702552357223, 9630510.117625862360001 ], [ 286152.562702552357223, 9631540.867625862360001 ], [ 287654.762702552310657, 9631540.867625862360001 ], [ 287654.762702552310657, 9630510.117625862360001 ], [ 286152.562702552357223, 9630510.117625862360001 ] ] ] ] } },
{ "type": "Feature", "properties": { }, "geometry": { "type": "MultiPolygon", "coordinates": [ [ [ [ 287654.762702552368864, 9630510.117625862360001 ], [ 287654.762702552368864, 9631540.867625862360001 ], [ 289156.962702552322298, 9631540.867625862360001 ], [ 289156.962702552322298, 9630510.117625862360001 ], [ 287654.762702552368864, 9630510.117625862360001 ] ] ] ] } },
{ "type": "Feature", "properties": { }, "geometry": { "type": "MultiPolygon", "coordinates": [ [ [ [ 289156.962702552322298, 9630510.117625862360001 ], [ 289156.962702552322298, 9631540.867625862360001 ], [ 290659.162702552275732, 9631540.867625862360001 ], [ 290659.162702552275732, 9630510.117625862360001 ], [ 289156.962702552322298, 9630510.117625862360001 ] ] ] ] } },
{ "type": "Feature", "properties": { }, "geometry": { "type": "MultiPolygon", "coordinates": [ [ [ [ 290659.16270255233394, 9630510.117625862360001 ], [ 290659.16270255233394, 9631540.867625862360001 ], [ 292161.362702552287374, 9631540.867625862360001 ], [ 292161.362702552287374, 9630510.117625862360001 ], [ 290659.16270255233394, 9630510.117625862360001 ] ] ] ] } },
{ "type": "Feature", "properties": { }, "geometry": { "type": "MultiPolygon", "coordinates": [ [ [ [ 292161.362702552345581, 9630510.117625862360001 ], [ 292161.362702552345581, 9631540.867625862360001 ], [ 293663.562702552299015, 9631540.867625862360001 ], [ 293663.562702552299015, 9630510.117625862360001 ], [ 292161.362702552345581, 9630510.117625862360001 ] ] ] ] } },
{ "type": "Feature", "properties": { }, "geometry": { "type": "MultiPolygon", "coordinates": [ [ [ [ 293663.562702552357223, 9630510.117625862360001 ], [ 293663.562702552357223, 9631540.867625862360001 ], [ 295165.762702552310657, 9631540.867625862360001 ], [ 295165.762702552310657, 9630510.117625862360001 ], [ 293663.562702552357223, 9630510.117625862360001 ] ] ] ] } },
{ "type": "Feature", "properties": { }, "geometry": { "type": "MultiPolygon", "coordinates": [ [ [ [ 295165.762702552368864, 9630510.117625862360001 ], [ 295165.762702552368864, 9631540.867625862360001 ], [ 296667.962702552322298, 9631540.867625862360001 ], [ 296667.962702552322298, 9630510.117625862360001 ], [ 295165.762702552368864, 9630510.117625862360001 ] ] ] ] } },
{ "type": "Feature", "properties": { }, "geometry": { "type": "MultiPolygon", "coordinates": [ [ [ [ 296667.962702552322298, 9630510.117625862360001 ], [ 296667.962702552322298, 9631540.867625862360001 ], [ 298170.162702552275732, 9631540.867625862360001 ], [ 298170.162702552275732, 9630510.117625862360001 ], [ 296667.962702552322298, 9630510.117625862360001 ] ] ] ] } },
{ "type": "Feature", "properties": { }, "geometry": { "type": "MultiPolygon", "coordinates": [ [ [ [ 298170.16270255233394, 9630510.117625862360001 ], [ 298170.16270255233394, 9631540.867625862360001 ], [ 299672.362702552287374, 9631540.867625862360001 ], [ 299672.362702552287374, 9630510.117625862360001 ], [ 298170.16270255233394, 9630510.117625862360001 ] ] ] ] } },
{ "type": "Feature", "properties": { }, "geometry": { "type": "MultiPolygon", "coordinates": [ [ [ [ 299672.362702552345581, 9630510.117625862360001 ], [ 299672.362702552345581, 9631540.867625862360001 ], [ 301174.562702552299015, 9631540.867625862360001 ], [ 301174.562702552299015, 9630510.117625862360001 ], [ 299672.362702552345581, 9630510.117625862360001 ] ] ] ] } },
{ "type": "Feature", "properties": { }, "geometry": { "type": "MultiPolygon", "coordinates": [ [ [ [ 301174.562702552357223, 9630510.117625862360001 ], [ 301174.562702552357223, 9631540.867625862360001 ], [ 302676.762702552310657, 9631540.867625862360001 ], [ 302676.762702552310657, 9630510.117625862360001 ], [ 301174.562702552357223, 9630510.117625862360001 ] ] ] ] } },
{ "type": "Feature", "properties": { }, "geometry": { "type": "MultiPolygon", "coordinates": [ [ [ [ 302676.762702552368864, 9630510.117625862360001 ], [ 302676.762702552368864, 9631540.867625862360001 ], [ 304178.962702552322298, 9631540.867625862360001 ], [ 304178.962702552322298, 9630510.117625862360001 ], [ 302676.762702552368864, 9630510.117625862360001 ] ] ] ] } },
{ "type": "Feature", "properties": { }, "geometry": { "type": "MultiPolygon", "coordinates": [ [ [ [ 304178.962702552322298, 9630510.117625862360001 ], [ 304178.962702552322298, 9631540.867625862360001 ], [ 305681.162702552275732, 9631540.867625862360001 ], [ 305681.162702552275732, 9630510.117625862360001 ], [ 304178.962702552322298, 9630510.117625862360001 ] ] ] ] } },
{ "type": "Feature", "properties": { }, "geometry": { "type": "MultiPolygon", "coordinates": [ [ [ [ 305681.16270255233394, 9630510.117625862360001 ], [ 305681.16270255233394, 9631540.867625862360001 ], [ 307183.362702552287374, 9631540.867625862360001 ], [ 307183.362702552287374, 9630510.117625862360001 ], [ 305681.16270255233394, 9630510.117625862360001 ] ] ] ] } },
{ "type": "Feature", "properties": { }, "geometry": { "type": "MultiPolygon", "coordinates": [ [ [ [ 307183.362702552345581, 9630510.117625862360001 ], [ 307183.362702552345581, 9631540.867625862360001 ], [ 308685.562702552299015, 9631540.867625862360001 ], [ 308685.562702552299015, 9630510.117625862360001 ], [ 307183.362702552345581, 9630510.117625862360001 ] ] ] ] } },
{ "type": "Feature", "properties": { }, "geometry": { "type": "MultiPolygon", "coordinates": [ [ [ [ 308685.562702552357223, 9630510.117625862360001 ], [ 308685.562702552357223, 9631540.867625862360001 ], [ 310187.762702552310657, 9631540.867625862360001 ], [ 310187.762702552310657, 9630510.117625862360001 ], [ 308685.562702552357223, 9630510.117625862360001 ] ] ] ] } },
{ "type": "Feature", "properties": { }, "geometry": { "type": "MultiPolygon", "coordinates": [ [ [ [ 310187.762702552368864, 9630510.117625862360001 ], [ 310187.762702552368864, 9631540.867625862360001 ], [ 311689.962702552322298, 9631540.867625862360001 ], [ 311689.962702552322298, 9630510.117625862360001 ], [ 310187.762702552368864, 9630510.117625862360001 ] ] ] ] } },
{ "type": "Feature", "properties": { }, "geometry": { "type": "MultiPolygon", "coordinates": [ [ [ [ 311689.962702552322298, 9630510.117625862360001 ], [ 311689.962702552322298, 9631540.867625862360001 ], [ 313192.162702552275732, 9631540.867625862360001 ], [ 313192.162702552275732, 9630510.117625862360001 ], [ 311689.962702552322298, 9630510.117625862360001 ] ] ] ] } },
{ "type": "Feature", "properties": { }, "geometry": { "type": "MultiPolygon", "coordinates": [ [ [ [ 313192.16270255233394, 9630510.117625862360001 ], [ 313192.16270255233394, 9631540.867625862360001 ], [ 314694.362702552287374, 9631540.867625862360001 ], [ 314694.362702552287374, 9630510.117625862360001 ], [ 313192.16270255233394, 9630510.117625862360001 ] ] ] ] } },
{ "type": "Feature", "properties": { }, "geometry": { "type": "MultiPolygon", "coordinates": [ [ [ [ 314694.362702552345581, 9630510.117625862360001 ], [ 314694.362702552345581, 9631540.867625862360001 ], [ 316196.562702552299015, 9631540.867625862360001 ], [ 316196.562702552299015, 9630510.117625862360001 ], [ 314694.362702552345581, 9630510.117625862360001 ] ] ] ] } },
{ "type": "Feature", "properties": { }, "geometry": { "type": "MultiPolygon", "coordinates": [ [ [ [ 316196.562702552357223, 9630510.117625862360001 ], [ 316196.562702552357223, 9631540.867625862360001 ], [ 317698.762702552310657, 9631540.867625862360001 ], [ 317698.762702552310657, 9630510.117625862360001 ], [ 316196.562702552357223, 9630510.117625862360001 ] ] ] ] } },
{ "type": "Feature", "properties": { }, "geometry": { "type": "MultiPolygon", "coordinates": [ [ [ [ 317698.762702552368864, 9630510.117625862360001 ], [ 317698.762702552368864, 9631540.867625862360001 ], [ 319200.962702552322298, 9631540.867625862360001 ], [ 319200.962702552322298, 9630510.117625862360001 ], [ 317698.762702552368864, 9630510.117625862360001 ] ] ] ] } },
{ "type": "Feature", "properties": { }, "geometry": { "type": "MultiPolygon", "coordinates": [ [ [ [ 319200.962702552322298, 9630510.117625862360001 ], [ 319200.962702552322298, 9631540.867625862360001 ], [ 320703.162702552275732, 9631540.867625862360001 ], [ 320703.162702552275732, 9630510.117625862360001 ], [ 319200.962702552322298, 9630510.117625862360001 ] ] ] ] } },
{ "type": "Feature", "properties": { }, "geometry": { "type": "MultiPolygon", "coordinates": [ [ [ [ 320703.16270255233394, 9630510.117625862360001 ], [ 320703.16270255233394, 9631540.867625862360001 ], [ 322205.362702552287374, 9631540.867625862360001 ], [ 322205.362702552287374, 9630510.117625862360001 ], [ 320703.16270255233394, 9630510.117625862360001 ] ] ] ] } },
{ "type": "Feature", "properties": { }, "geometry": { "type": "MultiPolygon", "coordinates": [ [ [ [ 322205.362702552345581, 9630510.117625862360001 ], [ 322205.362702552345581, 9631540.867625862360001 ], [ 323707.562702552299015, 9631540.867625862360001 ], [ 323707.562702552299015, 9630510.117625862360001 ], [ 322205.362702552345581, 9630510.117625862360001 ] ] ] ] } },
{ "type": "Feature", "properties": { }, "geometry": { "type": "MultiPolygon", "coordinates": [ [ [ [ 323707.562702552357223, 9630510.117625862360001 ], [ 323707.562702552357223, 9631540.867625862360001 ], [ 325209.762702552310657, 9631540.867625862360001 ], [ 325209.762702552310657, 9630510.117625862360001 ], [ 323707.562702552357223, 9630510.117625862360001 ] ] ] ] } },
{ "type": "Feature", "properties": { }, "geometry": { "type": "MultiPolygon", "coordinates": [ [ [ [ 325209.762702552368864, 9630510.117625862360001 ], [ 325209.762702552368864, 9631540.867625862360001 ], [ 326711.962702552322298, 9631540.867625862360001 ], [ 326711.962702552322298, 9630510.117625862360001 ], [ 325209.762702552368864, 9630510.117625862360001 ] ] ] ] } },
{ "type": "Feature", "properties": { }, "geometry": { "type": "MultiPolygon", "coordinates": [ [ [ [ 326711.962702552322298, 9630510.117625862360001 ], [ 326711.962702552322298, 9631540.867625862360001 ], [ 328214.162702552275732, 9631540.867625862360001 ], [ 328214.162702552275732, 9630510.117625862360001 ], [ 326711.962702552322298, 9630510.117625862360001 ] ] ] ] } },
{ "type": "Feature", "properties": { }, "geometry": { "type": "MultiPolygon", "coordinates": [ [ [ [ 328214.16270255233394, 9630510.117625862360001 ], [ 328214.16270255233394, 9631540.867625862360001 ], [ 329716.362702552287374, 9631540.867625862360001 ], [ 329716.362702552287374, 9630510.117625862360001 ], [ 328214.16270255233394, 9630510.117625862360001 ] ] ] ] } },
{ "type": "Feature", "properties": { }, "geometry": { "type": "MultiPolygon", "coordinates": [ [ [ [ 329716.362702552345581, 9630510.117625862360001 ], [ 329716.362702552345581, 9631540.867625862360001 ], [ 331218.562702552299015, 9631540.867625862360001 ], [ 331218.562702552299015, 9630510.117625862360001 ], [ 329716.362702552345581, 9630510.117625862360001 ] ] ] ] } },
{ "type": "Feature", "properties": { }, "geometry": { "type": "MultiPolygon", "coordinates": [ [ [ [ 331218.562702552357223, 9630510.117625862360001 ], [ 331218.562702552357223, 9631540.867625862360001 ], [ 332720.762702552310657, 9631540.867625862360001 ], [ 332720.762702552310657, 9630510.117625862360001 ], [ 331218.562702552357223, 9630510.117625862360001 ] ] ] ] } },
{ "type": "Feature", "properties": { }, "geometry": { "type": "MultiPolygon", "coordinates": [ [ [ [ 332720.762702552368864, 9630510.117625862360001 ], [ 332720.762702552368864, 9631540.867625862360001 ], [ 334222.962702552322298, 9631540.867625862360001 ], [ 334222.962702552322298, 9630510.117625862360001 ], [ 332720.762702552368864, 9630510.117625862360001 ] ] ] ] } },
{ "type": "Feature", "properties": { }, "geometry": { "type": "MultiPolygon", "coordinates": [ [ [ [ 334222.962702552322298, 9630510.117625862360001 ], [ 334222.962702552322298, 9631540.867625862360001 ], [ 335725.162702552275732, 9631540.867625862360001 ], [ 335725.162702552275732, 9630510.117625862360001 ], [ 334222.962702552322298, 9630510.117625862360001 ] ] ] ] } },
{ "type": "Feature", "properties": { }, "geometry": { "type": "MultiPolygon", "coordinates": [ [ [ [ 335725.16270255233394, 9630510.117625862360001 ], [ 335725.16270255233394, 9631540.867625862360001 ], [ 337227.362702552287374, 9631540.867625862360001 ], [ 337227.362702552287374, 9630510.117625862360001 ], [ 335725.16270255233394, 9630510.117625862360001 ] ] ] ] } },
{ "type": "Feature", "properties": { }, "geometry": { "type": "MultiPolygon", "coordinates": [ [ [ [ 337227.362702552345581, 9630510.117625862360001 ], [ 337227.362702552345581, 9631540.867625862360001 ], [ 338729.562702552299015, 9631540.867625862360001 ], [ 338729.562702552299015, 9630510.117625862360001 ], [ 337227.362702552345581, 9630510.117625862360001 ] ] ] ] } },
{ "type": "Feature", "properties": { }, "geometry": { "type": "MultiPolygon", "coordinates": [ [ [ [ 338729.562702552357223, 9630510.117625862360001 ], [ 338729.562702552357223, 9631540.867625862360001 ], [ 340231.762702552310657, 9631540.867625862360001 ], [ 340231.762702552310657, 9630510.117625862360001 ], [ 338729.562702552357223, 9630510.117625862360001 ] ] ] ] } },
{ "type": "Feature", "properties": { }, "geometry": { "type": "MultiPolygon", "coordinates": [ [ [ [ 340231.762702552368864, 9630510.117625862360001 ], [ 340231.762702552368864, 9631540.867625862360001 ], [ 341733.962702552322298, 9631540.867625862360001 ], [ 341733.962702552322298, 9630510.117625862360001 ], [ 340231.762702552368864, 9630510.117625862360001 ] ] ] ] } },
{ "type": "Feature", "properties": { }, "geometry": { "type": "MultiPolygon", "coordinates": [ [ [ [ 341733.962702552322298, 9630510.117625862360001 ], [ 341733.962702552322298, 9631540.867625862360001 ], [ 343236.162702552275732, 9631540.867625862360001 ], [ 343236.162702552275732, 9630510.117625862360001 ], [ 341733.962702552322298, 9630510.117625862360001 ] ] ] ] } },
{ "type": "Feature", "properties": { }, "geometry": { "type": "MultiPolygon", "coordinates": [ [ [ [ 343236.16270255233394, 9630510.117625862360001 ], [ 343236.16270255233394, 9631540.867625862360001 ], [ 344738.362702552287374, 9631540.867625862360001 ], [ 344738.362702552287374, 9630510.117625862360001 ], [ 343236.16270255233394, 9630510.117625862360001 ] ] ] ] } },
{ "type": "Feature", "properties": { }, "geometry": { "type": "MultiPolygon", "coordinates": [ [ [ [ 344738.362702552345581, 9630510.117625862360001 ], [ 344738.362702552345581, 9631540.867625862360001 ], [ 346240.562702552299015, 9631540.867625862360001 ], [ 346240.562702552299015, 9630510.117625862360001 ], [ 344738.362702552345581, 9630510.117625862360001 ] ] ] ] } },
{ "type": "Feature", "properties": { }, "geometry": { "type": "MultiPolygon", "coordinates": [ [ [ [ 346240.562702552357223, 9630510.117625862360001 ], [ 346240.562702552357223, 9631540.867625862360001 ], [ 347742.762702552310657, 9631540.867625862360001 ], [ 347742.762702552310657, 9630510.117625862360001 ], [ 346240.562702552357223, 9630510.117625862360001 ] ] ] ] } },
{ "type": "Feature", "properties": { }, "geometry": { "type": "MultiPolygon", "coordinates": [ [ [ [ 347742.762702552368864, 9630510.117625862360001 ], [ 347742.762702552368864, 9631540.867625862360001 ], [ 349244.962702552322298, 9631540.867625862360001 ], [ 349244.962702552322298, 9630510.117625862360001 ], [ 347742.762702552368864, 9630510.117625862360001 ] ] ] ] } },
{ "type": "Feature", "properties": { }, "geometry": { "type": "MultiPolygon", "coordinates": [ [ [ [ 349244.962702552322298, 9630510.117625862360001 ], [ 349244.962702552322298, 9631540.867625862360001 ], [ 350747.162702552275732, 9631540.867625862360001 ], [ 350747.162702552275732, 9630510.117625862360001 ], [ 349244.962702552322298, 9630510.117625862360001 ] ] ] ] } },
{ "type": "Feature", "properties": { }, "geometry": { "type": "MultiPolygon", "coordinates": [ [ [ [ 350747.16270255233394, 9630510.117625862360001 ], [ 350747.16270255233394, 9631540.867625862360001 ], [ 352249.362702552287374, 9631540.867625862360001 ], [ 352249.362702552287374, 9630510.117625862360001 ], [ 350747.16270255233394, 9630510.117625862360001 ] ] ] ] } },
{ "type": "Feature", "properties": { }, "geometry": { "type": "MultiPolygon", "coordinates": [ [ [ [ 352249.362702552345581, 9630510.117625862360001 ], [ 352249.362702552345581, 9631540.867625862360001 ], [ 353751.562702552299015, 9631540.867625862360001 ], [ 353751.562702552299015, 9630510.117625862360001 ], [ 352249.362702552345581, 9630510.117625862360001 ] ] ] ] } },
{ "type": "Feature", "properties": { }, "geometry": { "type": "MultiPolygon", "coordinates": [ [ [ [ 353751.562702552357223, 9630510.117625862360001 ], [ 353751.562702552357223, 9631540.867625862360001 ], [ 355253.762702552310657, 9631540.867625862360001 ], [ 355253.762702552310657, 9630510.117625862360001 ], [ 353751.562702552357223, 9630510.117625862360001 ] ] ] ] } },
{ "type": "Feature", "properties": { }, "geometry": { "type": "MultiPolygon", "coordinates": [ [ [ [ 355253.762702552368864, 9630510.117625862360001 ], [ 355253.762702552368864, 9631540.867625862360001 ], [ 356755.962702552322298, 9631540.867625862360001 ], [ 356755.962702552322298, 9630510.117625862360001 ], [ 355253.762702552368864, 9630510.117625862360001 ] ] ] ] } },
{ "type": "Feature", "properties": { }, "geometry": { "type": "MultiPolygon", "coordinates": [ [ [ [ 281645.962702552322298, 9629479.367625862360001 ], [ 281645.962702552322298, 9630510.117625862360001 ], [ 283148.162702552275732, 9630510.117625862360001 ], [ 283148.162702552275732, 9629479.367625862360001 ], [ 281645.962702552322298, 9629479.367625862360001 ] ] ] ] } },
{ "type": "Feature", "properties": { }, "geometry": { "type": "MultiPolygon", "coordinates": [ [ [ [ 283148.16270255233394, 9629479.367625862360001 ], [ 283148.16270255233394, 9630510.117625862360001 ], [ 284650.362702552287374, 9630510.117625862360001 ], [ 284650.362702552287374, 9629479.367625862360001 ], [ 283148.16270255233394, 9629479.367625862360001 ] ] ] ] } },
{ "type": "Feature", "properties": { }, "geometry": { "type": "MultiPolygon", "coordinates": [ [ [ [ 284650.362702552345581, 9629479.367625862360001 ], [ 284650.362702552345581, 9630510.117625862360001 ], [ 286152.562702552299015, 9630510.117625862360001 ], [ 286152.562702552299015, 9629479.367625862360001 ], [ 284650.362702552345581, 9629479.367625862360001 ] ] ] ] } },
{ "type": "Feature", "properties": { }, "geometry": { "type": "MultiPolygon", "coordinates": [ [ [ [ 286152.562702552357223, 9629479.367625862360001 ], [ 286152.562702552357223, 9630510.117625862360001 ], [ 287654.762702552310657, 9630510.117625862360001 ], [ 287654.762702552310657, 9629479.367625862360001 ], [ 286152.562702552357223, 9629479.367625862360001 ] ] ] ] } },
{ "type": "Feature", "properties": { }, "geometry": { "type": "MultiPolygon", "coordinates": [ [ [ [ 287654.762702552368864, 9629479.367625862360001 ], [ 287654.762702552368864, 9630510.117625862360001 ], [ 289156.962702552322298, 9630510.117625862360001 ], [ 289156.962702552322298, 9629479.367625862360001 ], [ 287654.762702552368864, 9629479.367625862360001 ] ] ] ] } },
{ "type": "Feature", "properties": { }, "geometry": { "type": "MultiPolygon", "coordinates": [ [ [ [ 289156.962702552322298, 9629479.367625862360001 ], [ 289156.962702552322298, 9630510.117625862360001 ], [ 290659.162702552275732, 9630510.117625862360001 ], [ 290659.162702552275732, 9629479.367625862360001 ], [ 289156.962702552322298, 9629479.367625862360001 ] ] ] ] } },
{ "type": "Feature", "properties": { }, "geometry": { "type": "MultiPolygon", "coordinates": [ [ [ [ 290659.16270255233394, 9629479.367625862360001 ], [ 290659.16270255233394, 9630510.117625862360001 ], [ 292161.362702552287374, 9630510.117625862360001 ], [ 292161.362702552287374, 9629479.367625862360001 ], [ 290659.16270255233394, 9629479.367625862360001 ] ] ] ] } },
{ "type": "Feature", "properties": { }, "geometry": { "type": "MultiPolygon", "coordinates": [ [ [ [ 292161.362702552345581, 9629479.367625862360001 ], [ 292161.362702552345581, 9630510.117625862360001 ], [ 293663.562702552299015, 9630510.117625862360001 ], [ 293663.562702552299015, 9629479.367625862360001 ], [ 292161.362702552345581, 9629479.367625862360001 ] ] ] ] } },
{ "type": "Feature", "properties": { }, "geometry": { "type": "MultiPolygon", "coordinates": [ [ [ [ 293663.562702552357223, 9629479.367625862360001 ], [ 293663.562702552357223, 9630510.117625862360001 ], [ 295165.762702552310657, 9630510.117625862360001 ], [ 295165.762702552310657, 9629479.367625862360001 ], [ 293663.562702552357223, 9629479.367625862360001 ] ] ] ] } },
{ "type": "Feature", "properties": { }, "geometry": { "type": "MultiPolygon", "coordinates": [ [ [ [ 295165.762702552368864, 9629479.367625862360001 ], [ 295165.762702552368864, 9630510.117625862360001 ], [ 296667.962702552322298, 9630510.117625862360001 ], [ 296667.962702552322298, 9629479.367625862360001 ], [ 295165.762702552368864, 9629479.367625862360001 ] ] ] ] } },
{ "type": "Feature", "properties": { }, "geometry": { "type": "MultiPolygon", "coordinates": [ [ [ [ 296667.962702552322298, 9629479.367625862360001 ], [ 296667.962702552322298, 9630510.117625862360001 ], [ 298170.162702552275732, 9630510.117625862360001 ], [ 298170.162702552275732, 9629479.367625862360001 ], [ 296667.962702552322298, 9629479.367625862360001 ] ] ] ] } },
{ "type": "Feature", "properties": { }, "geometry": { "type": "MultiPolygon", "coordinates": [ [ [ [ 298170.16270255233394, 9629479.367625862360001 ], [ 298170.16270255233394, 9630510.117625862360001 ], [ 299672.362702552287374, 9630510.117625862360001 ], [ 299672.362702552287374, 9629479.367625862360001 ], [ 298170.16270255233394, 9629479.367625862360001 ] ] ] ] } },
{ "type": "Feature", "properties": { }, "geometry": { "type": "MultiPolygon", "coordinates": [ [ [ [ 299672.362702552345581, 9629479.367625862360001 ], [ 299672.362702552345581, 9630510.117625862360001 ], [ 301174.562702552299015, 9630510.117625862360001 ], [ 301174.562702552299015, 9629479.367625862360001 ], [ 299672.362702552345581, 9629479.367625862360001 ] ] ] ] } },
{ "type": "Feature", "properties": { }, "geometry": { "type": "MultiPolygon", "coordinates": [ [ [ [ 301174.562702552357223, 9629479.367625862360001 ], [ 301174.562702552357223, 9630510.117625862360001 ], [ 302676.762702552310657, 9630510.117625862360001 ], [ 302676.762702552310657, 9629479.367625862360001 ], [ 301174.562702552357223, 9629479.367625862360001 ] ] ] ] } },
{ "type": "Feature", "properties": { }, "geometry": { "type": "MultiPolygon", "coordinates": [ [ [ [ 302676.762702552368864, 9629479.367625862360001 ], [ 302676.762702552368864, 9630510.117625862360001 ], [ 304178.962702552322298, 9630510.117625862360001 ], [ 304178.962702552322298, 9629479.367625862360001 ], [ 302676.762702552368864, 9629479.367625862360001 ] ] ] ] } },
{ "type": "Feature", "properties": { }, "geometry": { "type": "MultiPolygon", "coordinates": [ [ [ [ 304178.962702552322298, 9629479.367625862360001 ], [ 304178.962702552322298, 9630510.117625862360001 ], [ 305681.162702552275732, 9630510.117625862360001 ], [ 305681.162702552275732, 9629479.367625862360001 ], [ 304178.962702552322298, 9629479.367625862360001 ] ] ] ] } },
{ "type": "Feature", "properties": { }, "geometry": { "type": "MultiPolygon", "coordinates": [ [ [ [ 305681.16270255233394, 9629479.367625862360001 ], [ 305681.16270255233394, 9630510.117625862360001 ], [ 307183.362702552287374, 9630510.117625862360001 ], [ 307183.362702552287374, 9629479.367625862360001 ], [ 305681.16270255233394, 9629479.367625862360001 ] ] ] ] } },
{ "type": "Feature", "properties": { }, "geometry": { "type": "MultiPolygon", "coordinates": [ [ [ [ 307183.362702552345581, 9629479.367625862360001 ], [ 307183.362702552345581, 9630510.117625862360001 ], [ 308685.562702552299015, 9630510.117625862360001 ], [ 308685.562702552299015, 9629479.367625862360001 ], [ 307183.362702552345581, 9629479.367625862360001 ] ] ] ] } },
{ "type": "Feature", "properties": { }, "geometry": { "type": "MultiPolygon", "coordinates": [ [ [ [ 308685.562702552357223, 9629479.367625862360001 ], [ 308685.562702552357223, 9630510.117625862360001 ], [ 310187.762702552310657, 9630510.117625862360001 ], [ 310187.762702552310657, 9629479.367625862360001 ], [ 308685.562702552357223, 9629479.367625862360001 ] ] ] ] } },
{ "type": "Feature", "properties": { }, "geometry": { "type": "MultiPolygon", "coordinates": [ [ [ [ 310187.762702552368864, 9629479.367625862360001 ], [ 310187.762702552368864, 9630510.117625862360001 ], [ 311689.962702552322298, 9630510.117625862360001 ], [ 311689.962702552322298, 9629479.367625862360001 ], [ 310187.762702552368864, 9629479.367625862360001 ] ] ] ] } },
{ "type": "Feature", "properties": { }, "geometry": { "type": "MultiPolygon", "coordinates": [ [ [ [ 311689.962702552322298, 9629479.367625862360001 ], [ 311689.962702552322298, 9630510.117625862360001 ], [ 313192.162702552275732, 9630510.117625862360001 ], [ 313192.162702552275732, 9629479.367625862360001 ], [ 311689.962702552322298, 9629479.367625862360001 ] ] ] ] } },
{ "type": "Feature", "properties": { }, "geometry": { "type": "MultiPolygon", "coordinates": [ [ [ [ 313192.16270255233394, 9629479.367625862360001 ], [ 313192.16270255233394, 9630510.117625862360001 ], [ 314694.362702552287374, 9630510.117625862360001 ], [ 314694.362702552287374, 9629479.367625862360001 ], [ 313192.16270255233394, 9629479.367625862360001 ] ] ] ] } },
{ "type": "Feature", "properties": { }, "geometry": { "type": "MultiPolygon", "coordinates": [ [ [ [ 314694.362702552345581, 9629479.367625862360001 ], [ 314694.362702552345581, 9630510.117625862360001 ], [ 316196.562702552299015, 9630510.117625862360001 ], [ 316196.562702552299015, 9629479.367625862360001 ], [ 314694.362702552345581, 9629479.367625862360001 ] ] ] ] } },
{ "type": "Feature", "properties": { }, "geometry": { "type": "MultiPolygon", "coordinates": [ [ [ [ 316196.562702552357223, 9629479.367625862360001 ], [ 316196.562702552357223, 9630510.117625862360001 ], [ 317698.762702552310657, 9630510.117625862360001 ], [ 317698.762702552310657, 9629479.367625862360001 ], [ 316196.562702552357223, 9629479.367625862360001 ] ] ] ] } },
{ "type": "Feature", "properties": { }, "geometry": { "type": "MultiPolygon", "coordinates": [ [ [ [ 317698.762702552368864, 9629479.367625862360001 ], [ 317698.762702552368864, 9630510.117625862360001 ], [ 319200.962702552322298, 9630510.117625862360001 ], [ 319200.962702552322298, 9629479.367625862360001 ], [ 317698.762702552368864, 9629479.367625862360001 ] ] ] ] } },
{ "type": "Feature", "properties": { }, "geometry": { "type": "MultiPolygon", "coordinates": [ [ [ [ 319200.962702552322298, 9629479.367625862360001 ], [ 319200.962702552322298, 9630510.117625862360001 ], [ 320703.162702552275732, 9630510.117625862360001 ], [ 320703.162702552275732, 9629479.367625862360001 ], [ 319200.962702552322298, 9629479.367625862360001 ] ] ] ] } },
{ "type": "Feature", "properties": { }, "geometry": { "type": "MultiPolygon", "coordinates": [ [ [ [ 320703.16270255233394, 9629479.367625862360001 ], [ 320703.16270255233394, 9630510.117625862360001 ], [ 322205.362702552287374, 9630510.117625862360001 ], [ 322205.362702552287374, 9629479.367625862360001 ], [ 320703.16270255233394, 9629479.367625862360001 ] ] ] ] } },
{ "type": "Feature", "properties": { }, "geometry": { "type": "MultiPolygon", "coordinates": [ [ [ [ 322205.362702552345581, 9629479.367625862360001 ], [ 322205.362702552345581, 9630510.117625862360001 ], [ 323707.562702552299015, 9630510.117625862360001 ], [ 323707.562702552299015, 9629479.367625862360001 ], [ 322205.362702552345581, 9629479.367625862360001 ] ] ] ] } },
{ "type": "Feature", "properties": { }, "geometry": { "type": "MultiPolygon", "coordinates": [ [ [ [ 323707.562702552357223, 9629479.367625862360001 ], [ 323707.562702552357223, 9630510.117625862360001 ], [ 325209.762702552310657, 9630510.117625862360001 ], [ 325209.762702552310657, 9629479.367625862360001 ], [ 323707.562702552357223, 9629479.367625862360001 ] ] ] ] } },
{ "type": "Feature", "properties": { }, "geometry": { "type": "MultiPolygon", "coordinates": [ [ [ [ 325209.762702552368864, 9629479.367625862360001 ], [ 325209.762702552368864, 9630510.117625862360001 ], [ 326711.962702552322298, 9630510.117625862360001 ], [ 326711.962702552322298, 9629479.367625862360001 ], [ 325209.762702552368864, 9629479.367625862360001 ] ] ] ] } },
{ "type": "Feature", "properties": { }, "geometry": { "type": "MultiPolygon", "coordinates": [ [ [ [ 326711.962702552322298, 9629479.367625862360001 ], [ 326711.962702552322298, 9630510.117625862360001 ], [ 328214.162702552275732, 9630510.117625862360001 ], [ 328214.162702552275732, 9629479.367625862360001 ], [ 326711.962702552322298, 9629479.367625862360001 ] ] ] ] } },
{ "type": "Feature", "properties": { }, "geometry": { "type": "MultiPolygon", "coordinates": [ [ [ [ 328214.16270255233394, 9629479.367625862360001 ], [ 328214.16270255233394, 9630510.117625862360001 ], [ 329716.362702552287374, 9630510.117625862360001 ], [ 329716.362702552287374, 9629479.367625862360001 ], [ 328214.16270255233394, 9629479.367625862360001 ] ] ] ] } },
{ "type": "Feature", "properties": { }, "geometry": { "type": "MultiPolygon", "coordinates": [ [ [ [ 329716.362702552345581, 9629479.367625862360001 ], [ 329716.362702552345581, 9630510.117625862360001 ], [ 331218.562702552299015, 9630510.117625862360001 ], [ 331218.562702552299015, 9629479.367625862360001 ], [ 329716.362702552345581, 9629479.367625862360001 ] ] ] ] } },
{ "type": "Feature", "properties": { }, "geometry": { "type": "MultiPolygon", "coordinates": [ [ [ [ 331218.562702552357223, 9629479.367625862360001 ], [ 331218.562702552357223, 9630510.117625862360001 ], [ 332720.762702552310657, 9630510.117625862360001 ], [ 332720.762702552310657, 9629479.367625862360001 ], [ 331218.562702552357223, 9629479.367625862360001 ] ] ] ] } },
{ "type": "Feature", "properties": { }, "geometry": { "type": "MultiPolygon", "coordinates": [ [ [ [ 332720.762702552368864, 9629479.367625862360001 ], [ 332720.762702552368864, 9630510.117625862360001 ], [ 334222.962702552322298, 9630510.117625862360001 ], [ 334222.962702552322298, 9629479.367625862360001 ], [ 332720.762702552368864, 9629479.367625862360001 ] ] ] ] } },
{ "type": "Feature", "properties": { }, "geometry": { "type": "MultiPolygon", "coordinates": [ [ [ [ 334222.962702552322298, 9629479.367625862360001 ], [ 334222.962702552322298, 9630510.117625862360001 ], [ 335725.162702552275732, 9630510.117625862360001 ], [ 335725.162702552275732, 9629479.367625862360001 ], [ 334222.962702552322298, 9629479.367625862360001 ] ] ] ] } },
{ "type": "Feature", "properties": { }, "geometry": { "type": "MultiPolygon", "coordinates": [ [ [ [ 335725.16270255233394, 9629479.367625862360001 ], [ 335725.16270255233394, 9630510.117625862360001 ], [ 337227.362702552287374, 9630510.117625862360001 ], [ 337227.362702552287374, 9629479.367625862360001 ], [ 335725.16270255233394, 9629479.367625862360001 ] ] ] ] } },
{ "type": "Feature", "properties": { }, "geometry": { "type": "MultiPolygon", "coordinates": [ [ [ [ 337227.362702552345581, 9629479.367625862360001 ], [ 337227.362702552345581, 9630510.117625862360001 ], [ 338729.562702552299015, 9630510.117625862360001 ], [ 338729.562702552299015, 9629479.367625862360001 ], [ 337227.362702552345581, 9629479.367625862360001 ] ] ] ] } },
{ "type": "Feature", "properties": { }, "geometry": { "type": "MultiPolygon", "coordinates": [ [ [ [ 338729.562702552357223, 9629479.367625862360001 ], [ 338729.562702552357223, 9630510.117625862360001 ], [ 340231.762702552310657, 9630510.117625862360001 ], [ 340231.762702552310657, 9629479.367625862360001 ], [ 338729.562702552357223, 9629479.367625862360001 ] ] ] ] } },
{ "type": "Feature", "properties": { }, "geometry": { "type": "MultiPolygon", "coordinates": [ [ [ [ 340231.762702552368864, 9629479.367625862360001 ], [ 340231.762702552368864, 9630510.117625862360001 ], [ 341733.962702552322298, 9630510.117625862360001 ], [ 341733.962702552322298, 9629479.367625862360001 ], [ 340231.762702552368864, 9629479.367625862360001 ] ] ] ] } },
{ "type": "Feature", "properties": { }, "geometry": { "type": "MultiPolygon", "coordinates": [ [ [ [ 341733.962702552322298, 9629479.367625862360001 ], [ 341733.962702552322298, 9630510.117625862360001 ], [ 343236.162702552275732, 9630510.117625862360001 ], [ 343236.162702552275732, 9629479.367625862360001 ], [ 341733.962702552322298, 9629479.367625862360001 ] ] ] ] } },
{ "type": "Feature", "properties": { }, "geometry": { "type": "MultiPolygon", "coordinates": [ [ [ [ 343236.16270255233394, 9629479.367625862360001 ], [ 343236.16270255233394, 9630510.117625862360001 ], [ 344738.362702552287374, 9630510.117625862360001 ], [ 344738.362702552287374, 9629479.367625862360001 ], [ 343236.16270255233394, 9629479.367625862360001 ] ] ] ] } },
{ "type": "Feature", "properties": { }, "geometry": { "type": "MultiPolygon", "coordinates": [ [ [ [ 344738.362702552345581, 9629479.367625862360001 ], [ 344738.362702552345581, 9630510.117625862360001 ], [ 346240.562702552299015, 9630510.117625862360001 ], [ 346240.562702552299015, 9629479.367625862360001 ], [ 344738.362702552345581, 9629479.367625862360001 ] ] ] ] } },
{ "type": "Feature", "properties": { }, "geometry": { "type": "MultiPolygon", "coordinates": [ [ [ [ 346240.562702552357223, 9629479.367625862360001 ], [ 346240.562702552357223, 9630510.117625862360001 ], [ 347742.762702552310657, 9630510.117625862360001 ], [ 347742.762702552310657, 9629479.367625862360001 ], [ 346240.562702552357223, 9629479.367625862360001 ] ] ] ] } },
{ "type": "Feature", "properties": { }, "geometry": { "type": "MultiPolygon", "coordinates": [ [ [ [ 347742.762702552368864, 9629479.367625862360001 ], [ 347742.762702552368864, 9630510.117625862360001 ], [ 349244.962702552322298, 9630510.117625862360001 ], [ 349244.962702552322298, 9629479.367625862360001 ], [ 347742.762702552368864, 9629479.367625862360001 ] ] ] ] } },
{ "type": "Feature", "properties": { }, "geometry": { "type": "MultiPolygon", "coordinates": [ [ [ [ 349244.962702552322298, 9629479.367625862360001 ], [ 349244.962702552322298, 9630510.117625862360001 ], [ 350747.162702552275732, 9630510.117625862360001 ], [ 350747.162702552275732, 9629479.367625862360001 ], [ 349244.962702552322298, 9629479.367625862360001 ] ] ] ] } },
{ "type": "Feature", "properties": { }, "geometry": { "type": "MultiPolygon", "coordinates": [ [ [ [ 350747.16270255233394, 9629479.367625862360001 ], [ 350747.16270255233394, 9630510.117625862360001 ], [ 352249.362702552287374, 9630510.117625862360001 ], [ 352249.362702552287374, 9629479.367625862360001 ], [ 350747.16270255233394, 9629479.367625862360001 ] ] ] ] } },
{ "type": "Feature", "properties": { }, "geometry": { "type": "MultiPolygon", "coordinates": [ [ [ [ 352249.362702552345581, 9629479.367625862360001 ], [ 352249.362702552345581, 9630510.117625862360001 ], [ 353751.562702552299015, 9630510.117625862360001 ], [ 353751.562702552299015, 9629479.367625862360001 ], [ 352249.362702552345581, 9629479.367625862360001 ] ] ] ] } },
{ "type": "Feature", "properties": { }, "geometry": { "type": "MultiPolygon", "coordinates": [ [ [ [ 353751.562702552357223, 9629479.367625862360001 ], [ 353751.562702552357223, 9630510.117625862360001 ], [ 355253.762702552310657, 9630510.117625862360001 ], [ 355253.762702552310657, 9629479.367625862360001 ], [ 353751.562702552357223, 9629479.367625862360001 ] ] ] ] } },
{ "type": "Feature", "properties": { }, "geometry": { "type": "MultiPolygon", "coordinates": [ [ [ [ 355253.762702552368864, 9629479.367625862360001 ], [ 355253.762702552368864, 9630510.117625862360001 ], [ 356755.962702552322298, 9630510.117625862360001 ], [ 356755.962702552322298, 9629479.367625862360001 ], [ 355253.762702552368864, 9629479.367625862360001 ] ] ] ] } },
{ "type": "Feature", "properties": { }, "geometry": { "type": "MultiPolygon", "coordinates": [ [ [ [ 281645.962702552322298, 9628448.617625862360001 ], [ 281645.962702552322298, 9629479.367625862360001 ], [ 283148.162702552275732, 9629479.367625862360001 ], [ 283148.162702552275732, 9628448.617625862360001 ], [ 281645.962702552322298, 9628448.617625862360001 ] ] ] ] } },
{ "type": "Feature", "properties": { }, "geometry": { "type": "MultiPolygon", "coordinates": [ [ [ [ 283148.16270255233394, 9628448.617625862360001 ], [ 283148.16270255233394, 9629479.367625862360001 ], [ 284650.362702552287374, 9629479.367625862360001 ], [ 284650.362702552287374, 9628448.617625862360001 ], [ 283148.16270255233394, 9628448.617625862360001 ] ] ] ] } },
{ "type": "Feature", "properties": { }, "geometry": { "type": "MultiPolygon", "coordinates": [ [ [ [ 284650.362702552345581, 9628448.617625862360001 ], [ 284650.362702552345581, 9629479.367625862360001 ], [ 286152.562702552299015, 9629479.367625862360001 ], [ 286152.562702552299015, 9628448.617625862360001 ], [ 284650.362702552345581, 9628448.617625862360001 ] ] ] ] } },
{ "type": "Feature", "properties": { }, "geometry": { "type": "MultiPolygon", "coordinates": [ [ [ [ 286152.562702552357223, 9628448.617625862360001 ], [ 286152.562702552357223, 9629479.367625862360001 ], [ 287654.762702552310657, 9629479.367625862360001 ], [ 287654.762702552310657, 9628448.617625862360001 ], [ 286152.562702552357223, 9628448.617625862360001 ] ] ] ] } },
{ "type": "Feature", "properties": { }, "geometry": { "type": "MultiPolygon", "coordinates": [ [ [ [ 287654.762702552368864, 9628448.617625862360001 ], [ 287654.762702552368864, 9629479.367625862360001 ], [ 289156.962702552322298, 9629479.367625862360001 ], [ 289156.962702552322298, 9628448.617625862360001 ], [ 287654.762702552368864, 9628448.617625862360001 ] ] ] ] } },
{ "type": "Feature", "properties": { }, "geometry": { "type": "MultiPolygon", "coordinates": [ [ [ [ 289156.962702552322298, 9628448.617625862360001 ], [ 289156.962702552322298, 9629479.367625862360001 ], [ 290659.162702552275732, 9629479.367625862360001 ], [ 290659.162702552275732, 9628448.617625862360001 ], [ 289156.962702552322298, 9628448.617625862360001 ] ] ] ] } },
{ "type": "Feature", "properties": { }, "geometry": { "type": "MultiPolygon", "coordinates": [ [ [ [ 290659.16270255233394, 9628448.617625862360001 ], [ 290659.16270255233394, 9629479.367625862360001 ], [ 292161.362702552287374, 9629479.367625862360001 ], [ 292161.362702552287374, 9628448.617625862360001 ], [ 290659.16270255233394, 9628448.617625862360001 ] ] ] ] } },
{ "type": "Feature", "properties": { }, "geometry": { "type": "MultiPolygon", "coordinates": [ [ [ [ 292161.362702552345581, 9628448.617625862360001 ], [ 292161.362702552345581, 9629479.367625862360001 ], [ 293663.562702552299015, 9629479.367625862360001 ], [ 293663.562702552299015, 9628448.617625862360001 ], [ 292161.362702552345581, 9628448.617625862360001 ] ] ] ] } },
{ "type": "Feature", "properties": { }, "geometry": { "type": "MultiPolygon", "coordinates": [ [ [ [ 293663.562702552357223, 9628448.617625862360001 ], [ 293663.562702552357223, 9629479.367625862360001 ], [ 295165.762702552310657, 9629479.367625862360001 ], [ 295165.762702552310657, 9628448.617625862360001 ], [ 293663.562702552357223, 9628448.617625862360001 ] ] ] ] } },
{ "type": "Feature", "properties": { }, "geometry": { "type": "MultiPolygon", "coordinates": [ [ [ [ 295165.762702552368864, 9628448.617625862360001 ], [ 295165.762702552368864, 9629479.367625862360001 ], [ 296667.962702552322298, 9629479.367625862360001 ], [ 296667.962702552322298, 9628448.617625862360001 ], [ 295165.762702552368864, 9628448.617625862360001 ] ] ] ] } },
{ "type": "Feature", "properties": { }, "geometry": { "type": "MultiPolygon", "coordinates": [ [ [ [ 296667.962702552322298, 9628448.617625862360001 ], [ 296667.962702552322298, 9629479.367625862360001 ], [ 298170.162702552275732, 9629479.367625862360001 ], [ 298170.162702552275732, 9628448.617625862360001 ], [ 296667.962702552322298, 9628448.617625862360001 ] ] ] ] } },
{ "type": "Feature", "properties": { }, "geometry": { "type": "MultiPolygon", "coordinates": [ [ [ [ 298170.16270255233394, 9628448.617625862360001 ], [ 298170.16270255233394, 9629479.367625862360001 ], [ 299672.362702552287374, 9629479.367625862360001 ], [ 299672.362702552287374, 9628448.617625862360001 ], [ 298170.16270255233394, 9628448.617625862360001 ] ] ] ] } },
{ "type": "Feature", "properties": { }, "geometry": { "type": "MultiPolygon", "coordinates": [ [ [ [ 299672.362702552345581, 9628448.617625862360001 ], [ 299672.362702552345581, 9629479.367625862360001 ], [ 301174.562702552299015, 9629479.367625862360001 ], [ 301174.562702552299015, 9628448.617625862360001 ], [ 299672.362702552345581, 9628448.617625862360001 ] ] ] ] } },
{ "type": "Feature", "properties": { }, "geometry": { "type": "MultiPolygon", "coordinates": [ [ [ [ 301174.562702552357223, 9628448.617625862360001 ], [ 301174.562702552357223, 9629479.367625862360001 ], [ 302676.762702552310657, 9629479.367625862360001 ], [ 302676.762702552310657, 9628448.617625862360001 ], [ 301174.562702552357223, 9628448.617625862360001 ] ] ] ] } },
{ "type": "Feature", "properties": { }, "geometry": { "type": "MultiPolygon", "coordinates": [ [ [ [ 302676.762702552368864, 9628448.617625862360001 ], [ 302676.762702552368864, 9629479.367625862360001 ], [ 304178.962702552322298, 9629479.367625862360001 ], [ 304178.962702552322298, 9628448.617625862360001 ], [ 302676.762702552368864, 9628448.617625862360001 ] ] ] ] } },
{ "type": "Feature", "properties": { }, "geometry": { "type": "MultiPolygon", "coordinates": [ [ [ [ 304178.962702552322298, 9628448.617625862360001 ], [ 304178.962702552322298, 9629479.367625862360001 ], [ 305681.162702552275732, 9629479.367625862360001 ], [ 305681.162702552275732, 9628448.617625862360001 ], [ 304178.962702552322298, 9628448.617625862360001 ] ] ] ] } },
{ "type": "Feature", "properties": { }, "geometry": { "type": "MultiPolygon", "coordinates": [ [ [ [ 305681.16270255233394, 9628448.617625862360001 ], [ 305681.16270255233394, 9629479.367625862360001 ], [ 307183.362702552287374, 9629479.367625862360001 ], [ 307183.362702552287374, 9628448.617625862360001 ], [ 305681.16270255233394, 9628448.617625862360001 ] ] ] ] } },
{ "type": "Feature", "properties": { }, "geometry": { "type": "MultiPolygon", "coordinates": [ [ [ [ 307183.362702552345581, 9628448.617625862360001 ], [ 307183.362702552345581, 9629479.367625862360001 ], [ 308685.562702552299015, 9629479.367625862360001 ], [ 308685.562702552299015, 9628448.617625862360001 ], [ 307183.362702552345581, 9628448.617625862360001 ] ] ] ] } },
{ "type": "Feature", "properties": { }, "geometry": { "type": "MultiPolygon", "coordinates": [ [ [ [ 308685.562702552357223, 9628448.617625862360001 ], [ 308685.562702552357223, 9629479.367625862360001 ], [ 310187.762702552310657, 9629479.367625862360001 ], [ 310187.762702552310657, 9628448.617625862360001 ], [ 308685.562702552357223, 9628448.617625862360001 ] ] ] ] } },
{ "type": "Feature", "properties": { }, "geometry": { "type": "MultiPolygon", "coordinates": [ [ [ [ 310187.762702552368864, 9628448.617625862360001 ], [ 310187.762702552368864, 9629479.367625862360001 ], [ 311689.962702552322298, 9629479.367625862360001 ], [ 311689.962702552322298, 9628448.617625862360001 ], [ 310187.762702552368864, 9628448.617625862360001 ] ] ] ] } },
{ "type": "Feature", "properties": { }, "geometry": { "type": "MultiPolygon", "coordinates": [ [ [ [ 311689.962702552322298, 9628448.617625862360001 ], [ 311689.962702552322298, 9629479.367625862360001 ], [ 313192.162702552275732, 9629479.367625862360001 ], [ 313192.162702552275732, 9628448.617625862360001 ], [ 311689.962702552322298, 9628448.617625862360001 ] ] ] ] } },
{ "type": "Feature", "properties": { }, "geometry": { "type": "MultiPolygon", "coordinates": [ [ [ [ 313192.16270255233394, 9628448.617625862360001 ], [ 313192.16270255233394, 9629479.367625862360001 ], [ 314694.362702552287374, 9629479.367625862360001 ], [ 314694.362702552287374, 9628448.617625862360001 ], [ 313192.16270255233394, 9628448.617625862360001 ] ] ] ] } },
{ "type": "Feature", "properties": { }, "geometry": { "type": "MultiPolygon", "coordinates": [ [ [ [ 314694.362702552345581, 9628448.617625862360001 ], [ 314694.362702552345581, 9629479.367625862360001 ], [ 316196.562702552299015, 9629479.367625862360001 ], [ 316196.562702552299015, 9628448.617625862360001 ], [ 314694.362702552345581, 9628448.617625862360001 ] ] ] ] } },
{ "type": "Feature", "properties": { }, "geometry": { "type": "MultiPolygon", "coordinates": [ [ [ [ 316196.562702552357223, 9628448.617625862360001 ], [ 316196.562702552357223, 9629479.367625862360001 ], [ 317698.762702552310657, 9629479.367625862360001 ], [ 317698.762702552310657, 9628448.617625862360001 ], [ 316196.562702552357223, 9628448.617625862360001 ] ] ] ] } },
{ "type": "Feature", "properties": { }, "geometry": { "type": "MultiPolygon", "coordinates": [ [ [ [ 317698.762702552368864, 9628448.617625862360001 ], [ 317698.762702552368864, 9629479.367625862360001 ], [ 319200.962702552322298, 9629479.367625862360001 ], [ 319200.962702552322298, 9628448.617625862360001 ], [ 317698.762702552368864, 9628448.617625862360001 ] ] ] ] } },
{ "type": "Feature", "properties": { }, "geometry": { "type": "MultiPolygon", "coordinates": [ [ [ [ 319200.962702552322298, 9628448.617625862360001 ], [ 319200.962702552322298, 9629479.367625862360001 ], [ 320703.162702552275732, 9629479.367625862360001 ], [ 320703.162702552275732, 9628448.617625862360001 ], [ 319200.962702552322298, 9628448.617625862360001 ] ] ] ] } },
{ "type": "Feature", "properties": { }, "geometry": { "type": "MultiPolygon", "coordinates": [ [ [ [ 320703.16270255233394, 9628448.617625862360001 ], [ 320703.16270255233394, 9629479.367625862360001 ], [ 322205.362702552287374, 9629479.367625862360001 ], [ 322205.362702552287374, 9628448.617625862360001 ], [ 320703.16270255233394, 9628448.617625862360001 ] ] ] ] } },
{ "type": "Feature", "properties": { }, "geometry": { "type": "MultiPolygon", "coordinates": [ [ [ [ 322205.362702552345581, 9628448.617625862360001 ], [ 322205.362702552345581, 9629479.367625862360001 ], [ 323707.562702552299015, 9629479.367625862360001 ], [ 323707.562702552299015, 9628448.617625862360001 ], [ 322205.362702552345581, 9628448.617625862360001 ] ] ] ] } },
{ "type": "Feature", "properties": { }, "geometry": { "type": "MultiPolygon", "coordinates": [ [ [ [ 323707.562702552357223, 9628448.617625862360001 ], [ 323707.562702552357223, 9629479.367625862360001 ], [ 325209.762702552310657, 9629479.367625862360001 ], [ 325209.762702552310657, 9628448.617625862360001 ], [ 323707.562702552357223, 9628448.617625862360001 ] ] ] ] } },
{ "type": "Feature", "properties": { }, "geometry": { "type": "MultiPolygon", "coordinates": [ [ [ [ 325209.762702552368864, 9628448.617625862360001 ], [ 325209.762702552368864, 9629479.367625862360001 ], [ 326711.962702552322298, 9629479.367625862360001 ], [ 326711.962702552322298, 9628448.617625862360001 ], [ 325209.762702552368864, 9628448.617625862360001 ] ] ] ] } },
{ "type": "Feature", "properties": { }, "geometry": { "type": "MultiPolygon", "coordinates": [ [ [ [ 326711.962702552322298, 9628448.617625862360001 ], [ 326711.962702552322298, 9629479.367625862360001 ], [ 328214.162702552275732, 9629479.367625862360001 ], [ 328214.162702552275732, 9628448.617625862360001 ], [ 326711.962702552322298, 9628448.617625862360001 ] ] ] ] } },
{ "type": "Feature", "properties": { }, "geometry": { "type": "MultiPolygon", "coordinates": [ [ [ [ 328214.16270255233394, 9628448.617625862360001 ], [ 328214.16270255233394, 9629479.367625862360001 ], [ 329716.362702552287374, 9629479.367625862360001 ], [ 329716.362702552287374, 9628448.617625862360001 ], [ 328214.16270255233394, 9628448.617625862360001 ] ] ] ] } },
{ "type": "Feature", "properties": { }, "geometry": { "type": "MultiPolygon", "coordinates": [ [ [ [ 329716.362702552345581, 9628448.617625862360001 ], [ 329716.362702552345581, 9629479.367625862360001 ], [ 331218.562702552299015, 9629479.367625862360001 ], [ 331218.562702552299015, 9628448.617625862360001 ], [ 329716.362702552345581, 9628448.617625862360001 ] ] ] ] } },
{ "type": "Feature", "properties": { }, "geometry": { "type": "MultiPolygon", "coordinates": [ [ [ [ 331218.562702552357223, 9628448.617625862360001 ], [ 331218.562702552357223, 9629479.367625862360001 ], [ 332720.762702552310657, 9629479.367625862360001 ], [ 332720.762702552310657, 9628448.617625862360001 ], [ 331218.562702552357223, 9628448.617625862360001 ] ] ] ] } },
{ "type": "Feature", "properties": { }, "geometry": { "type": "MultiPolygon", "coordinates": [ [ [ [ 332720.762702552368864, 9628448.617625862360001 ], [ 332720.762702552368864, 9629479.367625862360001 ], [ 334222.962702552322298, 9629479.367625862360001 ], [ 334222.962702552322298, 9628448.617625862360001 ], [ 332720.762702552368864, 9628448.617625862360001 ] ] ] ] } },
{ "type": "Feature", "properties": { }, "geometry": { "type": "MultiPolygon", "coordinates": [ [ [ [ 334222.962702552322298, 9628448.617625862360001 ], [ 334222.962702552322298, 9629479.367625862360001 ], [ 335725.162702552275732, 9629479.367625862360001 ], [ 335725.162702552275732, 9628448.617625862360001 ], [ 334222.962702552322298, 9628448.617625862360001 ] ] ] ] } },
{ "type": "Feature", "properties": { }, "geometry": { "type": "MultiPolygon", "coordinates": [ [ [ [ 335725.16270255233394, 9628448.617625862360001 ], [ 335725.16270255233394, 9629479.367625862360001 ], [ 337227.362702552287374, 9629479.367625862360001 ], [ 337227.362702552287374, 9628448.617625862360001 ], [ 335725.16270255233394, 9628448.617625862360001 ] ] ] ] } },
{ "type": "Feature", "properties": { }, "geometry": { "type": "MultiPolygon", "coordinates": [ [ [ [ 337227.362702552345581, 9628448.617625862360001 ], [ 337227.362702552345581, 9629479.367625862360001 ], [ 338729.562702552299015, 9629479.367625862360001 ], [ 338729.562702552299015, 9628448.617625862360001 ], [ 337227.362702552345581, 9628448.617625862360001 ] ] ] ] } },
{ "type": "Feature", "properties": { }, "geometry": { "type": "MultiPolygon", "coordinates": [ [ [ [ 338729.562702552357223, 9628448.617625862360001 ], [ 338729.562702552357223, 9629479.367625862360001 ], [ 340231.762702552310657, 9629479.367625862360001 ], [ 340231.762702552310657, 9628448.617625862360001 ], [ 338729.562702552357223, 9628448.617625862360001 ] ] ] ] } },
{ "type": "Feature", "properties": { }, "geometry": { "type": "MultiPolygon", "coordinates": [ [ [ [ 340231.762702552368864, 9628448.617625862360001 ], [ 340231.762702552368864, 9629479.367625862360001 ], [ 341733.962702552322298, 9629479.367625862360001 ], [ 341733.962702552322298, 9628448.617625862360001 ], [ 340231.762702552368864, 9628448.617625862360001 ] ] ] ] } },
{ "type": "Feature", "properties": { }, "geometry": { "type": "MultiPolygon", "coordinates": [ [ [ [ 341733.962702552322298, 9628448.617625862360001 ], [ 341733.962702552322298, 9629479.367625862360001 ], [ 343236.162702552275732, 9629479.367625862360001 ], [ 343236.162702552275732, 9628448.617625862360001 ], [ 341733.962702552322298, 9628448.617625862360001 ] ] ] ] } },
{ "type": "Feature", "properties": { }, "geometry": { "type": "MultiPolygon", "coordinates": [ [ [ [ 343236.16270255233394, 9628448.617625862360001 ], [ 343236.16270255233394, 9629479.367625862360001 ], [ 344738.362702552287374, 9629479.367625862360001 ], [ 344738.362702552287374, 9628448.617625862360001 ], [ 343236.16270255233394, 9628448.617625862360001 ] ] ] ] } },
{ "type": "Feature", "properties": { }, "geometry": { "type": "MultiPolygon", "coordinates": [ [ [ [ 344738.362702552345581, 9628448.617625862360001 ], [ 344738.362702552345581, 9629479.367625862360001 ], [ 346240.562702552299015, 9629479.367625862360001 ], [ 346240.562702552299015, 9628448.617625862360001 ], [ 344738.362702552345581, 9628448.617625862360001 ] ] ] ] } },
{ "type": "Feature", "properties": { }, "geometry": { "type": "MultiPolygon", "coordinates": [ [ [ [ 346240.562702552357223, 9628448.617625862360001 ], [ 346240.562702552357223, 9629479.367625862360001 ], [ 347742.762702552310657, 9629479.367625862360001 ], [ 347742.762702552310657, 9628448.617625862360001 ], [ 346240.562702552357223, 9628448.617625862360001 ] ] ] ] } },
{ "type": "Feature", "properties": { }, "geometry": { "type": "MultiPolygon", "coordinates": [ [ [ [ 347742.762702552368864, 9628448.617625862360001 ], [ 347742.762702552368864, 9629479.367625862360001 ], [ 349244.962702552322298, 9629479.367625862360001 ], [ 349244.962702552322298, 9628448.617625862360001 ], [ 347742.762702552368864, 9628448.617625862360001 ] ] ] ] } },
{ "type": "Feature", "properties": { }, "geometry": { "type": "MultiPolygon", "coordinates": [ [ [ [ 349244.962702552322298, 9628448.617625862360001 ], [ 349244.962702552322298, 9629479.367625862360001 ], [ 350747.162702552275732, 9629479.367625862360001 ], [ 350747.162702552275732, 9628448.617625862360001 ], [ 349244.962702552322298, 9628448.617625862360001 ] ] ] ] } },
{ "type": "Feature", "properties": { }, "geometry": { "type": "MultiPolygon", "coordinates": [ [ [ [ 350747.16270255233394, 9628448.617625862360001 ], [ 350747.16270255233394, 9629479.367625862360001 ], [ 352249.362702552287374, 9629479.367625862360001 ], [ 352249.362702552287374, 9628448.617625862360001 ], [ 350747.16270255233394, 9628448.617625862360001 ] ] ] ] } },
{ "type": "Feature", "properties": { }, "geometry": { "type": "MultiPolygon", "coordinates": [ [ [ [ 352249.362702552345581, 9628448.617625862360001 ], [ 352249.362702552345581, 9629479.367625862360001 ], [ 353751.562702552299015, 9629479.367625862360001 ], [ 353751.562702552299015, 9628448.617625862360001 ], [ 352249.362702552345581, 9628448.617625862360001 ] ] ] ] } },
{ "type": "Feature", "properties": { }, "geometry": { "type": "MultiPolygon", "coordinates": [ [ [ [ 353751.562702552357223, 9628448.617625862360001 ], [ 353751.562702552357223, 9629479.367625862360001 ], [ 355253.762702552310657, 9629479.367625862360001 ], [ 355253.762702552310657, 9628448.617625862360001 ], [ 353751.562702552357223, 9628448.617625862360001 ] ] ] ] } },
{ "type": "Feature", "properties": { }, "geometry": { "type": "MultiPolygon", "coordinates": [ [ [ [ 355253.762702552368864, 9628448.617625862360001 ], [ 355253.762702552368864, 9629479.367625862360001 ], [ 356755.962702552322298, 9629479.367625862360001 ], [ 356755.962702552322298, 9628448.617625862360001 ], [ 355253.762702552368864, 9628448.617625862360001 ] ] ] ] } },
{ "type": "Feature", "properties": { }, "geometry": { "type": "MultiPolygon", "coordinates": [ [ [ [ 281645.962702552322298, 9627417.867625862360001 ], [ 281645.962702552322298, 9628448.617625862360001 ], [ 283148.162702552275732, 9628448.617625862360001 ], [ 283148.162702552275732, 9627417.867625862360001 ], [ 281645.962702552322298, 9627417.867625862360001 ] ] ] ] } },
{ "type": "Feature", "properties": { }, "geometry": { "type": "MultiPolygon", "coordinates": [ [ [ [ 283148.16270255233394, 9627417.867625862360001 ], [ 283148.16270255233394, 9628448.617625862360001 ], [ 284650.362702552287374, 9628448.617625862360001 ], [ 284650.362702552287374, 9627417.867625862360001 ], [ 283148.16270255233394, 9627417.867625862360001 ] ] ] ] } },
{ "type": "Feature", "properties": { }, "geometry": { "type": "MultiPolygon", "coordinates": [ [ [ [ 284650.362702552345581, 9627417.867625862360001 ], [ 284650.362702552345581, 9628448.617625862360001 ], [ 286152.562702552299015, 9628448.617625862360001 ], [ 286152.562702552299015, 9627417.867625862360001 ], [ 284650.362702552345581, 9627417.867625862360001 ] ] ] ] } },
{ "type": "Feature", "properties": { }, "geometry": { "type": "MultiPolygon", "coordinates": [ [ [ [ 286152.562702552357223, 9627417.867625862360001 ], [ 286152.562702552357223, 9628448.617625862360001 ], [ 287654.762702552310657, 9628448.617625862360001 ], [ 287654.762702552310657, 9627417.867625862360001 ], [ 286152.562702552357223, 9627417.867625862360001 ] ] ] ] } },
{ "type": "Feature", "properties": { }, "geometry": { "type": "MultiPolygon", "coordinates": [ [ [ [ 287654.762702552368864, 9627417.867625862360001 ], [ 287654.762702552368864, 9628448.617625862360001 ], [ 289156.962702552322298, 9628448.617625862360001 ], [ 289156.962702552322298, 9627417.867625862360001 ], [ 287654.762702552368864, 9627417.867625862360001 ] ] ] ] } },
{ "type": "Feature", "properties": { }, "geometry": { "type": "MultiPolygon", "coordinates": [ [ [ [ 289156.962702552322298, 9627417.867625862360001 ], [ 289156.962702552322298, 9628448.617625862360001 ], [ 290659.162702552275732, 9628448.617625862360001 ], [ 290659.162702552275732, 9627417.867625862360001 ], [ 289156.962702552322298, 9627417.867625862360001 ] ] ] ] } },
{ "type": "Feature", "properties": { }, "geometry": { "type": "MultiPolygon", "coordinates": [ [ [ [ 290659.16270255233394, 9627417.867625862360001 ], [ 290659.16270255233394, 9628448.617625862360001 ], [ 292161.362702552287374, 9628448.617625862360001 ], [ 292161.362702552287374, 9627417.867625862360001 ], [ 290659.16270255233394, 9627417.867625862360001 ] ] ] ] } },
{ "type": "Feature", "properties": { }, "geometry": { "type": "MultiPolygon", "coordinates": [ [ [ [ 292161.362702552345581, 9627417.867625862360001 ], [ 292161.362702552345581, 9628448.617625862360001 ], [ 293663.562702552299015, 9628448.617625862360001 ], [ 293663.562702552299015, 9627417.867625862360001 ], [ 292161.362702552345581, 9627417.867625862360001 ] ] ] ] } },
{ "type": "Feature", "properties": { }, "geometry": { "type": "MultiPolygon", "coordinates": [ [ [ [ 293663.562702552357223, 9627417.867625862360001 ], [ 293663.562702552357223, 9628448.617625862360001 ], [ 295165.762702552310657, 9628448.617625862360001 ], [ 295165.762702552310657, 9627417.867625862360001 ], [ 293663.562702552357223, 9627417.867625862360001 ] ] ] ] } },
{ "type": "Feature", "properties": { }, "geometry": { "type": "MultiPolygon", "coordinates": [ [ [ [ 295165.762702552368864, 9627417.867625862360001 ], [ 295165.762702552368864, 9628448.617625862360001 ], [ 296667.962702552322298, 9628448.617625862360001 ], [ 296667.962702552322298, 9627417.867625862360001 ], [ 295165.762702552368864, 9627417.867625862360001 ] ] ] ] } },
{ "type": "Feature", "properties": { }, "geometry": { "type": "MultiPolygon", "coordinates": [ [ [ [ 296667.962702552322298, 9627417.867625862360001 ], [ 296667.962702552322298, 9628448.617625862360001 ], [ 298170.162702552275732, 9628448.617625862360001 ], [ 298170.162702552275732, 9627417.867625862360001 ], [ 296667.962702552322298, 9627417.867625862360001 ] ] ] ] } },
{ "type": "Feature", "properties": { }, "geometry": { "type": "MultiPolygon", "coordinates": [ [ [ [ 298170.16270255233394, 9627417.867625862360001 ], [ 298170.16270255233394, 9628448.617625862360001 ], [ 299672.362702552287374, 9628448.617625862360001 ], [ 299672.362702552287374, 9627417.867625862360001 ], [ 298170.16270255233394, 9627417.867625862360001 ] ] ] ] } },
{ "type": "Feature", "properties": { }, "geometry": { "type": "MultiPolygon", "coordinates": [ [ [ [ 299672.362702552345581, 9627417.867625862360001 ], [ 299672.362702552345581, 9628448.617625862360001 ], [ 301174.562702552299015, 9628448.617625862360001 ], [ 301174.562702552299015, 9627417.867625862360001 ], [ 299672.362702552345581, 9627417.867625862360001 ] ] ] ] } },
{ "type": "Feature", "properties": { }, "geometry": { "type": "MultiPolygon", "coordinates": [ [ [ [ 301174.562702552357223, 9627417.867625862360001 ], [ 301174.562702552357223, 9628448.617625862360001 ], [ 302676.762702552310657, 9628448.617625862360001 ], [ 302676.762702552310657, 9627417.867625862360001 ], [ 301174.562702552357223, 9627417.867625862360001 ] ] ] ] } },
{ "type": "Feature", "properties": { }, "geometry": { "type": "MultiPolygon", "coordinates": [ [ [ [ 302676.762702552368864, 9627417.867625862360001 ], [ 302676.762702552368864, 9628448.617625862360001 ], [ 304178.962702552322298, 9628448.617625862360001 ], [ 304178.962702552322298, 9627417.867625862360001 ], [ 302676.762702552368864, 9627417.867625862360001 ] ] ] ] } },
{ "type": "Feature", "properties": { }, "geometry": { "type": "MultiPolygon", "coordinates": [ [ [ [ 304178.962702552322298, 9627417.867625862360001 ], [ 304178.962702552322298, 9628448.617625862360001 ], [ 305681.162702552275732, 9628448.617625862360001 ], [ 305681.162702552275732, 9627417.867625862360001 ], [ 304178.962702552322298, 9627417.867625862360001 ] ] ] ] } },
{ "type": "Feature", "properties": { }, "geometry": { "type": "MultiPolygon", "coordinates": [ [ [ [ 305681.16270255233394, 9627417.867625862360001 ], [ 305681.16270255233394, 9628448.617625862360001 ], [ 307183.362702552287374, 9628448.617625862360001 ], [ 307183.362702552287374, 9627417.867625862360001 ], [ 305681.16270255233394, 9627417.867625862360001 ] ] ] ] } },
{ "type": "Feature", "properties": { }, "geometry": { "type": "MultiPolygon", "coordinates": [ [ [ [ 307183.362702552345581, 9627417.867625862360001 ], [ 307183.362702552345581, 9628448.617625862360001 ], [ 308685.562702552299015, 9628448.617625862360001 ], [ 308685.562702552299015, 9627417.867625862360001 ], [ 307183.362702552345581, 9627417.867625862360001 ] ] ] ] } },
{ "type": "Feature", "properties": { }, "geometry": { "type": "MultiPolygon", "coordinates": [ [ [ [ 308685.562702552357223, 9627417.867625862360001 ], [ 308685.562702552357223, 9628448.617625862360001 ], [ 310187.762702552310657, 9628448.617625862360001 ], [ 310187.762702552310657, 9627417.867625862360001 ], [ 308685.562702552357223, 9627417.867625862360001 ] ] ] ] } },
{ "type": "Feature", "properties": { }, "geometry": { "type": "MultiPolygon", "coordinates": [ [ [ [ 310187.762702552368864, 9627417.867625862360001 ], [ 310187.762702552368864, 9628448.617625862360001 ], [ 311689.962702552322298, 9628448.617625862360001 ], [ 311689.962702552322298, 9627417.867625862360001 ], [ 310187.762702552368864, 9627417.867625862360001 ] ] ] ] } },
{ "type": "Feature", "properties": { }, "geometry": { "type": "MultiPolygon", "coordinates": [ [ [ [ 311689.962702552322298, 9627417.867625862360001 ], [ 311689.962702552322298, 9628448.617625862360001 ], [ 313192.162702552275732, 9628448.617625862360001 ], [ 313192.162702552275732, 9627417.867625862360001 ], [ 311689.962702552322298, 9627417.867625862360001 ] ] ] ] } },
{ "type": "Feature", "properties": { }, "geometry": { "type": "MultiPolygon", "coordinates": [ [ [ [ 313192.16270255233394, 9627417.867625862360001 ], [ 313192.16270255233394, 9628448.617625862360001 ], [ 314694.362702552287374, 9628448.617625862360001 ], [ 314694.362702552287374, 9627417.867625862360001 ], [ 313192.16270255233394, 9627417.867625862360001 ] ] ] ] } },
{ "type": "Feature", "properties": { }, "geometry": { "type": "MultiPolygon", "coordinates": [ [ [ [ 314694.362702552345581, 9627417.867625862360001 ], [ 314694.362702552345581, 9628448.617625862360001 ], [ 316196.562702552299015, 9628448.617625862360001 ], [ 316196.562702552299015, 9627417.867625862360001 ], [ 314694.362702552345581, 9627417.867625862360001 ] ] ] ] } },
{ "type": "Feature", "properties": { }, "geometry": { "type": "MultiPolygon", "coordinates": [ [ [ [ 316196.562702552357223, 9627417.867625862360001 ], [ 316196.562702552357223, 9628448.617625862360001 ], [ 317698.762702552310657, 9628448.617625862360001 ], [ 317698.762702552310657, 9627417.867625862360001 ], [ 316196.562702552357223, 9627417.867625862360001 ] ] ] ] } },
{ "type": "Feature", "properties": { }, "geometry": { "type": "MultiPolygon", "coordinates": [ [ [ [ 317698.762702552368864, 9627417.867625862360001 ], [ 317698.762702552368864, 9628448.617625862360001 ], [ 319200.962702552322298, 9628448.617625862360001 ], [ 319200.962702552322298, 9627417.867625862360001 ], [ 317698.762702552368864, 9627417.867625862360001 ] ] ] ] } },
{ "type": "Feature", "properties": { }, "geometry": { "type": "MultiPolygon", "coordinates": [ [ [ [ 319200.962702552322298, 9627417.867625862360001 ], [ 319200.962702552322298, 9628448.617625862360001 ], [ 320703.162702552275732, 9628448.617625862360001 ], [ 320703.162702552275732, 9627417.867625862360001 ], [ 319200.962702552322298, 9627417.867625862360001 ] ] ] ] } },
{ "type": "Feature", "properties": { }, "geometry": { "type": "MultiPolygon", "coordinates": [ [ [ [ 320703.16270255233394, 9627417.867625862360001 ], [ 320703.16270255233394, 9628448.617625862360001 ], [ 322205.362702552287374, 9628448.617625862360001 ], [ 322205.362702552287374, 9627417.867625862360001 ], [ 320703.16270255233394, 9627417.867625862360001 ] ] ] ] } },
{ "type": "Feature", "properties": { }, "geometry": { "type": "MultiPolygon", "coordinates": [ [ [ [ 322205.362702552345581, 9627417.867625862360001 ], [ 322205.362702552345581, 9628448.617625862360001 ], [ 323707.562702552299015, 9628448.617625862360001 ], [ 323707.562702552299015, 9627417.867625862360001 ], [ 322205.362702552345581, 9627417.867625862360001 ] ] ] ] } },
{ "type": "Feature", "properties": { }, "geometry": { "type": "MultiPolygon", "coordinates": [ [ [ [ 323707.562702552357223, 9627417.867625862360001 ], [ 323707.562702552357223, 9628448.617625862360001 ], [ 325209.762702552310657, 9628448.617625862360001 ], [ 325209.762702552310657, 9627417.867625862360001 ], [ 323707.562702552357223, 9627417.867625862360001 ] ] ] ] } },
{ "type": "Feature", "properties": { }, "geometry": { "type": "MultiPolygon", "coordinates": [ [ [ [ 325209.762702552368864, 9627417.867625862360001 ], [ 325209.762702552368864, 9628448.617625862360001 ], [ 326711.962702552322298, 9628448.617625862360001 ], [ 326711.962702552322298, 9627417.867625862360001 ], [ 325209.762702552368864, 9627417.867625862360001 ] ] ] ] } },
{ "type": "Feature", "properties": { }, "geometry": { "type": "MultiPolygon", "coordinates": [ [ [ [ 326711.962702552322298, 9627417.867625862360001 ], [ 326711.962702552322298, 9628448.617625862360001 ], [ 328214.162702552275732, 9628448.617625862360001 ], [ 328214.162702552275732, 9627417.867625862360001 ], [ 326711.962702552322298, 9627417.867625862360001 ] ] ] ] } },
{ "type": "Feature", "properties": { }, "geometry": { "type": "MultiPolygon", "coordinates": [ [ [ [ 328214.16270255233394, 9627417.867625862360001 ], [ 328214.16270255233394, 9628448.617625862360001 ], [ 329716.362702552287374, 9628448.617625862360001 ], [ 329716.362702552287374, 9627417.867625862360001 ], [ 328214.16270255233394, 9627417.867625862360001 ] ] ] ] } },
{ "type": "Feature", "properties": { }, "geometry": { "type": "MultiPolygon", "coordinates": [ [ [ [ 329716.362702552345581, 9627417.867625862360001 ], [ 329716.362702552345581, 9628448.617625862360001 ], [ 331218.562702552299015, 9628448.617625862360001 ], [ 331218.562702552299015, 9627417.867625862360001 ], [ 329716.362702552345581, 9627417.867625862360001 ] ] ] ] } },
{ "type": "Feature", "properties": { }, "geometry": { "type": "MultiPolygon", "coordinates": [ [ [ [ 331218.562702552357223, 9627417.867625862360001 ], [ 331218.562702552357223, 9628448.617625862360001 ], [ 332720.762702552310657, 9628448.617625862360001 ], [ 332720.762702552310657, 9627417.867625862360001 ], [ 331218.562702552357223, 9627417.867625862360001 ] ] ] ] } },
{ "type": "Feature", "properties": { }, "geometry": { "type": "MultiPolygon", "coordinates": [ [ [ [ 332720.762702552368864, 9627417.867625862360001 ], [ 332720.762702552368864, 9628448.617625862360001 ], [ 334222.962702552322298, 9628448.617625862360001 ], [ 334222.962702552322298, 9627417.867625862360001 ], [ 332720.762702552368864, 9627417.867625862360001 ] ] ] ] } },
{ "type": "Feature", "properties": { }, "geometry": { "type": "MultiPolygon", "coordinates": [ [ [ [ 334222.962702552322298, 9627417.867625862360001 ], [ 334222.962702552322298, 9628448.617625862360001 ], [ 335725.162702552275732, 9628448.617625862360001 ], [ 335725.162702552275732, 9627417.867625862360001 ], [ 334222.962702552322298, 9627417.867625862360001 ] ] ] ] } },
{ "type": "Feature", "properties": { }, "geometry": { "type": "MultiPolygon", "coordinates": [ [ [ [ 335725.16270255233394, 9627417.867625862360001 ], [ 335725.16270255233394, 9628448.617625862360001 ], [ 337227.362702552287374, 9628448.617625862360001 ], [ 337227.362702552287374, 9627417.867625862360001 ], [ 335725.16270255233394, 9627417.867625862360001 ] ] ] ] } },
{ "type": "Feature", "properties": { }, "geometry": { "type": "MultiPolygon", "coordinates": [ [ [ [ 337227.362702552345581, 9627417.867625862360001 ], [ 337227.362702552345581, 9628448.617625862360001 ], [ 338729.562702552299015, 9628448.617625862360001 ], [ 338729.562702552299015, 9627417.867625862360001 ], [ 337227.362702552345581, 9627417.867625862360001 ] ] ] ] } },
{ "type": "Feature", "properties": { }, "geometry": { "type": "MultiPolygon", "coordinates": [ [ [ [ 338729.562702552357223, 9627417.867625862360001 ], [ 338729.562702552357223, 9628448.617625862360001 ], [ 340231.762702552310657, 9628448.617625862360001 ], [ 340231.762702552310657, 9627417.867625862360001 ], [ 338729.562702552357223, 9627417.867625862360001 ] ] ] ] } },
{ "type": "Feature", "properties": { }, "geometry": { "type": "MultiPolygon", "coordinates": [ [ [ [ 340231.762702552368864, 9627417.867625862360001 ], [ 340231.762702552368864, 9628448.617625862360001 ], [ 341733.962702552322298, 9628448.617625862360001 ], [ 341733.962702552322298, 9627417.867625862360001 ], [ 340231.762702552368864, 9627417.867625862360001 ] ] ] ] } },
{ "type": "Feature", "properties": { }, "geometry": { "type": "MultiPolygon", "coordinates": [ [ [ [ 341733.962702552322298, 9627417.867625862360001 ], [ 341733.962702552322298, 9628448.617625862360001 ], [ 343236.162702552275732, 9628448.617625862360001 ], [ 343236.162702552275732, 9627417.867625862360001 ], [ 341733.962702552322298, 9627417.867625862360001 ] ] ] ] } },
{ "type": "Feature", "properties": { }, "geometry": { "type": "MultiPolygon", "coordinates": [ [ [ [ 343236.16270255233394, 9627417.867625862360001 ], [ 343236.16270255233394, 9628448.617625862360001 ], [ 344738.362702552287374, 9628448.617625862360001 ], [ 344738.362702552287374, 9627417.867625862360001 ], [ 343236.16270255233394, 9627417.867625862360001 ] ] ] ] } },
{ "type": "Feature", "properties": { }, "geometry": { "type": "MultiPolygon", "coordinates": [ [ [ [ 344738.362702552345581, 9627417.867625862360001 ], [ 344738.362702552345581, 9628448.617625862360001 ], [ 346240.562702552299015, 9628448.617625862360001 ], [ 346240.562702552299015, 9627417.867625862360001 ], [ 344738.362702552345581, 9627417.867625862360001 ] ] ] ] } },
{ "type": "Feature", "properties": { }, "geometry": { "type": "MultiPolygon", "coordinates": [ [ [ [ 346240.562702552357223, 9627417.867625862360001 ], [ 346240.562702552357223, 9628448.617625862360001 ], [ 347742.762702552310657, 9628448.617625862360001 ], [ 347742.762702552310657, 9627417.867625862360001 ], [ 346240.562702552357223, 9627417.867625862360001 ] ] ] ] } },
{ "type": "Feature", "properties": { }, "geometry": { "type": "MultiPolygon", "coordinates": [ [ [ [ 347742.762702552368864, 9627417.867625862360001 ], [ 347742.762702552368864, 9628448.617625862360001 ], [ 349244.962702552322298, 9628448.617625862360001 ], [ 349244.962702552322298, 9627417.867625862360001 ], [ 347742.762702552368864, 9627417.867625862360001 ] ] ] ] } },
{ "type": "Feature", "properties": { }, "geometry": { "type": "MultiPolygon", "coordinates": [ [ [ [ 349244.962702552322298, 9627417.867625862360001 ], [ 349244.962702552322298, 9628448.617625862360001 ], [ 350747.162702552275732, 9628448.617625862360001 ], [ 350747.162702552275732, 9627417.867625862360001 ], [ 349244.962702552322298, 9627417.867625862360001 ] ] ] ] } },
{ "type": "Feature", "properties": { }, "geometry": { "type": "MultiPolygon", "coordinates": [ [ [ [ 350747.16270255233394, 9627417.867625862360001 ], [ 350747.16270255233394, 9628448.617625862360001 ], [ 352249.362702552287374, 9628448.617625862360001 ], [ 352249.362702552287374, 9627417.867625862360001 ], [ 350747.16270255233394, 9627417.867625862360001 ] ] ] ] } },
{ "type": "Feature", "properties": { }, "geometry": { "type": "MultiPolygon", "coordinates": [ [ [ [ 352249.362702552345581, 9627417.867625862360001 ], [ 352249.362702552345581, 9628448.617625862360001 ], [ 353751.562702552299015, 9628448.617625862360001 ], [ 353751.562702552299015, 9627417.867625862360001 ], [ 352249.362702552345581, 9627417.867625862360001 ] ] ] ] } },
{ "type": "Feature", "properties": { }, "geometry": { "type": "MultiPolygon", "coordinates": [ [ [ [ 353751.562702552357223, 9627417.867625862360001 ], [ 353751.562702552357223, 9628448.617625862360001 ], [ 355253.762702552310657, 9628448.617625862360001 ], [ 355253.762702552310657, 9627417.867625862360001 ], [ 353751.562702552357223, 9627417.867625862360001 ] ] ] ] } },
{ "type": "Feature", "properties": { }, "geometry": { "type": "MultiPolygon", "coordinates": [ [ [ [ 355253.762702552368864, 9627417.867625862360001 ], [ 355253.762702552368864, 9628448.617625862360001 ], [ 356755.962702552322298, 9628448.617625862360001 ], [ 356755.962702552322298, 9627417.867625862360001 ], [ 355253.762702552368864, 9627417.867625862360001 ] ] ] ] } },
{ "type": "Feature", "properties": { }, "geometry": { "type": "MultiPolygon", "coordinates": [ [ [ [ 281645.962702552322298, 9626387.117625862360001 ], [ 281645.962702552322298, 9627417.867625862360001 ], [ 283148.162702552275732, 9627417.867625862360001 ], [ 283148.162702552275732, 9626387.117625862360001 ], [ 281645.962702552322298, 9626387.117625862360001 ] ] ] ] } },
{ "type": "Feature", "properties": { }, "geometry": { "type": "MultiPolygon", "coordinates": [ [ [ [ 283148.16270255233394, 9626387.117625862360001 ], [ 283148.16270255233394, 9627417.867625862360001 ], [ 284650.362702552287374, 9627417.867625862360001 ], [ 284650.362702552287374, 9626387.117625862360001 ], [ 283148.16270255233394, 9626387.117625862360001 ] ] ] ] } },
{ "type": "Feature", "properties": { }, "geometry": { "type": "MultiPolygon", "coordinates": [ [ [ [ 284650.362702552345581, 9626387.117625862360001 ], [ 284650.362702552345581, 9627417.867625862360001 ], [ 286152.562702552299015, 9627417.867625862360001 ], [ 286152.562702552299015, 9626387.117625862360001 ], [ 284650.362702552345581, 9626387.117625862360001 ] ] ] ] } },
{ "type": "Feature", "properties": { }, "geometry": { "type": "MultiPolygon", "coordinates": [ [ [ [ 286152.562702552357223, 9626387.117625862360001 ], [ 286152.562702552357223, 9627417.867625862360001 ], [ 287654.762702552310657, 9627417.867625862360001 ], [ 287654.762702552310657, 9626387.117625862360001 ], [ 286152.562702552357223, 9626387.117625862360001 ] ] ] ] } },
{ "type": "Feature", "properties": { }, "geometry": { "type": "MultiPolygon", "coordinates": [ [ [ [ 287654.762702552368864, 9626387.117625862360001 ], [ 287654.762702552368864, 9627417.867625862360001 ], [ 289156.962702552322298, 9627417.867625862360001 ], [ 289156.962702552322298, 9626387.117625862360001 ], [ 287654.762702552368864, 9626387.117625862360001 ] ] ] ] } },
{ "type": "Feature", "properties": { }, "geometry": { "type": "MultiPolygon", "coordinates": [ [ [ [ 289156.962702552322298, 9626387.117625862360001 ], [ 289156.962702552322298, 9627417.867625862360001 ], [ 290659.162702552275732, 9627417.867625862360001 ], [ 290659.162702552275732, 9626387.117625862360001 ], [ 289156.962702552322298, 9626387.117625862360001 ] ] ] ] } },
{ "type": "Feature", "properties": { }, "geometry": { "type": "MultiPolygon", "coordinates": [ [ [ [ 290659.16270255233394, 9626387.117625862360001 ], [ 290659.16270255233394, 9627417.867625862360001 ], [ 292161.362702552287374, 9627417.867625862360001 ], [ 292161.362702552287374, 9626387.117625862360001 ], [ 290659.16270255233394, 9626387.117625862360001 ] ] ] ] } },
{ "type": "Feature", "properties": { }, "geometry": { "type": "MultiPolygon", "coordinates": [ [ [ [ 292161.362702552345581, 9626387.117625862360001 ], [ 292161.362702552345581, 9627417.867625862360001 ], [ 293663.562702552299015, 9627417.867625862360001 ], [ 293663.562702552299015, 9626387.117625862360001 ], [ 292161.362702552345581, 9626387.117625862360001 ] ] ] ] } },
{ "type": "Feature", "properties": { }, "geometry": { "type": "MultiPolygon", "coordinates": [ [ [ [ 293663.562702552357223, 9626387.117625862360001 ], [ 293663.562702552357223, 9627417.867625862360001 ], [ 295165.762702552310657, 9627417.867625862360001 ], [ 295165.762702552310657, 9626387.117625862360001 ], [ 293663.562702552357223, 9626387.117625862360001 ] ] ] ] } },
{ "type": "Feature", "properties": { }, "geometry": { "type": "MultiPolygon", "coordinates": [ [ [ [ 295165.762702552368864, 9626387.117625862360001 ], [ 295165.762702552368864, 9627417.867625862360001 ], [ 296667.962702552322298, 9627417.867625862360001 ], [ 296667.962702552322298, 9626387.117625862360001 ], [ 295165.762702552368864, 9626387.117625862360001 ] ] ] ] } },
{ "type": "Feature", "properties": { }, "geometry": { "type": "MultiPolygon", "coordinates": [ [ [ [ 296667.962702552322298, 9626387.117625862360001 ], [ 296667.962702552322298, 9627417.867625862360001 ], [ 298170.162702552275732, 9627417.867625862360001 ], [ 298170.162702552275732, 9626387.117625862360001 ], [ 296667.962702552322298, 9626387.117625862360001 ] ] ] ] } },
{ "type": "Feature", "properties": { }, "geometry": { "type": "MultiPolygon", "coordinates": [ [ [ [ 298170.16270255233394, 9626387.117625862360001 ], [ 298170.16270255233394, 9627417.867625862360001 ], [ 299672.362702552287374, 9627417.867625862360001 ], [ 299672.362702552287374, 9626387.117625862360001 ], [ 298170.16270255233394, 9626387.117625862360001 ] ] ] ] } },
{ "type": "Feature", "properties": { }, "geometry": { "type": "MultiPolygon", "coordinates": [ [ [ [ 299672.362702552345581, 9626387.117625862360001 ], [ 299672.362702552345581, 9627417.867625862360001 ], [ 301174.562702552299015, 9627417.867625862360001 ], [ 301174.562702552299015, 9626387.117625862360001 ], [ 299672.362702552345581, 9626387.117625862360001 ] ] ] ] } },
{ "type": "Feature", "properties": { }, "geometry": { "type": "MultiPolygon", "coordinates": [ [ [ [ 301174.562702552357223, 9626387.117625862360001 ], [ 301174.562702552357223, 9627417.867625862360001 ], [ 302676.762702552310657, 9627417.867625862360001 ], [ 302676.762702552310657, 9626387.117625862360001 ], [ 301174.562702552357223, 9626387.117625862360001 ] ] ] ] } },
{ "type": "Feature", "properties": { }, "geometry": { "type": "MultiPolygon", "coordinates": [ [ [ [ 302676.762702552368864, 9626387.117625862360001 ], [ 302676.762702552368864, 9627417.867625862360001 ], [ 304178.962702552322298, 9627417.867625862360001 ], [ 304178.962702552322298, 9626387.117625862360001 ], [ 302676.762702552368864, 9626387.117625862360001 ] ] ] ] } },
{ "type": "Feature", "properties": { }, "geometry": { "type": "MultiPolygon", "coordinates": [ [ [ [ 304178.962702552322298, 9626387.117625862360001 ], [ 304178.962702552322298, 9627417.867625862360001 ], [ 305681.162702552275732, 9627417.867625862360001 ], [ 305681.162702552275732, 9626387.117625862360001 ], [ 304178.962702552322298, 9626387.117625862360001 ] ] ] ] } },
{ "type": "Feature", "properties": { }, "geometry": { "type": "MultiPolygon", "coordinates": [ [ [ [ 305681.16270255233394, 9626387.117625862360001 ], [ 305681.16270255233394, 9627417.867625862360001 ], [ 307183.362702552287374, 9627417.867625862360001 ], [ 307183.362702552287374, 9626387.117625862360001 ], [ 305681.16270255233394, 9626387.117625862360001 ] ] ] ] } },
{ "type": "Feature", "properties": { }, "geometry": { "type": "MultiPolygon", "coordinates": [ [ [ [ 307183.362702552345581, 9626387.117625862360001 ], [ 307183.362702552345581, 9627417.867625862360001 ], [ 308685.562702552299015, 9627417.867625862360001 ], [ 308685.562702552299015, 9626387.117625862360001 ], [ 307183.362702552345581, 9626387.117625862360001 ] ] ] ] } },
{ "type": "Feature", "properties": { }, "geometry": { "type": "MultiPolygon", "coordinates": [ [ [ [ 308685.562702552357223, 9626387.117625862360001 ], [ 308685.562702552357223, 9627417.867625862360001 ], [ 310187.762702552310657, 9627417.867625862360001 ], [ 310187.762702552310657, 9626387.117625862360001 ], [ 308685.562702552357223, 9626387.117625862360001 ] ] ] ] } },
{ "type": "Feature", "properties": { }, "geometry": { "type": "MultiPolygon", "coordinates": [ [ [ [ 310187.762702552368864, 9626387.117625862360001 ], [ 310187.762702552368864, 9627417.867625862360001 ], [ 311689.962702552322298, 9627417.867625862360001 ], [ 311689.962702552322298, 9626387.117625862360001 ], [ 310187.762702552368864, 9626387.117625862360001 ] ] ] ] } },
{ "type": "Feature", "properties": { }, "geometry": { "type": "MultiPolygon", "coordinates": [ [ [ [ 311689.962702552322298, 9626387.117625862360001 ], [ 311689.962702552322298, 9627417.867625862360001 ], [ 313192.162702552275732, 9627417.867625862360001 ], [ 313192.162702552275732, 9626387.117625862360001 ], [ 311689.962702552322298, 9626387.117625862360001 ] ] ] ] } },
{ "type": "Feature", "properties": { }, "geometry": { "type": "MultiPolygon", "coordinates": [ [ [ [ 313192.16270255233394, 9626387.117625862360001 ], [ 313192.16270255233394, 9627417.867625862360001 ], [ 314694.362702552287374, 9627417.867625862360001 ], [ 314694.362702552287374, 9626387.117625862360001 ], [ 313192.16270255233394, 9626387.117625862360001 ] ] ] ] } },
{ "type": "Feature", "properties": { }, "geometry": { "type": "MultiPolygon", "coordinates": [ [ [ [ 314694.362702552345581, 9626387.117625862360001 ], [ 314694.362702552345581, 9627417.867625862360001 ], [ 316196.562702552299015, 9627417.867625862360001 ], [ 316196.562702552299015, 9626387.117625862360001 ], [ 314694.362702552345581, 9626387.117625862360001 ] ] ] ] } },
{ "type": "Feature", "properties": { }, "geometry": { "type": "MultiPolygon", "coordinates": [ [ [ [ 316196.562702552357223, 9626387.117625862360001 ], [ 316196.562702552357223, 9627417.867625862360001 ], [ 317698.762702552310657, 9627417.867625862360001 ], [ 317698.762702552310657, 9626387.117625862360001 ], [ 316196.562702552357223, 9626387.117625862360001 ] ] ] ] } },
{ "type": "Feature", "properties": { }, "geometry": { "type": "MultiPolygon", "coordinates": [ [ [ [ 317698.762702552368864, 9626387.117625862360001 ], [ 317698.762702552368864, 9627417.867625862360001 ], [ 319200.962702552322298, 9627417.867625862360001 ], [ 319200.962702552322298, 9626387.117625862360001 ], [ 317698.762702552368864, 9626387.117625862360001 ] ] ] ] } },
{ "type": "Feature", "properties": { }, "geometry": { "type": "MultiPolygon", "coordinates": [ [ [ [ 319200.962702552322298, 9626387.117625862360001 ], [ 319200.962702552322298, 9627417.867625862360001 ], [ 320703.162702552275732, 9627417.867625862360001 ], [ 320703.162702552275732, 9626387.117625862360001 ], [ 319200.962702552322298, 9626387.117625862360001 ] ] ] ] } },
{ "type": "Feature", "properties": { }, "geometry": { "type": "MultiPolygon", "coordinates": [ [ [ [ 320703.16270255233394, 9626387.117625862360001 ], [ 320703.16270255233394, 9627417.867625862360001 ], [ 322205.362702552287374, 9627417.867625862360001 ], [ 322205.362702552287374, 9626387.117625862360001 ], [ 320703.16270255233394, 9626387.117625862360001 ] ] ] ] } },
{ "type": "Feature", "properties": { }, "geometry": { "type": "MultiPolygon", "coordinates": [ [ [ [ 322205.362702552345581, 9626387.117625862360001 ], [ 322205.362702552345581, 9627417.867625862360001 ], [ 323707.562702552299015, 9627417.867625862360001 ], [ 323707.562702552299015, 9626387.117625862360001 ], [ 322205.362702552345581, 9626387.117625862360001 ] ] ] ] } },
{ "type": "Feature", "properties": { }, "geometry": { "type": "MultiPolygon", "coordinates": [ [ [ [ 323707.562702552357223, 9626387.117625862360001 ], [ 323707.562702552357223, 9627417.867625862360001 ], [ 325209.762702552310657, 9627417.867625862360001 ], [ 325209.762702552310657, 9626387.117625862360001 ], [ 323707.562702552357223, 9626387.117625862360001 ] ] ] ] } },
{ "type": "Feature", "properties": { }, "geometry": { "type": "MultiPolygon", "coordinates": [ [ [ [ 325209.762702552368864, 9626387.117625862360001 ], [ 325209.762702552368864, 9627417.867625862360001 ], [ 326711.962702552322298, 9627417.867625862360001 ], [ 326711.962702552322298, 9626387.117625862360001 ], [ 325209.762702552368864, 9626387.117625862360001 ] ] ] ] } },
{ "type": "Feature", "properties": { }, "geometry": { "type": "MultiPolygon", "coordinates": [ [ [ [ 326711.962702552322298, 9626387.117625862360001 ], [ 326711.962702552322298, 9627417.867625862360001 ], [ 328214.162702552275732, 9627417.867625862360001 ], [ 328214.162702552275732, 9626387.117625862360001 ], [ 326711.962702552322298, 9626387.117625862360001 ] ] ] ] } },
{ "type": "Feature", "properties": { }, "geometry": { "type": "MultiPolygon", "coordinates": [ [ [ [ 328214.16270255233394, 9626387.117625862360001 ], [ 328214.16270255233394, 9627417.867625862360001 ], [ 329716.362702552287374, 9627417.867625862360001 ], [ 329716.362702552287374, 9626387.117625862360001 ], [ 328214.16270255233394, 9626387.117625862360001 ] ] ] ] } },
{ "type": "Feature", "properties": { }, "geometry": { "type": "MultiPolygon", "coordinates": [ [ [ [ 329716.362702552345581, 9626387.117625862360001 ], [ 329716.362702552345581, 9627417.867625862360001 ], [ 331218.562702552299015, 9627417.867625862360001 ], [ 331218.562702552299015, 9626387.117625862360001 ], [ 329716.362702552345581, 9626387.117625862360001 ] ] ] ] } },
{ "type": "Feature", "properties": { }, "geometry": { "type": "MultiPolygon", "coordinates": [ [ [ [ 331218.562702552357223, 9626387.117625862360001 ], [ 331218.562702552357223, 9627417.867625862360001 ], [ 332720.762702552310657, 9627417.867625862360001 ], [ 332720.762702552310657, 9626387.117625862360001 ], [ 331218.562702552357223, 9626387.117625862360001 ] ] ] ] } },
{ "type": "Feature", "properties": { }, "geometry": { "type": "MultiPolygon", "coordinates": [ [ [ [ 332720.762702552368864, 9626387.117625862360001 ], [ 332720.762702552368864, 9627417.867625862360001 ], [ 334222.962702552322298, 9627417.867625862360001 ], [ 334222.962702552322298, 9626387.117625862360001 ], [ 332720.762702552368864, 9626387.117625862360001 ] ] ] ] } },
{ "type": "Feature", "properties": { }, "geometry": { "type": "MultiPolygon", "coordinates": [ [ [ [ 334222.962702552322298, 9626387.117625862360001 ], [ 334222.962702552322298, 9627417.867625862360001 ], [ 335725.162702552275732, 9627417.867625862360001 ], [ 335725.162702552275732, 9626387.117625862360001 ], [ 334222.962702552322298, 9626387.117625862360001 ] ] ] ] } },
{ "type": "Feature", "properties": { }, "geometry": { "type": "MultiPolygon", "coordinates": [ [ [ [ 335725.16270255233394, 9626387.117625862360001 ], [ 335725.16270255233394, 9627417.867625862360001 ], [ 337227.362702552287374, 9627417.867625862360001 ], [ 337227.362702552287374, 9626387.117625862360001 ], [ 335725.16270255233394, 9626387.117625862360001 ] ] ] ] } },
{ "type": "Feature", "properties": { }, "geometry": { "type": "MultiPolygon", "coordinates": [ [ [ [ 337227.362702552345581, 9626387.117625862360001 ], [ 337227.362702552345581, 9627417.867625862360001 ], [ 338729.562702552299015, 9627417.867625862360001 ], [ 338729.562702552299015, 9626387.117625862360001 ], [ 337227.362702552345581, 9626387.117625862360001 ] ] ] ] } },
{ "type": "Feature", "properties": { }, "geometry": { "type": "MultiPolygon", "coordinates": [ [ [ [ 338729.562702552357223, 9626387.117625862360001 ], [ 338729.562702552357223, 9627417.867625862360001 ], [ 340231.762702552310657, 9627417.867625862360001 ], [ 340231.762702552310657, 9626387.117625862360001 ], [ 338729.562702552357223, 9626387.117625862360001 ] ] ] ] } },
{ "type": "Feature", "properties": { }, "geometry": { "type": "MultiPolygon", "coordinates": [ [ [ [ 340231.762702552368864, 9626387.117625862360001 ], [ 340231.762702552368864, 9627417.867625862360001 ], [ 341733.962702552322298, 9627417.867625862360001 ], [ 341733.962702552322298, 9626387.117625862360001 ], [ 340231.762702552368864, 9626387.117625862360001 ] ] ] ] } },
{ "type": "Feature", "properties": { }, "geometry": { "type": "MultiPolygon", "coordinates": [ [ [ [ 341733.962702552322298, 9626387.117625862360001 ], [ 341733.962702552322298, 9627417.867625862360001 ], [ 343236.162702552275732, 9627417.867625862360001 ], [ 343236.162702552275732, 9626387.117625862360001 ], [ 341733.962702552322298, 9626387.117625862360001 ] ] ] ] } },
{ "type": "Feature", "properties": { }, "geometry": { "type": "MultiPolygon", "coordinates": [ [ [ [ 343236.16270255233394, 9626387.117625862360001 ], [ 343236.16270255233394, 9627417.867625862360001 ], [ 344738.362702552287374, 9627417.867625862360001 ], [ 344738.362702552287374, 9626387.117625862360001 ], [ 343236.16270255233394, 9626387.117625862360001 ] ] ] ] } },
{ "type": "Feature", "properties": { }, "geometry": { "type": "MultiPolygon", "coordinates": [ [ [ [ 344738.362702552345581, 9626387.117625862360001 ], [ 344738.362702552345581, 9627417.867625862360001 ], [ 346240.562702552299015, 9627417.867625862360001 ], [ 346240.562702552299015, 9626387.117625862360001 ], [ 344738.362702552345581, 9626387.117625862360001 ] ] ] ] } },
{ "type": "Feature", "properties": { }, "geometry": { "type": "MultiPolygon", "coordinates": [ [ [ [ 346240.562702552357223, 9626387.117625862360001 ], [ 346240.562702552357223, 9627417.867625862360001 ], [ 347742.762702552310657, 9627417.867625862360001 ], [ 347742.762702552310657, 9626387.117625862360001 ], [ 346240.562702552357223, 9626387.117625862360001 ] ] ] ] } },
{ "type": "Feature", "properties": { }, "geometry": { "type": "MultiPolygon", "coordinates": [ [ [ [ 347742.762702552368864, 9626387.117625862360001 ], [ 347742.762702552368864, 9627417.867625862360001 ], [ 349244.962702552322298, 9627417.867625862360001 ], [ 349244.962702552322298, 9626387.117625862360001 ], [ 347742.762702552368864, 9626387.117625862360001 ] ] ] ] } },
{ "type": "Feature", "properties": { }, "geometry": { "type": "MultiPolygon", "coordinates": [ [ [ [ 349244.962702552322298, 9626387.117625862360001 ], [ 349244.962702552322298, 9627417.867625862360001 ], [ 350747.162702552275732, 9627417.867625862360001 ], [ 350747.162702552275732, 9626387.117625862360001 ], [ 349244.962702552322298, 9626387.117625862360001 ] ] ] ] } },
{ "type": "Feature", "properties": { }, "geometry": { "type": "MultiPolygon", "coordinates": [ [ [ [ 350747.16270255233394, 9626387.117625862360001 ], [ 350747.16270255233394, 9627417.867625862360001 ], [ 352249.362702552287374, 9627417.867625862360001 ], [ 352249.362702552287374, 9626387.117625862360001 ], [ 350747.16270255233394, 9626387.117625862360001 ] ] ] ] } },
{ "type": "Feature", "properties": { }, "geometry": { "type": "MultiPolygon", "coordinates": [ [ [ [ 352249.362702552345581, 9626387.117625862360001 ], [ 352249.362702552345581, 9627417.867625862360001 ], [ 353751.562702552299015, 9627417.867625862360001 ], [ 353751.562702552299015, 9626387.117625862360001 ], [ 352249.362702552345581, 9626387.117625862360001 ] ] ] ] } },
{ "type": "Feature", "properties": { }, "geometry": { "type": "MultiPolygon", "coordinates": [ [ [ [ 353751.562702552357223, 9626387.117625862360001 ], [ 353751.562702552357223, 9627417.867625862360001 ], [ 355253.762702552310657, 9627417.867625862360001 ], [ 355253.762702552310657, 9626387.117625862360001 ], [ 353751.562702552357223, 9626387.117625862360001 ] ] ] ] } },
{ "type": "Feature", "properties": { }, "geometry": { "type": "MultiPolygon", "coordinates": [ [ [ [ 355253.762702552368864, 9626387.117625862360001 ], [ 355253.762702552368864, 9627417.867625862360001 ], [ 356755.962702552322298, 9627417.867625862360001 ], [ 356755.962702552322298, 9626387.117625862360001 ], [ 355253.762702552368864, 9626387.117625862360001 ] ] ] ] } },
{ "type": "Feature", "properties": { }, "geometry": { "type": "MultiPolygon", "coordinates": [ [ [ [ 281645.962702552322298, 9625356.367625862360001 ], [ 281645.962702552322298, 9626387.117625862360001 ], [ 283148.162702552275732, 9626387.117625862360001 ], [ 283148.162702552275732, 9625356.367625862360001 ], [ 281645.962702552322298, 9625356.367625862360001 ] ] ] ] } },
{ "type": "Feature", "properties": { }, "geometry": { "type": "MultiPolygon", "coordinates": [ [ [ [ 283148.16270255233394, 9625356.367625862360001 ], [ 283148.16270255233394, 9626387.117625862360001 ], [ 284650.362702552287374, 9626387.117625862360001 ], [ 284650.362702552287374, 9625356.367625862360001 ], [ 283148.16270255233394, 9625356.367625862360001 ] ] ] ] } },
{ "type": "Feature", "properties": { }, "geometry": { "type": "MultiPolygon", "coordinates": [ [ [ [ 284650.362702552345581, 9625356.367625862360001 ], [ 284650.362702552345581, 9626387.117625862360001 ], [ 286152.562702552299015, 9626387.117625862360001 ], [ 286152.562702552299015, 9625356.367625862360001 ], [ 284650.362702552345581, 9625356.367625862360001 ] ] ] ] } },
{ "type": "Feature", "properties": { }, "geometry": { "type": "MultiPolygon", "coordinates": [ [ [ [ 286152.562702552357223, 9625356.367625862360001 ], [ 286152.562702552357223, 9626387.117625862360001 ], [ 287654.762702552310657, 9626387.117625862360001 ], [ 287654.762702552310657, 9625356.367625862360001 ], [ 286152.562702552357223, 9625356.367625862360001 ] ] ] ] } },
{ "type": "Feature", "properties": { }, "geometry": { "type": "MultiPolygon", "coordinates": [ [ [ [ 287654.762702552368864, 9625356.367625862360001 ], [ 287654.762702552368864, 9626387.117625862360001 ], [ 289156.962702552322298, 9626387.117625862360001 ], [ 289156.962702552322298, 9625356.367625862360001 ], [ 287654.762702552368864, 9625356.367625862360001 ] ] ] ] } },
{ "type": "Feature", "properties": { }, "geometry": { "type": "MultiPolygon", "coordinates": [ [ [ [ 289156.962702552322298, 9625356.367625862360001 ], [ 289156.962702552322298, 9626387.117625862360001 ], [ 290659.162702552275732, 9626387.117625862360001 ], [ 290659.162702552275732, 9625356.367625862360001 ], [ 289156.962702552322298, 9625356.367625862360001 ] ] ] ] } },
{ "type": "Feature", "properties": { }, "geometry": { "type": "MultiPolygon", "coordinates": [ [ [ [ 290659.16270255233394, 9625356.367625862360001 ], [ 290659.16270255233394, 9626387.117625862360001 ], [ 292161.362702552287374, 9626387.117625862360001 ], [ 292161.362702552287374, 9625356.367625862360001 ], [ 290659.16270255233394, 9625356.367625862360001 ] ] ] ] } },
{ "type": "Feature", "properties": { }, "geometry": { "type": "MultiPolygon", "coordinates": [ [ [ [ 292161.362702552345581, 9625356.367625862360001 ], [ 292161.362702552345581, 9626387.117625862360001 ], [ 293663.562702552299015, 9626387.117625862360001 ], [ 293663.562702552299015, 9625356.367625862360001 ], [ 292161.362702552345581, 9625356.367625862360001 ] ] ] ] } },
{ "type": "Feature", "properties": { }, "geometry": { "type": "MultiPolygon", "coordinates": [ [ [ [ 293663.562702552357223, 9625356.367625862360001 ], [ 293663.562702552357223, 9626387.117625862360001 ], [ 295165.762702552310657, 9626387.117625862360001 ], [ 295165.762702552310657, 9625356.367625862360001 ], [ 293663.562702552357223, 9625356.367625862360001 ] ] ] ] } },
{ "type": "Feature", "properties": { }, "geometry": { "type": "MultiPolygon", "coordinates": [ [ [ [ 295165.762702552368864, 9625356.367625862360001 ], [ 295165.762702552368864, 9626387.117625862360001 ], [ 296667.962702552322298, 9626387.117625862360001 ], [ 296667.962702552322298, 9625356.367625862360001 ], [ 295165.762702552368864, 9625356.367625862360001 ] ] ] ] } },
{ "type": "Feature", "properties": { }, "geometry": { "type": "MultiPolygon", "coordinates": [ [ [ [ 296667.962702552322298, 9625356.367625862360001 ], [ 296667.962702552322298, 9626387.117625862360001 ], [ 298170.162702552275732, 9626387.117625862360001 ], [ 298170.162702552275732, 9625356.367625862360001 ], [ 296667.962702552322298, 9625356.367625862360001 ] ] ] ] } },
{ "type": "Feature", "properties": { }, "geometry": { "type": "MultiPolygon", "coordinates": [ [ [ [ 298170.16270255233394, 9625356.367625862360001 ], [ 298170.16270255233394, 9626387.117625862360001 ], [ 299672.362702552287374, 9626387.117625862360001 ], [ 299672.362702552287374, 9625356.367625862360001 ], [ 298170.16270255233394, 9625356.367625862360001 ] ] ] ] } },
{ "type": "Feature", "properties": { }, "geometry": { "type": "MultiPolygon", "coordinates": [ [ [ [ 299672.362702552345581, 9625356.367625862360001 ], [ 299672.362702552345581, 9626387.117625862360001 ], [ 301174.562702552299015, 9626387.117625862360001 ], [ 301174.562702552299015, 9625356.367625862360001 ], [ 299672.362702552345581, 9625356.367625862360001 ] ] ] ] } },
{ "type": "Feature", "properties": { }, "geometry": { "type": "MultiPolygon", "coordinates": [ [ [ [ 301174.562702552357223, 9625356.367625862360001 ], [ 301174.562702552357223, 9626387.117625862360001 ], [ 302676.762702552310657, 9626387.117625862360001 ], [ 302676.762702552310657, 9625356.367625862360001 ], [ 301174.562702552357223, 9625356.367625862360001 ] ] ] ] } },
{ "type": "Feature", "properties": { }, "geometry": { "type": "MultiPolygon", "coordinates": [ [ [ [ 302676.762702552368864, 9625356.367625862360001 ], [ 302676.762702552368864, 9626387.117625862360001 ], [ 304178.962702552322298, 9626387.117625862360001 ], [ 304178.962702552322298, 9625356.367625862360001 ], [ 302676.762702552368864, 9625356.367625862360001 ] ] ] ] } },
{ "type": "Feature", "properties": { }, "geometry": { "type": "MultiPolygon", "coordinates": [ [ [ [ 304178.962702552322298, 9625356.367625862360001 ], [ 304178.962702552322298, 9626387.117625862360001 ], [ 305681.162702552275732, 9626387.117625862360001 ], [ 305681.162702552275732, 9625356.367625862360001 ], [ 304178.962702552322298, 9625356.367625862360001 ] ] ] ] } },
{ "type": "Feature", "properties": { }, "geometry": { "type": "MultiPolygon", "coordinates": [ [ [ [ 305681.16270255233394, 9625356.367625862360001 ], [ 305681.16270255233394, 9626387.117625862360001 ], [ 307183.362702552287374, 9626387.117625862360001 ], [ 307183.362702552287374, 9625356.367625862360001 ], [ 305681.16270255233394, 9625356.367625862360001 ] ] ] ] } },
{ "type": "Feature", "properties": { }, "geometry": { "type": "MultiPolygon", "coordinates": [ [ [ [ 307183.362702552345581, 9625356.367625862360001 ], [ 307183.362702552345581, 9626387.117625862360001 ], [ 308685.562702552299015, 9626387.117625862360001 ], [ 308685.562702552299015, 9625356.367625862360001 ], [ 307183.362702552345581, 9625356.367625862360001 ] ] ] ] } },
{ "type": "Feature", "properties": { }, "geometry": { "type": "MultiPolygon", "coordinates": [ [ [ [ 308685.562702552357223, 9625356.367625862360001 ], [ 308685.562702552357223, 9626387.117625862360001 ], [ 310187.762702552310657, 9626387.117625862360001 ], [ 310187.762702552310657, 9625356.367625862360001 ], [ 308685.562702552357223, 9625356.367625862360001 ] ] ] ] } },
{ "type": "Feature", "properties": { }, "geometry": { "type": "MultiPolygon", "coordinates": [ [ [ [ 310187.762702552368864, 9625356.367625862360001 ], [ 310187.762702552368864, 9626387.117625862360001 ], [ 311689.962702552322298, 9626387.117625862360001 ], [ 311689.962702552322298, 9625356.367625862360001 ], [ 310187.762702552368864, 9625356.367625862360001 ] ] ] ] } },
{ "type": "Feature", "properties": { }, "geometry": { "type": "MultiPolygon", "coordinates": [ [ [ [ 311689.962702552322298, 9625356.367625862360001 ], [ 311689.962702552322298, 9626387.117625862360001 ], [ 313192.162702552275732, 9626387.117625862360001 ], [ 313192.162702552275732, 9625356.367625862360001 ], [ 311689.962702552322298, 9625356.367625862360001 ] ] ] ] } },
{ "type": "Feature", "properties": { }, "geometry": { "type": "MultiPolygon", "coordinates": [ [ [ [ 313192.16270255233394, 9625356.367625862360001 ], [ 313192.16270255233394, 9626387.117625862360001 ], [ 314694.362702552287374, 9626387.117625862360001 ], [ 314694.362702552287374, 9625356.367625862360001 ], [ 313192.16270255233394, 9625356.367625862360001 ] ] ] ] } },
{ "type": "Feature", "properties": { }, "geometry": { "type": "MultiPolygon", "coordinates": [ [ [ [ 314694.362702552345581, 9625356.367625862360001 ], [ 314694.362702552345581, 9626387.117625862360001 ], [ 316196.562702552299015, 9626387.117625862360001 ], [ 316196.562702552299015, 9625356.367625862360001 ], [ 314694.362702552345581, 9625356.367625862360001 ] ] ] ] } },
{ "type": "Feature", "properties": { }, "geometry": { "type": "MultiPolygon", "coordinates": [ [ [ [ 316196.562702552357223, 9625356.367625862360001 ], [ 316196.562702552357223, 9626387.117625862360001 ], [ 317698.762702552310657, 9626387.117625862360001 ], [ 317698.762702552310657, 9625356.367625862360001 ], [ 316196.562702552357223, 9625356.367625862360001 ] ] ] ] } },
{ "type": "Feature", "properties": { }, "geometry": { "type": "MultiPolygon", "coordinates": [ [ [ [ 317698.762702552368864, 9625356.367625862360001 ], [ 317698.762702552368864, 9626387.117625862360001 ], [ 319200.962702552322298, 9626387.117625862360001 ], [ 319200.962702552322298, 9625356.367625862360001 ], [ 317698.762702552368864, 9625356.367625862360001 ] ] ] ] } },
{ "type": "Feature", "properties": { }, "geometry": { "type": "MultiPolygon", "coordinates": [ [ [ [ 319200.962702552322298, 9625356.367625862360001 ], [ 319200.962702552322298, 9626387.117625862360001 ], [ 320703.162702552275732, 9626387.117625862360001 ], [ 320703.162702552275732, 9625356.367625862360001 ], [ 319200.962702552322298, 9625356.367625862360001 ] ] ] ] } },
{ "type": "Feature", "properties": { }, "geometry": { "type": "MultiPolygon", "coordinates": [ [ [ [ 320703.16270255233394, 9625356.367625862360001 ], [ 320703.16270255233394, 9626387.117625862360001 ], [ 322205.362702552287374, 9626387.117625862360001 ], [ 322205.362702552287374, 9625356.367625862360001 ], [ 320703.16270255233394, 9625356.367625862360001 ] ] ] ] } },
{ "type": "Feature", "properties": { }, "geometry": { "type": "MultiPolygon", "coordinates": [ [ [ [ 322205.362702552345581, 9625356.367625862360001 ], [ 322205.362702552345581, 9626387.117625862360001 ], [ 323707.562702552299015, 9626387.117625862360001 ], [ 323707.562702552299015, 9625356.367625862360001 ], [ 322205.362702552345581, 9625356.367625862360001 ] ] ] ] } },
{ "type": "Feature", "properties": { }, "geometry": { "type": "MultiPolygon", "coordinates": [ [ [ [ 323707.562702552357223, 9625356.367625862360001 ], [ 323707.562702552357223, 9626387.117625862360001 ], [ 325209.762702552310657, 9626387.117625862360001 ], [ 325209.762702552310657, 9625356.367625862360001 ], [ 323707.562702552357223, 9625356.367625862360001 ] ] ] ] } },
{ "type": "Feature", "properties": { }, "geometry": { "type": "MultiPolygon", "coordinates": [ [ [ [ 325209.762702552368864, 9625356.367625862360001 ], [ 325209.762702552368864, 9626387.117625862360001 ], [ 326711.962702552322298, 9626387.117625862360001 ], [ 326711.962702552322298, 9625356.367625862360001 ], [ 325209.762702552368864, 9625356.367625862360001 ] ] ] ] } },
{ "type": "Feature", "properties": { }, "geometry": { "type": "MultiPolygon", "coordinates": [ [ [ [ 326711.962702552322298, 9625356.367625862360001 ], [ 326711.962702552322298, 9626387.117625862360001 ], [ 328214.162702552275732, 9626387.117625862360001 ], [ 328214.162702552275732, 9625356.367625862360001 ], [ 326711.962702552322298, 9625356.367625862360001 ] ] ] ] } },
{ "type": "Feature", "properties": { }, "geometry": { "type": "MultiPolygon", "coordinates": [ [ [ [ 328214.16270255233394, 9625356.367625862360001 ], [ 328214.16270255233394, 9626387.117625862360001 ], [ 329716.362702552287374, 9626387.117625862360001 ], [ 329716.362702552287374, 9625356.367625862360001 ], [ 328214.16270255233394, 9625356.367625862360001 ] ] ] ] } },
{ "type": "Feature", "properties": { }, "geometry": { "type": "MultiPolygon", "coordinates": [ [ [ [ 329716.362702552345581, 9625356.367625862360001 ], [ 329716.362702552345581, 9626387.117625862360001 ], [ 331218.562702552299015, 9626387.117625862360001 ], [ 331218.562702552299015, 9625356.367625862360001 ], [ 329716.362702552345581, 9625356.367625862360001 ] ] ] ] } },
{ "type": "Feature", "properties": { }, "geometry": { "type": "MultiPolygon", "coordinates": [ [ [ [ 331218.562702552357223, 9625356.367625862360001 ], [ 331218.562702552357223, 9626387.117625862360001 ], [ 332720.762702552310657, 9626387.117625862360001 ], [ 332720.762702552310657, 9625356.367625862360001 ], [ 331218.562702552357223, 9625356.367625862360001 ] ] ] ] } },
{ "type": "Feature", "properties": { }, "geometry": { "type": "MultiPolygon", "coordinates": [ [ [ [ 332720.762702552368864, 9625356.367625862360001 ], [ 332720.762702552368864, 9626387.117625862360001 ], [ 334222.962702552322298, 9626387.117625862360001 ], [ 334222.962702552322298, 9625356.367625862360001 ], [ 332720.762702552368864, 9625356.367625862360001 ] ] ] ] } },
{ "type": "Feature", "properties": { }, "geometry": { "type": "MultiPolygon", "coordinates": [ [ [ [ 334222.962702552322298, 9625356.367625862360001 ], [ 334222.962702552322298, 9626387.117625862360001 ], [ 335725.162702552275732, 9626387.117625862360001 ], [ 335725.162702552275732, 9625356.367625862360001 ], [ 334222.962702552322298, 9625356.367625862360001 ] ] ] ] } },
{ "type": "Feature", "properties": { }, "geometry": { "type": "MultiPolygon", "coordinates": [ [ [ [ 335725.16270255233394, 9625356.367625862360001 ], [ 335725.16270255233394, 9626387.117625862360001 ], [ 337227.362702552287374, 9626387.117625862360001 ], [ 337227.362702552287374, 9625356.367625862360001 ], [ 335725.16270255233394, 9625356.367625862360001 ] ] ] ] } },
{ "type": "Feature", "properties": { }, "geometry": { "type": "MultiPolygon", "coordinates": [ [ [ [ 337227.362702552345581, 9625356.367625862360001 ], [ 337227.362702552345581, 9626387.117625862360001 ], [ 338729.562702552299015, 9626387.117625862360001 ], [ 338729.562702552299015, 9625356.367625862360001 ], [ 337227.362702552345581, 9625356.367625862360001 ] ] ] ] } },
{ "type": "Feature", "properties": { }, "geometry": { "type": "MultiPolygon", "coordinates": [ [ [ [ 338729.562702552357223, 9625356.367625862360001 ], [ 338729.562702552357223, 9626387.117625862360001 ], [ 340231.762702552310657, 9626387.117625862360001 ], [ 340231.762702552310657, 9625356.367625862360001 ], [ 338729.562702552357223, 9625356.367625862360001 ] ] ] ] } },
{ "type": "Feature", "properties": { }, "geometry": { "type": "MultiPolygon", "coordinates": [ [ [ [ 340231.762702552368864, 9625356.367625862360001 ], [ 340231.762702552368864, 9626387.117625862360001 ], [ 341733.962702552322298, 9626387.117625862360001 ], [ 341733.962702552322298, 9625356.367625862360001 ], [ 340231.762702552368864, 9625356.367625862360001 ] ] ] ] } },
{ "type": "Feature", "properties": { }, "geometry": { "type": "MultiPolygon", "coordinates": [ [ [ [ 341733.962702552322298, 9625356.367625862360001 ], [ 341733.962702552322298, 9626387.117625862360001 ], [ 343236.162702552275732, 9626387.117625862360001 ], [ 343236.162702552275732, 9625356.367625862360001 ], [ 341733.962702552322298, 9625356.367625862360001 ] ] ] ] } },
{ "type": "Feature", "properties": { }, "geometry": { "type": "MultiPolygon", "coordinates": [ [ [ [ 343236.16270255233394, 9625356.367625862360001 ], [ 343236.16270255233394, 9626387.117625862360001 ], [ 344738.362702552287374, 9626387.117625862360001 ], [ 344738.362702552287374, 9625356.367625862360001 ], [ 343236.16270255233394, 9625356.367625862360001 ] ] ] ] } },
{ "type": "Feature", "properties": { }, "geometry": { "type": "MultiPolygon", "coordinates": [ [ [ [ 344738.362702552345581, 9625356.367625862360001 ], [ 344738.362702552345581, 9626387.117625862360001 ], [ 346240.562702552299015, 9626387.117625862360001 ], [ 346240.562702552299015, 9625356.367625862360001 ], [ 344738.362702552345581, 9625356.367625862360001 ] ] ] ] } },
{ "type": "Feature", "properties": { }, "geometry": { "type": "MultiPolygon", "coordinates": [ [ [ [ 346240.562702552357223, 9625356.367625862360001 ], [ 346240.562702552357223, 9626387.117625862360001 ], [ 347742.762702552310657, 9626387.117625862360001 ], [ 347742.762702552310657, 9625356.367625862360001 ], [ 346240.562702552357223, 9625356.367625862360001 ] ] ] ] } },
{ "type": "Feature", "properties": { }, "geometry": { "type": "MultiPolygon", "coordinates": [ [ [ [ 347742.762702552368864, 9625356.367625862360001 ], [ 347742.762702552368864, 9626387.117625862360001 ], [ 349244.962702552322298, 9626387.117625862360001 ], [ 349244.962702552322298, 9625356.367625862360001 ], [ 347742.762702552368864, 9625356.367625862360001 ] ] ] ] } },
{ "type": "Feature", "properties": { }, "geometry": { "type": "MultiPolygon", "coordinates": [ [ [ [ 349244.962702552322298, 9625356.367625862360001 ], [ 349244.962702552322298, 9626387.117625862360001 ], [ 350747.162702552275732, 9626387.117625862360001 ], [ 350747.162702552275732, 9625356.367625862360001 ], [ 349244.962702552322298, 9625356.367625862360001 ] ] ] ] } },
{ "type": "Feature", "properties": { }, "geometry": { "type": "MultiPolygon", "coordinates": [ [ [ [ 350747.16270255233394, 9625356.367625862360001 ], [ 350747.16270255233394, 9626387.117625862360001 ], [ 352249.362702552287374, 9626387.117625862360001 ], [ 352249.362702552287374, 9625356.367625862360001 ], [ 350747.16270255233394, 9625356.367625862360001 ] ] ] ] } },
{ "type": "Feature", "properties": { }, "geometry": { "type": "MultiPolygon", "coordinates": [ [ [ [ 352249.362702552345581, 9625356.367625862360001 ], [ 352249.362702552345581, 9626387.117625862360001 ], [ 353751.562702552299015, 9626387.117625862360001 ], [ 353751.562702552299015, 9625356.367625862360001 ], [ 352249.362702552345581, 9625356.367625862360001 ] ] ] ] } },
{ "type": "Feature", "properties": { }, "geometry": { "type": "MultiPolygon", "coordinates": [ [ [ [ 353751.562702552357223, 9625356.367625862360001 ], [ 353751.562702552357223, 9626387.117625862360001 ], [ 355253.762702552310657, 9626387.117625862360001 ], [ 355253.762702552310657, 9625356.367625862360001 ], [ 353751.562702552357223, 9625356.367625862360001 ] ] ] ] } },
{ "type": "Feature", "properties": { }, "geometry": { "type": "MultiPolygon", "coordinates": [ [ [ [ 355253.762702552368864, 9625356.367625862360001 ], [ 355253.762702552368864, 9626387.117625862360001 ], [ 356755.962702552322298, 9626387.117625862360001 ], [ 356755.962702552322298, 9625356.367625862360001 ], [ 355253.762702552368864, 9625356.367625862360001 ] ] ] ] } },
{ "type": "Feature", "properties": { }, "geometry": { "type": "MultiPolygon", "coordinates": [ [ [ [ 281645.962702552322298, 9624325.617625862360001 ], [ 281645.962702552322298, 9625356.367625862360001 ], [ 283148.162702552275732, 9625356.367625862360001 ], [ 283148.162702552275732, 9624325.617625862360001 ], [ 281645.962702552322298, 9624325.617625862360001 ] ] ] ] } },
{ "type": "Feature", "properties": { }, "geometry": { "type": "MultiPolygon", "coordinates": [ [ [ [ 283148.16270255233394, 9624325.617625862360001 ], [ 283148.16270255233394, 9625356.367625862360001 ], [ 284650.362702552287374, 9625356.367625862360001 ], [ 284650.362702552287374, 9624325.617625862360001 ], [ 283148.16270255233394, 9624325.617625862360001 ] ] ] ] } },
{ "type": "Feature", "properties": { }, "geometry": { "type": "MultiPolygon", "coordinates": [ [ [ [ 284650.362702552345581, 9624325.617625862360001 ], [ 284650.362702552345581, 9625356.367625862360001 ], [ 286152.562702552299015, 9625356.367625862360001 ], [ 286152.562702552299015, 9624325.617625862360001 ], [ 284650.362702552345581, 9624325.617625862360001 ] ] ] ] } },
{ "type": "Feature", "properties": { }, "geometry": { "type": "MultiPolygon", "coordinates": [ [ [ [ 286152.562702552357223, 9624325.617625862360001 ], [ 286152.562702552357223, 9625356.367625862360001 ], [ 287654.762702552310657, 9625356.367625862360001 ], [ 287654.762702552310657, 9624325.617625862360001 ], [ 286152.562702552357223, 9624325.617625862360001 ] ] ] ] } },
{ "type": "Feature", "properties": { }, "geometry": { "type": "MultiPolygon", "coordinates": [ [ [ [ 287654.762702552368864, 9624325.617625862360001 ], [ 287654.762702552368864, 9625356.367625862360001 ], [ 289156.962702552322298, 9625356.367625862360001 ], [ 289156.962702552322298, 9624325.617625862360001 ], [ 287654.762702552368864, 9624325.617625862360001 ] ] ] ] } },
{ "type": "Feature", "properties": { }, "geometry": { "type": "MultiPolygon", "coordinates": [ [ [ [ 289156.962702552322298, 9624325.617625862360001 ], [ 289156.962702552322298, 9625356.367625862360001 ], [ 290659.162702552275732, 9625356.367625862360001 ], [ 290659.162702552275732, 9624325.617625862360001 ], [ 289156.962702552322298, 9624325.617625862360001 ] ] ] ] } },
{ "type": "Feature", "properties": { }, "geometry": { "type": "MultiPolygon", "coordinates": [ [ [ [ 290659.16270255233394, 9624325.617625862360001 ], [ 290659.16270255233394, 9625356.367625862360001 ], [ 292161.362702552287374, 9625356.367625862360001 ], [ 292161.362702552287374, 9624325.617625862360001 ], [ 290659.16270255233394, 9624325.617625862360001 ] ] ] ] } },
{ "type": "Feature", "properties": { }, "geometry": { "type": "MultiPolygon", "coordinates": [ [ [ [ 292161.362702552345581, 9624325.617625862360001 ], [ 292161.362702552345581, 9625356.367625862360001 ], [ 293663.562702552299015, 9625356.367625862360001 ], [ 293663.562702552299015, 9624325.617625862360001 ], [ 292161.362702552345581, 9624325.617625862360001 ] ] ] ] } },
{ "type": "Feature", "properties": { }, "geometry": { "type": "MultiPolygon", "coordinates": [ [ [ [ 293663.562702552357223, 9624325.617625862360001 ], [ 293663.562702552357223, 9625356.367625862360001 ], [ 295165.762702552310657, 9625356.367625862360001 ], [ 295165.762702552310657, 9624325.617625862360001 ], [ 293663.562702552357223, 9624325.617625862360001 ] ] ] ] } },
{ "type": "Feature", "properties": { }, "geometry": { "type": "MultiPolygon", "coordinates": [ [ [ [ 295165.762702552368864, 9624325.617625862360001 ], [ 295165.762702552368864, 9625356.367625862360001 ], [ 296667.962702552322298, 9625356.367625862360001 ], [ 296667.962702552322298, 9624325.617625862360001 ], [ 295165.762702552368864, 9624325.617625862360001 ] ] ] ] } },
{ "type": "Feature", "properties": { }, "geometry": { "type": "MultiPolygon", "coordinates": [ [ [ [ 296667.962702552322298, 9624325.617625862360001 ], [ 296667.962702552322298, 9625356.367625862360001 ], [ 298170.162702552275732, 9625356.367625862360001 ], [ 298170.162702552275732, 9624325.617625862360001 ], [ 296667.962702552322298, 9624325.617625862360001 ] ] ] ] } },
{ "type": "Feature", "properties": { }, "geometry": { "type": "MultiPolygon", "coordinates": [ [ [ [ 298170.16270255233394, 9624325.617625862360001 ], [ 298170.16270255233394, 9625356.367625862360001 ], [ 299672.362702552287374, 9625356.367625862360001 ], [ 299672.362702552287374, 9624325.617625862360001 ], [ 298170.16270255233394, 9624325.617625862360001 ] ] ] ] } },
{ "type": "Feature", "properties": { }, "geometry": { "type": "MultiPolygon", "coordinates": [ [ [ [ 299672.362702552345581, 9624325.617625862360001 ], [ 299672.362702552345581, 9625356.367625862360001 ], [ 301174.562702552299015, 9625356.367625862360001 ], [ 301174.562702552299015, 9624325.617625862360001 ], [ 299672.362702552345581, 9624325.617625862360001 ] ] ] ] } },
{ "type": "Feature", "properties": { }, "geometry": { "type": "MultiPolygon", "coordinates": [ [ [ [ 301174.562702552357223, 9624325.617625862360001 ], [ 301174.562702552357223, 9625356.367625862360001 ], [ 302676.762702552310657, 9625356.367625862360001 ], [ 302676.762702552310657, 9624325.617625862360001 ], [ 301174.562702552357223, 9624325.617625862360001 ] ] ] ] } },
{ "type": "Feature", "properties": { }, "geometry": { "type": "MultiPolygon", "coordinates": [ [ [ [ 302676.762702552368864, 9624325.617625862360001 ], [ 302676.762702552368864, 9625356.367625862360001 ], [ 304178.962702552322298, 9625356.367625862360001 ], [ 304178.962702552322298, 9624325.617625862360001 ], [ 302676.762702552368864, 9624325.617625862360001 ] ] ] ] } },
{ "type": "Feature", "properties": { }, "geometry": { "type": "MultiPolygon", "coordinates": [ [ [ [ 304178.962702552322298, 9624325.617625862360001 ], [ 304178.962702552322298, 9625356.367625862360001 ], [ 305681.162702552275732, 9625356.367625862360001 ], [ 305681.162702552275732, 9624325.617625862360001 ], [ 304178.962702552322298, 9624325.617625862360001 ] ] ] ] } },
{ "type": "Feature", "properties": { }, "geometry": { "type": "MultiPolygon", "coordinates": [ [ [ [ 305681.16270255233394, 9624325.617625862360001 ], [ 305681.16270255233394, 9625356.367625862360001 ], [ 307183.362702552287374, 9625356.367625862360001 ], [ 307183.362702552287374, 9624325.617625862360001 ], [ 305681.16270255233394, 9624325.617625862360001 ] ] ] ] } },
{ "type": "Feature", "properties": { }, "geometry": { "type": "MultiPolygon", "coordinates": [ [ [ [ 307183.362702552345581, 9624325.617625862360001 ], [ 307183.362702552345581, 9625356.367625862360001 ], [ 308685.562702552299015, 9625356.367625862360001 ], [ 308685.562702552299015, 9624325.617625862360001 ], [ 307183.362702552345581, 9624325.617625862360001 ] ] ] ] } },
{ "type": "Feature", "properties": { }, "geometry": { "type": "MultiPolygon", "coordinates": [ [ [ [ 308685.562702552357223, 9624325.617625862360001 ], [ 308685.562702552357223, 9625356.367625862360001 ], [ 310187.762702552310657, 9625356.367625862360001 ], [ 310187.762702552310657, 9624325.617625862360001 ], [ 308685.562702552357223, 9624325.617625862360001 ] ] ] ] } },
{ "type": "Feature", "properties": { }, "geometry": { "type": "MultiPolygon", "coordinates": [ [ [ [ 310187.762702552368864, 9624325.617625862360001 ], [ 310187.762702552368864, 9625356.367625862360001 ], [ 311689.962702552322298, 9625356.367625862360001 ], [ 311689.962702552322298, 9624325.617625862360001 ], [ 310187.762702552368864, 9624325.617625862360001 ] ] ] ] } },
{ "type": "Feature", "properties": { }, "geometry": { "type": "MultiPolygon", "coordinates": [ [ [ [ 311689.962702552322298, 9624325.617625862360001 ], [ 311689.962702552322298, 9625356.367625862360001 ], [ 313192.162702552275732, 9625356.367625862360001 ], [ 313192.162702552275732, 9624325.617625862360001 ], [ 311689.962702552322298, 9624325.617625862360001 ] ] ] ] } },
{ "type": "Feature", "properties": { }, "geometry": { "type": "MultiPolygon", "coordinates": [ [ [ [ 313192.16270255233394, 9624325.617625862360001 ], [ 313192.16270255233394, 9625356.367625862360001 ], [ 314694.362702552287374, 9625356.367625862360001 ], [ 314694.362702552287374, 9624325.617625862360001 ], [ 313192.16270255233394, 9624325.617625862360001 ] ] ] ] } },
{ "type": "Feature", "properties": { }, "geometry": { "type": "MultiPolygon", "coordinates": [ [ [ [ 314694.362702552345581, 9624325.617625862360001 ], [ 314694.362702552345581, 9625356.367625862360001 ], [ 316196.562702552299015, 9625356.367625862360001 ], [ 316196.562702552299015, 9624325.617625862360001 ], [ 314694.362702552345581, 9624325.617625862360001 ] ] ] ] } },
{ "type": "Feature", "properties": { }, "geometry": { "type": "MultiPolygon", "coordinates": [ [ [ [ 316196.562702552357223, 9624325.617625862360001 ], [ 316196.562702552357223, 9625356.367625862360001 ], [ 317698.762702552310657, 9625356.367625862360001 ], [ 317698.762702552310657, 9624325.617625862360001 ], [ 316196.562702552357223, 9624325.617625862360001 ] ] ] ] } },
{ "type": "Feature", "properties": { }, "geometry": { "type": "MultiPolygon", "coordinates": [ [ [ [ 317698.762702552368864, 9624325.617625862360001 ], [ 317698.762702552368864, 9625356.367625862360001 ], [ 319200.962702552322298, 9625356.367625862360001 ], [ 319200.962702552322298, 9624325.617625862360001 ], [ 317698.762702552368864, 9624325.617625862360001 ] ] ] ] } },
{ "type": "Feature", "properties": { }, "geometry": { "type": "MultiPolygon", "coordinates": [ [ [ [ 319200.962702552322298, 9624325.617625862360001 ], [ 319200.962702552322298, 9625356.367625862360001 ], [ 320703.162702552275732, 9625356.367625862360001 ], [ 320703.162702552275732, 9624325.617625862360001 ], [ 319200.962702552322298, 9624325.617625862360001 ] ] ] ] } },
{ "type": "Feature", "properties": { }, "geometry": { "type": "MultiPolygon", "coordinates": [ [ [ [ 320703.16270255233394, 9624325.617625862360001 ], [ 320703.16270255233394, 9625356.367625862360001 ], [ 322205.362702552287374, 9625356.367625862360001 ], [ 322205.362702552287374, 9624325.617625862360001 ], [ 320703.16270255233394, 9624325.617625862360001 ] ] ] ] } },
{ "type": "Feature", "properties": { }, "geometry": { "type": "MultiPolygon", "coordinates": [ [ [ [ 322205.362702552345581, 9624325.617625862360001 ], [ 322205.362702552345581, 9625356.367625862360001 ], [ 323707.562702552299015, 9625356.367625862360001 ], [ 323707.562702552299015, 9624325.617625862360001 ], [ 322205.362702552345581, 9624325.617625862360001 ] ] ] ] } },
{ "type": "Feature", "properties": { }, "geometry": { "type": "MultiPolygon", "coordinates": [ [ [ [ 323707.562702552357223, 9624325.617625862360001 ], [ 323707.562702552357223, 9625356.367625862360001 ], [ 325209.762702552310657, 9625356.367625862360001 ], [ 325209.762702552310657, 9624325.617625862360001 ], [ 323707.562702552357223, 9624325.617625862360001 ] ] ] ] } },
{ "type": "Feature", "properties": { }, "geometry": { "type": "MultiPolygon", "coordinates": [ [ [ [ 325209.762702552368864, 9624325.617625862360001 ], [ 325209.762702552368864, 9625356.367625862360001 ], [ 326711.962702552322298, 9625356.367625862360001 ], [ 326711.962702552322298, 9624325.617625862360001 ], [ 325209.762702552368864, 9624325.617625862360001 ] ] ] ] } },
{ "type": "Feature", "properties": { }, "geometry": { "type": "MultiPolygon", "coordinates": [ [ [ [ 326711.962702552322298, 9624325.617625862360001 ], [ 326711.962702552322298, 9625356.367625862360001 ], [ 328214.162702552275732, 9625356.367625862360001 ], [ 328214.162702552275732, 9624325.617625862360001 ], [ 326711.962702552322298, 9624325.617625862360001 ] ] ] ] } },
{ "type": "Feature", "properties": { }, "geometry": { "type": "MultiPolygon", "coordinates": [ [ [ [ 328214.16270255233394, 9624325.617625862360001 ], [ 328214.16270255233394, 9625356.367625862360001 ], [ 329716.362702552287374, 9625356.367625862360001 ], [ 329716.362702552287374, 9624325.617625862360001 ], [ 328214.16270255233394, 9624325.617625862360001 ] ] ] ] } },
{ "type": "Feature", "properties": { }, "geometry": { "type": "MultiPolygon", "coordinates": [ [ [ [ 329716.362702552345581, 9624325.617625862360001 ], [ 329716.362702552345581, 9625356.367625862360001 ], [ 331218.562702552299015, 9625356.367625862360001 ], [ 331218.562702552299015, 9624325.617625862360001 ], [ 329716.362702552345581, 9624325.617625862360001 ] ] ] ] } },
{ "type": "Feature", "properties": { }, "geometry": { "type": "MultiPolygon", "coordinates": [ [ [ [ 331218.562702552357223, 9624325.617625862360001 ], [ 331218.562702552357223, 9625356.367625862360001 ], [ 332720.762702552310657, 9625356.367625862360001 ], [ 332720.762702552310657, 9624325.617625862360001 ], [ 331218.562702552357223, 9624325.617625862360001 ] ] ] ] } },
{ "type": "Feature", "properties": { }, "geometry": { "type": "MultiPolygon", "coordinates": [ [ [ [ 332720.762702552368864, 9624325.617625862360001 ], [ 332720.762702552368864, 9625356.367625862360001 ], [ 334222.962702552322298, 9625356.367625862360001 ], [ 334222.962702552322298, 9624325.617625862360001 ], [ 332720.762702552368864, 9624325.617625862360001 ] ] ] ] } },
{ "type": "Feature", "properties": { }, "geometry": { "type": "MultiPolygon", "coordinates": [ [ [ [ 334222.962702552322298, 9624325.617625862360001 ], [ 334222.962702552322298, 9625356.367625862360001 ], [ 335725.162702552275732, 9625356.367625862360001 ], [ 335725.162702552275732, 9624325.617625862360001 ], [ 334222.962702552322298, 9624325.617625862360001 ] ] ] ] } },
{ "type": "Feature", "properties": { }, "geometry": { "type": "MultiPolygon", "coordinates": [ [ [ [ 335725.16270255233394, 9624325.617625862360001 ], [ 335725.16270255233394, 9625356.367625862360001 ], [ 337227.362702552287374, 9625356.367625862360001 ], [ 337227.362702552287374, 9624325.617625862360001 ], [ 335725.16270255233394, 9624325.617625862360001 ] ] ] ] } },
{ "type": "Feature", "properties": { }, "geometry": { "type": "MultiPolygon", "coordinates": [ [ [ [ 337227.362702552345581, 9624325.617625862360001 ], [ 337227.362702552345581, 9625356.367625862360001 ], [ 338729.562702552299015, 9625356.367625862360001 ], [ 338729.562702552299015, 9624325.617625862360001 ], [ 337227.362702552345581, 9624325.617625862360001 ] ] ] ] } },
{ "type": "Feature", "properties": { }, "geometry": { "type": "MultiPolygon", "coordinates": [ [ [ [ 338729.562702552357223, 9624325.617625862360001 ], [ 338729.562702552357223, 9625356.367625862360001 ], [ 340231.762702552310657, 9625356.367625862360001 ], [ 340231.762702552310657, 9624325.617625862360001 ], [ 338729.562702552357223, 9624325.617625862360001 ] ] ] ] } },
{ "type": "Feature", "properties": { }, "geometry": { "type": "MultiPolygon", "coordinates": [ [ [ [ 340231.762702552368864, 9624325.617625862360001 ], [ 340231.762702552368864, 9625356.367625862360001 ], [ 341733.962702552322298, 9625356.367625862360001 ], [ 341733.962702552322298, 9624325.617625862360001 ], [ 340231.762702552368864, 9624325.617625862360001 ] ] ] ] } },
{ "type": "Feature", "properties": { }, "geometry": { "type": "MultiPolygon", "coordinates": [ [ [ [ 341733.962702552322298, 9624325.617625862360001 ], [ 341733.962702552322298, 9625356.367625862360001 ], [ 343236.162702552275732, 9625356.367625862360001 ], [ 343236.162702552275732, 9624325.617625862360001 ], [ 341733.962702552322298, 9624325.617625862360001 ] ] ] ] } },
{ "type": "Feature", "properties": { }, "geometry": { "type": "MultiPolygon", "coordinates": [ [ [ [ 343236.16270255233394, 9624325.617625862360001 ], [ 343236.16270255233394, 9625356.367625862360001 ], [ 344738.362702552287374, 9625356.367625862360001 ], [ 344738.362702552287374, 9624325.617625862360001 ], [ 343236.16270255233394, 9624325.617625862360001 ] ] ] ] } },
{ "type": "Feature", "properties": { }, "geometry": { "type": "MultiPolygon", "coordinates": [ [ [ [ 344738.362702552345581, 9624325.617625862360001 ], [ 344738.362702552345581, 9625356.367625862360001 ], [ 346240.562702552299015, 9625356.367625862360001 ], [ 346240.562702552299015, 9624325.617625862360001 ], [ 344738.362702552345581, 9624325.617625862360001 ] ] ] ] } },
{ "type": "Feature", "properties": { }, "geometry": { "type": "MultiPolygon", "coordinates": [ [ [ [ 346240.562702552357223, 9624325.617625862360001 ], [ 346240.562702552357223, 9625356.367625862360001 ], [ 347742.762702552310657, 9625356.367625862360001 ], [ 347742.762702552310657, 9624325.617625862360001 ], [ 346240.562702552357223, 9624325.617625862360001 ] ] ] ] } },
{ "type": "Feature", "properties": { }, "geometry": { "type": "MultiPolygon", "coordinates": [ [ [ [ 347742.762702552368864, 9624325.617625862360001 ], [ 347742.762702552368864, 9625356.367625862360001 ], [ 349244.962702552322298, 9625356.367625862360001 ], [ 349244.962702552322298, 9624325.617625862360001 ], [ 347742.762702552368864, 9624325.617625862360001 ] ] ] ] } },
{ "type": "Feature", "properties": { }, "geometry": { "type": "MultiPolygon", "coordinates": [ [ [ [ 349244.962702552322298, 9624325.617625862360001 ], [ 349244.962702552322298, 9625356.367625862360001 ], [ 350747.162702552275732, 9625356.367625862360001 ], [ 350747.162702552275732, 9624325.617625862360001 ], [ 349244.962702552322298, 9624325.617625862360001 ] ] ] ] } },
{ "type": "Feature", "properties": { }, "geometry": { "type": "MultiPolygon", "coordinates": [ [ [ [ 350747.16270255233394, 9624325.617625862360001 ], [ 350747.16270255233394, 9625356.367625862360001 ], [ 352249.362702552287374, 9625356.367625862360001 ], [ 352249.362702552287374, 9624325.617625862360001 ], [ 350747.16270255233394, 9624325.617625862360001 ] ] ] ] } },
{ "type": "Feature", "properties": { }, "geometry": { "type": "MultiPolygon", "coordinates": [ [ [ [ 352249.362702552345581, 9624325.617625862360001 ], [ 352249.362702552345581, 9625356.367625862360001 ], [ 353751.562702552299015, 9625356.367625862360001 ], [ 353751.562702552299015, 9624325.617625862360001 ], [ 352249.362702552345581, 9624325.617625862360001 ] ] ] ] } },
{ "type": "Feature", "properties": { }, "geometry": { "type": "MultiPolygon", "coordinates": [ [ [ [ 353751.562702552357223, 9624325.617625862360001 ], [ 353751.562702552357223, 9625356.367625862360001 ], [ 355253.762702552310657, 9625356.367625862360001 ], [ 355253.762702552310657, 9624325.617625862360001 ], [ 353751.562702552357223, 9624325.617625862360001 ] ] ] ] } },
{ "type": "Feature", "properties": { }, "geometry": { "type": "MultiPolygon", "coordinates": [ [ [ [ 355253.762702552368864, 9624325.617625862360001 ], [ 355253.762702552368864, 9625356.367625862360001 ], [ 356755.962702552322298, 9625356.367625862360001 ], [ 356755.962702552322298, 9624325.617625862360001 ], [ 355253.762702552368864, 9624325.617625862360001 ] ] ] ] } },
{ "type": "Feature", "properties": { }, "geometry": { "type": "MultiPolygon", "coordinates": [ [ [ [ 281645.962702552322298, 9623294.867625862360001 ], [ 281645.962702552322298, 9624325.617625862360001 ], [ 283148.162702552275732, 9624325.617625862360001 ], [ 283148.162702552275732, 9623294.867625862360001 ], [ 281645.962702552322298, 9623294.867625862360001 ] ] ] ] } },
{ "type": "Feature", "properties": { }, "geometry": { "type": "MultiPolygon", "coordinates": [ [ [ [ 283148.16270255233394, 9623294.867625862360001 ], [ 283148.16270255233394, 9624325.617625862360001 ], [ 284650.362702552287374, 9624325.617625862360001 ], [ 284650.362702552287374, 9623294.867625862360001 ], [ 283148.16270255233394, 9623294.867625862360001 ] ] ] ] } },
{ "type": "Feature", "properties": { }, "geometry": { "type": "MultiPolygon", "coordinates": [ [ [ [ 284650.362702552345581, 9623294.867625862360001 ], [ 284650.362702552345581, 9624325.617625862360001 ], [ 286152.562702552299015, 9624325.617625862360001 ], [ 286152.562702552299015, 9623294.867625862360001 ], [ 284650.362702552345581, 9623294.867625862360001 ] ] ] ] } },
{ "type": "Feature", "properties": { }, "geometry": { "type": "MultiPolygon", "coordinates": [ [ [ [ 286152.562702552357223, 9623294.867625862360001 ], [ 286152.562702552357223, 9624325.617625862360001 ], [ 287654.762702552310657, 9624325.617625862360001 ], [ 287654.762702552310657, 9623294.867625862360001 ], [ 286152.562702552357223, 9623294.867625862360001 ] ] ] ] } },
{ "type": "Feature", "properties": { }, "geometry": { "type": "MultiPolygon", "coordinates": [ [ [ [ 287654.762702552368864, 9623294.867625862360001 ], [ 287654.762702552368864, 9624325.617625862360001 ], [ 289156.962702552322298, 9624325.617625862360001 ], [ 289156.962702552322298, 9623294.867625862360001 ], [ 287654.762702552368864, 9623294.867625862360001 ] ] ] ] } },
{ "type": "Feature", "properties": { }, "geometry": { "type": "MultiPolygon", "coordinates": [ [ [ [ 289156.962702552322298, 9623294.867625862360001 ], [ 289156.962702552322298, 9624325.617625862360001 ], [ 290659.162702552275732, 9624325.617625862360001 ], [ 290659.162702552275732, 9623294.867625862360001 ], [ 289156.962702552322298, 9623294.867625862360001 ] ] ] ] } },
{ "type": "Feature", "properties": { }, "geometry": { "type": "MultiPolygon", "coordinates": [ [ [ [ 290659.16270255233394, 9623294.867625862360001 ], [ 290659.16270255233394, 9624325.617625862360001 ], [ 292161.362702552287374, 9624325.617625862360001 ], [ 292161.362702552287374, 9623294.867625862360001 ], [ 290659.16270255233394, 9623294.867625862360001 ] ] ] ] } },
{ "type": "Feature", "properties": { }, "geometry": { "type": "MultiPolygon", "coordinates": [ [ [ [ 292161.362702552345581, 9623294.867625862360001 ], [ 292161.362702552345581, 9624325.617625862360001 ], [ 293663.562702552299015, 9624325.617625862360001 ], [ 293663.562702552299015, 9623294.867625862360001 ], [ 292161.362702552345581, 9623294.867625862360001 ] ] ] ] } },
{ "type": "Feature", "properties": { }, "geometry": { "type": "MultiPolygon", "coordinates": [ [ [ [ 293663.562702552357223, 9623294.867625862360001 ], [ 293663.562702552357223, 9624325.617625862360001 ], [ 295165.762702552310657, 9624325.617625862360001 ], [ 295165.762702552310657, 9623294.867625862360001 ], [ 293663.562702552357223, 9623294.867625862360001 ] ] ] ] } },
{ "type": "Feature", "properties": { }, "geometry": { "type": "MultiPolygon", "coordinates": [ [ [ [ 295165.762702552368864, 9623294.867625862360001 ], [ 295165.762702552368864, 9624325.617625862360001 ], [ 296667.962702552322298, 9624325.617625862360001 ], [ 296667.962702552322298, 9623294.867625862360001 ], [ 295165.762702552368864, 9623294.867625862360001 ] ] ] ] } },
{ "type": "Feature", "properties": { }, "geometry": { "type": "MultiPolygon", "coordinates": [ [ [ [ 296667.962702552322298, 9623294.867625862360001 ], [ 296667.962702552322298, 9624325.617625862360001 ], [ 298170.162702552275732, 9624325.617625862360001 ], [ 298170.162702552275732, 9623294.867625862360001 ], [ 296667.962702552322298, 9623294.867625862360001 ] ] ] ] } },
{ "type": "Feature", "properties": { }, "geometry": { "type": "MultiPolygon", "coordinates": [ [ [ [ 298170.16270255233394, 9623294.867625862360001 ], [ 298170.16270255233394, 9624325.617625862360001 ], [ 299672.362702552287374, 9624325.617625862360001 ], [ 299672.362702552287374, 9623294.867625862360001 ], [ 298170.16270255233394, 9623294.867625862360001 ] ] ] ] } },
{ "type": "Feature", "properties": { }, "geometry": { "type": "MultiPolygon", "coordinates": [ [ [ [ 299672.362702552345581, 9623294.867625862360001 ], [ 299672.362702552345581, 9624325.617625862360001 ], [ 301174.562702552299015, 9624325.617625862360001 ], [ 301174.562702552299015, 9623294.867625862360001 ], [ 299672.362702552345581, 9623294.867625862360001 ] ] ] ] } },
{ "type": "Feature", "properties": { }, "geometry": { "type": "MultiPolygon", "coordinates": [ [ [ [ 301174.562702552357223, 9623294.867625862360001 ], [ 301174.562702552357223, 9624325.617625862360001 ], [ 302676.762702552310657, 9624325.617625862360001 ], [ 302676.762702552310657, 9623294.867625862360001 ], [ 301174.562702552357223, 9623294.867625862360001 ] ] ] ] } },
{ "type": "Feature", "properties": { }, "geometry": { "type": "MultiPolygon", "coordinates": [ [ [ [ 302676.762702552368864, 9623294.867625862360001 ], [ 302676.762702552368864, 9624325.617625862360001 ], [ 304178.962702552322298, 9624325.617625862360001 ], [ 304178.962702552322298, 9623294.867625862360001 ], [ 302676.762702552368864, 9623294.867625862360001 ] ] ] ] } },
{ "type": "Feature", "properties": { }, "geometry": { "type": "MultiPolygon", "coordinates": [ [ [ [ 304178.962702552322298, 9623294.867625862360001 ], [ 304178.962702552322298, 9624325.617625862360001 ], [ 305681.162702552275732, 9624325.617625862360001 ], [ 305681.162702552275732, 9623294.867625862360001 ], [ 304178.962702552322298, 9623294.867625862360001 ] ] ] ] } },
{ "type": "Feature", "properties": { }, "geometry": { "type": "MultiPolygon", "coordinates": [ [ [ [ 305681.16270255233394, 9623294.867625862360001 ], [ 305681.16270255233394, 9624325.617625862360001 ], [ 307183.362702552287374, 9624325.617625862360001 ], [ 307183.362702552287374, 9623294.867625862360001 ], [ 305681.16270255233394, 9623294.867625862360001 ] ] ] ] } },
{ "type": "Feature", "properties": { }, "geometry": { "type": "MultiPolygon", "coordinates": [ [ [ [ 307183.362702552345581, 9623294.867625862360001 ], [ 307183.362702552345581, 9624325.617625862360001 ], [ 308685.562702552299015, 9624325.617625862360001 ], [ 308685.562702552299015, 9623294.867625862360001 ], [ 307183.362702552345581, 9623294.867625862360001 ] ] ] ] } },
{ "type": "Feature", "properties": { }, "geometry": { "type": "MultiPolygon", "coordinates": [ [ [ [ 308685.562702552357223, 9623294.867625862360001 ], [ 308685.562702552357223, 9624325.617625862360001 ], [ 310187.762702552310657, 9624325.617625862360001 ], [ 310187.762702552310657, 9623294.867625862360001 ], [ 308685.562702552357223, 9623294.867625862360001 ] ] ] ] } },
{ "type": "Feature", "properties": { }, "geometry": { "type": "MultiPolygon", "coordinates": [ [ [ [ 310187.762702552368864, 9623294.867625862360001 ], [ 310187.762702552368864, 9624325.617625862360001 ], [ 311689.962702552322298, 9624325.617625862360001 ], [ 311689.962702552322298, 9623294.867625862360001 ], [ 310187.762702552368864, 9623294.867625862360001 ] ] ] ] } },
{ "type": "Feature", "properties": { }, "geometry": { "type": "MultiPolygon", "coordinates": [ [ [ [ 311689.962702552322298, 9623294.867625862360001 ], [ 311689.962702552322298, 9624325.617625862360001 ], [ 313192.162702552275732, 9624325.617625862360001 ], [ 313192.162702552275732, 9623294.867625862360001 ], [ 311689.962702552322298, 9623294.867625862360001 ] ] ] ] } },
{ "type": "Feature", "properties": { }, "geometry": { "type": "MultiPolygon", "coordinates": [ [ [ [ 313192.16270255233394, 9623294.867625862360001 ], [ 313192.16270255233394, 9624325.617625862360001 ], [ 314694.362702552287374, 9624325.617625862360001 ], [ 314694.362702552287374, 9623294.867625862360001 ], [ 313192.16270255233394, 9623294.867625862360001 ] ] ] ] } },
{ "type": "Feature", "properties": { }, "geometry": { "type": "MultiPolygon", "coordinates": [ [ [ [ 314694.362702552345581, 9623294.867625862360001 ], [ 314694.362702552345581, 9624325.617625862360001 ], [ 316196.562702552299015, 9624325.617625862360001 ], [ 316196.562702552299015, 9623294.867625862360001 ], [ 314694.362702552345581, 9623294.867625862360001 ] ] ] ] } },
{ "type": "Feature", "properties": { }, "geometry": { "type": "MultiPolygon", "coordinates": [ [ [ [ 316196.562702552357223, 9623294.867625862360001 ], [ 316196.562702552357223, 9624325.617625862360001 ], [ 317698.762702552310657, 9624325.617625862360001 ], [ 317698.762702552310657, 9623294.867625862360001 ], [ 316196.562702552357223, 9623294.867625862360001 ] ] ] ] } },
{ "type": "Feature", "properties": { }, "geometry": { "type": "MultiPolygon", "coordinates": [ [ [ [ 317698.762702552368864, 9623294.867625862360001 ], [ 317698.762702552368864, 9624325.617625862360001 ], [ 319200.962702552322298, 9624325.617625862360001 ], [ 319200.962702552322298, 9623294.867625862360001 ], [ 317698.762702552368864, 9623294.867625862360001 ] ] ] ] } },
{ "type": "Feature", "properties": { }, "geometry": { "type": "MultiPolygon", "coordinates": [ [ [ [ 319200.962702552322298, 9623294.867625862360001 ], [ 319200.962702552322298, 9624325.617625862360001 ], [ 320703.162702552275732, 9624325.617625862360001 ], [ 320703.162702552275732, 9623294.867625862360001 ], [ 319200.962702552322298, 9623294.867625862360001 ] ] ] ] } },
{ "type": "Feature", "properties": { }, "geometry": { "type": "MultiPolygon", "coordinates": [ [ [ [ 320703.16270255233394, 9623294.867625862360001 ], [ 320703.16270255233394, 9624325.617625862360001 ], [ 322205.362702552287374, 9624325.617625862360001 ], [ 322205.362702552287374, 9623294.867625862360001 ], [ 320703.16270255233394, 9623294.867625862360001 ] ] ] ] } },
{ "type": "Feature", "properties": { }, "geometry": { "type": "MultiPolygon", "coordinates": [ [ [ [ 322205.362702552345581, 9623294.867625862360001 ], [ 322205.362702552345581, 9624325.617625862360001 ], [ 323707.562702552299015, 9624325.617625862360001 ], [ 323707.562702552299015, 9623294.867625862360001 ], [ 322205.362702552345581, 9623294.867625862360001 ] ] ] ] } },
{ "type": "Feature", "properties": { }, "geometry": { "type": "MultiPolygon", "coordinates": [ [ [ [ 323707.562702552357223, 9623294.867625862360001 ], [ 323707.562702552357223, 9624325.617625862360001 ], [ 325209.762702552310657, 9624325.617625862360001 ], [ 325209.762702552310657, 9623294.867625862360001 ], [ 323707.562702552357223, 9623294.867625862360001 ] ] ] ] } },
{ "type": "Feature", "properties": { }, "geometry": { "type": "MultiPolygon", "coordinates": [ [ [ [ 325209.762702552368864, 9623294.867625862360001 ], [ 325209.762702552368864, 9624325.617625862360001 ], [ 326711.962702552322298, 9624325.617625862360001 ], [ 326711.962702552322298, 9623294.867625862360001 ], [ 325209.762702552368864, 9623294.867625862360001 ] ] ] ] } },
{ "type": "Feature", "properties": { }, "geometry": { "type": "MultiPolygon", "coordinates": [ [ [ [ 326711.962702552322298, 9623294.867625862360001 ], [ 326711.962702552322298, 9624325.617625862360001 ], [ 328214.162702552275732, 9624325.617625862360001 ], [ 328214.162702552275732, 9623294.867625862360001 ], [ 326711.962702552322298, 9623294.867625862360001 ] ] ] ] } },
{ "type": "Feature", "properties": { }, "geometry": { "type": "MultiPolygon", "coordinates": [ [ [ [ 328214.16270255233394, 9623294.867625862360001 ], [ 328214.16270255233394, 9624325.617625862360001 ], [ 329716.362702552287374, 9624325.617625862360001 ], [ 329716.362702552287374, 9623294.867625862360001 ], [ 328214.16270255233394, 9623294.867625862360001 ] ] ] ] } },
{ "type": "Feature", "properties": { }, "geometry": { "type": "MultiPolygon", "coordinates": [ [ [ [ 329716.362702552345581, 9623294.867625862360001 ], [ 329716.362702552345581, 9624325.617625862360001 ], [ 331218.562702552299015, 9624325.617625862360001 ], [ 331218.562702552299015, 9623294.867625862360001 ], [ 329716.362702552345581, 9623294.867625862360001 ] ] ] ] } },
{ "type": "Feature", "properties": { }, "geometry": { "type": "MultiPolygon", "coordinates": [ [ [ [ 331218.562702552357223, 9623294.867625862360001 ], [ 331218.562702552357223, 9624325.617625862360001 ], [ 332720.762702552310657, 9624325.617625862360001 ], [ 332720.762702552310657, 9623294.867625862360001 ], [ 331218.562702552357223, 9623294.867625862360001 ] ] ] ] } },
{ "type": "Feature", "properties": { }, "geometry": { "type": "MultiPolygon", "coordinates": [ [ [ [ 332720.762702552368864, 9623294.867625862360001 ], [ 332720.762702552368864, 9624325.617625862360001 ], [ 334222.962702552322298, 9624325.617625862360001 ], [ 334222.962702552322298, 9623294.867625862360001 ], [ 332720.762702552368864, 9623294.867625862360001 ] ] ] ] } },
{ "type": "Feature", "properties": { }, "geometry": { "type": "MultiPolygon", "coordinates": [ [ [ [ 334222.962702552322298, 9623294.867625862360001 ], [ 334222.962702552322298, 9624325.617625862360001 ], [ 335725.162702552275732, 9624325.617625862360001 ], [ 335725.162702552275732, 9623294.867625862360001 ], [ 334222.962702552322298, 9623294.867625862360001 ] ] ] ] } },
{ "type": "Feature", "properties": { }, "geometry": { "type": "MultiPolygon", "coordinates": [ [ [ [ 335725.16270255233394, 9623294.867625862360001 ], [ 335725.16270255233394, 9624325.617625862360001 ], [ 337227.362702552287374, 9624325.617625862360001 ], [ 337227.362702552287374, 9623294.867625862360001 ], [ 335725.16270255233394, 9623294.867625862360001 ] ] ] ] } },
{ "type": "Feature", "properties": { }, "geometry": { "type": "MultiPolygon", "coordinates": [ [ [ [ 337227.362702552345581, 9623294.867625862360001 ], [ 337227.362702552345581, 9624325.617625862360001 ], [ 338729.562702552299015, 9624325.617625862360001 ], [ 338729.562702552299015, 9623294.867625862360001 ], [ 337227.362702552345581, 9623294.867625862360001 ] ] ] ] } },
{ "type": "Feature", "properties": { }, "geometry": { "type": "MultiPolygon", "coordinates": [ [ [ [ 338729.562702552357223, 9623294.867625862360001 ], [ 338729.562702552357223, 9624325.617625862360001 ], [ 340231.762702552310657, 9624325.617625862360001 ], [ 340231.762702552310657, 9623294.867625862360001 ], [ 338729.562702552357223, 9623294.867625862360001 ] ] ] ] } },
{ "type": "Feature", "properties": { }, "geometry": { "type": "MultiPolygon", "coordinates": [ [ [ [ 340231.762702552368864, 9623294.867625862360001 ], [ 340231.762702552368864, 9624325.617625862360001 ], [ 341733.962702552322298, 9624325.617625862360001 ], [ 341733.962702552322298, 9623294.867625862360001 ], [ 340231.762702552368864, 9623294.867625862360001 ] ] ] ] } },
{ "type": "Feature", "properties": { }, "geometry": { "type": "MultiPolygon", "coordinates": [ [ [ [ 341733.962702552322298, 9623294.867625862360001 ], [ 341733.962702552322298, 9624325.617625862360001 ], [ 343236.162702552275732, 9624325.617625862360001 ], [ 343236.162702552275732, 9623294.867625862360001 ], [ 341733.962702552322298, 9623294.867625862360001 ] ] ] ] } },
{ "type": "Feature", "properties": { }, "geometry": { "type": "MultiPolygon", "coordinates": [ [ [ [ 343236.16270255233394, 9623294.867625862360001 ], [ 343236.16270255233394, 9624325.617625862360001 ], [ 344738.362702552287374, 9624325.617625862360001 ], [ 344738.362702552287374, 9623294.867625862360001 ], [ 343236.16270255233394, 9623294.867625862360001 ] ] ] ] } },
{ "type": "Feature", "properties": { }, "geometry": { "type": "MultiPolygon", "coordinates": [ [ [ [ 344738.362702552345581, 9623294.867625862360001 ], [ 344738.362702552345581, 9624325.617625862360001 ], [ 346240.562702552299015, 9624325.617625862360001 ], [ 346240.562702552299015, 9623294.867625862360001 ], [ 344738.362702552345581, 9623294.867625862360001 ] ] ] ] } },
{ "type": "Feature", "properties": { }, "geometry": { "type": "MultiPolygon", "coordinates": [ [ [ [ 346240.562702552357223, 9623294.867625862360001 ], [ 346240.562702552357223, 9624325.617625862360001 ], [ 347742.762702552310657, 9624325.617625862360001 ], [ 347742.762702552310657, 9623294.867625862360001 ], [ 346240.562702552357223, 9623294.867625862360001 ] ] ] ] } },
{ "type": "Feature", "properties": { }, "geometry": { "type": "MultiPolygon", "coordinates": [ [ [ [ 347742.762702552368864, 9623294.867625862360001 ], [ 347742.762702552368864, 9624325.617625862360001 ], [ 349244.962702552322298, 9624325.617625862360001 ], [ 349244.962702552322298, 9623294.867625862360001 ], [ 347742.762702552368864, 9623294.867625862360001 ] ] ] ] } },
{ "type": "Feature", "properties": { }, "geometry": { "type": "MultiPolygon", "coordinates": [ [ [ [ 349244.962702552322298, 9623294.867625862360001 ], [ 349244.962702552322298, 9624325.617625862360001 ], [ 350747.162702552275732, 9624325.617625862360001 ], [ 350747.162702552275732, 9623294.867625862360001 ], [ 349244.962702552322298, 9623294.867625862360001 ] ] ] ] } },
{ "type": "Feature", "properties": { }, "geometry": { "type": "MultiPolygon", "coordinates": [ [ [ [ 350747.16270255233394, 9623294.867625862360001 ], [ 350747.16270255233394, 9624325.617625862360001 ], [ 352249.362702552287374, 9624325.617625862360001 ], [ 352249.362702552287374, 9623294.867625862360001 ], [ 350747.16270255233394, 9623294.867625862360001 ] ] ] ] } },
{ "type": "Feature", "properties": { }, "geometry": { "type": "MultiPolygon", "coordinates": [ [ [ [ 352249.362702552345581, 9623294.867625862360001 ], [ 352249.362702552345581, 9624325.617625862360001 ], [ 353751.562702552299015, 9624325.617625862360001 ], [ 353751.562702552299015, 9623294.867625862360001 ], [ 352249.362702552345581, 9623294.867625862360001 ] ] ] ] } },
{ "type": "Feature", "properties": { }, "geometry": { "type": "MultiPolygon", "coordinates": [ [ [ [ 353751.562702552357223, 9623294.867625862360001 ], [ 353751.562702552357223, 9624325.617625862360001 ], [ 355253.762702552310657, 9624325.617625862360001 ], [ 355253.762702552310657, 9623294.867625862360001 ], [ 353751.562702552357223, 9623294.867625862360001 ] ] ] ] } },
{ "type": "Feature", "properties": { }, "geometry": { "type": "MultiPolygon", "coordinates": [ [ [ [ 355253.762702552368864, 9623294.867625862360001 ], [ 355253.762702552368864, 9624325.617625862360001 ], [ 356755.962702552322298, 9624325.617625862360001 ], [ 356755.962702552322298, 9623294.867625862360001 ], [ 355253.762702552368864, 9623294.867625862360001 ] ] ] ] } }
]
}
