{
"type": "FeatureCollection",
"name": "Knepp_Tiling_Grid_2000",
"crs": { "type": "name", "properties": { "name": "urn:ogc:def:crs:EPSG::32630" } },
"features": [
{ "type": "Feature", "properties": { }, "geometry": { "type": "MultiPolygon", "coordinates": [ [ [ [ 678336.337296053068712, 5658263.970410445705056 ], [ 678336.337296053068712, 5658780.869124554097652 ], [ 678812.11642706184648, 5658780.869124554097652 ], [ 678812.11642706184648, 5658263.970410445705056 ], [ 678336.337296053068712, 5658263.970410445705056 ] ] ] ] } },
{ "type": "Feature", "properties": { }, "geometry": { "type": "MultiPolygon", "coordinates": [ [ [ [ 678812.11642706184648, 5658263.970410445705056 ], [ 678812.11642706184648, 5658780.869124554097652 ], [ 679287.895558070624247, 5658780.869124554097652 ], [ 679287.895558070624247, 5658263.970410445705056 ], [ 678812.11642706184648, 5658263.970410445705056 ] ] ] ] } },
{ "type": "Feature", "properties": { }, "geometry": { "type": "MultiPolygon", "coordinates": [ [ [ [ 679287.895558070740663, 5658263.970410445705056 ], [ 679287.895558070740663, 5658780.869124554097652 ], [ 679763.67468907951843, 5658780.869124554097652 ], [ 679763.67468907951843, 5658263.970410445705056 ], [ 679287.895558070740663, 5658263.970410445705056 ] ] ] ] } },
{ "type": "Feature", "properties": { }, "geometry": { "type": "MultiPolygon", "coordinates": [ [ [ [ 679763.67468907951843, 5658263.970410445705056 ], [ 679763.67468907951843, 5658780.869124554097652 ], [ 680239.453820088296197, 5658780.869124554097652 ], [ 680239.453820088296197, 5658263.970410445705056 ], [ 679763.67468907951843, 5658263.970410445705056 ] ] ] ] } },
{ "type": "Feature", "properties": { }, "geometry": { "type": "MultiPolygon", "coordinates": [ [ [ [ 680239.453820088296197, 5658263.970410445705056 ], [ 680239.453820088296197, 5658780.869124554097652 ], [ 680715.232951097073965, 5658780.869124554097652 ], [ 680715.232951097073965, 5658263.970410445705056 ], [ 680239.453820088296197, 5658263.970410445705056 ] ] ] ] } },
{ "type": "Feature", "properties": { }, "geometry": { "type": "MultiPolygon", "coordinates": [ [ [ [ 680715.232951097073965, 5658263.970410445705056 ], [ 680715.232951097073965, 5658780.869124554097652 ], [ 681191.012082105851732, 5658780.869124554097652 ], [ 681191.012082105851732, 5658263.970410445705056 ], [ 680715.232951097073965, 5658263.970410445705056 ] ] ] ] } },
{ "type": "Feature", "properties": { }, "geometry": { "type": "MultiPolygon", "coordinates": [ [ [ [ 681191.012082105968148, 5658263.970410445705056 ], [ 681191.012082105968148, 5658780.869124554097652 ], [ 681666.791213114745915, 5658780.869124554097652 ], [ 681666.791213114745915, 5658263.970410445705056 ], [ 681191.012082105968148, 5658263.970410445705056 ] ] ] ] } },
{ "type": "Feature", "properties": { }, "geometry": { "type": "MultiPolygon", "coordinates": [ [ [ [ 681666.791213114745915, 5658263.970410445705056 ], [ 681666.791213114745915, 5658780.869124554097652 ], [ 682142.570344123523682, 5658780.869124554097652 ], [ 682142.570344123523682, 5658263.970410445705056 ], [ 681666.791213114745915, 5658263.970410445705056 ] ] ] ] } },
{ "type": "Feature", "properties": { }, "geometry": { "type": "MultiPolygon", "coordinates": [ [ [ [ 682142.570344123523682, 5658263.970410445705056 ], [ 682142.570344123523682, 5658780.869124554097652 ], [ 682618.34947513230145, 5658780.869124554097652 ], [ 682618.34947513230145, 5658263.970410445705056 ], [ 682142.570344123523682, 5658263.970410445705056 ] ] ] ] } },
{ "type": "Feature", "properties": { }, "geometry": { "type": "MultiPolygon", "coordinates": [ [ [ [ 682618.34947513230145, 5658263.970410445705056 ], [ 682618.34947513230145, 5658780.869124554097652 ], [ 683094.128606141079217, 5658780.869124554097652 ], [ 683094.128606141079217, 5658263.970410445705056 ], [ 682618.34947513230145, 5658263.970410445705056 ] ] ] ] } },
{ "type": "Feature", "properties": { }, "geometry": { "type": "MultiPolygon", "coordinates": [ [ [ [ 683094.128606141195633, 5658263.970410445705056 ], [ 683094.128606141195633, 5658780.869124554097652 ], [ 683569.9077371499734, 5658780.869124554097652 ], [ 683569.9077371499734, 5658263.970410445705056 ], [ 683094.128606141195633, 5658263.970410445705056 ] ] ] ] } },
{ "type": "Feature", "properties": { }, "geometry": { "type": "MultiPolygon", "coordinates": [ [ [ [ 683569.9077371499734, 5658263.970410445705056 ], [ 683569.9077371499734, 5658780.869124554097652 ], [ 684045.686868158751167, 5658780.869124554097652 ], [ 684045.686868158751167, 5658263.970410445705056 ], [ 683569.9077371499734, 5658263.970410445705056 ] ] ] ] } },
{ "type": "Feature", "properties": { }, "geometry": { "type": "MultiPolygon", "coordinates": [ [ [ [ 684045.686868158751167, 5658263.970410445705056 ], [ 684045.686868158751167, 5658780.869124554097652 ], [ 684521.465999167528935, 5658780.869124554097652 ], [ 684521.465999167528935, 5658263.970410445705056 ], [ 684045.686868158751167, 5658263.970410445705056 ] ] ] ] } },
{ "type": "Feature", "properties": { }, "geometry": { "type": "MultiPolygon", "coordinates": [ [ [ [ 684521.465999167528935, 5658263.970410445705056 ], [ 684521.465999167528935, 5658780.869124554097652 ], [ 684997.245130176306702, 5658780.869124554097652 ], [ 684997.245130176306702, 5658263.970410445705056 ], [ 684521.465999167528935, 5658263.970410445705056 ] ] ] ] } },
{ "type": "Feature", "properties": { }, "geometry": { "type": "MultiPolygon", "coordinates": [ [ [ [ 684997.245130176306702, 5658263.970410445705056 ], [ 684997.245130176306702, 5658780.869124554097652 ], [ 685473.02426118508447, 5658780.869124554097652 ], [ 685473.02426118508447, 5658263.970410445705056 ], [ 684997.245130176306702, 5658263.970410445705056 ] ] ] ] } },
{ "type": "Feature", "properties": { }, "geometry": { "type": "MultiPolygon", "coordinates": [ [ [ [ 685473.024261185200885, 5658263.970410445705056 ], [ 685473.024261185200885, 5658780.869124554097652 ], [ 685948.803392193978652, 5658780.869124554097652 ], [ 685948.803392193978652, 5658263.970410445705056 ], [ 685473.024261185200885, 5658263.970410445705056 ] ] ] ] } },
{ "type": "Feature", "properties": { }, "geometry": { "type": "MultiPolygon", "coordinates": [ [ [ [ 685948.803392193978652, 5658263.970410445705056 ], [ 685948.803392193978652, 5658780.869124554097652 ], [ 686424.58252320275642, 5658780.869124554097652 ], [ 686424.58252320275642, 5658263.970410445705056 ], [ 685948.803392193978652, 5658263.970410445705056 ] ] ] ] } },
{ "type": "Feature", "properties": { }, "geometry": { "type": "MultiPolygon", "coordinates": [ [ [ [ 686424.58252320275642, 5658263.970410445705056 ], [ 686424.58252320275642, 5658780.869124554097652 ], [ 686900.361654211534187, 5658780.869124554097652 ], [ 686900.361654211534187, 5658263.970410445705056 ], [ 686424.58252320275642, 5658263.970410445705056 ] ] ] ] } },
{ "type": "Feature", "properties": { }, "geometry": { "type": "MultiPolygon", "coordinates": [ [ [ [ 686900.361654211534187, 5658263.970410445705056 ], [ 686900.361654211534187, 5658780.869124554097652 ], [ 687376.140785220311955, 5658780.869124554097652 ], [ 687376.140785220311955, 5658263.970410445705056 ], [ 686900.361654211534187, 5658263.970410445705056 ] ] ] ] } },
{ "type": "Feature", "properties": { }, "geometry": { "type": "MultiPolygon", "coordinates": [ [ [ [ 687376.14078522042837, 5658263.970410445705056 ], [ 687376.14078522042837, 5658780.869124554097652 ], [ 687851.919916229206137, 5658780.869124554097652 ], [ 687851.919916229206137, 5658263.970410445705056 ], [ 687376.14078522042837, 5658263.970410445705056 ] ] ] ] } },
{ "type": "Feature", "properties": { }, "geometry": { "type": "MultiPolygon", "coordinates": [ [ [ [ 687851.919916229206137, 5658263.970410445705056 ], [ 687851.919916229206137, 5658780.869124554097652 ], [ 688327.699047237983905, 5658780.869124554097652 ], [ 688327.699047237983905, 5658263.970410445705056 ], [ 687851.919916229206137, 5658263.970410445705056 ] ] ] ] } },
{ "type": "Feature", "properties": { }, "geometry": { "type": "MultiPolygon", "coordinates": [ [ [ [ 688327.699047237983905, 5658263.970410445705056 ], [ 688327.699047237983905, 5658780.869124554097652 ], [ 688803.478178246761672, 5658780.869124554097652 ], [ 688803.478178246761672, 5658263.970410445705056 ], [ 688327.699047237983905, 5658263.970410445705056 ] ] ] ] } },
{ "type": "Feature", "properties": { }, "geometry": { "type": "MultiPolygon", "coordinates": [ [ [ [ 688803.478178246761672, 5658263.970410445705056 ], [ 688803.478178246761672, 5658780.869124554097652 ], [ 689279.25730925553944, 5658780.869124554097652 ], [ 689279.25730925553944, 5658263.970410445705056 ], [ 688803.478178246761672, 5658263.970410445705056 ] ] ] ] } },
{ "type": "Feature", "properties": { }, "geometry": { "type": "MultiPolygon", "coordinates": [ [ [ [ 689279.257309255655855, 5658263.970410445705056 ], [ 689279.257309255655855, 5658780.869124554097652 ], [ 689755.036440264433622, 5658780.869124554097652 ], [ 689755.036440264433622, 5658263.970410445705056 ], [ 689279.257309255655855, 5658263.970410445705056 ] ] ] ] } },
{ "type": "Feature", "properties": { }, "geometry": { "type": "MultiPolygon", "coordinates": [ [ [ [ 689755.036440264433622, 5658263.970410445705056 ], [ 689755.036440264433622, 5658780.869124554097652 ], [ 690230.81557127321139, 5658780.869124554097652 ], [ 690230.81557127321139, 5658263.970410445705056 ], [ 689755.036440264433622, 5658263.970410445705056 ] ] ] ] } },
{ "type": "Feature", "properties": { }, "geometry": { "type": "MultiPolygon", "coordinates": [ [ [ [ 678336.337296053068712, 5657747.071696336381137 ], [ 678336.337296053068712, 5658263.970410444773734 ], [ 678812.11642706184648, 5658263.970410444773734 ], [ 678812.11642706184648, 5657747.071696336381137 ], [ 678336.337296053068712, 5657747.071696336381137 ] ] ] ] } },
{ "type": "Feature", "properties": { }, "geometry": { "type": "MultiPolygon", "coordinates": [ [ [ [ 678812.11642706184648, 5657747.071696336381137 ], [ 678812.11642706184648, 5658263.970410444773734 ], [ 679287.895558070624247, 5658263.970410444773734 ], [ 679287.895558070624247, 5657747.071696336381137 ], [ 678812.11642706184648, 5657747.071696336381137 ] ] ] ] } },
{ "type": "Feature", "properties": { }, "geometry": { "type": "MultiPolygon", "coordinates": [ [ [ [ 679287.895558070740663, 5657747.071696336381137 ], [ 679287.895558070740663, 5658263.970410444773734 ], [ 679763.67468907951843, 5658263.970410444773734 ], [ 679763.67468907951843, 5657747.071696336381137 ], [ 679287.895558070740663, 5657747.071696336381137 ] ] ] ] } },
{ "type": "Feature", "properties": { }, "geometry": { "type": "MultiPolygon", "coordinates": [ [ [ [ 679763.67468907951843, 5657747.071696336381137 ], [ 679763.67468907951843, 5658263.970410444773734 ], [ 680239.453820088296197, 5658263.970410444773734 ], [ 680239.453820088296197, 5657747.071696336381137 ], [ 679763.67468907951843, 5657747.071696336381137 ] ] ] ] } },
{ "type": "Feature", "properties": { }, "geometry": { "type": "MultiPolygon", "coordinates": [ [ [ [ 680239.453820088296197, 5657747.071696336381137 ], [ 680239.453820088296197, 5658263.970410444773734 ], [ 680715.232951097073965, 5658263.970410444773734 ], [ 680715.232951097073965, 5657747.071696336381137 ], [ 680239.453820088296197, 5657747.071696336381137 ] ] ] ] } },
{ "type": "Feature", "properties": { }, "geometry": { "type": "MultiPolygon", "coordinates": [ [ [ [ 680715.232951097073965, 5657747.071696336381137 ], [ 680715.232951097073965, 5658263.970410444773734 ], [ 681191.012082105851732, 5658263.970410444773734 ], [ 681191.012082105851732, 5657747.071696336381137 ], [ 680715.232951097073965, 5657747.071696336381137 ] ] ] ] } },
{ "type": "Feature", "properties": { }, "geometry": { "type": "MultiPolygon", "coordinates": [ [ [ [ 681191.012082105968148, 5657747.071696336381137 ], [ 681191.012082105968148, 5658263.970410444773734 ], [ 681666.791213114745915, 5658263.970410444773734 ], [ 681666.791213114745915, 5657747.071696336381137 ], [ 681191.012082105968148, 5657747.071696336381137 ] ] ] ] } },
{ "type": "Feature", "properties": { }, "geometry": { "type": "MultiPolygon", "coordinates": [ [ [ [ 681666.791213114745915, 5657747.071696336381137 ], [ 681666.791213114745915, 5658263.970410444773734 ], [ 682142.570344123523682, 5658263.970410444773734 ], [ 682142.570344123523682, 5657747.071696336381137 ], [ 681666.791213114745915, 5657747.071696336381137 ] ] ] ] } },
{ "type": "Feature", "properties": { }, "geometry": { "type": "MultiPolygon", "coordinates": [ [ [ [ 682142.570344123523682, 5657747.071696336381137 ], [ 682142.570344123523682, 5658263.970410444773734 ], [ 682618.34947513230145, 5658263.970410444773734 ], [ 682618.34947513230145, 5657747.071696336381137 ], [ 682142.570344123523682, 5657747.071696336381137 ] ] ] ] } },
{ "type": "Feature", "properties": { }, "geometry": { "type": "MultiPolygon", "coordinates": [ [ [ [ 682618.34947513230145, 5657747.071696336381137 ], [ 682618.34947513230145, 5658263.970410444773734 ], [ 683094.128606141079217, 5658263.970410444773734 ], [ 683094.128606141079217, 5657747.071696336381137 ], [ 682618.34947513230145, 5657747.071696336381137 ] ] ] ] } },
{ "type": "Feature", "properties": { }, "geometry": { "type": "MultiPolygon", "coordinates": [ [ [ [ 683094.128606141195633, 5657747.071696336381137 ], [ 683094.128606141195633, 5658263.970410444773734 ], [ 683569.9077371499734, 5658263.970410444773734 ], [ 683569.9077371499734, 5657747.071696336381137 ], [ 683094.128606141195633, 5657747.071696336381137 ] ] ] ] } },
{ "type": "Feature", "properties": { }, "geometry": { "type": "MultiPolygon", "coordinates": [ [ [ [ 683569.9077371499734, 5657747.071696336381137 ], [ 683569.9077371499734, 5658263.970410444773734 ], [ 684045.686868158751167, 5658263.970410444773734 ], [ 684045.686868158751167, 5657747.071696336381137 ], [ 683569.9077371499734, 5657747.071696336381137 ] ] ] ] } },
{ "type": "Feature", "properties": { }, "geometry": { "type": "MultiPolygon", "coordinates": [ [ [ [ 684045.686868158751167, 5657747.071696336381137 ], [ 684045.686868158751167, 5658263.970410444773734 ], [ 684521.465999167528935, 5658263.970410444773734 ], [ 684521.465999167528935, 5657747.071696336381137 ], [ 684045.686868158751167, 5657747.071696336381137 ] ] ] ] } },
{ "type": "Feature", "properties": { }, "geometry": { "type": "MultiPolygon", "coordinates": [ [ [ [ 684521.465999167528935, 5657747.071696336381137 ], [ 684521.465999167528935, 5658263.970410444773734 ], [ 684997.245130176306702, 5658263.970410444773734 ], [ 684997.245130176306702, 5657747.071696336381137 ], [ 684521.465999167528935, 5657747.071696336381137 ] ] ] ] } },
{ "type": "Feature", "properties": { }, "geometry": { "type": "MultiPolygon", "coordinates": [ [ [ [ 684997.245130176306702, 5657747.071696336381137 ], [ 684997.245130176306702, 5658263.970410444773734 ], [ 685473.02426118508447, 5658263.970410444773734 ], [ 685473.02426118508447, 5657747.071696336381137 ], [ 684997.245130176306702, 5657747.071696336381137 ] ] ] ] } },
{ "type": "Feature", "properties": { }, "geometry": { "type": "MultiPolygon", "coordinates": [ [ [ [ 685473.024261185200885, 5657747.071696336381137 ], [ 685473.024261185200885, 5658263.970410444773734 ], [ 685948.803392193978652, 5658263.970410444773734 ], [ 685948.803392193978652, 5657747.071696336381137 ], [ 685473.024261185200885, 5657747.071696336381137 ] ] ] ] } },
{ "type": "Feature", "properties": { }, "geometry": { "type": "MultiPolygon", "coordinates": [ [ [ [ 685948.803392193978652, 5657747.071696336381137 ], [ 685948.803392193978652, 5658263.970410444773734 ], [ 686424.58252320275642, 5658263.970410444773734 ], [ 686424.58252320275642, 5657747.071696336381137 ], [ 685948.803392193978652, 5657747.071696336381137 ] ] ] ] } },
{ "type": "Feature", "properties": { }, "geometry": { "type": "MultiPolygon", "coordinates": [ [ [ [ 686424.58252320275642, 5657747.071696336381137 ], [ 686424.58252320275642, 5658263.970410444773734 ], [ 686900.361654211534187, 5658263.970410444773734 ], [ 686900.361654211534187, 5657747.071696336381137 ], [ 686424.58252320275642, 5657747.071696336381137 ] ] ] ] } },
{ "type": "Feature", "properties": { }, "geometry": { "type": "MultiPolygon", "coordinates": [ [ [ [ 686900.361654211534187, 5657747.071696336381137 ], [ 686900.361654211534187, 5658263.970410444773734 ], [ 687376.140785220311955, 5658263.970410444773734 ], [ 687376.140785220311955, 5657747.071696336381137 ], [ 686900.361654211534187, 5657747.071696336381137 ] ] ] ] } },
{ "type": "Feature", "properties": { }, "geometry": { "type": "MultiPolygon", "coordinates": [ [ [ [ 687376.14078522042837, 5657747.071696336381137 ], [ 687376.14078522042837, 5658263.970410444773734 ], [ 687851.919916229206137, 5658263.970410444773734 ], [ 687851.919916229206137, 5657747.071696336381137 ], [ 687376.14078522042837, 5657747.071696336381137 ] ] ] ] } },
{ "type": "Feature", "properties": { }, "geometry": { "type": "MultiPolygon", "coordinates": [ [ [ [ 687851.919916229206137, 5657747.071696336381137 ], [ 687851.919916229206137, 5658263.970410444773734 ], [ 688327.699047237983905, 5658263.970410444773734 ], [ 688327.699047237983905, 5657747.071696336381137 ], [ 687851.919916229206137, 5657747.071696336381137 ] ] ] ] } },
{ "type": "Feature", "properties": { }, "geometry": { "type": "MultiPolygon", "coordinates": [ [ [ [ 688327.699047237983905, 5657747.071696336381137 ], [ 688327.699047237983905, 5658263.970410444773734 ], [ 688803.478178246761672, 5658263.970410444773734 ], [ 688803.478178246761672, 5657747.071696336381137 ], [ 688327.699047237983905, 5657747.071696336381137 ] ] ] ] } },
{ "type": "Feature", "properties": { }, "geometry": { "type": "MultiPolygon", "coordinates": [ [ [ [ 688803.478178246761672, 5657747.071696336381137 ], [ 688803.478178246761672, 5658263.970410444773734 ], [ 689279.25730925553944, 5658263.970410444773734 ], [ 689279.25730925553944, 5657747.071696336381137 ], [ 688803.478178246761672, 5657747.071696336381137 ] ] ] ] } },
{ "type": "Feature", "properties": { }, "geometry": { "type": "MultiPolygon", "coordinates": [ [ [ [ 689279.257309255655855, 5657747.071696336381137 ], [ 689279.257309255655855, 5658263.970410444773734 ], [ 689755.036440264433622, 5658263.970410444773734 ], [ 689755.036440264433622, 5657747.071696336381137 ], [ 689279.257309255655855, 5657747.071696336381137 ] ] ] ] } },
{ "type": "Feature", "properties": { }, "geometry": { "type": "MultiPolygon", "coordinates": [ [ [ [ 689755.036440264433622, 5657747.071696336381137 ], [ 689755.036440264433622, 5658263.970410444773734 ], [ 690230.81557127321139, 5658263.970410444773734 ], [ 690230.81557127321139, 5657747.071696336381137 ], [ 689755.036440264433622, 5657747.071696336381137 ] ] ] ] } },
{ "type": "Feature", "properties": { }, "geometry": { "type": "MultiPolygon", "coordinates": [ [ [ [ 678336.337296053068712, 5657230.172982227988541 ], [ 678336.337296053068712, 5657747.071696336381137 ], [ 678812.11642706184648, 5657747.071696336381137 ], [ 678812.11642706184648, 5657230.172982227988541 ], [ 678336.337296053068712, 5657230.172982227988541 ] ] ] ] } },
{ "type": "Feature", "properties": { }, "geometry": { "type": "MultiPolygon", "coordinates": [ [ [ [ 678812.11642706184648, 5657230.172982227988541 ], [ 678812.11642706184648, 5657747.071696336381137 ], [ 679287.895558070624247, 5657747.071696336381137 ], [ 679287.895558070624247, 5657230.172982227988541 ], [ 678812.11642706184648, 5657230.172982227988541 ] ] ] ] } },
{ "type": "Feature", "properties": { }, "geometry": { "type": "MultiPolygon", "coordinates": [ [ [ [ 679287.895558070740663, 5657230.172982227988541 ], [ 679287.895558070740663, 5657747.071696336381137 ], [ 679763.67468907951843, 5657747.071696336381137 ], [ 679763.67468907951843, 5657230.172982227988541 ], [ 679287.895558070740663, 5657230.172982227988541 ] ] ] ] } },
{ "type": "Feature", "properties": { }, "geometry": { "type": "MultiPolygon", "coordinates": [ [ [ [ 679763.67468907951843, 5657230.172982227988541 ], [ 679763.67468907951843, 5657747.071696336381137 ], [ 680239.453820088296197, 5657747.071696336381137 ], [ 680239.453820088296197, 5657230.172982227988541 ], [ 679763.67468907951843, 5657230.172982227988541 ] ] ] ] } },
{ "type": "Feature", "properties": { }, "geometry": { "type": "MultiPolygon", "coordinates": [ [ [ [ 680239.453820088296197, 5657230.172982227988541 ], [ 680239.453820088296197, 5657747.071696336381137 ], [ 680715.232951097073965, 5657747.071696336381137 ], [ 680715.232951097073965, 5657230.172982227988541 ], [ 680239.453820088296197, 5657230.172982227988541 ] ] ] ] } },
{ "type": "Feature", "properties": { }, "geometry": { "type": "MultiPolygon", "coordinates": [ [ [ [ 680715.232951097073965, 5657230.172982227988541 ], [ 680715.232951097073965, 5657747.071696336381137 ], [ 681191.012082105851732, 5657747.071696336381137 ], [ 681191.012082105851732, 5657230.172982227988541 ], [ 680715.232951097073965, 5657230.172982227988541 ] ] ] ] } },
{ "type": "Feature", "properties": { }, "geometry": { "type": "MultiPolygon", "coordinates": [ [ [ [ 681191.012082105968148, 5657230.172982227988541 ], [ 681191.012082105968148, 5657747.071696336381137 ], [ 681666.791213114745915, 5657747.071696336381137 ], [ 681666.791213114745915, 5657230.172982227988541 ], [ 681191.012082105968148, 5657230.172982227988541 ] ] ] ] } },
{ "type": "Feature", "properties": { }, "geometry": { "type": "MultiPolygon", "coordinates": [ [ [ [ 681666.791213114745915, 5657230.172982227988541 ], [ 681666.791213114745915, 5657747.071696336381137 ], [ 682142.570344123523682, 5657747.071696336381137 ], [ 682142.570344123523682, 5657230.172982227988541 ], [ 681666.791213114745915, 5657230.172982227988541 ] ] ] ] } },
{ "type": "Feature", "properties": { }, "geometry": { "type": "MultiPolygon", "coordinates": [ [ [ [ 682142.570344123523682, 5657230.172982227988541 ], [ 682142.570344123523682, 5657747.071696336381137 ], [ 682618.34947513230145, 5657747.071696336381137 ], [ 682618.34947513230145, 5657230.172982227988541 ], [ 682142.570344123523682, 5657230.172982227988541 ] ] ] ] } },
{ "type": "Feature", "properties": { }, "geometry": { "type": "MultiPolygon", "coordinates": [ [ [ [ 682618.34947513230145, 5657230.172982227988541 ], [ 682618.34947513230145, 5657747.071696336381137 ], [ 683094.128606141079217, 5657747.071696336381137 ], [ 683094.128606141079217, 5657230.172982227988541 ], [ 682618.34947513230145, 5657230.172982227988541 ] ] ] ] } },
{ "type": "Feature", "properties": { }, "geometry": { "type": "MultiPolygon", "coordinates": [ [ [ [ 683094.128606141195633, 5657230.172982227988541 ], [ 683094.128606141195633, 5657747.071696336381137 ], [ 683569.9077371499734, 5657747.071696336381137 ], [ 683569.9077371499734, 5657230.172982227988541 ], [ 683094.128606141195633, 5657230.172982227988541 ] ] ] ] } },
{ "type": "Feature", "properties": { }, "geometry": { "type": "MultiPolygon", "coordinates": [ [ [ [ 683569.9077371499734, 5657230.172982227988541 ], [ 683569.9077371499734, 5657747.071696336381137 ], [ 684045.686868158751167, 5657747.071696336381137 ], [ 684045.686868158751167, 5657230.172982227988541 ], [ 683569.9077371499734, 5657230.172982227988541 ] ] ] ] } },
{ "type": "Feature", "properties": { }, "geometry": { "type": "MultiPolygon", "coordinates": [ [ [ [ 684045.686868158751167, 5657230.172982227988541 ], [ 684045.686868158751167, 5657747.071696336381137 ], [ 684521.465999167528935, 5657747.071696336381137 ], [ 684521.465999167528935, 5657230.172982227988541 ], [ 684045.686868158751167, 5657230.172982227988541 ] ] ] ] } },
{ "type": "Feature", "properties": { }, "geometry": { "type": "MultiPolygon", "coordinates": [ [ [ [ 684521.465999167528935, 5657230.172982227988541 ], [ 684521.465999167528935, 5657747.071696336381137 ], [ 684997.245130176306702, 5657747.071696336381137 ], [ 684997.245130176306702, 5657230.172982227988541 ], [ 684521.465999167528935, 5657230.172982227988541 ] ] ] ] } },
{ "type": "Feature", "properties": { }, "geometry": { "type": "MultiPolygon", "coordinates": [ [ [ [ 684997.245130176306702, 5657230.172982227988541 ], [ 684997.245130176306702, 5657747.071696336381137 ], [ 685473.02426118508447, 5657747.071696336381137 ], [ 685473.02426118508447, 5657230.172982227988541 ], [ 684997.245130176306702, 5657230.172982227988541 ] ] ] ] } },
{ "type": "Feature", "properties": { }, "geometry": { "type": "MultiPolygon", "coordinates": [ [ [ [ 685473.024261185200885, 5657230.172982227988541 ], [ 685473.024261185200885, 5657747.071696336381137 ], [ 685948.803392193978652, 5657747.071696336381137 ], [ 685948.803392193978652, 5657230.172982227988541 ], [ 685473.024261185200885, 5657230.172982227988541 ] ] ] ] } },
{ "type": "Feature", "properties": { }, "geometry": { "type": "MultiPolygon", "coordinates": [ [ [ [ 685948.803392193978652, 5657230.172982227988541 ], [ 685948.803392193978652, 5657747.071696336381137 ], [ 686424.58252320275642, 5657747.071696336381137 ], [ 686424.58252320275642, 5657230.172982227988541 ], [ 685948.803392193978652, 5657230.172982227988541 ] ] ] ] } },
{ "type": "Feature", "properties": { }, "geometry": { "type": "MultiPolygon", "coordinates": [ [ [ [ 686424.58252320275642, 5657230.172982227988541 ], [ 686424.58252320275642, 5657747.071696336381137 ], [ 686900.361654211534187, 5657747.071696336381137 ], [ 686900.361654211534187, 5657230.172982227988541 ], [ 686424.58252320275642, 5657230.172982227988541 ] ] ] ] } },
{ "type": "Feature", "properties": { }, "geometry": { "type": "MultiPolygon", "coordinates": [ [ [ [ 686900.361654211534187, 5657230.172982227988541 ], [ 686900.361654211534187, 5657747.071696336381137 ], [ 687376.140785220311955, 5657747.071696336381137 ], [ 687376.140785220311955, 5657230.172982227988541 ], [ 686900.361654211534187, 5657230.172982227988541 ] ] ] ] } },
{ "type": "Feature", "properties": { }, "geometry": { "type": "MultiPolygon", "coordinates": [ [ [ [ 687376.14078522042837, 5657230.172982227988541 ], [ 687376.14078522042837, 5657747.071696336381137 ], [ 687851.919916229206137, 5657747.071696336381137 ], [ 687851.919916229206137, 5657230.172982227988541 ], [ 687376.14078522042837, 5657230.172982227988541 ] ] ] ] } },
{ "type": "Feature", "properties": { }, "geometry": { "type": "MultiPolygon", "coordinates": [ [ [ [ 687851.919916229206137, 5657230.172982227988541 ], [ 687851.919916229206137, 5657747.071696336381137 ], [ 688327.699047237983905, 5657747.071696336381137 ], [ 688327.699047237983905, 5657230.172982227988541 ], [ 687851.919916229206137, 5657230.172982227988541 ] ] ] ] } },
{ "type": "Feature", "properties": { }, "geometry": { "type": "MultiPolygon", "coordinates": [ [ [ [ 688327.699047237983905, 5657230.172982227988541 ], [ 688327.699047237983905, 5657747.071696336381137 ], [ 688803.478178246761672, 5657747.071696336381137 ], [ 688803.478178246761672, 5657230.172982227988541 ], [ 688327.699047237983905, 5657230.172982227988541 ] ] ] ] } },
{ "type": "Feature", "properties": { }, "geometry": { "type": "MultiPolygon", "coordinates": [ [ [ [ 688803.478178246761672, 5657230.172982227988541 ], [ 688803.478178246761672, 5657747.071696336381137 ], [ 689279.25730925553944, 5657747.071696336381137 ], [ 689279.25730925553944, 5657230.172982227988541 ], [ 688803.478178246761672, 5657230.172982227988541 ] ] ] ] } },
{ "type": "Feature", "properties": { }, "geometry": { "type": "MultiPolygon", "coordinates": [ [ [ [ 689279.257309255655855, 5657230.172982227988541 ], [ 689279.257309255655855, 5657747.071696336381137 ], [ 689755.036440264433622, 5657747.071696336381137 ], [ 689755.036440264433622, 5657230.172982227988541 ], [ 689279.257309255655855, 5657230.172982227988541 ] ] ] ] } },
{ "type": "Feature", "properties": { }, "geometry": { "type": "MultiPolygon", "coordinates": [ [ [ [ 689755.036440264433622, 5657230.172982227988541 ], [ 689755.036440264433622, 5657747.071696336381137 ], [ 690230.81557127321139, 5657747.071696336381137 ], [ 690230.81557127321139, 5657230.172982227988541 ], [ 689755.036440264433622, 5657230.172982227988541 ] ] ] ] } },
{ "type": "Feature", "properties": { }, "geometry": { "type": "MultiPolygon", "coordinates": [ [ [ [ 678336.337296053068712, 5656713.274268119595945 ], [ 678336.337296053068712, 5657230.172982227988541 ], [ 678812.11642706184648, 5657230.172982227988541 ], [ 678812.11642706184648, 5656713.274268119595945 ], [ 678336.337296053068712, 5656713.274268119595945 ] ] ] ] } },
{ "type": "Feature", "properties": { }, "geometry": { "type": "MultiPolygon", "coordinates": [ [ [ [ 678812.11642706184648, 5656713.274268119595945 ], [ 678812.11642706184648, 5657230.172982227988541 ], [ 679287.895558070624247, 5657230.172982227988541 ], [ 679287.895558070624247, 5656713.274268119595945 ], [ 678812.11642706184648, 5656713.274268119595945 ] ] ] ] } },
{ "type": "Feature", "properties": { }, "geometry": { "type": "MultiPolygon", "coordinates": [ [ [ [ 679287.895558070740663, 5656713.274268119595945 ], [ 679287.895558070740663, 5657230.172982227988541 ], [ 679763.67468907951843, 5657230.172982227988541 ], [ 679763.67468907951843, 5656713.274268119595945 ], [ 679287.895558070740663, 5656713.274268119595945 ] ] ] ] } },
{ "type": "Feature", "properties": { }, "geometry": { "type": "MultiPolygon", "coordinates": [ [ [ [ 679763.67468907951843, 5656713.274268119595945 ], [ 679763.67468907951843, 5657230.172982227988541 ], [ 680239.453820088296197, 5657230.172982227988541 ], [ 680239.453820088296197, 5656713.274268119595945 ], [ 679763.67468907951843, 5656713.274268119595945 ] ] ] ] } },
{ "type": "Feature", "properties": { }, "geometry": { "type": "MultiPolygon", "coordinates": [ [ [ [ 680239.453820088296197, 5656713.274268119595945 ], [ 680239.453820088296197, 5657230.172982227988541 ], [ 680715.232951097073965, 5657230.172982227988541 ], [ 680715.232951097073965, 5656713.274268119595945 ], [ 680239.453820088296197, 5656713.274268119595945 ] ] ] ] } },
{ "type": "Feature", "properties": { }, "geometry": { "type": "MultiPolygon", "coordinates": [ [ [ [ 680715.232951097073965, 5656713.274268119595945 ], [ 680715.232951097073965, 5657230.172982227988541 ], [ 681191.012082105851732, 5657230.172982227988541 ], [ 681191.012082105851732, 5656713.274268119595945 ], [ 680715.232951097073965, 5656713.274268119595945 ] ] ] ] } },
{ "type": "Feature", "properties": { }, "geometry": { "type": "MultiPolygon", "coordinates": [ [ [ [ 681191.012082105968148, 5656713.274268119595945 ], [ 681191.012082105968148, 5657230.172982227988541 ], [ 681666.791213114745915, 5657230.172982227988541 ], [ 681666.791213114745915, 5656713.274268119595945 ], [ 681191.012082105968148, 5656713.274268119595945 ] ] ] ] } },
{ "type": "Feature", "properties": { }, "geometry": { "type": "MultiPolygon", "coordinates": [ [ [ [ 681666.791213114745915, 5656713.274268119595945 ], [ 681666.791213114745915, 5657230.172982227988541 ], [ 682142.570344123523682, 5657230.172982227988541 ], [ 682142.570344123523682, 5656713.274268119595945 ], [ 681666.791213114745915, 5656713.274268119595945 ] ] ] ] } },
{ "type": "Feature", "properties": { }, "geometry": { "type": "MultiPolygon", "coordinates": [ [ [ [ 682142.570344123523682, 5656713.274268119595945 ], [ 682142.570344123523682, 5657230.172982227988541 ], [ 682618.34947513230145, 5657230.172982227988541 ], [ 682618.34947513230145, 5656713.274268119595945 ], [ 682142.570344123523682, 5656713.274268119595945 ] ] ] ] } },
{ "type": "Feature", "properties": { }, "geometry": { "type": "MultiPolygon", "coordinates": [ [ [ [ 682618.34947513230145, 5656713.274268119595945 ], [ 682618.34947513230145, 5657230.172982227988541 ], [ 683094.128606141079217, 5657230.172982227988541 ], [ 683094.128606141079217, 5656713.274268119595945 ], [ 682618.34947513230145, 5656713.274268119595945 ] ] ] ] } },
{ "type": "Feature", "properties": { }, "geometry": { "type": "MultiPolygon", "coordinates": [ [ [ [ 683094.128606141195633, 5656713.274268119595945 ], [ 683094.128606141195633, 5657230.172982227988541 ], [ 683569.9077371499734, 5657230.172982227988541 ], [ 683569.9077371499734, 5656713.274268119595945 ], [ 683094.128606141195633, 5656713.274268119595945 ] ] ] ] } },
{ "type": "Feature", "properties": { }, "geometry": { "type": "MultiPolygon", "coordinates": [ [ [ [ 683569.9077371499734, 5656713.274268119595945 ], [ 683569.9077371499734, 5657230.172982227988541 ], [ 684045.686868158751167, 5657230.172982227988541 ], [ 684045.686868158751167, 5656713.274268119595945 ], [ 683569.9077371499734, 5656713.274268119595945 ] ] ] ] } },
{ "type": "Feature", "properties": { }, "geometry": { "type": "MultiPolygon", "coordinates": [ [ [ [ 684045.686868158751167, 5656713.274268119595945 ], [ 684045.686868158751167, 5657230.172982227988541 ], [ 684521.465999167528935, 5657230.172982227988541 ], [ 684521.465999167528935, 5656713.274268119595945 ], [ 684045.686868158751167, 5656713.274268119595945 ] ] ] ] } },
{ "type": "Feature", "properties": { }, "geometry": { "type": "MultiPolygon", "coordinates": [ [ [ [ 684521.465999167528935, 5656713.274268119595945 ], [ 684521.465999167528935, 5657230.172982227988541 ], [ 684997.245130176306702, 5657230.172982227988541 ], [ 684997.245130176306702, 5656713.274268119595945 ], [ 684521.465999167528935, 5656713.274268119595945 ] ] ] ] } },
{ "type": "Feature", "properties": { }, "geometry": { "type": "MultiPolygon", "coordinates": [ [ [ [ 684997.245130176306702, 5656713.274268119595945 ], [ 684997.245130176306702, 5657230.172982227988541 ], [ 685473.02426118508447, 5657230.172982227988541 ], [ 685473.02426118508447, 5656713.274268119595945 ], [ 684997.245130176306702, 5656713.274268119595945 ] ] ] ] } },
{ "type": "Feature", "properties": { }, "geometry": { "type": "MultiPolygon", "coordinates": [ [ [ [ 685473.024261185200885, 5656713.274268119595945 ], [ 685473.024261185200885, 5657230.172982227988541 ], [ 685948.803392193978652, 5657230.172982227988541 ], [ 685948.803392193978652, 5656713.274268119595945 ], [ 685473.024261185200885, 5656713.274268119595945 ] ] ] ] } },
{ "type": "Feature", "properties": { }, "geometry": { "type": "MultiPolygon", "coordinates": [ [ [ [ 685948.803392193978652, 5656713.274268119595945 ], [ 685948.803392193978652, 5657230.172982227988541 ], [ 686424.58252320275642, 5657230.172982227988541 ], [ 686424.58252320275642, 5656713.274268119595945 ], [ 685948.803392193978652, 5656713.274268119595945 ] ] ] ] } },
{ "type": "Feature", "properties": { }, "geometry": { "type": "MultiPolygon", "coordinates": [ [ [ [ 686424.58252320275642, 5656713.274268119595945 ], [ 686424.58252320275642, 5657230.172982227988541 ], [ 686900.361654211534187, 5657230.172982227988541 ], [ 686900.361654211534187, 5656713.274268119595945 ], [ 686424.58252320275642, 5656713.274268119595945 ] ] ] ] } },
{ "type": "Feature", "properties": { }, "geometry": { "type": "MultiPolygon", "coordinates": [ [ [ [ 686900.361654211534187, 5656713.274268119595945 ], [ 686900.361654211534187, 5657230.172982227988541 ], [ 687376.140785220311955, 5657230.172982227988541 ], [ 687376.140785220311955, 5656713.274268119595945 ], [ 686900.361654211534187, 5656713.274268119595945 ] ] ] ] } },
{ "type": "Feature", "properties": { }, "geometry": { "type": "MultiPolygon", "coordinates": [ [ [ [ 687376.14078522042837, 5656713.274268119595945 ], [ 687376.14078522042837, 5657230.172982227988541 ], [ 687851.919916229206137, 5657230.172982227988541 ], [ 687851.919916229206137, 5656713.274268119595945 ], [ 687376.14078522042837, 5656713.274268119595945 ] ] ] ] } },
{ "type": "Feature", "properties": { }, "geometry": { "type": "MultiPolygon", "coordinates": [ [ [ [ 687851.919916229206137, 5656713.274268119595945 ], [ 687851.919916229206137, 5657230.172982227988541 ], [ 688327.699047237983905, 5657230.172982227988541 ], [ 688327.699047237983905, 5656713.274268119595945 ], [ 687851.919916229206137, 5656713.274268119595945 ] ] ] ] } },
{ "type": "Feature", "properties": { }, "geometry": { "type": "MultiPolygon", "coordinates": [ [ [ [ 688327.699047237983905, 5656713.274268119595945 ], [ 688327.699047237983905, 5657230.172982227988541 ], [ 688803.478178246761672, 5657230.172982227988541 ], [ 688803.478178246761672, 5656713.274268119595945 ], [ 688327.699047237983905, 5656713.274268119595945 ] ] ] ] } },
{ "type": "Feature", "properties": { }, "geometry": { "type": "MultiPolygon", "coordinates": [ [ [ [ 688803.478178246761672, 5656713.274268119595945 ], [ 688803.478178246761672, 5657230.172982227988541 ], [ 689279.25730925553944, 5657230.172982227988541 ], [ 689279.25730925553944, 5656713.274268119595945 ], [ 688803.478178246761672, 5656713.274268119595945 ] ] ] ] } },
{ "type": "Feature", "properties": { }, "geometry": { "type": "MultiPolygon", "coordinates": [ [ [ [ 689279.257309255655855, 5656713.274268119595945 ], [ 689279.257309255655855, 5657230.172982227988541 ], [ 689755.036440264433622, 5657230.172982227988541 ], [ 689755.036440264433622, 5656713.274268119595945 ], [ 689279.257309255655855, 5656713.274268119595945 ] ] ] ] } },
{ "type": "Feature", "properties": { }, "geometry": { "type": "MultiPolygon", "coordinates": [ [ [ [ 689755.036440264433622, 5656713.274268119595945 ], [ 689755.036440264433622, 5657230.172982227988541 ], [ 690230.81557127321139, 5657230.172982227988541 ], [ 690230.81557127321139, 5656713.274268119595945 ], [ 689755.036440264433622, 5656713.274268119595945 ] ] ] ] } },
{ "type": "Feature", "properties": { }, "geometry": { "type": "MultiPolygon", "coordinates": [ [ [ [ 678336.337296053068712, 5656196.375554010272026 ], [ 678336.337296053068712, 5656713.274268118664622 ], [ 678812.11642706184648, 5656713.274268118664622 ], [ 678812.11642706184648, 5656196.375554010272026 ], [ 678336.337296053068712, 5656196.375554010272026 ] ] ] ] } },
{ "type": "Feature", "properties": { }, "geometry": { "type": "MultiPolygon", "coordinates": [ [ [ [ 678812.11642706184648, 5656196.375554010272026 ], [ 678812.11642706184648, 5656713.274268118664622 ], [ 679287.895558070624247, 5656713.274268118664622 ], [ 679287.895558070624247, 5656196.375554010272026 ], [ 678812.11642706184648, 5656196.375554010272026 ] ] ] ] } },
{ "type": "Feature", "properties": { }, "geometry": { "type": "MultiPolygon", "coordinates": [ [ [ [ 679287.895558070740663, 5656196.375554010272026 ], [ 679287.895558070740663, 5656713.274268118664622 ], [ 679763.67468907951843, 5656713.274268118664622 ], [ 679763.67468907951843, 5656196.375554010272026 ], [ 679287.895558070740663, 5656196.375554010272026 ] ] ] ] } },
{ "type": "Feature", "properties": { }, "geometry": { "type": "MultiPolygon", "coordinates": [ [ [ [ 679763.67468907951843, 5656196.375554010272026 ], [ 679763.67468907951843, 5656713.274268118664622 ], [ 680239.453820088296197, 5656713.274268118664622 ], [ 680239.453820088296197, 5656196.375554010272026 ], [ 679763.67468907951843, 5656196.375554010272026 ] ] ] ] } },
{ "type": "Feature", "properties": { }, "geometry": { "type": "MultiPolygon", "coordinates": [ [ [ [ 680239.453820088296197, 5656196.375554010272026 ], [ 680239.453820088296197, 5656713.274268118664622 ], [ 680715.232951097073965, 5656713.274268118664622 ], [ 680715.232951097073965, 5656196.375554010272026 ], [ 680239.453820088296197, 5656196.375554010272026 ] ] ] ] } },
{ "type": "Feature", "properties": { }, "geometry": { "type": "MultiPolygon", "coordinates": [ [ [ [ 680715.232951097073965, 5656196.375554010272026 ], [ 680715.232951097073965, 5656713.274268118664622 ], [ 681191.012082105851732, 5656713.274268118664622 ], [ 681191.012082105851732, 5656196.375554010272026 ], [ 680715.232951097073965, 5656196.375554010272026 ] ] ] ] } },
{ "type": "Feature", "properties": { }, "geometry": { "type": "MultiPolygon", "coordinates": [ [ [ [ 681191.012082105968148, 5656196.375554010272026 ], [ 681191.012082105968148, 5656713.274268118664622 ], [ 681666.791213114745915, 5656713.274268118664622 ], [ 681666.791213114745915, 5656196.375554010272026 ], [ 681191.012082105968148, 5656196.375554010272026 ] ] ] ] } },
{ "type": "Feature", "properties": { }, "geometry": { "type": "MultiPolygon", "coordinates": [ [ [ [ 681666.791213114745915, 5656196.375554010272026 ], [ 681666.791213114745915, 5656713.274268118664622 ], [ 682142.570344123523682, 5656713.274268118664622 ], [ 682142.570344123523682, 5656196.375554010272026 ], [ 681666.791213114745915, 5656196.375554010272026 ] ] ] ] } },
{ "type": "Feature", "properties": { }, "geometry": { "type": "MultiPolygon", "coordinates": [ [ [ [ 682142.570344123523682, 5656196.375554010272026 ], [ 682142.570344123523682, 5656713.274268118664622 ], [ 682618.34947513230145, 5656713.274268118664622 ], [ 682618.34947513230145, 5656196.375554010272026 ], [ 682142.570344123523682, 5656196.375554010272026 ] ] ] ] } },
{ "type": "Feature", "properties": { }, "geometry": { "type": "MultiPolygon", "coordinates": [ [ [ [ 682618.34947513230145, 5656196.375554010272026 ], [ 682618.34947513230145, 5656713.274268118664622 ], [ 683094.128606141079217, 5656713.274268118664622 ], [ 683094.128606141079217, 5656196.375554010272026 ], [ 682618.34947513230145, 5656196.375554010272026 ] ] ] ] } },
{ "type": "Feature", "properties": { }, "geometry": { "type": "MultiPolygon", "coordinates": [ [ [ [ 683094.128606141195633, 5656196.375554010272026 ], [ 683094.128606141195633, 5656713.274268118664622 ], [ 683569.9077371499734, 5656713.274268118664622 ], [ 683569.9077371499734, 5656196.375554010272026 ], [ 683094.128606141195633, 5656196.375554010272026 ] ] ] ] } },
{ "type": "Feature", "properties": { }, "geometry": { "type": "MultiPolygon", "coordinates": [ [ [ [ 683569.9077371499734, 5656196.375554010272026 ], [ 683569.9077371499734, 5656713.274268118664622 ], [ 684045.686868158751167, 5656713.274268118664622 ], [ 684045.686868158751167, 5656196.375554010272026 ], [ 683569.9077371499734, 5656196.375554010272026 ] ] ] ] } },
{ "type": "Feature", "properties": { }, "geometry": { "type": "MultiPolygon", "coordinates": [ [ [ [ 684045.686868158751167, 5656196.375554010272026 ], [ 684045.686868158751167, 5656713.274268118664622 ], [ 684521.465999167528935, 5656713.274268118664622 ], [ 684521.465999167528935, 5656196.375554010272026 ], [ 684045.686868158751167, 5656196.375554010272026 ] ] ] ] } },
{ "type": "Feature", "properties": { }, "geometry": { "type": "MultiPolygon", "coordinates": [ [ [ [ 684521.465999167528935, 5656196.375554010272026 ], [ 684521.465999167528935, 5656713.274268118664622 ], [ 684997.245130176306702, 5656713.274268118664622 ], [ 684997.245130176306702, 5656196.375554010272026 ], [ 684521.465999167528935, 5656196.375554010272026 ] ] ] ] } },
{ "type": "Feature", "properties": { }, "geometry": { "type": "MultiPolygon", "coordinates": [ [ [ [ 684997.245130176306702, 5656196.375554010272026 ], [ 684997.245130176306702, 5656713.274268118664622 ], [ 685473.02426118508447, 5656713.274268118664622 ], [ 685473.02426118508447, 5656196.375554010272026 ], [ 684997.245130176306702, 5656196.375554010272026 ] ] ] ] } },
{ "type": "Feature", "properties": { }, "geometry": { "type": "MultiPolygon", "coordinates": [ [ [ [ 685473.024261185200885, 5656196.375554010272026 ], [ 685473.024261185200885, 5656713.274268118664622 ], [ 685948.803392193978652, 5656713.274268118664622 ], [ 685948.803392193978652, 5656196.375554010272026 ], [ 685473.024261185200885, 5656196.375554010272026 ] ] ] ] } },
{ "type": "Feature", "properties": { }, "geometry": { "type": "MultiPolygon", "coordinates": [ [ [ [ 685948.803392193978652, 5656196.375554010272026 ], [ 685948.803392193978652, 5656713.274268118664622 ], [ 686424.58252320275642, 5656713.274268118664622 ], [ 686424.58252320275642, 5656196.375554010272026 ], [ 685948.803392193978652, 5656196.375554010272026 ] ] ] ] } },
{ "type": "Feature", "properties": { }, "geometry": { "type": "MultiPolygon", "coordinates": [ [ [ [ 686424.58252320275642, 5656196.375554010272026 ], [ 686424.58252320275642, 5656713.274268118664622 ], [ 686900.361654211534187, 5656713.274268118664622 ], [ 686900.361654211534187, 5656196.375554010272026 ], [ 686424.58252320275642, 5656196.375554010272026 ] ] ] ] } },
{ "type": "Feature", "properties": { }, "geometry": { "type": "MultiPolygon", "coordinates": [ [ [ [ 686900.361654211534187, 5656196.375554010272026 ], [ 686900.361654211534187, 5656713.274268118664622 ], [ 687376.140785220311955, 5656713.274268118664622 ], [ 687376.140785220311955, 5656196.375554010272026 ], [ 686900.361654211534187, 5656196.375554010272026 ] ] ] ] } },
{ "type": "Feature", "properties": { }, "geometry": { "type": "MultiPolygon", "coordinates": [ [ [ [ 687376.14078522042837, 5656196.375554010272026 ], [ 687376.14078522042837, 5656713.274268118664622 ], [ 687851.919916229206137, 5656713.274268118664622 ], [ 687851.919916229206137, 5656196.375554010272026 ], [ 687376.14078522042837, 5656196.375554010272026 ] ] ] ] } },
{ "type": "Feature", "properties": { }, "geometry": { "type": "MultiPolygon", "coordinates": [ [ [ [ 687851.919916229206137, 5656196.375554010272026 ], [ 687851.919916229206137, 5656713.274268118664622 ], [ 688327.699047237983905, 5656713.274268118664622 ], [ 688327.699047237983905, 5656196.375554010272026 ], [ 687851.919916229206137, 5656196.375554010272026 ] ] ] ] } },
{ "type": "Feature", "properties": { }, "geometry": { "type": "MultiPolygon", "coordinates": [ [ [ [ 688327.699047237983905, 5656196.375554010272026 ], [ 688327.699047237983905, 5656713.274268118664622 ], [ 688803.478178246761672, 5656713.274268118664622 ], [ 688803.478178246761672, 5656196.375554010272026 ], [ 688327.699047237983905, 5656196.375554010272026 ] ] ] ] } },
{ "type": "Feature", "properties": { }, "geometry": { "type": "MultiPolygon", "coordinates": [ [ [ [ 688803.478178246761672, 5656196.375554010272026 ], [ 688803.478178246761672, 5656713.274268118664622 ], [ 689279.25730925553944, 5656713.274268118664622 ], [ 689279.25730925553944, 5656196.375554010272026 ], [ 688803.478178246761672, 5656196.375554010272026 ] ] ] ] } },
{ "type": "Feature", "properties": { }, "geometry": { "type": "MultiPolygon", "coordinates": [ [ [ [ 689279.257309255655855, 5656196.375554010272026 ], [ 689279.257309255655855, 5656713.274268118664622 ], [ 689755.036440264433622, 5656713.274268118664622 ], [ 689755.036440264433622, 5656196.375554010272026 ], [ 689279.257309255655855, 5656196.375554010272026 ] ] ] ] } },
{ "type": "Feature", "properties": { }, "geometry": { "type": "MultiPolygon", "coordinates": [ [ [ [ 689755.036440264433622, 5656196.375554010272026 ], [ 689755.036440264433622, 5656713.274268118664622 ], [ 690230.81557127321139, 5656713.274268118664622 ], [ 690230.81557127321139, 5656196.375554010272026 ], [ 689755.036440264433622, 5656196.375554010272026 ] ] ] ] } },
{ "type": "Feature", "properties": { }, "geometry": { "type": "MultiPolygon", "coordinates": [ [ [ [ 678336.337296053068712, 5655679.47683990187943 ], [ 678336.337296053068712, 5656196.375554010272026 ], [ 678812.11642706184648, 5656196.375554010272026 ], [ 678812.11642706184648, 5655679.47683990187943 ], [ 678336.337296053068712, 5655679.47683990187943 ] ] ] ] } },
{ "type": "Feature", "properties": { }, "geometry": { "type": "MultiPolygon", "coordinates": [ [ [ [ 678812.11642706184648, 5655679.47683990187943 ], [ 678812.11642706184648, 5656196.375554010272026 ], [ 679287.895558070624247, 5656196.375554010272026 ], [ 679287.895558070624247, 5655679.47683990187943 ], [ 678812.11642706184648, 5655679.47683990187943 ] ] ] ] } },
{ "type": "Feature", "properties": { }, "geometry": { "type": "MultiPolygon", "coordinates": [ [ [ [ 679287.895558070740663, 5655679.47683990187943 ], [ 679287.895558070740663, 5656196.375554010272026 ], [ 679763.67468907951843, 5656196.375554010272026 ], [ 679763.67468907951843, 5655679.47683990187943 ], [ 679287.895558070740663, 5655679.47683990187943 ] ] ] ] } },
{ "type": "Feature", "properties": { }, "geometry": { "type": "MultiPolygon", "coordinates": [ [ [ [ 679763.67468907951843, 5655679.47683990187943 ], [ 679763.67468907951843, 5656196.375554010272026 ], [ 680239.453820088296197, 5656196.375554010272026 ], [ 680239.453820088296197, 5655679.47683990187943 ], [ 679763.67468907951843, 5655679.47683990187943 ] ] ] ] } },
{ "type": "Feature", "properties": { }, "geometry": { "type": "MultiPolygon", "coordinates": [ [ [ [ 680239.453820088296197, 5655679.47683990187943 ], [ 680239.453820088296197, 5656196.375554010272026 ], [ 680715.232951097073965, 5656196.375554010272026 ], [ 680715.232951097073965, 5655679.47683990187943 ], [ 680239.453820088296197, 5655679.47683990187943 ] ] ] ] } },
{ "type": "Feature", "properties": { }, "geometry": { "type": "MultiPolygon", "coordinates": [ [ [ [ 680715.232951097073965, 5655679.47683990187943 ], [ 680715.232951097073965, 5656196.375554010272026 ], [ 681191.012082105851732, 5656196.375554010272026 ], [ 681191.012082105851732, 5655679.47683990187943 ], [ 680715.232951097073965, 5655679.47683990187943 ] ] ] ] } },
{ "type": "Feature", "properties": { }, "geometry": { "type": "MultiPolygon", "coordinates": [ [ [ [ 681191.012082105968148, 5655679.47683990187943 ], [ 681191.012082105968148, 5656196.375554010272026 ], [ 681666.791213114745915, 5656196.375554010272026 ], [ 681666.791213114745915, 5655679.47683990187943 ], [ 681191.012082105968148, 5655679.47683990187943 ] ] ] ] } },
{ "type": "Feature", "properties": { }, "geometry": { "type": "MultiPolygon", "coordinates": [ [ [ [ 681666.791213114745915, 5655679.47683990187943 ], [ 681666.791213114745915, 5656196.375554010272026 ], [ 682142.570344123523682, 5656196.375554010272026 ], [ 682142.570344123523682, 5655679.47683990187943 ], [ 681666.791213114745915, 5655679.47683990187943 ] ] ] ] } },
{ "type": "Feature", "properties": { }, "geometry": { "type": "MultiPolygon", "coordinates": [ [ [ [ 682142.570344123523682, 5655679.47683990187943 ], [ 682142.570344123523682, 5656196.375554010272026 ], [ 682618.34947513230145, 5656196.375554010272026 ], [ 682618.34947513230145, 5655679.47683990187943 ], [ 682142.570344123523682, 5655679.47683990187943 ] ] ] ] } },
{ "type": "Feature", "properties": { }, "geometry": { "type": "MultiPolygon", "coordinates": [ [ [ [ 682618.34947513230145, 5655679.47683990187943 ], [ 682618.34947513230145, 5656196.375554010272026 ], [ 683094.128606141079217, 5656196.375554010272026 ], [ 683094.128606141079217, 5655679.47683990187943 ], [ 682618.34947513230145, 5655679.47683990187943 ] ] ] ] } },
{ "type": "Feature", "properties": { }, "geometry": { "type": "MultiPolygon", "coordinates": [ [ [ [ 683094.128606141195633, 5655679.47683990187943 ], [ 683094.128606141195633, 5656196.375554010272026 ], [ 683569.9077371499734, 5656196.375554010272026 ], [ 683569.9077371499734, 5655679.47683990187943 ], [ 683094.128606141195633, 5655679.47683990187943 ] ] ] ] } },
{ "type": "Feature", "properties": { }, "geometry": { "type": "MultiPolygon", "coordinates": [ [ [ [ 683569.9077371499734, 5655679.47683990187943 ], [ 683569.9077371499734, 5656196.375554010272026 ], [ 684045.686868158751167, 5656196.375554010272026 ], [ 684045.686868158751167, 5655679.47683990187943 ], [ 683569.9077371499734, 5655679.47683990187943 ] ] ] ] } },
{ "type": "Feature", "properties": { }, "geometry": { "type": "MultiPolygon", "coordinates": [ [ [ [ 684045.686868158751167, 5655679.47683990187943 ], [ 684045.686868158751167, 5656196.375554010272026 ], [ 684521.465999167528935, 5656196.375554010272026 ], [ 684521.465999167528935, 5655679.47683990187943 ], [ 684045.686868158751167, 5655679.47683990187943 ] ] ] ] } },
{ "type": "Feature", "properties": { }, "geometry": { "type": "MultiPolygon", "coordinates": [ [ [ [ 684521.465999167528935, 5655679.47683990187943 ], [ 684521.465999167528935, 5656196.375554010272026 ], [ 684997.245130176306702, 5656196.375554010272026 ], [ 684997.245130176306702, 5655679.47683990187943 ], [ 684521.465999167528935, 5655679.47683990187943 ] ] ] ] } },
{ "type": "Feature", "properties": { }, "geometry": { "type": "MultiPolygon", "coordinates": [ [ [ [ 684997.245130176306702, 5655679.47683990187943 ], [ 684997.245130176306702, 5656196.375554010272026 ], [ 685473.02426118508447, 5656196.375554010272026 ], [ 685473.02426118508447, 5655679.47683990187943 ], [ 684997.245130176306702, 5655679.47683990187943 ] ] ] ] } },
{ "type": "Feature", "properties": { }, "geometry": { "type": "MultiPolygon", "coordinates": [ [ [ [ 685473.024261185200885, 5655679.47683990187943 ], [ 685473.024261185200885, 5656196.375554010272026 ], [ 685948.803392193978652, 5656196.375554010272026 ], [ 685948.803392193978652, 5655679.47683990187943 ], [ 685473.024261185200885, 5655679.47683990187943 ] ] ] ] } },
{ "type": "Feature", "properties": { }, "geometry": { "type": "MultiPolygon", "coordinates": [ [ [ [ 685948.803392193978652, 5655679.47683990187943 ], [ 685948.803392193978652, 5656196.375554010272026 ], [ 686424.58252320275642, 5656196.375554010272026 ], [ 686424.58252320275642, 5655679.47683990187943 ], [ 685948.803392193978652, 5655679.47683990187943 ] ] ] ] } },
{ "type": "Feature", "properties": { }, "geometry": { "type": "MultiPolygon", "coordinates": [ [ [ [ 686424.58252320275642, 5655679.47683990187943 ], [ 686424.58252320275642, 5656196.375554010272026 ], [ 686900.361654211534187, 5656196.375554010272026 ], [ 686900.361654211534187, 5655679.47683990187943 ], [ 686424.58252320275642, 5655679.47683990187943 ] ] ] ] } },
{ "type": "Feature", "properties": { }, "geometry": { "type": "MultiPolygon", "coordinates": [ [ [ [ 686900.361654211534187, 5655679.47683990187943 ], [ 686900.361654211534187, 5656196.375554010272026 ], [ 687376.140785220311955, 5656196.375554010272026 ], [ 687376.140785220311955, 5655679.47683990187943 ], [ 686900.361654211534187, 5655679.47683990187943 ] ] ] ] } },
{ "type": "Feature", "properties": { }, "geometry": { "type": "MultiPolygon", "coordinates": [ [ [ [ 687376.14078522042837, 5655679.47683990187943 ], [ 687376.14078522042837, 5656196.375554010272026 ], [ 687851.919916229206137, 5656196.375554010272026 ], [ 687851.919916229206137, 5655679.47683990187943 ], [ 687376.14078522042837, 5655679.47683990187943 ] ] ] ] } },
{ "type": "Feature", "properties": { }, "geometry": { "type": "MultiPolygon", "coordinates": [ [ [ [ 687851.919916229206137, 5655679.47683990187943 ], [ 687851.919916229206137, 5656196.375554010272026 ], [ 688327.699047237983905, 5656196.375554010272026 ], [ 688327.699047237983905, 5655679.47683990187943 ], [ 687851.919916229206137, 5655679.47683990187943 ] ] ] ] } },
{ "type": "Feature", "properties": { }, "geometry": { "type": "MultiPolygon", "coordinates": [ [ [ [ 688327.699047237983905, 5655679.47683990187943 ], [ 688327.699047237983905, 5656196.375554010272026 ], [ 688803.478178246761672, 5656196.375554010272026 ], [ 688803.478178246761672, 5655679.47683990187943 ], [ 688327.699047237983905, 5655679.47683990187943 ] ] ] ] } },
{ "type": "Feature", "properties": { }, "geometry": { "type": "MultiPolygon", "coordinates": [ [ [ [ 688803.478178246761672, 5655679.47683990187943 ], [ 688803.478178246761672, 5656196.375554010272026 ], [ 689279.25730925553944, 5656196.375554010272026 ], [ 689279.25730925553944, 5655679.47683990187943 ], [ 688803.478178246761672, 5655679.47683990187943 ] ] ] ] } },
{ "type": "Feature", "properties": { }, "geometry": { "type": "MultiPolygon", "coordinates": [ [ [ [ 689279.257309255655855, 5655679.47683990187943 ], [ 689279.257309255655855, 5656196.375554010272026 ], [ 689755.036440264433622, 5656196.375554010272026 ], [ 689755.036440264433622, 5655679.47683990187943 ], [ 689279.257309255655855, 5655679.47683990187943 ] ] ] ] } },
{ "type": "Feature", "properties": { }, "geometry": { "type": "MultiPolygon", "coordinates": [ [ [ [ 689755.036440264433622, 5655679.47683990187943 ], [ 689755.036440264433622, 5656196.375554010272026 ], [ 690230.81557127321139, 5656196.375554010272026 ], [ 690230.81557127321139, 5655679.47683990187943 ], [ 689755.036440264433622, 5655679.47683990187943 ] ] ] ] } },
{ "type": "Feature", "properties": { }, "geometry": { "type": "MultiPolygon", "coordinates": [ [ [ [ 678336.337296053068712, 5655162.578125793486834 ], [ 678336.337296053068712, 5655679.47683990187943 ], [ 678812.11642706184648, 5655679.47683990187943 ], [ 678812.11642706184648, 5655162.578125793486834 ], [ 678336.337296053068712, 5655162.578125793486834 ] ] ] ] } },
{ "type": "Feature", "properties": { }, "geometry": { "type": "MultiPolygon", "coordinates": [ [ [ [ 678812.11642706184648, 5655162.578125793486834 ], [ 678812.11642706184648, 5655679.47683990187943 ], [ 679287.895558070624247, 5655679.47683990187943 ], [ 679287.895558070624247, 5655162.578125793486834 ], [ 678812.11642706184648, 5655162.578125793486834 ] ] ] ] } },
{ "type": "Feature", "properties": { }, "geometry": { "type": "MultiPolygon", "coordinates": [ [ [ [ 679287.895558070740663, 5655162.578125793486834 ], [ 679287.895558070740663, 5655679.47683990187943 ], [ 679763.67468907951843, 5655679.47683990187943 ], [ 679763.67468907951843, 5655162.578125793486834 ], [ 679287.895558070740663, 5655162.578125793486834 ] ] ] ] } },
{ "type": "Feature", "properties": { }, "geometry": { "type": "MultiPolygon", "coordinates": [ [ [ [ 679763.67468907951843, 5655162.578125793486834 ], [ 679763.67468907951843, 5655679.47683990187943 ], [ 680239.453820088296197, 5655679.47683990187943 ], [ 680239.453820088296197, 5655162.578125793486834 ], [ 679763.67468907951843, 5655162.578125793486834 ] ] ] ] } },
{ "type": "Feature", "properties": { }, "geometry": { "type": "MultiPolygon", "coordinates": [ [ [ [ 680239.453820088296197, 5655162.578125793486834 ], [ 680239.453820088296197, 5655679.47683990187943 ], [ 680715.232951097073965, 5655679.47683990187943 ], [ 680715.232951097073965, 5655162.578125793486834 ], [ 680239.453820088296197, 5655162.578125793486834 ] ] ] ] } },
{ "type": "Feature", "properties": { }, "geometry": { "type": "MultiPolygon", "coordinates": [ [ [ [ 680715.232951097073965, 5655162.578125793486834 ], [ 680715.232951097073965, 5655679.47683990187943 ], [ 681191.012082105851732, 5655679.47683990187943 ], [ 681191.012082105851732, 5655162.578125793486834 ], [ 680715.232951097073965, 5655162.578125793486834 ] ] ] ] } },
{ "type": "Feature", "properties": { }, "geometry": { "type": "MultiPolygon", "coordinates": [ [ [ [ 681191.012082105968148, 5655162.578125793486834 ], [ 681191.012082105968148, 5655679.47683990187943 ], [ 681666.791213114745915, 5655679.47683990187943 ], [ 681666.791213114745915, 5655162.578125793486834 ], [ 681191.012082105968148, 5655162.578125793486834 ] ] ] ] } },
{ "type": "Feature", "properties": { }, "geometry": { "type": "MultiPolygon", "coordinates": [ [ [ [ 681666.791213114745915, 5655162.578125793486834 ], [ 681666.791213114745915, 5655679.47683990187943 ], [ 682142.570344123523682, 5655679.47683990187943 ], [ 682142.570344123523682, 5655162.578125793486834 ], [ 681666.791213114745915, 5655162.578125793486834 ] ] ] ] } },
{ "type": "Feature", "properties": { }, "geometry": { "type": "MultiPolygon", "coordinates": [ [ [ [ 682142.570344123523682, 5655162.578125793486834 ], [ 682142.570344123523682, 5655679.47683990187943 ], [ 682618.34947513230145, 5655679.47683990187943 ], [ 682618.34947513230145, 5655162.578125793486834 ], [ 682142.570344123523682, 5655162.578125793486834 ] ] ] ] } },
{ "type": "Feature", "properties": { }, "geometry": { "type": "MultiPolygon", "coordinates": [ [ [ [ 682618.34947513230145, 5655162.578125793486834 ], [ 682618.34947513230145, 5655679.47683990187943 ], [ 683094.128606141079217, 5655679.47683990187943 ], [ 683094.128606141079217, 5655162.578125793486834 ], [ 682618.34947513230145, 5655162.578125793486834 ] ] ] ] } },
{ "type": "Feature", "properties": { }, "geometry": { "type": "MultiPolygon", "coordinates": [ [ [ [ 683094.128606141195633, 5655162.578125793486834 ], [ 683094.128606141195633, 5655679.47683990187943 ], [ 683569.9077371499734, 5655679.47683990187943 ], [ 683569.9077371499734, 5655162.578125793486834 ], [ 683094.128606141195633, 5655162.578125793486834 ] ] ] ] } },
{ "type": "Feature", "properties": { }, "geometry": { "type": "MultiPolygon", "coordinates": [ [ [ [ 683569.9077371499734, 5655162.578125793486834 ], [ 683569.9077371499734, 5655679.47683990187943 ], [ 684045.686868158751167, 5655679.47683990187943 ], [ 684045.686868158751167, 5655162.578125793486834 ], [ 683569.9077371499734, 5655162.578125793486834 ] ] ] ] } },
{ "type": "Feature", "properties": { }, "geometry": { "type": "MultiPolygon", "coordinates": [ [ [ [ 684045.686868158751167, 5655162.578125793486834 ], [ 684045.686868158751167, 5655679.47683990187943 ], [ 684521.465999167528935, 5655679.47683990187943 ], [ 684521.465999167528935, 5655162.578125793486834 ], [ 684045.686868158751167, 5655162.578125793486834 ] ] ] ] } },
{ "type": "Feature", "properties": { }, "geometry": { "type": "MultiPolygon", "coordinates": [ [ [ [ 684521.465999167528935, 5655162.578125793486834 ], [ 684521.465999167528935, 5655679.47683990187943 ], [ 684997.245130176306702, 5655679.47683990187943 ], [ 684997.245130176306702, 5655162.578125793486834 ], [ 684521.465999167528935, 5655162.578125793486834 ] ] ] ] } },
{ "type": "Feature", "properties": { }, "geometry": { "type": "MultiPolygon", "coordinates": [ [ [ [ 684997.245130176306702, 5655162.578125793486834 ], [ 684997.245130176306702, 5655679.47683990187943 ], [ 685473.02426118508447, 5655679.47683990187943 ], [ 685473.02426118508447, 5655162.578125793486834 ], [ 684997.245130176306702, 5655162.578125793486834 ] ] ] ] } },
{ "type": "Feature", "properties": { }, "geometry": { "type": "MultiPolygon", "coordinates": [ [ [ [ 685473.024261185200885, 5655162.578125793486834 ], [ 685473.024261185200885, 5655679.47683990187943 ], [ 685948.803392193978652, 5655679.47683990187943 ], [ 685948.803392193978652, 5655162.578125793486834 ], [ 685473.024261185200885, 5655162.578125793486834 ] ] ] ] } },
{ "type": "Feature", "properties": { }, "geometry": { "type": "MultiPolygon", "coordinates": [ [ [ [ 685948.803392193978652, 5655162.578125793486834 ], [ 685948.803392193978652, 5655679.47683990187943 ], [ 686424.58252320275642, 5655679.47683990187943 ], [ 686424.58252320275642, 5655162.578125793486834 ], [ 685948.803392193978652, 5655162.578125793486834 ] ] ] ] } },
{ "type": "Feature", "properties": { }, "geometry": { "type": "MultiPolygon", "coordinates": [ [ [ [ 686424.58252320275642, 5655162.578125793486834 ], [ 686424.58252320275642, 5655679.47683990187943 ], [ 686900.361654211534187, 5655679.47683990187943 ], [ 686900.361654211534187, 5655162.578125793486834 ], [ 686424.58252320275642, 5655162.578125793486834 ] ] ] ] } },
{ "type": "Feature", "properties": { }, "geometry": { "type": "MultiPolygon", "coordinates": [ [ [ [ 686900.361654211534187, 5655162.578125793486834 ], [ 686900.361654211534187, 5655679.47683990187943 ], [ 687376.140785220311955, 5655679.47683990187943 ], [ 687376.140785220311955, 5655162.578125793486834 ], [ 686900.361654211534187, 5655162.578125793486834 ] ] ] ] } },
{ "type": "Feature", "properties": { }, "geometry": { "type": "MultiPolygon", "coordinates": [ [ [ [ 687376.14078522042837, 5655162.578125793486834 ], [ 687376.14078522042837, 5655679.47683990187943 ], [ 687851.919916229206137, 5655679.47683990187943 ], [ 687851.919916229206137, 5655162.578125793486834 ], [ 687376.14078522042837, 5655162.578125793486834 ] ] ] ] } },
{ "type": "Feature", "properties": { }, "geometry": { "type": "MultiPolygon", "coordinates": [ [ [ [ 687851.919916229206137, 5655162.578125793486834 ], [ 687851.919916229206137, 5655679.47683990187943 ], [ 688327.699047237983905, 5655679.47683990187943 ], [ 688327.699047237983905, 5655162.578125793486834 ], [ 687851.919916229206137, 5655162.578125793486834 ] ] ] ] } },
{ "type": "Feature", "properties": { }, "geometry": { "type": "MultiPolygon", "coordinates": [ [ [ [ 688327.699047237983905, 5655162.578125793486834 ], [ 688327.699047237983905, 5655679.47683990187943 ], [ 688803.478178246761672, 5655679.47683990187943 ], [ 688803.478178246761672, 5655162.578125793486834 ], [ 688327.699047237983905, 5655162.578125793486834 ] ] ] ] } },
{ "type": "Feature", "properties": { }, "geometry": { "type": "MultiPolygon", "coordinates": [ [ [ [ 688803.478178246761672, 5655162.578125793486834 ], [ 688803.478178246761672, 5655679.47683990187943 ], [ 689279.25730925553944, 5655679.47683990187943 ], [ 689279.25730925553944, 5655162.578125793486834 ], [ 688803.478178246761672, 5655162.578125793486834 ] ] ] ] } },
{ "type": "Feature", "properties": { }, "geometry": { "type": "MultiPolygon", "coordinates": [ [ [ [ 689279.257309255655855, 5655162.578125793486834 ], [ 689279.257309255655855, 5655679.47683990187943 ], [ 689755.036440264433622, 5655679.47683990187943 ], [ 689755.036440264433622, 5655162.578125793486834 ], [ 689279.257309255655855, 5655162.578125793486834 ] ] ] ] } },
{ "type": "Feature", "properties": { }, "geometry": { "type": "MultiPolygon", "coordinates": [ [ [ [ 689755.036440264433622, 5655162.578125793486834 ], [ 689755.036440264433622, 5655679.47683990187943 ], [ 690230.81557127321139, 5655679.47683990187943 ], [ 690230.81557127321139, 5655162.578125793486834 ], [ 689755.036440264433622, 5655162.578125793486834 ] ] ] ] } },
{ "type": "Feature", "properties": { }, "geometry": { "type": "MultiPolygon", "coordinates": [ [ [ [ 678336.337296053068712, 5654645.679411684162915 ], [ 678336.337296053068712, 5655162.578125792555511 ], [ 678812.11642706184648, 5655162.578125792555511 ], [ 678812.11642706184648, 5654645.679411684162915 ], [ 678336.337296053068712, 5654645.679411684162915 ] ] ] ] } },
{ "type": "Feature", "properties": { }, "geometry": { "type": "MultiPolygon", "coordinates": [ [ [ [ 678812.11642706184648, 5654645.679411684162915 ], [ 678812.11642706184648, 5655162.578125792555511 ], [ 679287.895558070624247, 5655162.578125792555511 ], [ 679287.895558070624247, 5654645.679411684162915 ], [ 678812.11642706184648, 5654645.679411684162915 ] ] ] ] } },
{ "type": "Feature", "properties": { }, "geometry": { "type": "MultiPolygon", "coordinates": [ [ [ [ 679287.895558070740663, 5654645.679411684162915 ], [ 679287.895558070740663, 5655162.578125792555511 ], [ 679763.67468907951843, 5655162.578125792555511 ], [ 679763.67468907951843, 5654645.679411684162915 ], [ 679287.895558070740663, 5654645.679411684162915 ] ] ] ] } },
{ "type": "Feature", "properties": { }, "geometry": { "type": "MultiPolygon", "coordinates": [ [ [ [ 679763.67468907951843, 5654645.679411684162915 ], [ 679763.67468907951843, 5655162.578125792555511 ], [ 680239.453820088296197, 5655162.578125792555511 ], [ 680239.453820088296197, 5654645.679411684162915 ], [ 679763.67468907951843, 5654645.679411684162915 ] ] ] ] } },
{ "type": "Feature", "properties": { }, "geometry": { "type": "MultiPolygon", "coordinates": [ [ [ [ 680239.453820088296197, 5654645.679411684162915 ], [ 680239.453820088296197, 5655162.578125792555511 ], [ 680715.232951097073965, 5655162.578125792555511 ], [ 680715.232951097073965, 5654645.679411684162915 ], [ 680239.453820088296197, 5654645.679411684162915 ] ] ] ] } },
{ "type": "Feature", "properties": { }, "geometry": { "type": "MultiPolygon", "coordinates": [ [ [ [ 680715.232951097073965, 5654645.679411684162915 ], [ 680715.232951097073965, 5655162.578125792555511 ], [ 681191.012082105851732, 5655162.578125792555511 ], [ 681191.012082105851732, 5654645.679411684162915 ], [ 680715.232951097073965, 5654645.679411684162915 ] ] ] ] } },
{ "type": "Feature", "properties": { }, "geometry": { "type": "MultiPolygon", "coordinates": [ [ [ [ 681191.012082105968148, 5654645.679411684162915 ], [ 681191.012082105968148, 5655162.578125792555511 ], [ 681666.791213114745915, 5655162.578125792555511 ], [ 681666.791213114745915, 5654645.679411684162915 ], [ 681191.012082105968148, 5654645.679411684162915 ] ] ] ] } },
{ "type": "Feature", "properties": { }, "geometry": { "type": "MultiPolygon", "coordinates": [ [ [ [ 681666.791213114745915, 5654645.679411684162915 ], [ 681666.791213114745915, 5655162.578125792555511 ], [ 682142.570344123523682, 5655162.578125792555511 ], [ 682142.570344123523682, 5654645.679411684162915 ], [ 681666.791213114745915, 5654645.679411684162915 ] ] ] ] } },
{ "type": "Feature", "properties": { }, "geometry": { "type": "MultiPolygon", "coordinates": [ [ [ [ 682142.570344123523682, 5654645.679411684162915 ], [ 682142.570344123523682, 5655162.578125792555511 ], [ 682618.34947513230145, 5655162.578125792555511 ], [ 682618.34947513230145, 5654645.679411684162915 ], [ 682142.570344123523682, 5654645.679411684162915 ] ] ] ] } },
{ "type": "Feature", "properties": { }, "geometry": { "type": "MultiPolygon", "coordinates": [ [ [ [ 682618.34947513230145, 5654645.679411684162915 ], [ 682618.34947513230145, 5655162.578125792555511 ], [ 683094.128606141079217, 5655162.578125792555511 ], [ 683094.128606141079217, 5654645.679411684162915 ], [ 682618.34947513230145, 5654645.679411684162915 ] ] ] ] } },
{ "type": "Feature", "properties": { }, "geometry": { "type": "MultiPolygon", "coordinates": [ [ [ [ 683094.128606141195633, 5654645.679411684162915 ], [ 683094.128606141195633, 5655162.578125792555511 ], [ 683569.9077371499734, 5655162.578125792555511 ], [ 683569.9077371499734, 5654645.679411684162915 ], [ 683094.128606141195633, 5654645.679411684162915 ] ] ] ] } },
{ "type": "Feature", "properties": { }, "geometry": { "type": "MultiPolygon", "coordinates": [ [ [ [ 683569.9077371499734, 5654645.679411684162915 ], [ 683569.9077371499734, 5655162.578125792555511 ], [ 684045.686868158751167, 5655162.578125792555511 ], [ 684045.686868158751167, 5654645.679411684162915 ], [ 683569.9077371499734, 5654645.679411684162915 ] ] ] ] } },
{ "type": "Feature", "properties": { }, "geometry": { "type": "MultiPolygon", "coordinates": [ [ [ [ 684045.686868158751167, 5654645.679411684162915 ], [ 684045.686868158751167, 5655162.578125792555511 ], [ 684521.465999167528935, 5655162.578125792555511 ], [ 684521.465999167528935, 5654645.679411684162915 ], [ 684045.686868158751167, 5654645.679411684162915 ] ] ] ] } },
{ "type": "Feature", "properties": { }, "geometry": { "type": "MultiPolygon", "coordinates": [ [ [ [ 684521.465999167528935, 5654645.679411684162915 ], [ 684521.465999167528935, 5655162.578125792555511 ], [ 684997.245130176306702, 5655162.578125792555511 ], [ 684997.245130176306702, 5654645.679411684162915 ], [ 684521.465999167528935, 5654645.679411684162915 ] ] ] ] } },
{ "type": "Feature", "properties": { }, "geometry": { "type": "MultiPolygon", "coordinates": [ [ [ [ 684997.245130176306702, 5654645.679411684162915 ], [ 684997.245130176306702, 5655162.578125792555511 ], [ 685473.02426118508447, 5655162.578125792555511 ], [ 685473.02426118508447, 5654645.679411684162915 ], [ 684997.245130176306702, 5654645.679411684162915 ] ] ] ] } },
{ "type": "Feature", "properties": { }, "geometry": { "type": "MultiPolygon", "coordinates": [ [ [ [ 685473.024261185200885, 5654645.679411684162915 ], [ 685473.024261185200885, 5655162.578125792555511 ], [ 685948.803392193978652, 5655162.578125792555511 ], [ 685948.803392193978652, 5654645.679411684162915 ], [ 685473.024261185200885, 5654645.679411684162915 ] ] ] ] } },
{ "type": "Feature", "properties": { }, "geometry": { "type": "MultiPolygon", "coordinates": [ [ [ [ 685948.803392193978652, 5654645.679411684162915 ], [ 685948.803392193978652, 5655162.578125792555511 ], [ 686424.58252320275642, 5655162.578125792555511 ], [ 686424.58252320275642, 5654645.679411684162915 ], [ 685948.803392193978652, 5654645.679411684162915 ] ] ] ] } },
{ "type": "Feature", "properties": { }, "geometry": { "type": "MultiPolygon", "coordinates": [ [ [ [ 686424.58252320275642, 5654645.679411684162915 ], [ 686424.58252320275642, 5655162.578125792555511 ], [ 686900.361654211534187, 5655162.578125792555511 ], [ 686900.361654211534187, 5654645.679411684162915 ], [ 686424.58252320275642, 5654645.679411684162915 ] ] ] ] } },
{ "type": "Feature", "properties": { }, "geometry": { "type": "MultiPolygon", "coordinates": [ [ [ [ 686900.361654211534187, 5654645.679411684162915 ], [ 686900.361654211534187, 5655162.578125792555511 ], [ 687376.140785220311955, 5655162.578125792555511 ], [ 687376.140785220311955, 5654645.679411684162915 ], [ 686900.361654211534187, 5654645.679411684162915 ] ] ] ] } },
{ "type": "Feature", "properties": { }, "geometry": { "type": "MultiPolygon", "coordinates": [ [ [ [ 687376.14078522042837, 5654645.679411684162915 ], [ 687376.14078522042837, 5655162.578125792555511 ], [ 687851.919916229206137, 5655162.578125792555511 ], [ 687851.919916229206137, 5654645.679411684162915 ], [ 687376.14078522042837, 5654645.679411684162915 ] ] ] ] } },
{ "type": "Feature", "properties": { }, "geometry": { "type": "MultiPolygon", "coordinates": [ [ [ [ 687851.919916229206137, 5654645.679411684162915 ], [ 687851.919916229206137, 5655162.578125792555511 ], [ 688327.699047237983905, 5655162.578125792555511 ], [ 688327.699047237983905, 5654645.679411684162915 ], [ 687851.919916229206137, 5654645.679411684162915 ] ] ] ] } },
{ "type": "Feature", "properties": { }, "geometry": { "type": "MultiPolygon", "coordinates": [ [ [ [ 688327.699047237983905, 5654645.679411684162915 ], [ 688327.699047237983905, 5655162.578125792555511 ], [ 688803.478178246761672, 5655162.578125792555511 ], [ 688803.478178246761672, 5654645.679411684162915 ], [ 688327.699047237983905, 5654645.679411684162915 ] ] ] ] } },
{ "type": "Feature", "properties": { }, "geometry": { "type": "MultiPolygon", "coordinates": [ [ [ [ 688803.478178246761672, 5654645.679411684162915 ], [ 688803.478178246761672, 5655162.578125792555511 ], [ 689279.25730925553944, 5655162.578125792555511 ], [ 689279.25730925553944, 5654645.679411684162915 ], [ 688803.478178246761672, 5654645.679411684162915 ] ] ] ] } },
{ "type": "Feature", "properties": { }, "geometry": { "type": "MultiPolygon", "coordinates": [ [ [ [ 689279.257309255655855, 5654645.679411684162915 ], [ 689279.257309255655855, 5655162.578125792555511 ], [ 689755.036440264433622, 5655162.578125792555511 ], [ 689755.036440264433622, 5654645.679411684162915 ], [ 689279.257309255655855, 5654645.679411684162915 ] ] ] ] } },
{ "type": "Feature", "properties": { }, "geometry": { "type": "MultiPolygon", "coordinates": [ [ [ [ 689755.036440264433622, 5654645.679411684162915 ], [ 689755.036440264433622, 5655162.578125792555511 ], [ 690230.81557127321139, 5655162.578125792555511 ], [ 690230.81557127321139, 5654645.679411684162915 ], [ 689755.036440264433622, 5654645.679411684162915 ] ] ] ] } },
{ "type": "Feature", "properties": { }, "geometry": { "type": "MultiPolygon", "coordinates": [ [ [ [ 678336.337296053068712, 5654128.780697575770319 ], [ 678336.337296053068712, 5654645.679411684162915 ], [ 678812.11642706184648, 5654645.679411684162915 ], [ 678812.11642706184648, 5654128.780697575770319 ], [ 678336.337296053068712, 5654128.780697575770319 ] ] ] ] } },
{ "type": "Feature", "properties": { }, "geometry": { "type": "MultiPolygon", "coordinates": [ [ [ [ 678812.11642706184648, 5654128.780697575770319 ], [ 678812.11642706184648, 5654645.679411684162915 ], [ 679287.895558070624247, 5654645.679411684162915 ], [ 679287.895558070624247, 5654128.780697575770319 ], [ 678812.11642706184648, 5654128.780697575770319 ] ] ] ] } },
{ "type": "Feature", "properties": { }, "geometry": { "type": "MultiPolygon", "coordinates": [ [ [ [ 679287.895558070740663, 5654128.780697575770319 ], [ 679287.895558070740663, 5654645.679411684162915 ], [ 679763.67468907951843, 5654645.679411684162915 ], [ 679763.67468907951843, 5654128.780697575770319 ], [ 679287.895558070740663, 5654128.780697575770319 ] ] ] ] } },
{ "type": "Feature", "properties": { }, "geometry": { "type": "MultiPolygon", "coordinates": [ [ [ [ 679763.67468907951843, 5654128.780697575770319 ], [ 679763.67468907951843, 5654645.679411684162915 ], [ 680239.453820088296197, 5654645.679411684162915 ], [ 680239.453820088296197, 5654128.780697575770319 ], [ 679763.67468907951843, 5654128.780697575770319 ] ] ] ] } },
{ "type": "Feature", "properties": { }, "geometry": { "type": "MultiPolygon", "coordinates": [ [ [ [ 680239.453820088296197, 5654128.780697575770319 ], [ 680239.453820088296197, 5654645.679411684162915 ], [ 680715.232951097073965, 5654645.679411684162915 ], [ 680715.232951097073965, 5654128.780697575770319 ], [ 680239.453820088296197, 5654128.780697575770319 ] ] ] ] } },
{ "type": "Feature", "properties": { }, "geometry": { "type": "MultiPolygon", "coordinates": [ [ [ [ 680715.232951097073965, 5654128.780697575770319 ], [ 680715.232951097073965, 5654645.679411684162915 ], [ 681191.012082105851732, 5654645.679411684162915 ], [ 681191.012082105851732, 5654128.780697575770319 ], [ 680715.232951097073965, 5654128.780697575770319 ] ] ] ] } },
{ "type": "Feature", "properties": { }, "geometry": { "type": "MultiPolygon", "coordinates": [ [ [ [ 681191.012082105968148, 5654128.780697575770319 ], [ 681191.012082105968148, 5654645.679411684162915 ], [ 681666.791213114745915, 5654645.679411684162915 ], [ 681666.791213114745915, 5654128.780697575770319 ], [ 681191.012082105968148, 5654128.780697575770319 ] ] ] ] } },
{ "type": "Feature", "properties": { }, "geometry": { "type": "MultiPolygon", "coordinates": [ [ [ [ 681666.791213114745915, 5654128.780697575770319 ], [ 681666.791213114745915, 5654645.679411684162915 ], [ 682142.570344123523682, 5654645.679411684162915 ], [ 682142.570344123523682, 5654128.780697575770319 ], [ 681666.791213114745915, 5654128.780697575770319 ] ] ] ] } },
{ "type": "Feature", "properties": { }, "geometry": { "type": "MultiPolygon", "coordinates": [ [ [ [ 682142.570344123523682, 5654128.780697575770319 ], [ 682142.570344123523682, 5654645.679411684162915 ], [ 682618.34947513230145, 5654645.679411684162915 ], [ 682618.34947513230145, 5654128.780697575770319 ], [ 682142.570344123523682, 5654128.780697575770319 ] ] ] ] } },
{ "type": "Feature", "properties": { }, "geometry": { "type": "MultiPolygon", "coordinates": [ [ [ [ 682618.34947513230145, 5654128.780697575770319 ], [ 682618.34947513230145, 5654645.679411684162915 ], [ 683094.128606141079217, 5654645.679411684162915 ], [ 683094.128606141079217, 5654128.780697575770319 ], [ 682618.34947513230145, 5654128.780697575770319 ] ] ] ] } },
{ "type": "Feature", "properties": { }, "geometry": { "type": "MultiPolygon", "coordinates": [ [ [ [ 683094.128606141195633, 5654128.780697575770319 ], [ 683094.128606141195633, 5654645.679411684162915 ], [ 683569.9077371499734, 5654645.679411684162915 ], [ 683569.9077371499734, 5654128.780697575770319 ], [ 683094.128606141195633, 5654128.780697575770319 ] ] ] ] } },
{ "type": "Feature", "properties": { }, "geometry": { "type": "MultiPolygon", "coordinates": [ [ [ [ 683569.9077371499734, 5654128.780697575770319 ], [ 683569.9077371499734, 5654645.679411684162915 ], [ 684045.686868158751167, 5654645.679411684162915 ], [ 684045.686868158751167, 5654128.780697575770319 ], [ 683569.9077371499734, 5654128.780697575770319 ] ] ] ] } },
{ "type": "Feature", "properties": { }, "geometry": { "type": "MultiPolygon", "coordinates": [ [ [ [ 684045.686868158751167, 5654128.780697575770319 ], [ 684045.686868158751167, 5654645.679411684162915 ], [ 684521.465999167528935, 5654645.679411684162915 ], [ 684521.465999167528935, 5654128.780697575770319 ], [ 684045.686868158751167, 5654128.780697575770319 ] ] ] ] } },
{ "type": "Feature", "properties": { }, "geometry": { "type": "MultiPolygon", "coordinates": [ [ [ [ 684521.465999167528935, 5654128.780697575770319 ], [ 684521.465999167528935, 5654645.679411684162915 ], [ 684997.245130176306702, 5654645.679411684162915 ], [ 684997.245130176306702, 5654128.780697575770319 ], [ 684521.465999167528935, 5654128.780697575770319 ] ] ] ] } },
{ "type": "Feature", "properties": { }, "geometry": { "type": "MultiPolygon", "coordinates": [ [ [ [ 684997.245130176306702, 5654128.780697575770319 ], [ 684997.245130176306702, 5654645.679411684162915 ], [ 685473.02426118508447, 5654645.679411684162915 ], [ 685473.02426118508447, 5654128.780697575770319 ], [ 684997.245130176306702, 5654128.780697575770319 ] ] ] ] } },
{ "type": "Feature", "properties": { }, "geometry": { "type": "MultiPolygon", "coordinates": [ [ [ [ 685473.024261185200885, 5654128.780697575770319 ], [ 685473.024261185200885, 5654645.679411684162915 ], [ 685948.803392193978652, 5654645.679411684162915 ], [ 685948.803392193978652, 5654128.780697575770319 ], [ 685473.024261185200885, 5654128.780697575770319 ] ] ] ] } },
{ "type": "Feature", "properties": { }, "geometry": { "type": "MultiPolygon", "coordinates": [ [ [ [ 685948.803392193978652, 5654128.780697575770319 ], [ 685948.803392193978652, 5654645.679411684162915 ], [ 686424.58252320275642, 5654645.679411684162915 ], [ 686424.58252320275642, 5654128.780697575770319 ], [ 685948.803392193978652, 5654128.780697575770319 ] ] ] ] } },
{ "type": "Feature", "properties": { }, "geometry": { "type": "MultiPolygon", "coordinates": [ [ [ [ 686424.58252320275642, 5654128.780697575770319 ], [ 686424.58252320275642, 5654645.679411684162915 ], [ 686900.361654211534187, 5654645.679411684162915 ], [ 686900.361654211534187, 5654128.780697575770319 ], [ 686424.58252320275642, 5654128.780697575770319 ] ] ] ] } },
{ "type": "Feature", "properties": { }, "geometry": { "type": "MultiPolygon", "coordinates": [ [ [ [ 686900.361654211534187, 5654128.780697575770319 ], [ 686900.361654211534187, 5654645.679411684162915 ], [ 687376.140785220311955, 5654645.679411684162915 ], [ 687376.140785220311955, 5654128.780697575770319 ], [ 686900.361654211534187, 5654128.780697575770319 ] ] ] ] } },
{ "type": "Feature", "properties": { }, "geometry": { "type": "MultiPolygon", "coordinates": [ [ [ [ 687376.14078522042837, 5654128.780697575770319 ], [ 687376.14078522042837, 5654645.679411684162915 ], [ 687851.919916229206137, 5654645.679411684162915 ], [ 687851.919916229206137, 5654128.780697575770319 ], [ 687376.14078522042837, 5654128.780697575770319 ] ] ] ] } },
{ "type": "Feature", "properties": { }, "geometry": { "type": "MultiPolygon", "coordinates": [ [ [ [ 687851.919916229206137, 5654128.780697575770319 ], [ 687851.919916229206137, 5654645.679411684162915 ], [ 688327.699047237983905, 5654645.679411684162915 ], [ 688327.699047237983905, 5654128.780697575770319 ], [ 687851.919916229206137, 5654128.780697575770319 ] ] ] ] } },
{ "type": "Feature", "properties": { }, "geometry": { "type": "MultiPolygon", "coordinates": [ [ [ [ 688327.699047237983905, 5654128.780697575770319 ], [ 688327.699047237983905, 5654645.679411684162915 ], [ 688803.478178246761672, 5654645.679411684162915 ], [ 688803.478178246761672, 5654128.780697575770319 ], [ 688327.699047237983905, 5654128.780697575770319 ] ] ] ] } },
{ "type": "Feature", "properties": { }, "geometry": { "type": "MultiPolygon", "coordinates": [ [ [ [ 688803.478178246761672, 5654128.780697575770319 ], [ 688803.478178246761672, 5654645.679411684162915 ], [ 689279.25730925553944, 5654645.679411684162915 ], [ 689279.25730925553944, 5654128.780697575770319 ], [ 688803.478178246761672, 5654128.780697575770319 ] ] ] ] } },
{ "type": "Feature", "properties": { }, "geometry": { "type": "MultiPolygon", "coordinates": [ [ [ [ 689279.257309255655855, 5654128.780697575770319 ], [ 689279.257309255655855, 5654645.679411684162915 ], [ 689755.036440264433622, 5654645.679411684162915 ], [ 689755.036440264433622, 5654128.780697575770319 ], [ 689279.257309255655855, 5654128.780697575770319 ] ] ] ] } },
{ "type": "Feature", "properties": { }, "geometry": { "type": "MultiPolygon", "coordinates": [ [ [ [ 689755.036440264433622, 5654128.780697575770319 ], [ 689755.036440264433622, 5654645.679411684162915 ], [ 690230.81557127321139, 5654645.679411684162915 ], [ 690230.81557127321139, 5654128.780697575770319 ], [ 689755.036440264433622, 5654128.780697575770319 ] ] ] ] } },
{ "type": "Feature", "properties": { }, "geometry": { "type": "MultiPolygon", "coordinates": [ [ [ [ 678336.337296053068712, 5653611.881983467377722 ], [ 678336.337296053068712, 5654128.780697575770319 ], [ 678812.11642706184648, 5654128.780697575770319 ], [ 678812.11642706184648, 5653611.881983467377722 ], [ 678336.337296053068712, 5653611.881983467377722 ] ] ] ] } },
{ "type": "Feature", "properties": { }, "geometry": { "type": "MultiPolygon", "coordinates": [ [ [ [ 678812.11642706184648, 5653611.881983467377722 ], [ 678812.11642706184648, 5654128.780697575770319 ], [ 679287.895558070624247, 5654128.780697575770319 ], [ 679287.895558070624247, 5653611.881983467377722 ], [ 678812.11642706184648, 5653611.881983467377722 ] ] ] ] } },
{ "type": "Feature", "properties": { }, "geometry": { "type": "MultiPolygon", "coordinates": [ [ [ [ 679287.895558070740663, 5653611.881983467377722 ], [ 679287.895558070740663, 5654128.780697575770319 ], [ 679763.67468907951843, 5654128.780697575770319 ], [ 679763.67468907951843, 5653611.881983467377722 ], [ 679287.895558070740663, 5653611.881983467377722 ] ] ] ] } },
{ "type": "Feature", "properties": { }, "geometry": { "type": "MultiPolygon", "coordinates": [ [ [ [ 679763.67468907951843, 5653611.881983467377722 ], [ 679763.67468907951843, 5654128.780697575770319 ], [ 680239.453820088296197, 5654128.780697575770319 ], [ 680239.453820088296197, 5653611.881983467377722 ], [ 679763.67468907951843, 5653611.881983467377722 ] ] ] ] } },
{ "type": "Feature", "properties": { }, "geometry": { "type": "MultiPolygon", "coordinates": [ [ [ [ 680239.453820088296197, 5653611.881983467377722 ], [ 680239.453820088296197, 5654128.780697575770319 ], [ 680715.232951097073965, 5654128.780697575770319 ], [ 680715.232951097073965, 5653611.881983467377722 ], [ 680239.453820088296197, 5653611.881983467377722 ] ] ] ] } },
{ "type": "Feature", "properties": { }, "geometry": { "type": "MultiPolygon", "coordinates": [ [ [ [ 680715.232951097073965, 5653611.881983467377722 ], [ 680715.232951097073965, 5654128.780697575770319 ], [ 681191.012082105851732, 5654128.780697575770319 ], [ 681191.012082105851732, 5653611.881983467377722 ], [ 680715.232951097073965, 5653611.881983467377722 ] ] ] ] } },
{ "type": "Feature", "properties": { }, "geometry": { "type": "MultiPolygon", "coordinates": [ [ [ [ 681191.012082105968148, 5653611.881983467377722 ], [ 681191.012082105968148, 5654128.780697575770319 ], [ 681666.791213114745915, 5654128.780697575770319 ], [ 681666.791213114745915, 5653611.881983467377722 ], [ 681191.012082105968148, 5653611.881983467377722 ] ] ] ] } },
{ "type": "Feature", "properties": { }, "geometry": { "type": "MultiPolygon", "coordinates": [ [ [ [ 681666.791213114745915, 5653611.881983467377722 ], [ 681666.791213114745915, 5654128.780697575770319 ], [ 682142.570344123523682, 5654128.780697575770319 ], [ 682142.570344123523682, 5653611.881983467377722 ], [ 681666.791213114745915, 5653611.881983467377722 ] ] ] ] } },
{ "type": "Feature", "properties": { }, "geometry": { "type": "MultiPolygon", "coordinates": [ [ [ [ 682142.570344123523682, 5653611.881983467377722 ], [ 682142.570344123523682, 5654128.780697575770319 ], [ 682618.34947513230145, 5654128.780697575770319 ], [ 682618.34947513230145, 5653611.881983467377722 ], [ 682142.570344123523682, 5653611.881983467377722 ] ] ] ] } },
{ "type": "Feature", "properties": { }, "geometry": { "type": "MultiPolygon", "coordinates": [ [ [ [ 682618.34947513230145, 5653611.881983467377722 ], [ 682618.34947513230145, 5654128.780697575770319 ], [ 683094.128606141079217, 5654128.780697575770319 ], [ 683094.128606141079217, 5653611.881983467377722 ], [ 682618.34947513230145, 5653611.881983467377722 ] ] ] ] } },
{ "type": "Feature", "properties": { }, "geometry": { "type": "MultiPolygon", "coordinates": [ [ [ [ 683094.128606141195633, 5653611.881983467377722 ], [ 683094.128606141195633, 5654128.780697575770319 ], [ 683569.9077371499734, 5654128.780697575770319 ], [ 683569.9077371499734, 5653611.881983467377722 ], [ 683094.128606141195633, 5653611.881983467377722 ] ] ] ] } },
{ "type": "Feature", "properties": { }, "geometry": { "type": "MultiPolygon", "coordinates": [ [ [ [ 683569.9077371499734, 5653611.881983467377722 ], [ 683569.9077371499734, 5654128.780697575770319 ], [ 684045.686868158751167, 5654128.780697575770319 ], [ 684045.686868158751167, 5653611.881983467377722 ], [ 683569.9077371499734, 5653611.881983467377722 ] ] ] ] } },
{ "type": "Feature", "properties": { }, "geometry": { "type": "MultiPolygon", "coordinates": [ [ [ [ 684045.686868158751167, 5653611.881983467377722 ], [ 684045.686868158751167, 5654128.780697575770319 ], [ 684521.465999167528935, 5654128.780697575770319 ], [ 684521.465999167528935, 5653611.881983467377722 ], [ 684045.686868158751167, 5653611.881983467377722 ] ] ] ] } },
{ "type": "Feature", "properties": { }, "geometry": { "type": "MultiPolygon", "coordinates": [ [ [ [ 684521.465999167528935, 5653611.881983467377722 ], [ 684521.465999167528935, 5654128.780697575770319 ], [ 684997.245130176306702, 5654128.780697575770319 ], [ 684997.245130176306702, 5653611.881983467377722 ], [ 684521.465999167528935, 5653611.881983467377722 ] ] ] ] } },
{ "type": "Feature", "properties": { }, "geometry": { "type": "MultiPolygon", "coordinates": [ [ [ [ 684997.245130176306702, 5653611.881983467377722 ], [ 684997.245130176306702, 5654128.780697575770319 ], [ 685473.02426118508447, 5654128.780697575770319 ], [ 685473.02426118508447, 5653611.881983467377722 ], [ 684997.245130176306702, 5653611.881983467377722 ] ] ] ] } },
{ "type": "Feature", "properties": { }, "geometry": { "type": "MultiPolygon", "coordinates": [ [ [ [ 685473.024261185200885, 5653611.881983467377722 ], [ 685473.024261185200885, 5654128.780697575770319 ], [ 685948.803392193978652, 5654128.780697575770319 ], [ 685948.803392193978652, 5653611.881983467377722 ], [ 685473.024261185200885, 5653611.881983467377722 ] ] ] ] } },
{ "type": "Feature", "properties": { }, "geometry": { "type": "MultiPolygon", "coordinates": [ [ [ [ 685948.803392193978652, 5653611.881983467377722 ], [ 685948.803392193978652, 5654128.780697575770319 ], [ 686424.58252320275642, 5654128.780697575770319 ], [ 686424.58252320275642, 5653611.881983467377722 ], [ 685948.803392193978652, 5653611.881983467377722 ] ] ] ] } },
{ "type": "Feature", "properties": { }, "geometry": { "type": "MultiPolygon", "coordinates": [ [ [ [ 686424.58252320275642, 5653611.881983467377722 ], [ 686424.58252320275642, 5654128.780697575770319 ], [ 686900.361654211534187, 5654128.780697575770319 ], [ 686900.361654211534187, 5653611.881983467377722 ], [ 686424.58252320275642, 5653611.881983467377722 ] ] ] ] } },
{ "type": "Feature", "properties": { }, "geometry": { "type": "MultiPolygon", "coordinates": [ [ [ [ 686900.361654211534187, 5653611.881983467377722 ], [ 686900.361654211534187, 5654128.780697575770319 ], [ 687376.140785220311955, 5654128.780697575770319 ], [ 687376.140785220311955, 5653611.881983467377722 ], [ 686900.361654211534187, 5653611.881983467377722 ] ] ] ] } },
{ "type": "Feature", "properties": { }, "geometry": { "type": "MultiPolygon", "coordinates": [ [ [ [ 687376.14078522042837, 5653611.881983467377722 ], [ 687376.14078522042837, 5654128.780697575770319 ], [ 687851.919916229206137, 5654128.780697575770319 ], [ 687851.919916229206137, 5653611.881983467377722 ], [ 687376.14078522042837, 5653611.881983467377722 ] ] ] ] } },
{ "type": "Feature", "properties": { }, "geometry": { "type": "MultiPolygon", "coordinates": [ [ [ [ 687851.919916229206137, 5653611.881983467377722 ], [ 687851.919916229206137, 5654128.780697575770319 ], [ 688327.699047237983905, 5654128.780697575770319 ], [ 688327.699047237983905, 5653611.881983467377722 ], [ 687851.919916229206137, 5653611.881983467377722 ] ] ] ] } },
{ "type": "Feature", "properties": { }, "geometry": { "type": "MultiPolygon", "coordinates": [ [ [ [ 688327.699047237983905, 5653611.881983467377722 ], [ 688327.699047237983905, 5654128.780697575770319 ], [ 688803.478178246761672, 5654128.780697575770319 ], [ 688803.478178246761672, 5653611.881983467377722 ], [ 688327.699047237983905, 5653611.881983467377722 ] ] ] ] } },
{ "type": "Feature", "properties": { }, "geometry": { "type": "MultiPolygon", "coordinates": [ [ [ [ 688803.478178246761672, 5653611.881983467377722 ], [ 688803.478178246761672, 5654128.780697575770319 ], [ 689279.25730925553944, 5654128.780697575770319 ], [ 689279.25730925553944, 5653611.881983467377722 ], [ 688803.478178246761672, 5653611.881983467377722 ] ] ] ] } },
{ "type": "Feature", "properties": { }, "geometry": { "type": "MultiPolygon", "coordinates": [ [ [ [ 689279.257309255655855, 5653611.881983467377722 ], [ 689279.257309255655855, 5654128.780697575770319 ], [ 689755.036440264433622, 5654128.780697575770319 ], [ 689755.036440264433622, 5653611.881983467377722 ], [ 689279.257309255655855, 5653611.881983467377722 ] ] ] ] } },
{ "type": "Feature", "properties": { }, "geometry": { "type": "MultiPolygon", "coordinates": [ [ [ [ 689755.036440264433622, 5653611.881983467377722 ], [ 689755.036440264433622, 5654128.780697575770319 ], [ 690230.81557127321139, 5654128.780697575770319 ], [ 690230.81557127321139, 5653611.881983467377722 ], [ 689755.036440264433622, 5653611.881983467377722 ] ] ] ] } },
{ "type": "Feature", "properties": { }, "geometry": { "type": "MultiPolygon", "coordinates": [ [ [ [ 678336.337296053068712, 5653094.983269358053803 ], [ 678336.337296053068712, 5653611.8819834664464 ], [ 678812.11642706184648, 5653611.8819834664464 ], [ 678812.11642706184648, 5653094.983269358053803 ], [ 678336.337296053068712, 5653094.983269358053803 ] ] ] ] } },
{ "type": "Feature", "properties": { }, "geometry": { "type": "MultiPolygon", "coordinates": [ [ [ [ 678812.11642706184648, 5653094.983269358053803 ], [ 678812.11642706184648, 5653611.8819834664464 ], [ 679287.895558070624247, 5653611.8819834664464 ], [ 679287.895558070624247, 5653094.983269358053803 ], [ 678812.11642706184648, 5653094.983269358053803 ] ] ] ] } },
{ "type": "Feature", "properties": { }, "geometry": { "type": "MultiPolygon", "coordinates": [ [ [ [ 679287.895558070740663, 5653094.983269358053803 ], [ 679287.895558070740663, 5653611.8819834664464 ], [ 679763.67468907951843, 5653611.8819834664464 ], [ 679763.67468907951843, 5653094.983269358053803 ], [ 679287.895558070740663, 5653094.983269358053803 ] ] ] ] } },
{ "type": "Feature", "properties": { }, "geometry": { "type": "MultiPolygon", "coordinates": [ [ [ [ 679763.67468907951843, 5653094.983269358053803 ], [ 679763.67468907951843, 5653611.8819834664464 ], [ 680239.453820088296197, 5653611.8819834664464 ], [ 680239.453820088296197, 5653094.983269358053803 ], [ 679763.67468907951843, 5653094.983269358053803 ] ] ] ] } },
{ "type": "Feature", "properties": { }, "geometry": { "type": "MultiPolygon", "coordinates": [ [ [ [ 680239.453820088296197, 5653094.983269358053803 ], [ 680239.453820088296197, 5653611.8819834664464 ], [ 680715.232951097073965, 5653611.8819834664464 ], [ 680715.232951097073965, 5653094.983269358053803 ], [ 680239.453820088296197, 5653094.983269358053803 ] ] ] ] } },
{ "type": "Feature", "properties": { }, "geometry": { "type": "MultiPolygon", "coordinates": [ [ [ [ 680715.232951097073965, 5653094.983269358053803 ], [ 680715.232951097073965, 5653611.8819834664464 ], [ 681191.012082105851732, 5653611.8819834664464 ], [ 681191.012082105851732, 5653094.983269358053803 ], [ 680715.232951097073965, 5653094.983269358053803 ] ] ] ] } },
{ "type": "Feature", "properties": { }, "geometry": { "type": "MultiPolygon", "coordinates": [ [ [ [ 681191.012082105968148, 5653094.983269358053803 ], [ 681191.012082105968148, 5653611.8819834664464 ], [ 681666.791213114745915, 5653611.8819834664464 ], [ 681666.791213114745915, 5653094.983269358053803 ], [ 681191.012082105968148, 5653094.983269358053803 ] ] ] ] } },
{ "type": "Feature", "properties": { }, "geometry": { "type": "MultiPolygon", "coordinates": [ [ [ [ 681666.791213114745915, 5653094.983269358053803 ], [ 681666.791213114745915, 5653611.8819834664464 ], [ 682142.570344123523682, 5653611.8819834664464 ], [ 682142.570344123523682, 5653094.983269358053803 ], [ 681666.791213114745915, 5653094.983269358053803 ] ] ] ] } },
{ "type": "Feature", "properties": { }, "geometry": { "type": "MultiPolygon", "coordinates": [ [ [ [ 682142.570344123523682, 5653094.983269358053803 ], [ 682142.570344123523682, 5653611.8819834664464 ], [ 682618.34947513230145, 5653611.8819834664464 ], [ 682618.34947513230145, 5653094.983269358053803 ], [ 682142.570344123523682, 5653094.983269358053803 ] ] ] ] } },
{ "type": "Feature", "properties": { }, "geometry": { "type": "MultiPolygon", "coordinates": [ [ [ [ 682618.34947513230145, 5653094.983269358053803 ], [ 682618.34947513230145, 5653611.8819834664464 ], [ 683094.128606141079217, 5653611.8819834664464 ], [ 683094.128606141079217, 5653094.983269358053803 ], [ 682618.34947513230145, 5653094.983269358053803 ] ] ] ] } },
{ "type": "Feature", "properties": { }, "geometry": { "type": "MultiPolygon", "coordinates": [ [ [ [ 683094.128606141195633, 5653094.983269358053803 ], [ 683094.128606141195633, 5653611.8819834664464 ], [ 683569.9077371499734, 5653611.8819834664464 ], [ 683569.9077371499734, 5653094.983269358053803 ], [ 683094.128606141195633, 5653094.983269358053803 ] ] ] ] } },
{ "type": "Feature", "properties": { }, "geometry": { "type": "MultiPolygon", "coordinates": [ [ [ [ 683569.9077371499734, 5653094.983269358053803 ], [ 683569.9077371499734, 5653611.8819834664464 ], [ 684045.686868158751167, 5653611.8819834664464 ], [ 684045.686868158751167, 5653094.983269358053803 ], [ 683569.9077371499734, 5653094.983269358053803 ] ] ] ] } },
{ "type": "Feature", "properties": { }, "geometry": { "type": "MultiPolygon", "coordinates": [ [ [ [ 684045.686868158751167, 5653094.983269358053803 ], [ 684045.686868158751167, 5653611.8819834664464 ], [ 684521.465999167528935, 5653611.8819834664464 ], [ 684521.465999167528935, 5653094.983269358053803 ], [ 684045.686868158751167, 5653094.983269358053803 ] ] ] ] } },
{ "type": "Feature", "properties": { }, "geometry": { "type": "MultiPolygon", "coordinates": [ [ [ [ 684521.465999167528935, 5653094.983269358053803 ], [ 684521.465999167528935, 5653611.8819834664464 ], [ 684997.245130176306702, 5653611.8819834664464 ], [ 684997.245130176306702, 5653094.983269358053803 ], [ 684521.465999167528935, 5653094.983269358053803 ] ] ] ] } },
{ "type": "Feature", "properties": { }, "geometry": { "type": "MultiPolygon", "coordinates": [ [ [ [ 684997.245130176306702, 5653094.983269358053803 ], [ 684997.245130176306702, 5653611.8819834664464 ], [ 685473.02426118508447, 5653611.8819834664464 ], [ 685473.02426118508447, 5653094.983269358053803 ], [ 684997.245130176306702, 5653094.983269358053803 ] ] ] ] } },
{ "type": "Feature", "properties": { }, "geometry": { "type": "MultiPolygon", "coordinates": [ [ [ [ 685473.024261185200885, 5653094.983269358053803 ], [ 685473.024261185200885, 5653611.8819834664464 ], [ 685948.803392193978652, 5653611.8819834664464 ], [ 685948.803392193978652, 5653094.983269358053803 ], [ 685473.024261185200885, 5653094.983269358053803 ] ] ] ] } },
{ "type": "Feature", "properties": { }, "geometry": { "type": "MultiPolygon", "coordinates": [ [ [ [ 685948.803392193978652, 5653094.983269358053803 ], [ 685948.803392193978652, 5653611.8819834664464 ], [ 686424.58252320275642, 5653611.8819834664464 ], [ 686424.58252320275642, 5653094.983269358053803 ], [ 685948.803392193978652, 5653094.983269358053803 ] ] ] ] } },
{ "type": "Feature", "properties": { }, "geometry": { "type": "MultiPolygon", "coordinates": [ [ [ [ 686424.58252320275642, 5653094.983269358053803 ], [ 686424.58252320275642, 5653611.8819834664464 ], [ 686900.361654211534187, 5653611.8819834664464 ], [ 686900.361654211534187, 5653094.983269358053803 ], [ 686424.58252320275642, 5653094.983269358053803 ] ] ] ] } },
{ "type": "Feature", "properties": { }, "geometry": { "type": "MultiPolygon", "coordinates": [ [ [ [ 686900.361654211534187, 5653094.983269358053803 ], [ 686900.361654211534187, 5653611.8819834664464 ], [ 687376.140785220311955, 5653611.8819834664464 ], [ 687376.140785220311955, 5653094.983269358053803 ], [ 686900.361654211534187, 5653094.983269358053803 ] ] ] ] } },
{ "type": "Feature", "properties": { }, "geometry": { "type": "MultiPolygon", "coordinates": [ [ [ [ 687376.14078522042837, 5653094.983269358053803 ], [ 687376.14078522042837, 5653611.8819834664464 ], [ 687851.919916229206137, 5653611.8819834664464 ], [ 687851.919916229206137, 5653094.983269358053803 ], [ 687376.14078522042837, 5653094.983269358053803 ] ] ] ] } },
{ "type": "Feature", "properties": { }, "geometry": { "type": "MultiPolygon", "coordinates": [ [ [ [ 687851.919916229206137, 5653094.983269358053803 ], [ 687851.919916229206137, 5653611.8819834664464 ], [ 688327.699047237983905, 5653611.8819834664464 ], [ 688327.699047237983905, 5653094.983269358053803 ], [ 687851.919916229206137, 5653094.983269358053803 ] ] ] ] } },
{ "type": "Feature", "properties": { }, "geometry": { "type": "MultiPolygon", "coordinates": [ [ [ [ 688327.699047237983905, 5653094.983269358053803 ], [ 688327.699047237983905, 5653611.8819834664464 ], [ 688803.478178246761672, 5653611.8819834664464 ], [ 688803.478178246761672, 5653094.983269358053803 ], [ 688327.699047237983905, 5653094.983269358053803 ] ] ] ] } },
{ "type": "Feature", "properties": { }, "geometry": { "type": "MultiPolygon", "coordinates": [ [ [ [ 688803.478178246761672, 5653094.983269358053803 ], [ 688803.478178246761672, 5653611.8819834664464 ], [ 689279.25730925553944, 5653611.8819834664464 ], [ 689279.25730925553944, 5653094.983269358053803 ], [ 688803.478178246761672, 5653094.983269358053803 ] ] ] ] } },
{ "type": "Feature", "properties": { }, "geometry": { "type": "MultiPolygon", "coordinates": [ [ [ [ 689279.257309255655855, 5653094.983269358053803 ], [ 689279.257309255655855, 5653611.8819834664464 ], [ 689755.036440264433622, 5653611.8819834664464 ], [ 689755.036440264433622, 5653094.983269358053803 ], [ 689279.257309255655855, 5653094.983269358053803 ] ] ] ] } },
{ "type": "Feature", "properties": { }, "geometry": { "type": "MultiPolygon", "coordinates": [ [ [ [ 689755.036440264433622, 5653094.983269358053803 ], [ 689755.036440264433622, 5653611.8819834664464 ], [ 690230.81557127321139, 5653611.8819834664464 ], [ 690230.81557127321139, 5653094.983269358053803 ], [ 689755.036440264433622, 5653094.983269358053803 ] ] ] ] } },
{ "type": "Feature", "properties": { }, "geometry": { "type": "MultiPolygon", "coordinates": [ [ [ [ 678336.337296053068712, 5652578.084555249661207 ], [ 678336.337296053068712, 5653094.983269358053803 ], [ 678812.11642706184648, 5653094.983269358053803 ], [ 678812.11642706184648, 5652578.084555249661207 ], [ 678336.337296053068712, 5652578.084555249661207 ] ] ] ] } },
{ "type": "Feature", "properties": { }, "geometry": { "type": "MultiPolygon", "coordinates": [ [ [ [ 678812.11642706184648, 5652578.084555249661207 ], [ 678812.11642706184648, 5653094.983269358053803 ], [ 679287.895558070624247, 5653094.983269358053803 ], [ 679287.895558070624247, 5652578.084555249661207 ], [ 678812.11642706184648, 5652578.084555249661207 ] ] ] ] } },
{ "type": "Feature", "properties": { }, "geometry": { "type": "MultiPolygon", "coordinates": [ [ [ [ 679287.895558070740663, 5652578.084555249661207 ], [ 679287.895558070740663, 5653094.983269358053803 ], [ 679763.67468907951843, 5653094.983269358053803 ], [ 679763.67468907951843, 5652578.084555249661207 ], [ 679287.895558070740663, 5652578.084555249661207 ] ] ] ] } },
{ "type": "Feature", "properties": { }, "geometry": { "type": "MultiPolygon", "coordinates": [ [ [ [ 679763.67468907951843, 5652578.084555249661207 ], [ 679763.67468907951843, 5653094.983269358053803 ], [ 680239.453820088296197, 5653094.983269358053803 ], [ 680239.453820088296197, 5652578.084555249661207 ], [ 679763.67468907951843, 5652578.084555249661207 ] ] ] ] } },
{ "type": "Feature", "properties": { }, "geometry": { "type": "MultiPolygon", "coordinates": [ [ [ [ 680239.453820088296197, 5652578.084555249661207 ], [ 680239.453820088296197, 5653094.983269358053803 ], [ 680715.232951097073965, 5653094.983269358053803 ], [ 680715.232951097073965, 5652578.084555249661207 ], [ 680239.453820088296197, 5652578.084555249661207 ] ] ] ] } },
{ "type": "Feature", "properties": { }, "geometry": { "type": "MultiPolygon", "coordinates": [ [ [ [ 680715.232951097073965, 5652578.084555249661207 ], [ 680715.232951097073965, 5653094.983269358053803 ], [ 681191.012082105851732, 5653094.983269358053803 ], [ 681191.012082105851732, 5652578.084555249661207 ], [ 680715.232951097073965, 5652578.084555249661207 ] ] ] ] } },
{ "type": "Feature", "properties": { }, "geometry": { "type": "MultiPolygon", "coordinates": [ [ [ [ 681191.012082105968148, 5652578.084555249661207 ], [ 681191.012082105968148, 5653094.983269358053803 ], [ 681666.791213114745915, 5653094.983269358053803 ], [ 681666.791213114745915, 5652578.084555249661207 ], [ 681191.012082105968148, 5652578.084555249661207 ] ] ] ] } },
{ "type": "Feature", "properties": { }, "geometry": { "type": "MultiPolygon", "coordinates": [ [ [ [ 681666.791213114745915, 5652578.084555249661207 ], [ 681666.791213114745915, 5653094.983269358053803 ], [ 682142.570344123523682, 5653094.983269358053803 ], [ 682142.570344123523682, 5652578.084555249661207 ], [ 681666.791213114745915, 5652578.084555249661207 ] ] ] ] } },
{ "type": "Feature", "properties": { }, "geometry": { "type": "MultiPolygon", "coordinates": [ [ [ [ 682142.570344123523682, 5652578.084555249661207 ], [ 682142.570344123523682, 5653094.983269358053803 ], [ 682618.34947513230145, 5653094.983269358053803 ], [ 682618.34947513230145, 5652578.084555249661207 ], [ 682142.570344123523682, 5652578.084555249661207 ] ] ] ] } },
{ "type": "Feature", "properties": { }, "geometry": { "type": "MultiPolygon", "coordinates": [ [ [ [ 682618.34947513230145, 5652578.084555249661207 ], [ 682618.34947513230145, 5653094.983269358053803 ], [ 683094.128606141079217, 5653094.983269358053803 ], [ 683094.128606141079217, 5652578.084555249661207 ], [ 682618.34947513230145, 5652578.084555249661207 ] ] ] ] } },
{ "type": "Feature", "properties": { }, "geometry": { "type": "MultiPolygon", "coordinates": [ [ [ [ 683094.128606141195633, 5652578.084555249661207 ], [ 683094.128606141195633, 5653094.983269358053803 ], [ 683569.9077371499734, 5653094.983269358053803 ], [ 683569.9077371499734, 5652578.084555249661207 ], [ 683094.128606141195633, 5652578.084555249661207 ] ] ] ] } },
{ "type": "Feature", "properties": { }, "geometry": { "type": "MultiPolygon", "coordinates": [ [ [ [ 683569.9077371499734, 5652578.084555249661207 ], [ 683569.9077371499734, 5653094.983269358053803 ], [ 684045.686868158751167, 5653094.983269358053803 ], [ 684045.686868158751167, 5652578.084555249661207 ], [ 683569.9077371499734, 5652578.084555249661207 ] ] ] ] } },
{ "type": "Feature", "properties": { }, "geometry": { "type": "MultiPolygon", "coordinates": [ [ [ [ 684045.686868158751167, 5652578.084555249661207 ], [ 684045.686868158751167, 5653094.983269358053803 ], [ 684521.465999167528935, 5653094.983269358053803 ], [ 684521.465999167528935, 5652578.084555249661207 ], [ 684045.686868158751167, 5652578.084555249661207 ] ] ] ] } },
{ "type": "Feature", "properties": { }, "geometry": { "type": "MultiPolygon", "coordinates": [ [ [ [ 684521.465999167528935, 5652578.084555249661207 ], [ 684521.465999167528935, 5653094.983269358053803 ], [ 684997.245130176306702, 5653094.983269358053803 ], [ 684997.245130176306702, 5652578.084555249661207 ], [ 684521.465999167528935, 5652578.084555249661207 ] ] ] ] } },
{ "type": "Feature", "properties": { }, "geometry": { "type": "MultiPolygon", "coordinates": [ [ [ [ 684997.245130176306702, 5652578.084555249661207 ], [ 684997.245130176306702, 5653094.983269358053803 ], [ 685473.02426118508447, 5653094.983269358053803 ], [ 685473.02426118508447, 5652578.084555249661207 ], [ 684997.245130176306702, 5652578.084555249661207 ] ] ] ] } },
{ "type": "Feature", "properties": { }, "geometry": { "type": "MultiPolygon", "coordinates": [ [ [ [ 685473.024261185200885, 5652578.084555249661207 ], [ 685473.024261185200885, 5653094.983269358053803 ], [ 685948.803392193978652, 5653094.983269358053803 ], [ 685948.803392193978652, 5652578.084555249661207 ], [ 685473.024261185200885, 5652578.084555249661207 ] ] ] ] } },
{ "type": "Feature", "properties": { }, "geometry": { "type": "MultiPolygon", "coordinates": [ [ [ [ 685948.803392193978652, 5652578.084555249661207 ], [ 685948.803392193978652, 5653094.983269358053803 ], [ 686424.58252320275642, 5653094.983269358053803 ], [ 686424.58252320275642, 5652578.084555249661207 ], [ 685948.803392193978652, 5652578.084555249661207 ] ] ] ] } },
{ "type": "Feature", "properties": { }, "geometry": { "type": "MultiPolygon", "coordinates": [ [ [ [ 686424.58252320275642, 5652578.084555249661207 ], [ 686424.58252320275642, 5653094.983269358053803 ], [ 686900.361654211534187, 5653094.983269358053803 ], [ 686900.361654211534187, 5652578.084555249661207 ], [ 686424.58252320275642, 5652578.084555249661207 ] ] ] ] } },
{ "type": "Feature", "properties": { }, "geometry": { "type": "MultiPolygon", "coordinates": [ [ [ [ 686900.361654211534187, 5652578.084555249661207 ], [ 686900.361654211534187, 5653094.983269358053803 ], [ 687376.140785220311955, 5653094.983269358053803 ], [ 687376.140785220311955, 5652578.084555249661207 ], [ 686900.361654211534187, 5652578.084555249661207 ] ] ] ] } },
{ "type": "Feature", "properties": { }, "geometry": { "type": "MultiPolygon", "coordinates": [ [ [ [ 687376.14078522042837, 5652578.084555249661207 ], [ 687376.14078522042837, 5653094.983269358053803 ], [ 687851.919916229206137, 5653094.983269358053803 ], [ 687851.919916229206137, 5652578.084555249661207 ], [ 687376.14078522042837, 5652578.084555249661207 ] ] ] ] } },
{ "type": "Feature", "properties": { }, "geometry": { "type": "MultiPolygon", "coordinates": [ [ [ [ 687851.919916229206137, 5652578.084555249661207 ], [ 687851.919916229206137, 5653094.983269358053803 ], [ 688327.699047237983905, 5653094.983269358053803 ], [ 688327.699047237983905, 5652578.084555249661207 ], [ 687851.919916229206137, 5652578.084555249661207 ] ] ] ] } },
{ "type": "Feature", "properties": { }, "geometry": { "type": "MultiPolygon", "coordinates": [ [ [ [ 688327.699047237983905, 5652578.084555249661207 ], [ 688327.699047237983905, 5653094.983269358053803 ], [ 688803.478178246761672, 5653094.983269358053803 ], [ 688803.478178246761672, 5652578.084555249661207 ], [ 688327.699047237983905, 5652578.084555249661207 ] ] ] ] } },
{ "type": "Feature", "properties": { }, "geometry": { "type": "MultiPolygon", "coordinates": [ [ [ [ 688803.478178246761672, 5652578.084555249661207 ], [ 688803.478178246761672, 5653094.983269358053803 ], [ 689279.25730925553944, 5653094.983269358053803 ], [ 689279.25730925553944, 5652578.084555249661207 ], [ 688803.478178246761672, 5652578.084555249661207 ] ] ] ] } },
{ "type": "Feature", "properties": { }, "geometry": { "type": "MultiPolygon", "coordinates": [ [ [ [ 689279.257309255655855, 5652578.084555249661207 ], [ 689279.257309255655855, 5653094.983269358053803 ], [ 689755.036440264433622, 5653094.983269358053803 ], [ 689755.036440264433622, 5652578.084555249661207 ], [ 689279.257309255655855, 5652578.084555249661207 ] ] ] ] } },
{ "type": "Feature", "properties": { }, "geometry": { "type": "MultiPolygon", "coordinates": [ [ [ [ 689755.036440264433622, 5652578.084555249661207 ], [ 689755.036440264433622, 5653094.983269358053803 ], [ 690230.81557127321139, 5653094.983269358053803 ], [ 690230.81557127321139, 5652578.084555249661207 ], [ 689755.036440264433622, 5652578.084555249661207 ] ] ] ] } },
{ "type": "Feature", "properties": { }, "geometry": { "type": "MultiPolygon", "coordinates": [ [ [ [ 678336.337296053068712, 5652061.185841141268611 ], [ 678336.337296053068712, 5652578.084555249661207 ], [ 678812.11642706184648, 5652578.084555249661207 ], [ 678812.11642706184648, 5652061.185841141268611 ], [ 678336.337296053068712, 5652061.185841141268611 ] ] ] ] } },
{ "type": "Feature", "properties": { }, "geometry": { "type": "MultiPolygon", "coordinates": [ [ [ [ 678812.11642706184648, 5652061.185841141268611 ], [ 678812.11642706184648, 5652578.084555249661207 ], [ 679287.895558070624247, 5652578.084555249661207 ], [ 679287.895558070624247, 5652061.185841141268611 ], [ 678812.11642706184648, 5652061.185841141268611 ] ] ] ] } },
{ "type": "Feature", "properties": { }, "geometry": { "type": "MultiPolygon", "coordinates": [ [ [ [ 679287.895558070740663, 5652061.185841141268611 ], [ 679287.895558070740663, 5652578.084555249661207 ], [ 679763.67468907951843, 5652578.084555249661207 ], [ 679763.67468907951843, 5652061.185841141268611 ], [ 679287.895558070740663, 5652061.185841141268611 ] ] ] ] } },
{ "type": "Feature", "properties": { }, "geometry": { "type": "MultiPolygon", "coordinates": [ [ [ [ 679763.67468907951843, 5652061.185841141268611 ], [ 679763.67468907951843, 5652578.084555249661207 ], [ 680239.453820088296197, 5652578.084555249661207 ], [ 680239.453820088296197, 5652061.185841141268611 ], [ 679763.67468907951843, 5652061.185841141268611 ] ] ] ] } },
{ "type": "Feature", "properties": { }, "geometry": { "type": "MultiPolygon", "coordinates": [ [ [ [ 680239.453820088296197, 5652061.185841141268611 ], [ 680239.453820088296197, 5652578.084555249661207 ], [ 680715.232951097073965, 5652578.084555249661207 ], [ 680715.232951097073965, 5652061.185841141268611 ], [ 680239.453820088296197, 5652061.185841141268611 ] ] ] ] } },
{ "type": "Feature", "properties": { }, "geometry": { "type": "MultiPolygon", "coordinates": [ [ [ [ 680715.232951097073965, 5652061.185841141268611 ], [ 680715.232951097073965, 5652578.084555249661207 ], [ 681191.012082105851732, 5652578.084555249661207 ], [ 681191.012082105851732, 5652061.185841141268611 ], [ 680715.232951097073965, 5652061.185841141268611 ] ] ] ] } },
{ "type": "Feature", "properties": { }, "geometry": { "type": "MultiPolygon", "coordinates": [ [ [ [ 681191.012082105968148, 5652061.185841141268611 ], [ 681191.012082105968148, 5652578.084555249661207 ], [ 681666.791213114745915, 5652578.084555249661207 ], [ 681666.791213114745915, 5652061.185841141268611 ], [ 681191.012082105968148, 5652061.185841141268611 ] ] ] ] } },
{ "type": "Feature", "properties": { }, "geometry": { "type": "MultiPolygon", "coordinates": [ [ [ [ 681666.791213114745915, 5652061.185841141268611 ], [ 681666.791213114745915, 5652578.084555249661207 ], [ 682142.570344123523682, 5652578.084555249661207 ], [ 682142.570344123523682, 5652061.185841141268611 ], [ 681666.791213114745915, 5652061.185841141268611 ] ] ] ] } },
{ "type": "Feature", "properties": { }, "geometry": { "type": "MultiPolygon", "coordinates": [ [ [ [ 682142.570344123523682, 5652061.185841141268611 ], [ 682142.570344123523682, 5652578.084555249661207 ], [ 682618.34947513230145, 5652578.084555249661207 ], [ 682618.34947513230145, 5652061.185841141268611 ], [ 682142.570344123523682, 5652061.185841141268611 ] ] ] ] } },
{ "type": "Feature", "properties": { }, "geometry": { "type": "MultiPolygon", "coordinates": [ [ [ [ 682618.34947513230145, 5652061.185841141268611 ], [ 682618.34947513230145, 5652578.084555249661207 ], [ 683094.128606141079217, 5652578.084555249661207 ], [ 683094.128606141079217, 5652061.185841141268611 ], [ 682618.34947513230145, 5652061.185841141268611 ] ] ] ] } },
{ "type": "Feature", "properties": { }, "geometry": { "type": "MultiPolygon", "coordinates": [ [ [ [ 683094.128606141195633, 5652061.185841141268611 ], [ 683094.128606141195633, 5652578.084555249661207 ], [ 683569.9077371499734, 5652578.084555249661207 ], [ 683569.9077371499734, 5652061.185841141268611 ], [ 683094.128606141195633, 5652061.185841141268611 ] ] ] ] } },
{ "type": "Feature", "properties": { }, "geometry": { "type": "MultiPolygon", "coordinates": [ [ [ [ 683569.9077371499734, 5652061.185841141268611 ], [ 683569.9077371499734, 5652578.084555249661207 ], [ 684045.686868158751167, 5652578.084555249661207 ], [ 684045.686868158751167, 5652061.185841141268611 ], [ 683569.9077371499734, 5652061.185841141268611 ] ] ] ] } },
{ "type": "Feature", "properties": { }, "geometry": { "type": "MultiPolygon", "coordinates": [ [ [ [ 684045.686868158751167, 5652061.185841141268611 ], [ 684045.686868158751167, 5652578.084555249661207 ], [ 684521.465999167528935, 5652578.084555249661207 ], [ 684521.465999167528935, 5652061.185841141268611 ], [ 684045.686868158751167, 5652061.185841141268611 ] ] ] ] } },
{ "type": "Feature", "properties": { }, "geometry": { "type": "MultiPolygon", "coordinates": [ [ [ [ 684521.465999167528935, 5652061.185841141268611 ], [ 684521.465999167528935, 5652578.084555249661207 ], [ 684997.245130176306702, 5652578.084555249661207 ], [ 684997.245130176306702, 5652061.185841141268611 ], [ 684521.465999167528935, 5652061.185841141268611 ] ] ] ] } },
{ "type": "Feature", "properties": { }, "geometry": { "type": "MultiPolygon", "coordinates": [ [ [ [ 684997.245130176306702, 5652061.185841141268611 ], [ 684997.245130176306702, 5652578.084555249661207 ], [ 685473.02426118508447, 5652578.084555249661207 ], [ 685473.02426118508447, 5652061.185841141268611 ], [ 684997.245130176306702, 5652061.185841141268611 ] ] ] ] } },
{ "type": "Feature", "properties": { }, "geometry": { "type": "MultiPolygon", "coordinates": [ [ [ [ 685473.024261185200885, 5652061.185841141268611 ], [ 685473.024261185200885, 5652578.084555249661207 ], [ 685948.803392193978652, 5652578.084555249661207 ], [ 685948.803392193978652, 5652061.185841141268611 ], [ 685473.024261185200885, 5652061.185841141268611 ] ] ] ] } },
{ "type": "Feature", "properties": { }, "geometry": { "type": "MultiPolygon", "coordinates": [ [ [ [ 685948.803392193978652, 5652061.185841141268611 ], [ 685948.803392193978652, 5652578.084555249661207 ], [ 686424.58252320275642, 5652578.084555249661207 ], [ 686424.58252320275642, 5652061.185841141268611 ], [ 685948.803392193978652, 5652061.185841141268611 ] ] ] ] } },
{ "type": "Feature", "properties": { }, "geometry": { "type": "MultiPolygon", "coordinates": [ [ [ [ 686424.58252320275642, 5652061.185841141268611 ], [ 686424.58252320275642, 5652578.084555249661207 ], [ 686900.361654211534187, 5652578.084555249661207 ], [ 686900.361654211534187, 5652061.185841141268611 ], [ 686424.58252320275642, 5652061.185841141268611 ] ] ] ] } },
{ "type": "Feature", "properties": { }, "geometry": { "type": "MultiPolygon", "coordinates": [ [ [ [ 686900.361654211534187, 5652061.185841141268611 ], [ 686900.361654211534187, 5652578.084555249661207 ], [ 687376.140785220311955, 5652578.084555249661207 ], [ 687376.140785220311955, 5652061.185841141268611 ], [ 686900.361654211534187, 5652061.185841141268611 ] ] ] ] } },
{ "type": "Feature", "properties": { }, "geometry": { "type": "MultiPolygon", "coordinates": [ [ [ [ 687376.14078522042837, 5652061.185841141268611 ], [ 687376.14078522042837, 5652578.084555249661207 ], [ 687851.919916229206137, 5652578.084555249661207 ], [ 687851.919916229206137, 5652061.185841141268611 ], [ 687376.14078522042837, 5652061.185841141268611 ] ] ] ] } },
{ "type": "Feature", "properties": { }, "geometry": { "type": "MultiPolygon", "coordinates": [ [ [ [ 687851.919916229206137, 5652061.185841141268611 ], [ 687851.919916229206137, 5652578.084555249661207 ], [ 688327.699047237983905, 5652578.084555249661207 ], [ 688327.699047237983905, 5652061.185841141268611 ], [ 687851.919916229206137, 5652061.185841141268611 ] ] ] ] } },
{ "type": "Feature", "properties": { }, "geometry": { "type": "MultiPolygon", "coordinates": [ [ [ [ 688327.699047237983905, 5652061.185841141268611 ], [ 688327.699047237983905, 5652578.084555249661207 ], [ 688803.478178246761672, 5652578.084555249661207 ], [ 688803.478178246761672, 5652061.185841141268611 ], [ 688327.699047237983905, 5652061.185841141268611 ] ] ] ] } },
{ "type": "Feature", "properties": { }, "geometry": { "type": "MultiPolygon", "coordinates": [ [ [ [ 688803.478178246761672, 5652061.185841141268611 ], [ 688803.478178246761672, 5652578.084555249661207 ], [ 689279.25730925553944, 5652578.084555249661207 ], [ 689279.25730925553944, 5652061.185841141268611 ], [ 688803.478178246761672, 5652061.185841141268611 ] ] ] ] } },
{ "type": "Feature", "properties": { }, "geometry": { "type": "MultiPolygon", "coordinates": [ [ [ [ 689279.257309255655855, 5652061.185841141268611 ], [ 689279.257309255655855, 5652578.084555249661207 ], [ 689755.036440264433622, 5652578.084555249661207 ], [ 689755.036440264433622, 5652061.185841141268611 ], [ 689279.257309255655855, 5652061.185841141268611 ] ] ] ] } },
{ "type": "Feature", "properties": { }, "geometry": { "type": "MultiPolygon", "coordinates": [ [ [ [ 689755.036440264433622, 5652061.185841141268611 ], [ 689755.036440264433622, 5652578.084555249661207 ], [ 690230.81557127321139, 5652578.084555249661207 ], [ 690230.81557127321139, 5652061.185841141268611 ], [ 689755.036440264433622, 5652061.185841141268611 ] ] ] ] } },
{ "type": "Feature", "properties": { }, "geometry": { "type": "MultiPolygon", "coordinates": [ [ [ [ 678336.337296053068712, 5651544.287127031944692 ], [ 678336.337296053068712, 5652061.185841140337288 ], [ 678812.11642706184648, 5652061.185841140337288 ], [ 678812.11642706184648, 5651544.287127031944692 ], [ 678336.337296053068712, 5651544.287127031944692 ] ] ] ] } },
{ "type": "Feature", "properties": { }, "geometry": { "type": "MultiPolygon", "coordinates": [ [ [ [ 678812.11642706184648, 5651544.287127031944692 ], [ 678812.11642706184648, 5652061.185841140337288 ], [ 679287.895558070624247, 5652061.185841140337288 ], [ 679287.895558070624247, 5651544.287127031944692 ], [ 678812.11642706184648, 5651544.287127031944692 ] ] ] ] } },
{ "type": "Feature", "properties": { }, "geometry": { "type": "MultiPolygon", "coordinates": [ [ [ [ 679287.895558070740663, 5651544.287127031944692 ], [ 679287.895558070740663, 5652061.185841140337288 ], [ 679763.67468907951843, 5652061.185841140337288 ], [ 679763.67468907951843, 5651544.287127031944692 ], [ 679287.895558070740663, 5651544.287127031944692 ] ] ] ] } },
{ "type": "Feature", "properties": { }, "geometry": { "type": "MultiPolygon", "coordinates": [ [ [ [ 679763.67468907951843, 5651544.287127031944692 ], [ 679763.67468907951843, 5652061.185841140337288 ], [ 680239.453820088296197, 5652061.185841140337288 ], [ 680239.453820088296197, 5651544.287127031944692 ], [ 679763.67468907951843, 5651544.287127031944692 ] ] ] ] } },
{ "type": "Feature", "properties": { }, "geometry": { "type": "MultiPolygon", "coordinates": [ [ [ [ 680239.453820088296197, 5651544.287127031944692 ], [ 680239.453820088296197, 5652061.185841140337288 ], [ 680715.232951097073965, 5652061.185841140337288 ], [ 680715.232951097073965, 5651544.287127031944692 ], [ 680239.453820088296197, 5651544.287127031944692 ] ] ] ] } },
{ "type": "Feature", "properties": { }, "geometry": { "type": "MultiPolygon", "coordinates": [ [ [ [ 680715.232951097073965, 5651544.287127031944692 ], [ 680715.232951097073965, 5652061.185841140337288 ], [ 681191.012082105851732, 5652061.185841140337288 ], [ 681191.012082105851732, 5651544.287127031944692 ], [ 680715.232951097073965, 5651544.287127031944692 ] ] ] ] } },
{ "type": "Feature", "properties": { }, "geometry": { "type": "MultiPolygon", "coordinates": [ [ [ [ 681191.012082105968148, 5651544.287127031944692 ], [ 681191.012082105968148, 5652061.185841140337288 ], [ 681666.791213114745915, 5652061.185841140337288 ], [ 681666.791213114745915, 5651544.287127031944692 ], [ 681191.012082105968148, 5651544.287127031944692 ] ] ] ] } },
{ "type": "Feature", "properties": { }, "geometry": { "type": "MultiPolygon", "coordinates": [ [ [ [ 681666.791213114745915, 5651544.287127031944692 ], [ 681666.791213114745915, 5652061.185841140337288 ], [ 682142.570344123523682, 5652061.185841140337288 ], [ 682142.570344123523682, 5651544.287127031944692 ], [ 681666.791213114745915, 5651544.287127031944692 ] ] ] ] } },
{ "type": "Feature", "properties": { }, "geometry": { "type": "MultiPolygon", "coordinates": [ [ [ [ 682142.570344123523682, 5651544.287127031944692 ], [ 682142.570344123523682, 5652061.185841140337288 ], [ 682618.34947513230145, 5652061.185841140337288 ], [ 682618.34947513230145, 5651544.287127031944692 ], [ 682142.570344123523682, 5651544.287127031944692 ] ] ] ] } },
{ "type": "Feature", "properties": { }, "geometry": { "type": "MultiPolygon", "coordinates": [ [ [ [ 682618.34947513230145, 5651544.287127031944692 ], [ 682618.34947513230145, 5652061.185841140337288 ], [ 683094.128606141079217, 5652061.185841140337288 ], [ 683094.128606141079217, 5651544.287127031944692 ], [ 682618.34947513230145, 5651544.287127031944692 ] ] ] ] } },
{ "type": "Feature", "properties": { }, "geometry": { "type": "MultiPolygon", "coordinates": [ [ [ [ 683094.128606141195633, 5651544.287127031944692 ], [ 683094.128606141195633, 5652061.185841140337288 ], [ 683569.9077371499734, 5652061.185841140337288 ], [ 683569.9077371499734, 5651544.287127031944692 ], [ 683094.128606141195633, 5651544.287127031944692 ] ] ] ] } },
{ "type": "Feature", "properties": { }, "geometry": { "type": "MultiPolygon", "coordinates": [ [ [ [ 683569.9077371499734, 5651544.287127031944692 ], [ 683569.9077371499734, 5652061.185841140337288 ], [ 684045.686868158751167, 5652061.185841140337288 ], [ 684045.686868158751167, 5651544.287127031944692 ], [ 683569.9077371499734, 5651544.287127031944692 ] ] ] ] } },
{ "type": "Feature", "properties": { }, "geometry": { "type": "MultiPolygon", "coordinates": [ [ [ [ 684045.686868158751167, 5651544.287127031944692 ], [ 684045.686868158751167, 5652061.185841140337288 ], [ 684521.465999167528935, 5652061.185841140337288 ], [ 684521.465999167528935, 5651544.287127031944692 ], [ 684045.686868158751167, 5651544.287127031944692 ] ] ] ] } },
{ "type": "Feature", "properties": { }, "geometry": { "type": "MultiPolygon", "coordinates": [ [ [ [ 684521.465999167528935, 5651544.287127031944692 ], [ 684521.465999167528935, 5652061.185841140337288 ], [ 684997.245130176306702, 5652061.185841140337288 ], [ 684997.245130176306702, 5651544.287127031944692 ], [ 684521.465999167528935, 5651544.287127031944692 ] ] ] ] } },
{ "type": "Feature", "properties": { }, "geometry": { "type": "MultiPolygon", "coordinates": [ [ [ [ 684997.245130176306702, 5651544.287127031944692 ], [ 684997.245130176306702, 5652061.185841140337288 ], [ 685473.02426118508447, 5652061.185841140337288 ], [ 685473.02426118508447, 5651544.287127031944692 ], [ 684997.245130176306702, 5651544.287127031944692 ] ] ] ] } },
{ "type": "Feature", "properties": { }, "geometry": { "type": "MultiPolygon", "coordinates": [ [ [ [ 685473.024261185200885, 5651544.287127031944692 ], [ 685473.024261185200885, 5652061.185841140337288 ], [ 685948.803392193978652, 5652061.185841140337288 ], [ 685948.803392193978652, 5651544.287127031944692 ], [ 685473.024261185200885, 5651544.287127031944692 ] ] ] ] } },
{ "type": "Feature", "properties": { }, "geometry": { "type": "MultiPolygon", "coordinates": [ [ [ [ 685948.803392193978652, 5651544.287127031944692 ], [ 685948.803392193978652, 5652061.185841140337288 ], [ 686424.58252320275642, 5652061.185841140337288 ], [ 686424.58252320275642, 5651544.287127031944692 ], [ 685948.803392193978652, 5651544.287127031944692 ] ] ] ] } },
{ "type": "Feature", "properties": { }, "geometry": { "type": "MultiPolygon", "coordinates": [ [ [ [ 686424.58252320275642, 5651544.287127031944692 ], [ 686424.58252320275642, 5652061.185841140337288 ], [ 686900.361654211534187, 5652061.185841140337288 ], [ 686900.361654211534187, 5651544.287127031944692 ], [ 686424.58252320275642, 5651544.287127031944692 ] ] ] ] } },
{ "type": "Feature", "properties": { }, "geometry": { "type": "MultiPolygon", "coordinates": [ [ [ [ 686900.361654211534187, 5651544.287127031944692 ], [ 686900.361654211534187, 5652061.185841140337288 ], [ 687376.140785220311955, 5652061.185841140337288 ], [ 687376.140785220311955, 5651544.287127031944692 ], [ 686900.361654211534187, 5651544.287127031944692 ] ] ] ] } },
{ "type": "Feature", "properties": { }, "geometry": { "type": "MultiPolygon", "coordinates": [ [ [ [ 687376.14078522042837, 5651544.287127031944692 ], [ 687376.14078522042837, 5652061.185841140337288 ], [ 687851.919916229206137, 5652061.185841140337288 ], [ 687851.919916229206137, 5651544.287127031944692 ], [ 687376.14078522042837, 5651544.287127031944692 ] ] ] ] } },
{ "type": "Feature", "properties": { }, "geometry": { "type": "MultiPolygon", "coordinates": [ [ [ [ 687851.919916229206137, 5651544.287127031944692 ], [ 687851.919916229206137, 5652061.185841140337288 ], [ 688327.699047237983905, 5652061.185841140337288 ], [ 688327.699047237983905, 5651544.287127031944692 ], [ 687851.919916229206137, 5651544.287127031944692 ] ] ] ] } },
{ "type": "Feature", "properties": { }, "geometry": { "type": "MultiPolygon", "coordinates": [ [ [ [ 688327.699047237983905, 5651544.287127031944692 ], [ 688327.699047237983905, 5652061.185841140337288 ], [ 688803.478178246761672, 5652061.185841140337288 ], [ 688803.478178246761672, 5651544.287127031944692 ], [ 688327.699047237983905, 5651544.287127031944692 ] ] ] ] } },
{ "type": "Feature", "properties": { }, "geometry": { "type": "MultiPolygon", "coordinates": [ [ [ [ 688803.478178246761672, 5651544.287127031944692 ], [ 688803.478178246761672, 5652061.185841140337288 ], [ 689279.25730925553944, 5652061.185841140337288 ], [ 689279.25730925553944, 5651544.287127031944692 ], [ 688803.478178246761672, 5651544.287127031944692 ] ] ] ] } },
{ "type": "Feature", "properties": { }, "geometry": { "type": "MultiPolygon", "coordinates": [ [ [ [ 689279.257309255655855, 5651544.287127031944692 ], [ 689279.257309255655855, 5652061.185841140337288 ], [ 689755.036440264433622, 5652061.185841140337288 ], [ 689755.036440264433622, 5651544.287127031944692 ], [ 689279.257309255655855, 5651544.287127031944692 ] ] ] ] } },
{ "type": "Feature", "properties": { }, "geometry": { "type": "MultiPolygon", "coordinates": [ [ [ [ 689755.036440264433622, 5651544.287127031944692 ], [ 689755.036440264433622, 5652061.185841140337288 ], [ 690230.81557127321139, 5652061.185841140337288 ], [ 690230.81557127321139, 5651544.287127031944692 ], [ 689755.036440264433622, 5651544.287127031944692 ] ] ] ] } },
{ "type": "Feature", "properties": { }, "geometry": { "type": "MultiPolygon", "coordinates": [ [ [ [ 678336.337296053068712, 5651027.388412923552096 ], [ 678336.337296053068712, 5651544.287127031944692 ], [ 678812.11642706184648, 5651544.287127031944692 ], [ 678812.11642706184648, 5651027.388412923552096 ], [ 678336.337296053068712, 5651027.388412923552096 ] ] ] ] } },
{ "type": "Feature", "properties": { }, "geometry": { "type": "MultiPolygon", "coordinates": [ [ [ [ 678812.11642706184648, 5651027.388412923552096 ], [ 678812.11642706184648, 5651544.287127031944692 ], [ 679287.895558070624247, 5651544.287127031944692 ], [ 679287.895558070624247, 5651027.388412923552096 ], [ 678812.11642706184648, 5651027.388412923552096 ] ] ] ] } },
{ "type": "Feature", "properties": { }, "geometry": { "type": "MultiPolygon", "coordinates": [ [ [ [ 679287.895558070740663, 5651027.388412923552096 ], [ 679287.895558070740663, 5651544.287127031944692 ], [ 679763.67468907951843, 5651544.287127031944692 ], [ 679763.67468907951843, 5651027.388412923552096 ], [ 679287.895558070740663, 5651027.388412923552096 ] ] ] ] } },
{ "type": "Feature", "properties": { }, "geometry": { "type": "MultiPolygon", "coordinates": [ [ [ [ 679763.67468907951843, 5651027.388412923552096 ], [ 679763.67468907951843, 5651544.287127031944692 ], [ 680239.453820088296197, 5651544.287127031944692 ], [ 680239.453820088296197, 5651027.388412923552096 ], [ 679763.67468907951843, 5651027.388412923552096 ] ] ] ] } },
{ "type": "Feature", "properties": { }, "geometry": { "type": "MultiPolygon", "coordinates": [ [ [ [ 680239.453820088296197, 5651027.388412923552096 ], [ 680239.453820088296197, 5651544.287127031944692 ], [ 680715.232951097073965, 5651544.287127031944692 ], [ 680715.232951097073965, 5651027.388412923552096 ], [ 680239.453820088296197, 5651027.388412923552096 ] ] ] ] } },
{ "type": "Feature", "properties": { }, "geometry": { "type": "MultiPolygon", "coordinates": [ [ [ [ 680715.232951097073965, 5651027.388412923552096 ], [ 680715.232951097073965, 5651544.287127031944692 ], [ 681191.012082105851732, 5651544.287127031944692 ], [ 681191.012082105851732, 5651027.388412923552096 ], [ 680715.232951097073965, 5651027.388412923552096 ] ] ] ] } },
{ "type": "Feature", "properties": { }, "geometry": { "type": "MultiPolygon", "coordinates": [ [ [ [ 681191.012082105968148, 5651027.388412923552096 ], [ 681191.012082105968148, 5651544.287127031944692 ], [ 681666.791213114745915, 5651544.287127031944692 ], [ 681666.791213114745915, 5651027.388412923552096 ], [ 681191.012082105968148, 5651027.388412923552096 ] ] ] ] } },
{ "type": "Feature", "properties": { }, "geometry": { "type": "MultiPolygon", "coordinates": [ [ [ [ 681666.791213114745915, 5651027.388412923552096 ], [ 681666.791213114745915, 5651544.287127031944692 ], [ 682142.570344123523682, 5651544.287127031944692 ], [ 682142.570344123523682, 5651027.388412923552096 ], [ 681666.791213114745915, 5651027.388412923552096 ] ] ] ] } },
{ "type": "Feature", "properties": { }, "geometry": { "type": "MultiPolygon", "coordinates": [ [ [ [ 682142.570344123523682, 5651027.388412923552096 ], [ 682142.570344123523682, 5651544.287127031944692 ], [ 682618.34947513230145, 5651544.287127031944692 ], [ 682618.34947513230145, 5651027.388412923552096 ], [ 682142.570344123523682, 5651027.388412923552096 ] ] ] ] } },
{ "type": "Feature", "properties": { }, "geometry": { "type": "MultiPolygon", "coordinates": [ [ [ [ 682618.34947513230145, 5651027.388412923552096 ], [ 682618.34947513230145, 5651544.287127031944692 ], [ 683094.128606141079217, 5651544.287127031944692 ], [ 683094.128606141079217, 5651027.388412923552096 ], [ 682618.34947513230145, 5651027.388412923552096 ] ] ] ] } },
{ "type": "Feature", "properties": { }, "geometry": { "type": "MultiPolygon", "coordinates": [ [ [ [ 683094.128606141195633, 5651027.388412923552096 ], [ 683094.128606141195633, 5651544.287127031944692 ], [ 683569.9077371499734, 5651544.287127031944692 ], [ 683569.9077371499734, 5651027.388412923552096 ], [ 683094.128606141195633, 5651027.388412923552096 ] ] ] ] } },
{ "type": "Feature", "properties": { }, "geometry": { "type": "MultiPolygon", "coordinates": [ [ [ [ 683569.9077371499734, 5651027.388412923552096 ], [ 683569.9077371499734, 5651544.287127031944692 ], [ 684045.686868158751167, 5651544.287127031944692 ], [ 684045.686868158751167, 5651027.388412923552096 ], [ 683569.9077371499734, 5651027.388412923552096 ] ] ] ] } },
{ "type": "Feature", "properties": { }, "geometry": { "type": "MultiPolygon", "coordinates": [ [ [ [ 684045.686868158751167, 5651027.388412923552096 ], [ 684045.686868158751167, 5651544.287127031944692 ], [ 684521.465999167528935, 5651544.287127031944692 ], [ 684521.465999167528935, 5651027.388412923552096 ], [ 684045.686868158751167, 5651027.388412923552096 ] ] ] ] } },
{ "type": "Feature", "properties": { }, "geometry": { "type": "MultiPolygon", "coordinates": [ [ [ [ 684521.465999167528935, 5651027.388412923552096 ], [ 684521.465999167528935, 5651544.287127031944692 ], [ 684997.245130176306702, 5651544.287127031944692 ], [ 684997.245130176306702, 5651027.388412923552096 ], [ 684521.465999167528935, 5651027.388412923552096 ] ] ] ] } },
{ "type": "Feature", "properties": { }, "geometry": { "type": "MultiPolygon", "coordinates": [ [ [ [ 684997.245130176306702, 5651027.388412923552096 ], [ 684997.245130176306702, 5651544.287127031944692 ], [ 685473.02426118508447, 5651544.287127031944692 ], [ 685473.02426118508447, 5651027.388412923552096 ], [ 684997.245130176306702, 5651027.388412923552096 ] ] ] ] } },
{ "type": "Feature", "properties": { }, "geometry": { "type": "MultiPolygon", "coordinates": [ [ [ [ 685473.024261185200885, 5651027.388412923552096 ], [ 685473.024261185200885, 5651544.287127031944692 ], [ 685948.803392193978652, 5651544.287127031944692 ], [ 685948.803392193978652, 5651027.388412923552096 ], [ 685473.024261185200885, 5651027.388412923552096 ] ] ] ] } },
{ "type": "Feature", "properties": { }, "geometry": { "type": "MultiPolygon", "coordinates": [ [ [ [ 685948.803392193978652, 5651027.388412923552096 ], [ 685948.803392193978652, 5651544.287127031944692 ], [ 686424.58252320275642, 5651544.287127031944692 ], [ 686424.58252320275642, 5651027.388412923552096 ], [ 685948.803392193978652, 5651027.388412923552096 ] ] ] ] } },
{ "type": "Feature", "properties": { }, "geometry": { "type": "MultiPolygon", "coordinates": [ [ [ [ 686424.58252320275642, 5651027.388412923552096 ], [ 686424.58252320275642, 5651544.287127031944692 ], [ 686900.361654211534187, 5651544.287127031944692 ], [ 686900.361654211534187, 5651027.388412923552096 ], [ 686424.58252320275642, 5651027.388412923552096 ] ] ] ] } },
{ "type": "Feature", "properties": { }, "geometry": { "type": "MultiPolygon", "coordinates": [ [ [ [ 686900.361654211534187, 5651027.388412923552096 ], [ 686900.361654211534187, 5651544.287127031944692 ], [ 687376.140785220311955, 5651544.287127031944692 ], [ 687376.140785220311955, 5651027.388412923552096 ], [ 686900.361654211534187, 5651027.388412923552096 ] ] ] ] } },
{ "type": "Feature", "properties": { }, "geometry": { "type": "MultiPolygon", "coordinates": [ [ [ [ 687376.14078522042837, 5651027.388412923552096 ], [ 687376.14078522042837, 5651544.287127031944692 ], [ 687851.919916229206137, 5651544.287127031944692 ], [ 687851.919916229206137, 5651027.388412923552096 ], [ 687376.14078522042837, 5651027.388412923552096 ] ] ] ] } },
{ "type": "Feature", "properties": { }, "geometry": { "type": "MultiPolygon", "coordinates": [ [ [ [ 687851.919916229206137, 5651027.388412923552096 ], [ 687851.919916229206137, 5651544.287127031944692 ], [ 688327.699047237983905, 5651544.287127031944692 ], [ 688327.699047237983905, 5651027.388412923552096 ], [ 687851.919916229206137, 5651027.388412923552096 ] ] ] ] } },
{ "type": "Feature", "properties": { }, "geometry": { "type": "MultiPolygon", "coordinates": [ [ [ [ 688327.699047237983905, 5651027.388412923552096 ], [ 688327.699047237983905, 5651544.287127031944692 ], [ 688803.478178246761672, 5651544.287127031944692 ], [ 688803.478178246761672, 5651027.388412923552096 ], [ 688327.699047237983905, 5651027.388412923552096 ] ] ] ] } },
{ "type": "Feature", "properties": { }, "geometry": { "type": "MultiPolygon", "coordinates": [ [ [ [ 688803.478178246761672, 5651027.388412923552096 ], [ 688803.478178246761672, 5651544.287127031944692 ], [ 689279.25730925553944, 5651544.287127031944692 ], [ 689279.25730925553944, 5651027.388412923552096 ], [ 688803.478178246761672, 5651027.388412923552096 ] ] ] ] } },
{ "type": "Feature", "properties": { }, "geometry": { "type": "MultiPolygon", "coordinates": [ [ [ [ 689279.257309255655855, 5651027.388412923552096 ], [ 689279.257309255655855, 5651544.287127031944692 ], [ 689755.036440264433622, 5651544.287127031944692 ], [ 689755.036440264433622, 5651027.388412923552096 ], [ 689279.257309255655855, 5651027.388412923552096 ] ] ] ] } },
{ "type": "Feature", "properties": { }, "geometry": { "type": "MultiPolygon", "coordinates": [ [ [ [ 689755.036440264433622, 5651027.388412923552096 ], [ 689755.036440264433622, 5651544.287127031944692 ], [ 690230.81557127321139, 5651544.287127031944692 ], [ 690230.81557127321139, 5651027.388412923552096 ], [ 689755.036440264433622, 5651027.388412923552096 ] ] ] ] } },
{ "type": "Feature", "properties": { }, "geometry": { "type": "MultiPolygon", "coordinates": [ [ [ [ 678336.337296053068712, 5650510.4896988151595 ], [ 678336.337296053068712, 5651027.388412923552096 ], [ 678812.11642706184648, 5651027.388412923552096 ], [ 678812.11642706184648, 5650510.4896988151595 ], [ 678336.337296053068712, 5650510.4896988151595 ] ] ] ] } },
{ "type": "Feature", "properties": { }, "geometry": { "type": "MultiPolygon", "coordinates": [ [ [ [ 678812.11642706184648, 5650510.4896988151595 ], [ 678812.11642706184648, 5651027.388412923552096 ], [ 679287.895558070624247, 5651027.388412923552096 ], [ 679287.895558070624247, 5650510.4896988151595 ], [ 678812.11642706184648, 5650510.4896988151595 ] ] ] ] } },
{ "type": "Feature", "properties": { }, "geometry": { "type": "MultiPolygon", "coordinates": [ [ [ [ 679287.895558070740663, 5650510.4896988151595 ], [ 679287.895558070740663, 5651027.388412923552096 ], [ 679763.67468907951843, 5651027.388412923552096 ], [ 679763.67468907951843, 5650510.4896988151595 ], [ 679287.895558070740663, 5650510.4896988151595 ] ] ] ] } },
{ "type": "Feature", "properties": { }, "geometry": { "type": "MultiPolygon", "coordinates": [ [ [ [ 679763.67468907951843, 5650510.4896988151595 ], [ 679763.67468907951843, 5651027.388412923552096 ], [ 680239.453820088296197, 5651027.388412923552096 ], [ 680239.453820088296197, 5650510.4896988151595 ], [ 679763.67468907951843, 5650510.4896988151595 ] ] ] ] } },
{ "type": "Feature", "properties": { }, "geometry": { "type": "MultiPolygon", "coordinates": [ [ [ [ 680239.453820088296197, 5650510.4896988151595 ], [ 680239.453820088296197, 5651027.388412923552096 ], [ 680715.232951097073965, 5651027.388412923552096 ], [ 680715.232951097073965, 5650510.4896988151595 ], [ 680239.453820088296197, 5650510.4896988151595 ] ] ] ] } },
{ "type": "Feature", "properties": { }, "geometry": { "type": "MultiPolygon", "coordinates": [ [ [ [ 680715.232951097073965, 5650510.4896988151595 ], [ 680715.232951097073965, 5651027.388412923552096 ], [ 681191.012082105851732, 5651027.388412923552096 ], [ 681191.012082105851732, 5650510.4896988151595 ], [ 680715.232951097073965, 5650510.4896988151595 ] ] ] ] } },
{ "type": "Feature", "properties": { }, "geometry": { "type": "MultiPolygon", "coordinates": [ [ [ [ 681191.012082105968148, 5650510.4896988151595 ], [ 681191.012082105968148, 5651027.388412923552096 ], [ 681666.791213114745915, 5651027.388412923552096 ], [ 681666.791213114745915, 5650510.4896988151595 ], [ 681191.012082105968148, 5650510.4896988151595 ] ] ] ] } },
{ "type": "Feature", "properties": { }, "geometry": { "type": "MultiPolygon", "coordinates": [ [ [ [ 681666.791213114745915, 5650510.4896988151595 ], [ 681666.791213114745915, 5651027.388412923552096 ], [ 682142.570344123523682, 5651027.388412923552096 ], [ 682142.570344123523682, 5650510.4896988151595 ], [ 681666.791213114745915, 5650510.4896988151595 ] ] ] ] } },
{ "type": "Feature", "properties": { }, "geometry": { "type": "MultiPolygon", "coordinates": [ [ [ [ 682142.570344123523682, 5650510.4896988151595 ], [ 682142.570344123523682, 5651027.388412923552096 ], [ 682618.34947513230145, 5651027.388412923552096 ], [ 682618.34947513230145, 5650510.4896988151595 ], [ 682142.570344123523682, 5650510.4896988151595 ] ] ] ] } },
{ "type": "Feature", "properties": { }, "geometry": { "type": "MultiPolygon", "coordinates": [ [ [ [ 682618.34947513230145, 5650510.4896988151595 ], [ 682618.34947513230145, 5651027.388412923552096 ], [ 683094.128606141079217, 5651027.388412923552096 ], [ 683094.128606141079217, 5650510.4896988151595 ], [ 682618.34947513230145, 5650510.4896988151595 ] ] ] ] } },
{ "type": "Feature", "properties": { }, "geometry": { "type": "MultiPolygon", "coordinates": [ [ [ [ 683094.128606141195633, 5650510.4896988151595 ], [ 683094.128606141195633, 5651027.388412923552096 ], [ 683569.9077371499734, 5651027.388412923552096 ], [ 683569.9077371499734, 5650510.4896988151595 ], [ 683094.128606141195633, 5650510.4896988151595 ] ] ] ] } },
{ "type": "Feature", "properties": { }, "geometry": { "type": "MultiPolygon", "coordinates": [ [ [ [ 683569.9077371499734, 5650510.4896988151595 ], [ 683569.9077371499734, 5651027.388412923552096 ], [ 684045.686868158751167, 5651027.388412923552096 ], [ 684045.686868158751167, 5650510.4896988151595 ], [ 683569.9077371499734, 5650510.4896988151595 ] ] ] ] } },
{ "type": "Feature", "properties": { }, "geometry": { "type": "MultiPolygon", "coordinates": [ [ [ [ 684045.686868158751167, 5650510.4896988151595 ], [ 684045.686868158751167, 5651027.388412923552096 ], [ 684521.465999167528935, 5651027.388412923552096 ], [ 684521.465999167528935, 5650510.4896988151595 ], [ 684045.686868158751167, 5650510.4896988151595 ] ] ] ] } },
{ "type": "Feature", "properties": { }, "geometry": { "type": "MultiPolygon", "coordinates": [ [ [ [ 684521.465999167528935, 5650510.4896988151595 ], [ 684521.465999167528935, 5651027.388412923552096 ], [ 684997.245130176306702, 5651027.388412923552096 ], [ 684997.245130176306702, 5650510.4896988151595 ], [ 684521.465999167528935, 5650510.4896988151595 ] ] ] ] } },
{ "type": "Feature", "properties": { }, "geometry": { "type": "MultiPolygon", "coordinates": [ [ [ [ 684997.245130176306702, 5650510.4896988151595 ], [ 684997.245130176306702, 5651027.388412923552096 ], [ 685473.02426118508447, 5651027.388412923552096 ], [ 685473.02426118508447, 5650510.4896988151595 ], [ 684997.245130176306702, 5650510.4896988151595 ] ] ] ] } },
{ "type": "Feature", "properties": { }, "geometry": { "type": "MultiPolygon", "coordinates": [ [ [ [ 685473.024261185200885, 5650510.4896988151595 ], [ 685473.024261185200885, 5651027.388412923552096 ], [ 685948.803392193978652, 5651027.388412923552096 ], [ 685948.803392193978652, 5650510.4896988151595 ], [ 685473.024261185200885, 5650510.4896988151595 ] ] ] ] } },
{ "type": "Feature", "properties": { }, "geometry": { "type": "MultiPolygon", "coordinates": [ [ [ [ 685948.803392193978652, 5650510.4896988151595 ], [ 685948.803392193978652, 5651027.388412923552096 ], [ 686424.58252320275642, 5651027.388412923552096 ], [ 686424.58252320275642, 5650510.4896988151595 ], [ 685948.803392193978652, 5650510.4896988151595 ] ] ] ] } },
{ "type": "Feature", "properties": { }, "geometry": { "type": "MultiPolygon", "coordinates": [ [ [ [ 686424.58252320275642, 5650510.4896988151595 ], [ 686424.58252320275642, 5651027.388412923552096 ], [ 686900.361654211534187, 5651027.388412923552096 ], [ 686900.361654211534187, 5650510.4896988151595 ], [ 686424.58252320275642, 5650510.4896988151595 ] ] ] ] } },
{ "type": "Feature", "properties": { }, "geometry": { "type": "MultiPolygon", "coordinates": [ [ [ [ 686900.361654211534187, 5650510.4896988151595 ], [ 686900.361654211534187, 5651027.388412923552096 ], [ 687376.140785220311955, 5651027.388412923552096 ], [ 687376.140785220311955, 5650510.4896988151595 ], [ 686900.361654211534187, 5650510.4896988151595 ] ] ] ] } },
{ "type": "Feature", "properties": { }, "geometry": { "type": "MultiPolygon", "coordinates": [ [ [ [ 687376.14078522042837, 5650510.4896988151595 ], [ 687376.14078522042837, 5651027.388412923552096 ], [ 687851.919916229206137, 5651027.388412923552096 ], [ 687851.919916229206137, 5650510.4896988151595 ], [ 687376.14078522042837, 5650510.4896988151595 ] ] ] ] } },
{ "type": "Feature", "properties": { }, "geometry": { "type": "MultiPolygon", "coordinates": [ [ [ [ 687851.919916229206137, 5650510.4896988151595 ], [ 687851.919916229206137, 5651027.388412923552096 ], [ 688327.699047237983905, 5651027.388412923552096 ], [ 688327.699047237983905, 5650510.4896988151595 ], [ 687851.919916229206137, 5650510.4896988151595 ] ] ] ] } },
{ "type": "Feature", "properties": { }, "geometry": { "type": "MultiPolygon", "coordinates": [ [ [ [ 688327.699047237983905, 5650510.4896988151595 ], [ 688327.699047237983905, 5651027.388412923552096 ], [ 688803.478178246761672, 5651027.388412923552096 ], [ 688803.478178246761672, 5650510.4896988151595 ], [ 688327.699047237983905, 5650510.4896988151595 ] ] ] ] } },
{ "type": "Feature", "properties": { }, "geometry": { "type": "MultiPolygon", "coordinates": [ [ [ [ 688803.478178246761672, 5650510.4896988151595 ], [ 688803.478178246761672, 5651027.388412923552096 ], [ 689279.25730925553944, 5651027.388412923552096 ], [ 689279.25730925553944, 5650510.4896988151595 ], [ 688803.478178246761672, 5650510.4896988151595 ] ] ] ] } },
{ "type": "Feature", "properties": { }, "geometry": { "type": "MultiPolygon", "coordinates": [ [ [ [ 689279.257309255655855, 5650510.4896988151595 ], [ 689279.257309255655855, 5651027.388412923552096 ], [ 689755.036440264433622, 5651027.388412923552096 ], [ 689755.036440264433622, 5650510.4896988151595 ], [ 689279.257309255655855, 5650510.4896988151595 ] ] ] ] } },
{ "type": "Feature", "properties": { }, "geometry": { "type": "MultiPolygon", "coordinates": [ [ [ [ 689755.036440264433622, 5650510.4896988151595 ], [ 689755.036440264433622, 5651027.388412923552096 ], [ 690230.81557127321139, 5651027.388412923552096 ], [ 690230.81557127321139, 5650510.4896988151595 ], [ 689755.036440264433622, 5650510.4896988151595 ] ] ] ] } },
{ "type": "Feature", "properties": { }, "geometry": { "type": "MultiPolygon", "coordinates": [ [ [ [ 678336.337296053068712, 5649993.590984705835581 ], [ 678336.337296053068712, 5650510.489698814228177 ], [ 678812.11642706184648, 5650510.489698814228177 ], [ 678812.11642706184648, 5649993.590984705835581 ], [ 678336.337296053068712, 5649993.590984705835581 ] ] ] ] } },
{ "type": "Feature", "properties": { }, "geometry": { "type": "MultiPolygon", "coordinates": [ [ [ [ 678812.11642706184648, 5649993.590984705835581 ], [ 678812.11642706184648, 5650510.489698814228177 ], [ 679287.895558070624247, 5650510.489698814228177 ], [ 679287.895558070624247, 5649993.590984705835581 ], [ 678812.11642706184648, 5649993.590984705835581 ] ] ] ] } },
{ "type": "Feature", "properties": { }, "geometry": { "type": "MultiPolygon", "coordinates": [ [ [ [ 679287.895558070740663, 5649993.590984705835581 ], [ 679287.895558070740663, 5650510.489698814228177 ], [ 679763.67468907951843, 5650510.489698814228177 ], [ 679763.67468907951843, 5649993.590984705835581 ], [ 679287.895558070740663, 5649993.590984705835581 ] ] ] ] } },
{ "type": "Feature", "properties": { }, "geometry": { "type": "MultiPolygon", "coordinates": [ [ [ [ 679763.67468907951843, 5649993.590984705835581 ], [ 679763.67468907951843, 5650510.489698814228177 ], [ 680239.453820088296197, 5650510.489698814228177 ], [ 680239.453820088296197, 5649993.590984705835581 ], [ 679763.67468907951843, 5649993.590984705835581 ] ] ] ] } },
{ "type": "Feature", "properties": { }, "geometry": { "type": "MultiPolygon", "coordinates": [ [ [ [ 680239.453820088296197, 5649993.590984705835581 ], [ 680239.453820088296197, 5650510.489698814228177 ], [ 680715.232951097073965, 5650510.489698814228177 ], [ 680715.232951097073965, 5649993.590984705835581 ], [ 680239.453820088296197, 5649993.590984705835581 ] ] ] ] } },
{ "type": "Feature", "properties": { }, "geometry": { "type": "MultiPolygon", "coordinates": [ [ [ [ 680715.232951097073965, 5649993.590984705835581 ], [ 680715.232951097073965, 5650510.489698814228177 ], [ 681191.012082105851732, 5650510.489698814228177 ], [ 681191.012082105851732, 5649993.590984705835581 ], [ 680715.232951097073965, 5649993.590984705835581 ] ] ] ] } },
{ "type": "Feature", "properties": { }, "geometry": { "type": "MultiPolygon", "coordinates": [ [ [ [ 681191.012082105968148, 5649993.590984705835581 ], [ 681191.012082105968148, 5650510.489698814228177 ], [ 681666.791213114745915, 5650510.489698814228177 ], [ 681666.791213114745915, 5649993.590984705835581 ], [ 681191.012082105968148, 5649993.590984705835581 ] ] ] ] } },
{ "type": "Feature", "properties": { }, "geometry": { "type": "MultiPolygon", "coordinates": [ [ [ [ 681666.791213114745915, 5649993.590984705835581 ], [ 681666.791213114745915, 5650510.489698814228177 ], [ 682142.570344123523682, 5650510.489698814228177 ], [ 682142.570344123523682, 5649993.590984705835581 ], [ 681666.791213114745915, 5649993.590984705835581 ] ] ] ] } },
{ "type": "Feature", "properties": { }, "geometry": { "type": "MultiPolygon", "coordinates": [ [ [ [ 682142.570344123523682, 5649993.590984705835581 ], [ 682142.570344123523682, 5650510.489698814228177 ], [ 682618.34947513230145, 5650510.489698814228177 ], [ 682618.34947513230145, 5649993.590984705835581 ], [ 682142.570344123523682, 5649993.590984705835581 ] ] ] ] } },
{ "type": "Feature", "properties": { }, "geometry": { "type": "MultiPolygon", "coordinates": [ [ [ [ 682618.34947513230145, 5649993.590984705835581 ], [ 682618.34947513230145, 5650510.489698814228177 ], [ 683094.128606141079217, 5650510.489698814228177 ], [ 683094.128606141079217, 5649993.590984705835581 ], [ 682618.34947513230145, 5649993.590984705835581 ] ] ] ] } },
{ "type": "Feature", "properties": { }, "geometry": { "type": "MultiPolygon", "coordinates": [ [ [ [ 683094.128606141195633, 5649993.590984705835581 ], [ 683094.128606141195633, 5650510.489698814228177 ], [ 683569.9077371499734, 5650510.489698814228177 ], [ 683569.9077371499734, 5649993.590984705835581 ], [ 683094.128606141195633, 5649993.590984705835581 ] ] ] ] } },
{ "type": "Feature", "properties": { }, "geometry": { "type": "MultiPolygon", "coordinates": [ [ [ [ 683569.9077371499734, 5649993.590984705835581 ], [ 683569.9077371499734, 5650510.489698814228177 ], [ 684045.686868158751167, 5650510.489698814228177 ], [ 684045.686868158751167, 5649993.590984705835581 ], [ 683569.9077371499734, 5649993.590984705835581 ] ] ] ] } },
{ "type": "Feature", "properties": { }, "geometry": { "type": "MultiPolygon", "coordinates": [ [ [ [ 684045.686868158751167, 5649993.590984705835581 ], [ 684045.686868158751167, 5650510.489698814228177 ], [ 684521.465999167528935, 5650510.489698814228177 ], [ 684521.465999167528935, 5649993.590984705835581 ], [ 684045.686868158751167, 5649993.590984705835581 ] ] ] ] } },
{ "type": "Feature", "properties": { }, "geometry": { "type": "MultiPolygon", "coordinates": [ [ [ [ 684521.465999167528935, 5649993.590984705835581 ], [ 684521.465999167528935, 5650510.489698814228177 ], [ 684997.245130176306702, 5650510.489698814228177 ], [ 684997.245130176306702, 5649993.590984705835581 ], [ 684521.465999167528935, 5649993.590984705835581 ] ] ] ] } },
{ "type": "Feature", "properties": { }, "geometry": { "type": "MultiPolygon", "coordinates": [ [ [ [ 684997.245130176306702, 5649993.590984705835581 ], [ 684997.245130176306702, 5650510.489698814228177 ], [ 685473.02426118508447, 5650510.489698814228177 ], [ 685473.02426118508447, 5649993.590984705835581 ], [ 684997.245130176306702, 5649993.590984705835581 ] ] ] ] } },
{ "type": "Feature", "properties": { }, "geometry": { "type": "MultiPolygon", "coordinates": [ [ [ [ 685473.024261185200885, 5649993.590984705835581 ], [ 685473.024261185200885, 5650510.489698814228177 ], [ 685948.803392193978652, 5650510.489698814228177 ], [ 685948.803392193978652, 5649993.590984705835581 ], [ 685473.024261185200885, 5649993.590984705835581 ] ] ] ] } },
{ "type": "Feature", "properties": { }, "geometry": { "type": "MultiPolygon", "coordinates": [ [ [ [ 685948.803392193978652, 5649993.590984705835581 ], [ 685948.803392193978652, 5650510.489698814228177 ], [ 686424.58252320275642, 5650510.489698814228177 ], [ 686424.58252320275642, 5649993.590984705835581 ], [ 685948.803392193978652, 5649993.590984705835581 ] ] ] ] } },
{ "type": "Feature", "properties": { }, "geometry": { "type": "MultiPolygon", "coordinates": [ [ [ [ 686424.58252320275642, 5649993.590984705835581 ], [ 686424.58252320275642, 5650510.489698814228177 ], [ 686900.361654211534187, 5650510.489698814228177 ], [ 686900.361654211534187, 5649993.590984705835581 ], [ 686424.58252320275642, 5649993.590984705835581 ] ] ] ] } },
{ "type": "Feature", "properties": { }, "geometry": { "type": "MultiPolygon", "coordinates": [ [ [ [ 686900.361654211534187, 5649993.590984705835581 ], [ 686900.361654211534187, 5650510.489698814228177 ], [ 687376.140785220311955, 5650510.489698814228177 ], [ 687376.140785220311955, 5649993.590984705835581 ], [ 686900.361654211534187, 5649993.590984705835581 ] ] ] ] } },
{ "type": "Feature", "properties": { }, "geometry": { "type": "MultiPolygon", "coordinates": [ [ [ [ 687376.14078522042837, 5649993.590984705835581 ], [ 687376.14078522042837, 5650510.489698814228177 ], [ 687851.919916229206137, 5650510.489698814228177 ], [ 687851.919916229206137, 5649993.590984705835581 ], [ 687376.14078522042837, 5649993.590984705835581 ] ] ] ] } },
{ "type": "Feature", "properties": { }, "geometry": { "type": "MultiPolygon", "coordinates": [ [ [ [ 687851.919916229206137, 5649993.590984705835581 ], [ 687851.919916229206137, 5650510.489698814228177 ], [ 688327.699047237983905, 5650510.489698814228177 ], [ 688327.699047237983905, 5649993.590984705835581 ], [ 687851.919916229206137, 5649993.590984705835581 ] ] ] ] } },
{ "type": "Feature", "properties": { }, "geometry": { "type": "MultiPolygon", "coordinates": [ [ [ [ 688327.699047237983905, 5649993.590984705835581 ], [ 688327.699047237983905, 5650510.489698814228177 ], [ 688803.478178246761672, 5650510.489698814228177 ], [ 688803.478178246761672, 5649993.590984705835581 ], [ 688327.699047237983905, 5649993.590984705835581 ] ] ] ] } },
{ "type": "Feature", "properties": { }, "geometry": { "type": "MultiPolygon", "coordinates": [ [ [ [ 688803.478178246761672, 5649993.590984705835581 ], [ 688803.478178246761672, 5650510.489698814228177 ], [ 689279.25730925553944, 5650510.489698814228177 ], [ 689279.25730925553944, 5649993.590984705835581 ], [ 688803.478178246761672, 5649993.590984705835581 ] ] ] ] } },
{ "type": "Feature", "properties": { }, "geometry": { "type": "MultiPolygon", "coordinates": [ [ [ [ 689279.257309255655855, 5649993.590984705835581 ], [ 689279.257309255655855, 5650510.489698814228177 ], [ 689755.036440264433622, 5650510.489698814228177 ], [ 689755.036440264433622, 5649993.590984705835581 ], [ 689279.257309255655855, 5649993.590984705835581 ] ] ] ] } },
{ "type": "Feature", "properties": { }, "geometry": { "type": "MultiPolygon", "coordinates": [ [ [ [ 689755.036440264433622, 5649993.590984705835581 ], [ 689755.036440264433622, 5650510.489698814228177 ], [ 690230.81557127321139, 5650510.489698814228177 ], [ 690230.81557127321139, 5649993.590984705835581 ], [ 689755.036440264433622, 5649993.590984705835581 ] ] ] ] } },
{ "type": "Feature", "properties": { }, "geometry": { "type": "MultiPolygon", "coordinates": [ [ [ [ 678336.337296053068712, 5649476.692270597442985 ], [ 678336.337296053068712, 5649993.590984705835581 ], [ 678812.11642706184648, 5649993.590984705835581 ], [ 678812.11642706184648, 5649476.692270597442985 ], [ 678336.337296053068712, 5649476.692270597442985 ] ] ] ] } },
{ "type": "Feature", "properties": { }, "geometry": { "type": "MultiPolygon", "coordinates": [ [ [ [ 678812.11642706184648, 5649476.692270597442985 ], [ 678812.11642706184648, 5649993.590984705835581 ], [ 679287.895558070624247, 5649993.590984705835581 ], [ 679287.895558070624247, 5649476.692270597442985 ], [ 678812.11642706184648, 5649476.692270597442985 ] ] ] ] } },
{ "type": "Feature", "properties": { }, "geometry": { "type": "MultiPolygon", "coordinates": [ [ [ [ 679287.895558070740663, 5649476.692270597442985 ], [ 679287.895558070740663, 5649993.590984705835581 ], [ 679763.67468907951843, 5649993.590984705835581 ], [ 679763.67468907951843, 5649476.692270597442985 ], [ 679287.895558070740663, 5649476.692270597442985 ] ] ] ] } },
{ "type": "Feature", "properties": { }, "geometry": { "type": "MultiPolygon", "coordinates": [ [ [ [ 679763.67468907951843, 5649476.692270597442985 ], [ 679763.67468907951843, 5649993.590984705835581 ], [ 680239.453820088296197, 5649993.590984705835581 ], [ 680239.453820088296197, 5649476.692270597442985 ], [ 679763.67468907951843, 5649476.692270597442985 ] ] ] ] } },
{ "type": "Feature", "properties": { }, "geometry": { "type": "MultiPolygon", "coordinates": [ [ [ [ 680239.453820088296197, 5649476.692270597442985 ], [ 680239.453820088296197, 5649993.590984705835581 ], [ 680715.232951097073965, 5649993.590984705835581 ], [ 680715.232951097073965, 5649476.692270597442985 ], [ 680239.453820088296197, 5649476.692270597442985 ] ] ] ] } },
{ "type": "Feature", "properties": { }, "geometry": { "type": "MultiPolygon", "coordinates": [ [ [ [ 680715.232951097073965, 5649476.692270597442985 ], [ 680715.232951097073965, 5649993.590984705835581 ], [ 681191.012082105851732, 5649993.590984705835581 ], [ 681191.012082105851732, 5649476.692270597442985 ], [ 680715.232951097073965, 5649476.692270597442985 ] ] ] ] } },
{ "type": "Feature", "properties": { }, "geometry": { "type": "MultiPolygon", "coordinates": [ [ [ [ 681191.012082105968148, 5649476.692270597442985 ], [ 681191.012082105968148, 5649993.590984705835581 ], [ 681666.791213114745915, 5649993.590984705835581 ], [ 681666.791213114745915, 5649476.692270597442985 ], [ 681191.012082105968148, 5649476.692270597442985 ] ] ] ] } },
{ "type": "Feature", "properties": { }, "geometry": { "type": "MultiPolygon", "coordinates": [ [ [ [ 681666.791213114745915, 5649476.692270597442985 ], [ 681666.791213114745915, 5649993.590984705835581 ], [ 682142.570344123523682, 5649993.590984705835581 ], [ 682142.570344123523682, 5649476.692270597442985 ], [ 681666.791213114745915, 5649476.692270597442985 ] ] ] ] } },
{ "type": "Feature", "properties": { }, "geometry": { "type": "MultiPolygon", "coordinates": [ [ [ [ 682142.570344123523682, 5649476.692270597442985 ], [ 682142.570344123523682, 5649993.590984705835581 ], [ 682618.34947513230145, 5649993.590984705835581 ], [ 682618.34947513230145, 5649476.692270597442985 ], [ 682142.570344123523682, 5649476.692270597442985 ] ] ] ] } },
{ "type": "Feature", "properties": { }, "geometry": { "type": "MultiPolygon", "coordinates": [ [ [ [ 682618.34947513230145, 5649476.692270597442985 ], [ 682618.34947513230145, 5649993.590984705835581 ], [ 683094.128606141079217, 5649993.590984705835581 ], [ 683094.128606141079217, 5649476.692270597442985 ], [ 682618.34947513230145, 5649476.692270597442985 ] ] ] ] } },
{ "type": "Feature", "properties": { }, "geometry": { "type": "MultiPolygon", "coordinates": [ [ [ [ 683094.128606141195633, 5649476.692270597442985 ], [ 683094.128606141195633, 5649993.590984705835581 ], [ 683569.9077371499734, 5649993.590984705835581 ], [ 683569.9077371499734, 5649476.692270597442985 ], [ 683094.128606141195633, 5649476.692270597442985 ] ] ] ] } },
{ "type": "Feature", "properties": { }, "geometry": { "type": "MultiPolygon", "coordinates": [ [ [ [ 683569.9077371499734, 5649476.692270597442985 ], [ 683569.9077371499734, 5649993.590984705835581 ], [ 684045.686868158751167, 5649993.590984705835581 ], [ 684045.686868158751167, 5649476.692270597442985 ], [ 683569.9077371499734, 5649476.692270597442985 ] ] ] ] } },
{ "type": "Feature", "properties": { }, "geometry": { "type": "MultiPolygon", "coordinates": [ [ [ [ 684045.686868158751167, 5649476.692270597442985 ], [ 684045.686868158751167, 5649993.590984705835581 ], [ 684521.465999167528935, 5649993.590984705835581 ], [ 684521.465999167528935, 5649476.692270597442985 ], [ 684045.686868158751167, 5649476.692270597442985 ] ] ] ] } },
{ "type": "Feature", "properties": { }, "geometry": { "type": "MultiPolygon", "coordinates": [ [ [ [ 684521.465999167528935, 5649476.692270597442985 ], [ 684521.465999167528935, 5649993.590984705835581 ], [ 684997.245130176306702, 5649993.590984705835581 ], [ 684997.245130176306702, 5649476.692270597442985 ], [ 684521.465999167528935, 5649476.692270597442985 ] ] ] ] } },
{ "type": "Feature", "properties": { }, "geometry": { "type": "MultiPolygon", "coordinates": [ [ [ [ 684997.245130176306702, 5649476.692270597442985 ], [ 684997.245130176306702, 5649993.590984705835581 ], [ 685473.02426118508447, 5649993.590984705835581 ], [ 685473.02426118508447, 5649476.692270597442985 ], [ 684997.245130176306702, 5649476.692270597442985 ] ] ] ] } },
{ "type": "Feature", "properties": { }, "geometry": { "type": "MultiPolygon", "coordinates": [ [ [ [ 685473.024261185200885, 5649476.692270597442985 ], [ 685473.024261185200885, 5649993.590984705835581 ], [ 685948.803392193978652, 5649993.590984705835581 ], [ 685948.803392193978652, 5649476.692270597442985 ], [ 685473.024261185200885, 5649476.692270597442985 ] ] ] ] } },
{ "type": "Feature", "properties": { }, "geometry": { "type": "MultiPolygon", "coordinates": [ [ [ [ 685948.803392193978652, 5649476.692270597442985 ], [ 685948.803392193978652, 5649993.590984705835581 ], [ 686424.58252320275642, 5649993.590984705835581 ], [ 686424.58252320275642, 5649476.692270597442985 ], [ 685948.803392193978652, 5649476.692270597442985 ] ] ] ] } },
{ "type": "Feature", "properties": { }, "geometry": { "type": "MultiPolygon", "coordinates": [ [ [ [ 686424.58252320275642, 5649476.692270597442985 ], [ 686424.58252320275642, 5649993.590984705835581 ], [ 686900.361654211534187, 5649993.590984705835581 ], [ 686900.361654211534187, 5649476.692270597442985 ], [ 686424.58252320275642, 5649476.692270597442985 ] ] ] ] } },
{ "type": "Feature", "properties": { }, "geometry": { "type": "MultiPolygon", "coordinates": [ [ [ [ 686900.361654211534187, 5649476.692270597442985 ], [ 686900.361654211534187, 5649993.590984705835581 ], [ 687376.140785220311955, 5649993.590984705835581 ], [ 687376.140785220311955, 5649476.692270597442985 ], [ 686900.361654211534187, 5649476.692270597442985 ] ] ] ] } },
{ "type": "Feature", "properties": { }, "geometry": { "type": "MultiPolygon", "coordinates": [ [ [ [ 687376.14078522042837, 5649476.692270597442985 ], [ 687376.14078522042837, 5649993.590984705835581 ], [ 687851.919916229206137, 5649993.590984705835581 ], [ 687851.919916229206137, 5649476.692270597442985 ], [ 687376.14078522042837, 5649476.692270597442985 ] ] ] ] } },
{ "type": "Feature", "properties": { }, "geometry": { "type": "MultiPolygon", "coordinates": [ [ [ [ 687851.919916229206137, 5649476.692270597442985 ], [ 687851.919916229206137, 5649993.590984705835581 ], [ 688327.699047237983905, 5649993.590984705835581 ], [ 688327.699047237983905, 5649476.692270597442985 ], [ 687851.919916229206137, 5649476.692270597442985 ] ] ] ] } },
{ "type": "Feature", "properties": { }, "geometry": { "type": "MultiPolygon", "coordinates": [ [ [ [ 688327.699047237983905, 5649476.692270597442985 ], [ 688327.699047237983905, 5649993.590984705835581 ], [ 688803.478178246761672, 5649993.590984705835581 ], [ 688803.478178246761672, 5649476.692270597442985 ], [ 688327.699047237983905, 5649476.692270597442985 ] ] ] ] } },
{ "type": "Feature", "properties": { }, "geometry": { "type": "MultiPolygon", "coordinates": [ [ [ [ 688803.478178246761672, 5649476.692270597442985 ], [ 688803.478178246761672, 5649993.590984705835581 ], [ 689279.25730925553944, 5649993.590984705835581 ], [ 689279.25730925553944, 5649476.692270597442985 ], [ 688803.478178246761672, 5649476.692270597442985 ] ] ] ] } },
{ "type": "Feature", "properties": { }, "geometry": { "type": "MultiPolygon", "coordinates": [ [ [ [ 689279.257309255655855, 5649476.692270597442985 ], [ 689279.257309255655855, 5649993.590984705835581 ], [ 689755.036440264433622, 5649993.590984705835581 ], [ 689755.036440264433622, 5649476.692270597442985 ], [ 689279.257309255655855, 5649476.692270597442985 ] ] ] ] } },
{ "type": "Feature", "properties": { }, "geometry": { "type": "MultiPolygon", "coordinates": [ [ [ [ 689755.036440264433622, 5649476.692270597442985 ], [ 689755.036440264433622, 5649993.590984705835581 ], [ 690230.81557127321139, 5649993.590984705835581 ], [ 690230.81557127321139, 5649476.692270597442985 ], [ 689755.036440264433622, 5649476.692270597442985 ] ] ] ] } },
{ "type": "Feature", "properties": { }, "geometry": { "type": "MultiPolygon", "coordinates": [ [ [ [ 678336.337296053068712, 5648959.793556489050388 ], [ 678336.337296053068712, 5649476.692270597442985 ], [ 678812.11642706184648, 5649476.692270597442985 ], [ 678812.11642706184648, 5648959.793556489050388 ], [ 678336.337296053068712, 5648959.793556489050388 ] ] ] ] } },
{ "type": "Feature", "properties": { }, "geometry": { "type": "MultiPolygon", "coordinates": [ [ [ [ 678812.11642706184648, 5648959.793556489050388 ], [ 678812.11642706184648, 5649476.692270597442985 ], [ 679287.895558070624247, 5649476.692270597442985 ], [ 679287.895558070624247, 5648959.793556489050388 ], [ 678812.11642706184648, 5648959.793556489050388 ] ] ] ] } },
{ "type": "Feature", "properties": { }, "geometry": { "type": "MultiPolygon", "coordinates": [ [ [ [ 679287.895558070740663, 5648959.793556489050388 ], [ 679287.895558070740663, 5649476.692270597442985 ], [ 679763.67468907951843, 5649476.692270597442985 ], [ 679763.67468907951843, 5648959.793556489050388 ], [ 679287.895558070740663, 5648959.793556489050388 ] ] ] ] } },
{ "type": "Feature", "properties": { }, "geometry": { "type": "MultiPolygon", "coordinates": [ [ [ [ 679763.67468907951843, 5648959.793556489050388 ], [ 679763.67468907951843, 5649476.692270597442985 ], [ 680239.453820088296197, 5649476.692270597442985 ], [ 680239.453820088296197, 5648959.793556489050388 ], [ 679763.67468907951843, 5648959.793556489050388 ] ] ] ] } },
{ "type": "Feature", "properties": { }, "geometry": { "type": "MultiPolygon", "coordinates": [ [ [ [ 680239.453820088296197, 5648959.793556489050388 ], [ 680239.453820088296197, 5649476.692270597442985 ], [ 680715.232951097073965, 5649476.692270597442985 ], [ 680715.232951097073965, 5648959.793556489050388 ], [ 680239.453820088296197, 5648959.793556489050388 ] ] ] ] } },
{ "type": "Feature", "properties": { }, "geometry": { "type": "MultiPolygon", "coordinates": [ [ [ [ 680715.232951097073965, 5648959.793556489050388 ], [ 680715.232951097073965, 5649476.692270597442985 ], [ 681191.012082105851732, 5649476.692270597442985 ], [ 681191.012082105851732, 5648959.793556489050388 ], [ 680715.232951097073965, 5648959.793556489050388 ] ] ] ] } },
{ "type": "Feature", "properties": { }, "geometry": { "type": "MultiPolygon", "coordinates": [ [ [ [ 681191.012082105968148, 5648959.793556489050388 ], [ 681191.012082105968148, 5649476.692270597442985 ], [ 681666.791213114745915, 5649476.692270597442985 ], [ 681666.791213114745915, 5648959.793556489050388 ], [ 681191.012082105968148, 5648959.793556489050388 ] ] ] ] } },
{ "type": "Feature", "properties": { }, "geometry": { "type": "MultiPolygon", "coordinates": [ [ [ [ 681666.791213114745915, 5648959.793556489050388 ], [ 681666.791213114745915, 5649476.692270597442985 ], [ 682142.570344123523682, 5649476.692270597442985 ], [ 682142.570344123523682, 5648959.793556489050388 ], [ 681666.791213114745915, 5648959.793556489050388 ] ] ] ] } },
{ "type": "Feature", "properties": { }, "geometry": { "type": "MultiPolygon", "coordinates": [ [ [ [ 682142.570344123523682, 5648959.793556489050388 ], [ 682142.570344123523682, 5649476.692270597442985 ], [ 682618.34947513230145, 5649476.692270597442985 ], [ 682618.34947513230145, 5648959.793556489050388 ], [ 682142.570344123523682, 5648959.793556489050388 ] ] ] ] } },
{ "type": "Feature", "properties": { }, "geometry": { "type": "MultiPolygon", "coordinates": [ [ [ [ 682618.34947513230145, 5648959.793556489050388 ], [ 682618.34947513230145, 5649476.692270597442985 ], [ 683094.128606141079217, 5649476.692270597442985 ], [ 683094.128606141079217, 5648959.793556489050388 ], [ 682618.34947513230145, 5648959.793556489050388 ] ] ] ] } },
{ "type": "Feature", "properties": { }, "geometry": { "type": "MultiPolygon", "coordinates": [ [ [ [ 683094.128606141195633, 5648959.793556489050388 ], [ 683094.128606141195633, 5649476.692270597442985 ], [ 683569.9077371499734, 5649476.692270597442985 ], [ 683569.9077371499734, 5648959.793556489050388 ], [ 683094.128606141195633, 5648959.793556489050388 ] ] ] ] } },
{ "type": "Feature", "properties": { }, "geometry": { "type": "MultiPolygon", "coordinates": [ [ [ [ 683569.9077371499734, 5648959.793556489050388 ], [ 683569.9077371499734, 5649476.692270597442985 ], [ 684045.686868158751167, 5649476.692270597442985 ], [ 684045.686868158751167, 5648959.793556489050388 ], [ 683569.9077371499734, 5648959.793556489050388 ] ] ] ] } },
{ "type": "Feature", "properties": { }, "geometry": { "type": "MultiPolygon", "coordinates": [ [ [ [ 684045.686868158751167, 5648959.793556489050388 ], [ 684045.686868158751167, 5649476.692270597442985 ], [ 684521.465999167528935, 5649476.692270597442985 ], [ 684521.465999167528935, 5648959.793556489050388 ], [ 684045.686868158751167, 5648959.793556489050388 ] ] ] ] } },
{ "type": "Feature", "properties": { }, "geometry": { "type": "MultiPolygon", "coordinates": [ [ [ [ 684521.465999167528935, 5648959.793556489050388 ], [ 684521.465999167528935, 5649476.692270597442985 ], [ 684997.245130176306702, 5649476.692270597442985 ], [ 684997.245130176306702, 5648959.793556489050388 ], [ 684521.465999167528935, 5648959.793556489050388 ] ] ] ] } },
{ "type": "Feature", "properties": { }, "geometry": { "type": "MultiPolygon", "coordinates": [ [ [ [ 684997.245130176306702, 5648959.793556489050388 ], [ 684997.245130176306702, 5649476.692270597442985 ], [ 685473.02426118508447, 5649476.692270597442985 ], [ 685473.02426118508447, 5648959.793556489050388 ], [ 684997.245130176306702, 5648959.793556489050388 ] ] ] ] } },
{ "type": "Feature", "properties": { }, "geometry": { "type": "MultiPolygon", "coordinates": [ [ [ [ 685473.024261185200885, 5648959.793556489050388 ], [ 685473.024261185200885, 5649476.692270597442985 ], [ 685948.803392193978652, 5649476.692270597442985 ], [ 685948.803392193978652, 5648959.793556489050388 ], [ 685473.024261185200885, 5648959.793556489050388 ] ] ] ] } },
{ "type": "Feature", "properties": { }, "geometry": { "type": "MultiPolygon", "coordinates": [ [ [ [ 685948.803392193978652, 5648959.793556489050388 ], [ 685948.803392193978652, 5649476.692270597442985 ], [ 686424.58252320275642, 5649476.692270597442985 ], [ 686424.58252320275642, 5648959.793556489050388 ], [ 685948.803392193978652, 5648959.793556489050388 ] ] ] ] } },
{ "type": "Feature", "properties": { }, "geometry": { "type": "MultiPolygon", "coordinates": [ [ [ [ 686424.58252320275642, 5648959.793556489050388 ], [ 686424.58252320275642, 5649476.692270597442985 ], [ 686900.361654211534187, 5649476.692270597442985 ], [ 686900.361654211534187, 5648959.793556489050388 ], [ 686424.58252320275642, 5648959.793556489050388 ] ] ] ] } },
{ "type": "Feature", "properties": { }, "geometry": { "type": "MultiPolygon", "coordinates": [ [ [ [ 686900.361654211534187, 5648959.793556489050388 ], [ 686900.361654211534187, 5649476.692270597442985 ], [ 687376.140785220311955, 5649476.692270597442985 ], [ 687376.140785220311955, 5648959.793556489050388 ], [ 686900.361654211534187, 5648959.793556489050388 ] ] ] ] } },
{ "type": "Feature", "properties": { }, "geometry": { "type": "MultiPolygon", "coordinates": [ [ [ [ 687376.14078522042837, 5648959.793556489050388 ], [ 687376.14078522042837, 5649476.692270597442985 ], [ 687851.919916229206137, 5649476.692270597442985 ], [ 687851.919916229206137, 5648959.793556489050388 ], [ 687376.14078522042837, 5648959.793556489050388 ] ] ] ] } },
{ "type": "Feature", "properties": { }, "geometry": { "type": "MultiPolygon", "coordinates": [ [ [ [ 687851.919916229206137, 5648959.793556489050388 ], [ 687851.919916229206137, 5649476.692270597442985 ], [ 688327.699047237983905, 5649476.692270597442985 ], [ 688327.699047237983905, 5648959.793556489050388 ], [ 687851.919916229206137, 5648959.793556489050388 ] ] ] ] } },
{ "type": "Feature", "properties": { }, "geometry": { "type": "MultiPolygon", "coordinates": [ [ [ [ 688327.699047237983905, 5648959.793556489050388 ], [ 688327.699047237983905, 5649476.692270597442985 ], [ 688803.478178246761672, 5649476.692270597442985 ], [ 688803.478178246761672, 5648959.793556489050388 ], [ 688327.699047237983905, 5648959.793556489050388 ] ] ] ] } },
{ "type": "Feature", "properties": { }, "geometry": { "type": "MultiPolygon", "coordinates": [ [ [ [ 688803.478178246761672, 5648959.793556489050388 ], [ 688803.478178246761672, 5649476.692270597442985 ], [ 689279.25730925553944, 5649476.692270597442985 ], [ 689279.25730925553944, 5648959.793556489050388 ], [ 688803.478178246761672, 5648959.793556489050388 ] ] ] ] } },
{ "type": "Feature", "properties": { }, "geometry": { "type": "MultiPolygon", "coordinates": [ [ [ [ 689279.257309255655855, 5648959.793556489050388 ], [ 689279.257309255655855, 5649476.692270597442985 ], [ 689755.036440264433622, 5649476.692270597442985 ], [ 689755.036440264433622, 5648959.793556489050388 ], [ 689279.257309255655855, 5648959.793556489050388 ] ] ] ] } },
{ "type": "Feature", "properties": { }, "geometry": { "type": "MultiPolygon", "coordinates": [ [ [ [ 689755.036440264433622, 5648959.793556489050388 ], [ 689755.036440264433622, 5649476.692270597442985 ], [ 690230.81557127321139, 5649476.692270597442985 ], [ 690230.81557127321139, 5648959.793556489050388 ], [ 689755.036440264433622, 5648959.793556489050388 ] ] ] ] } },
{ "type": "Feature", "properties": { }, "geometry": { "type": "MultiPolygon", "coordinates": [ [ [ [ 678336.337296053068712, 5648442.89484237972647 ], [ 678336.337296053068712, 5648959.793556488119066 ], [ 678812.11642706184648, 5648959.793556488119066 ], [ 678812.11642706184648, 5648442.89484237972647 ], [ 678336.337296053068712, 5648442.89484237972647 ] ] ] ] } },
{ "type": "Feature", "properties": { }, "geometry": { "type": "MultiPolygon", "coordinates": [ [ [ [ 678812.11642706184648, 5648442.89484237972647 ], [ 678812.11642706184648, 5648959.793556488119066 ], [ 679287.895558070624247, 5648959.793556488119066 ], [ 679287.895558070624247, 5648442.89484237972647 ], [ 678812.11642706184648, 5648442.89484237972647 ] ] ] ] } },
{ "type": "Feature", "properties": { }, "geometry": { "type": "MultiPolygon", "coordinates": [ [ [ [ 679287.895558070740663, 5648442.89484237972647 ], [ 679287.895558070740663, 5648959.793556488119066 ], [ 679763.67468907951843, 5648959.793556488119066 ], [ 679763.67468907951843, 5648442.89484237972647 ], [ 679287.895558070740663, 5648442.89484237972647 ] ] ] ] } },
{ "type": "Feature", "properties": { }, "geometry": { "type": "MultiPolygon", "coordinates": [ [ [ [ 679763.67468907951843, 5648442.89484237972647 ], [ 679763.67468907951843, 5648959.793556488119066 ], [ 680239.453820088296197, 5648959.793556488119066 ], [ 680239.453820088296197, 5648442.89484237972647 ], [ 679763.67468907951843, 5648442.89484237972647 ] ] ] ] } },
{ "type": "Feature", "properties": { }, "geometry": { "type": "MultiPolygon", "coordinates": [ [ [ [ 680239.453820088296197, 5648442.89484237972647 ], [ 680239.453820088296197, 5648959.793556488119066 ], [ 680715.232951097073965, 5648959.793556488119066 ], [ 680715.232951097073965, 5648442.89484237972647 ], [ 680239.453820088296197, 5648442.89484237972647 ] ] ] ] } },
{ "type": "Feature", "properties": { }, "geometry": { "type": "MultiPolygon", "coordinates": [ [ [ [ 680715.232951097073965, 5648442.89484237972647 ], [ 680715.232951097073965, 5648959.793556488119066 ], [ 681191.012082105851732, 5648959.793556488119066 ], [ 681191.012082105851732, 5648442.89484237972647 ], [ 680715.232951097073965, 5648442.89484237972647 ] ] ] ] } },
{ "type": "Feature", "properties": { }, "geometry": { "type": "MultiPolygon", "coordinates": [ [ [ [ 681191.012082105968148, 5648442.89484237972647 ], [ 681191.012082105968148, 5648959.793556488119066 ], [ 681666.791213114745915, 5648959.793556488119066 ], [ 681666.791213114745915, 5648442.89484237972647 ], [ 681191.012082105968148, 5648442.89484237972647 ] ] ] ] } },
{ "type": "Feature", "properties": { }, "geometry": { "type": "MultiPolygon", "coordinates": [ [ [ [ 681666.791213114745915, 5648442.89484237972647 ], [ 681666.791213114745915, 5648959.793556488119066 ], [ 682142.570344123523682, 5648959.793556488119066 ], [ 682142.570344123523682, 5648442.89484237972647 ], [ 681666.791213114745915, 5648442.89484237972647 ] ] ] ] } },
{ "type": "Feature", "properties": { }, "geometry": { "type": "MultiPolygon", "coordinates": [ [ [ [ 682142.570344123523682, 5648442.89484237972647 ], [ 682142.570344123523682, 5648959.793556488119066 ], [ 682618.34947513230145, 5648959.793556488119066 ], [ 682618.34947513230145, 5648442.89484237972647 ], [ 682142.570344123523682, 5648442.89484237972647 ] ] ] ] } },
{ "type": "Feature", "properties": { }, "geometry": { "type": "MultiPolygon", "coordinates": [ [ [ [ 682618.34947513230145, 5648442.89484237972647 ], [ 682618.34947513230145, 5648959.793556488119066 ], [ 683094.128606141079217, 5648959.793556488119066 ], [ 683094.128606141079217, 5648442.89484237972647 ], [ 682618.34947513230145, 5648442.89484237972647 ] ] ] ] } },
{ "type": "Feature", "properties": { }, "geometry": { "type": "MultiPolygon", "coordinates": [ [ [ [ 683094.128606141195633, 5648442.89484237972647 ], [ 683094.128606141195633, 5648959.793556488119066 ], [ 683569.9077371499734, 5648959.793556488119066 ], [ 683569.9077371499734, 5648442.89484237972647 ], [ 683094.128606141195633, 5648442.89484237972647 ] ] ] ] } },
{ "type": "Feature", "properties": { }, "geometry": { "type": "MultiPolygon", "coordinates": [ [ [ [ 683569.9077371499734, 5648442.89484237972647 ], [ 683569.9077371499734, 5648959.793556488119066 ], [ 684045.686868158751167, 5648959.793556488119066 ], [ 684045.686868158751167, 5648442.89484237972647 ], [ 683569.9077371499734, 5648442.89484237972647 ] ] ] ] } },
{ "type": "Feature", "properties": { }, "geometry": { "type": "MultiPolygon", "coordinates": [ [ [ [ 684045.686868158751167, 5648442.89484237972647 ], [ 684045.686868158751167, 5648959.793556488119066 ], [ 684521.465999167528935, 5648959.793556488119066 ], [ 684521.465999167528935, 5648442.89484237972647 ], [ 684045.686868158751167, 5648442.89484237972647 ] ] ] ] } },
{ "type": "Feature", "properties": { }, "geometry": { "type": "MultiPolygon", "coordinates": [ [ [ [ 684521.465999167528935, 5648442.89484237972647 ], [ 684521.465999167528935, 5648959.793556488119066 ], [ 684997.245130176306702, 5648959.793556488119066 ], [ 684997.245130176306702, 5648442.89484237972647 ], [ 684521.465999167528935, 5648442.89484237972647 ] ] ] ] } },
{ "type": "Feature", "properties": { }, "geometry": { "type": "MultiPolygon", "coordinates": [ [ [ [ 684997.245130176306702, 5648442.89484237972647 ], [ 684997.245130176306702, 5648959.793556488119066 ], [ 685473.02426118508447, 5648959.793556488119066 ], [ 685473.02426118508447, 5648442.89484237972647 ], [ 684997.245130176306702, 5648442.89484237972647 ] ] ] ] } },
{ "type": "Feature", "properties": { }, "geometry": { "type": "MultiPolygon", "coordinates": [ [ [ [ 685473.024261185200885, 5648442.89484237972647 ], [ 685473.024261185200885, 5648959.793556488119066 ], [ 685948.803392193978652, 5648959.793556488119066 ], [ 685948.803392193978652, 5648442.89484237972647 ], [ 685473.024261185200885, 5648442.89484237972647 ] ] ] ] } },
{ "type": "Feature", "properties": { }, "geometry": { "type": "MultiPolygon", "coordinates": [ [ [ [ 685948.803392193978652, 5648442.89484237972647 ], [ 685948.803392193978652, 5648959.793556488119066 ], [ 686424.58252320275642, 5648959.793556488119066 ], [ 686424.58252320275642, 5648442.89484237972647 ], [ 685948.803392193978652, 5648442.89484237972647 ] ] ] ] } },
{ "type": "Feature", "properties": { }, "geometry": { "type": "MultiPolygon", "coordinates": [ [ [ [ 686424.58252320275642, 5648442.89484237972647 ], [ 686424.58252320275642, 5648959.793556488119066 ], [ 686900.361654211534187, 5648959.793556488119066 ], [ 686900.361654211534187, 5648442.89484237972647 ], [ 686424.58252320275642, 5648442.89484237972647 ] ] ] ] } },
{ "type": "Feature", "properties": { }, "geometry": { "type": "MultiPolygon", "coordinates": [ [ [ [ 686900.361654211534187, 5648442.89484237972647 ], [ 686900.361654211534187, 5648959.793556488119066 ], [ 687376.140785220311955, 5648959.793556488119066 ], [ 687376.140785220311955, 5648442.89484237972647 ], [ 686900.361654211534187, 5648442.89484237972647 ] ] ] ] } },
{ "type": "Feature", "properties": { }, "geometry": { "type": "MultiPolygon", "coordinates": [ [ [ [ 687376.14078522042837, 5648442.89484237972647 ], [ 687376.14078522042837, 5648959.793556488119066 ], [ 687851.919916229206137, 5648959.793556488119066 ], [ 687851.919916229206137, 5648442.89484237972647 ], [ 687376.14078522042837, 5648442.89484237972647 ] ] ] ] } },
{ "type": "Feature", "properties": { }, "geometry": { "type": "MultiPolygon", "coordinates": [ [ [ [ 687851.919916229206137, 5648442.89484237972647 ], [ 687851.919916229206137, 5648959.793556488119066 ], [ 688327.699047237983905, 5648959.793556488119066 ], [ 688327.699047237983905, 5648442.89484237972647 ], [ 687851.919916229206137, 5648442.89484237972647 ] ] ] ] } },
{ "type": "Feature", "properties": { }, "geometry": { "type": "MultiPolygon", "coordinates": [ [ [ [ 688327.699047237983905, 5648442.89484237972647 ], [ 688327.699047237983905, 5648959.793556488119066 ], [ 688803.478178246761672, 5648959.793556488119066 ], [ 688803.478178246761672, 5648442.89484237972647 ], [ 688327.699047237983905, 5648442.89484237972647 ] ] ] ] } },
{ "type": "Feature", "properties": { }, "geometry": { "type": "MultiPolygon", "coordinates": [ [ [ [ 688803.478178246761672, 5648442.89484237972647 ], [ 688803.478178246761672, 5648959.793556488119066 ], [ 689279.25730925553944, 5648959.793556488119066 ], [ 689279.25730925553944, 5648442.89484237972647 ], [ 688803.478178246761672, 5648442.89484237972647 ] ] ] ] } },
{ "type": "Feature", "properties": { }, "geometry": { "type": "MultiPolygon", "coordinates": [ [ [ [ 689279.257309255655855, 5648442.89484237972647 ], [ 689279.257309255655855, 5648959.793556488119066 ], [ 689755.036440264433622, 5648959.793556488119066 ], [ 689755.036440264433622, 5648442.89484237972647 ], [ 689279.257309255655855, 5648442.89484237972647 ] ] ] ] } },
{ "type": "Feature", "properties": { }, "geometry": { "type": "MultiPolygon", "coordinates": [ [ [ [ 689755.036440264433622, 5648442.89484237972647 ], [ 689755.036440264433622, 5648959.793556488119066 ], [ 690230.81557127321139, 5648959.793556488119066 ], [ 690230.81557127321139, 5648442.89484237972647 ], [ 689755.036440264433622, 5648442.89484237972647 ] ] ] ] } }
]
}
