{
"type": "FeatureCollection",
"name": "Knepp_Tiling_Grid_2015",
"crs": { "type": "name", "properties": { "name": "urn:ogc:def:crs:EPSG::32630" } },
"features": [
{ "type": "Feature", "properties": { }, "geometry": { "type": "MultiPolygon", "coordinates": [ [ [ [ 677802.01502978336066, 5658000.293987742625177 ], [ 677802.01502978336066, 5658595.017901503480971 ], [ 678489.664555069524795, 5658595.017901503480971 ], [ 678489.664555069524795, 5658000.293987742625177 ], [ 677802.01502978336066, 5658000.293987742625177 ] ] ] ] } },
{ "type": "Feature", "properties": { }, "geometry": { "type": "MultiPolygon", "coordinates": [ [ [ [ 678489.664555069524795, 5658000.293987742625177 ], [ 678489.664555069524795, 5658595.017901503480971 ], [ 679177.31408035568893, 5658595.017901503480971 ], [ 679177.31408035568893, 5658000.293987742625177 ], [ 678489.664555069524795, 5658000.293987742625177 ] ] ] ] } },
{ "type": "Feature", "properties": { }, "geometry": { "type": "MultiPolygon", "coordinates": [ [ [ [ 679177.31408035568893, 5658000.293987742625177 ], [ 679177.31408035568893, 5658595.017901503480971 ], [ 679864.963605641853064, 5658595.017901503480971 ], [ 679864.963605641853064, 5658000.293987742625177 ], [ 679177.31408035568893, 5658000.293987742625177 ] ] ] ] } },
{ "type": "Feature", "properties": { }, "geometry": { "type": "MultiPolygon", "coordinates": [ [ [ [ 679864.963605641853064, 5658000.293987742625177 ], [ 679864.963605641853064, 5658595.017901503480971 ], [ 680552.613130928017199, 5658595.017901503480971 ], [ 680552.613130928017199, 5658000.293987742625177 ], [ 679864.963605641853064, 5658000.293987742625177 ] ] ] ] } },
{ "type": "Feature", "properties": { }, "geometry": { "type": "MultiPolygon", "coordinates": [ [ [ [ 680552.613130928017199, 5658000.293987742625177 ], [ 680552.613130928017199, 5658595.017901503480971 ], [ 681240.262656214181334, 5658595.017901503480971 ], [ 681240.262656214181334, 5658000.293987742625177 ], [ 680552.613130928017199, 5658000.293987742625177 ] ] ] ] } },
{ "type": "Feature", "properties": { }, "geometry": { "type": "MultiPolygon", "coordinates": [ [ [ [ 681240.262656214181334, 5658000.293987742625177 ], [ 681240.262656214181334, 5658595.017901503480971 ], [ 681927.912181500345469, 5658595.017901503480971 ], [ 681927.912181500345469, 5658000.293987742625177 ], [ 681240.262656214181334, 5658000.293987742625177 ] ] ] ] } },
{ "type": "Feature", "properties": { }, "geometry": { "type": "MultiPolygon", "coordinates": [ [ [ [ 681927.912181500345469, 5658000.293987742625177 ], [ 681927.912181500345469, 5658595.017901503480971 ], [ 682615.561706786509603, 5658595.017901503480971 ], [ 682615.561706786509603, 5658000.293987742625177 ], [ 681927.912181500345469, 5658000.293987742625177 ] ] ] ] } },
{ "type": "Feature", "properties": { }, "geometry": { "type": "MultiPolygon", "coordinates": [ [ [ [ 682615.561706786509603, 5658000.293987742625177 ], [ 682615.561706786509603, 5658595.017901503480971 ], [ 683303.211232072673738, 5658595.017901503480971 ], [ 683303.211232072673738, 5658000.293987742625177 ], [ 682615.561706786509603, 5658000.293987742625177 ] ] ] ] } },
{ "type": "Feature", "properties": { }, "geometry": { "type": "MultiPolygon", "coordinates": [ [ [ [ 683303.211232072673738, 5658000.293987742625177 ], [ 683303.211232072673738, 5658595.017901503480971 ], [ 683990.860757358837873, 5658595.017901503480971 ], [ 683990.860757358837873, 5658000.293987742625177 ], [ 683303.211232072673738, 5658000.293987742625177 ] ] ] ] } },
{ "type": "Feature", "properties": { }, "geometry": { "type": "MultiPolygon", "coordinates": [ [ [ [ 683990.860757358837873, 5658000.293987742625177 ], [ 683990.860757358837873, 5658595.017901503480971 ], [ 684678.510282645002007, 5658595.017901503480971 ], [ 684678.510282645002007, 5658000.293987742625177 ], [ 683990.860757358837873, 5658000.293987742625177 ] ] ] ] } },
{ "type": "Feature", "properties": { }, "geometry": { "type": "MultiPolygon", "coordinates": [ [ [ [ 684678.510282645002007, 5658000.293987742625177 ], [ 684678.510282645002007, 5658595.017901503480971 ], [ 685366.159807931166142, 5658595.017901503480971 ], [ 685366.159807931166142, 5658000.293987742625177 ], [ 684678.510282645002007, 5658000.293987742625177 ] ] ] ] } },
{ "type": "Feature", "properties": { }, "geometry": { "type": "MultiPolygon", "coordinates": [ [ [ [ 685366.159807931166142, 5658000.293987742625177 ], [ 685366.159807931166142, 5658595.017901503480971 ], [ 686053.809333217330277, 5658595.017901503480971 ], [ 686053.809333217330277, 5658000.293987742625177 ], [ 685366.159807931166142, 5658000.293987742625177 ] ] ] ] } },
{ "type": "Feature", "properties": { }, "geometry": { "type": "MultiPolygon", "coordinates": [ [ [ [ 686053.809333217330277, 5658000.293987742625177 ], [ 686053.809333217330277, 5658595.017901503480971 ], [ 686741.458858503494412, 5658595.017901503480971 ], [ 686741.458858503494412, 5658000.293987742625177 ], [ 686053.809333217330277, 5658000.293987742625177 ] ] ] ] } },
{ "type": "Feature", "properties": { }, "geometry": { "type": "MultiPolygon", "coordinates": [ [ [ [ 686741.458858503494412, 5658000.293987742625177 ], [ 686741.458858503494412, 5658595.017901503480971 ], [ 687429.108383789658546, 5658595.017901503480971 ], [ 687429.108383789658546, 5658000.293987742625177 ], [ 686741.458858503494412, 5658000.293987742625177 ] ] ] ] } },
{ "type": "Feature", "properties": { }, "geometry": { "type": "MultiPolygon", "coordinates": [ [ [ [ 687429.108383789658546, 5658000.293987742625177 ], [ 687429.108383789658546, 5658595.017901503480971 ], [ 688116.757909075822681, 5658595.017901503480971 ], [ 688116.757909075822681, 5658000.293987742625177 ], [ 687429.108383789658546, 5658000.293987742625177 ] ] ] ] } },
{ "type": "Feature", "properties": { }, "geometry": { "type": "MultiPolygon", "coordinates": [ [ [ [ 688116.757909075822681, 5658000.293987742625177 ], [ 688116.757909075822681, 5658595.017901503480971 ], [ 688804.407434361986816, 5658595.017901503480971 ], [ 688804.407434361986816, 5658000.293987742625177 ], [ 688116.757909075822681, 5658000.293987742625177 ] ] ] ] } },
{ "type": "Feature", "properties": { }, "geometry": { "type": "MultiPolygon", "coordinates": [ [ [ [ 688804.407434361986816, 5658000.293987742625177 ], [ 688804.407434361986816, 5658595.017901503480971 ], [ 689492.056959648150951, 5658595.017901503480971 ], [ 689492.056959648150951, 5658000.293987742625177 ], [ 688804.407434361986816, 5658000.293987742625177 ] ] ] ] } },
{ "type": "Feature", "properties": { }, "geometry": { "type": "MultiPolygon", "coordinates": [ [ [ [ 689492.056959648150951, 5658000.293987742625177 ], [ 689492.056959648150951, 5658595.017901503480971 ], [ 690179.706484934315085, 5658595.017901503480971 ], [ 690179.706484934315085, 5658000.293987742625177 ], [ 689492.056959648150951, 5658000.293987742625177 ] ] ] ] } },
{ "type": "Feature", "properties": { }, "geometry": { "type": "MultiPolygon", "coordinates": [ [ [ [ 690179.706484934315085, 5658000.293987742625177 ], [ 690179.706484934315085, 5658595.017901503480971 ], [ 690867.35601022047922, 5658595.017901503480971 ], [ 690867.35601022047922, 5658000.293987742625177 ], [ 690179.706484934315085, 5658000.293987742625177 ] ] ] ] } },
{ "type": "Feature", "properties": { }, "geometry": { "type": "MultiPolygon", "coordinates": [ [ [ [ 690867.35601022047922, 5658000.293987742625177 ], [ 690867.35601022047922, 5658595.017901503480971 ], [ 691555.005535506643355, 5658595.017901503480971 ], [ 691555.005535506643355, 5658000.293987742625177 ], [ 690867.35601022047922, 5658000.293987742625177 ] ] ] ] } },
{ "type": "Feature", "properties": { }, "geometry": { "type": "MultiPolygon", "coordinates": [ [ [ [ 677802.01502978336066, 5657405.570073981769383 ], [ 677802.01502978336066, 5658000.293987742625177 ], [ 678489.664555069524795, 5658000.293987742625177 ], [ 678489.664555069524795, 5657405.570073981769383 ], [ 677802.01502978336066, 5657405.570073981769383 ] ] ] ] } },
{ "type": "Feature", "properties": { }, "geometry": { "type": "MultiPolygon", "coordinates": [ [ [ [ 678489.664555069524795, 5657405.570073981769383 ], [ 678489.664555069524795, 5658000.293987742625177 ], [ 679177.31408035568893, 5658000.293987742625177 ], [ 679177.31408035568893, 5657405.570073981769383 ], [ 678489.664555069524795, 5657405.570073981769383 ] ] ] ] } },
{ "type": "Feature", "properties": { }, "geometry": { "type": "MultiPolygon", "coordinates": [ [ [ [ 679177.31408035568893, 5657405.570073981769383 ], [ 679177.31408035568893, 5658000.293987742625177 ], [ 679864.963605641853064, 5658000.293987742625177 ], [ 679864.963605641853064, 5657405.570073981769383 ], [ 679177.31408035568893, 5657405.570073981769383 ] ] ] ] } },
{ "type": "Feature", "properties": { }, "geometry": { "type": "MultiPolygon", "coordinates": [ [ [ [ 679864.963605641853064, 5657405.570073981769383 ], [ 679864.963605641853064, 5658000.293987742625177 ], [ 680552.613130928017199, 5658000.293987742625177 ], [ 680552.613130928017199, 5657405.570073981769383 ], [ 679864.963605641853064, 5657405.570073981769383 ] ] ] ] } },
{ "type": "Feature", "properties": { }, "geometry": { "type": "MultiPolygon", "coordinates": [ [ [ [ 680552.613130928017199, 5657405.570073981769383 ], [ 680552.613130928017199, 5658000.293987742625177 ], [ 681240.262656214181334, 5658000.293987742625177 ], [ 681240.262656214181334, 5657405.570073981769383 ], [ 680552.613130928017199, 5657405.570073981769383 ] ] ] ] } },
{ "type": "Feature", "properties": { }, "geometry": { "type": "MultiPolygon", "coordinates": [ [ [ [ 681240.262656214181334, 5657405.570073981769383 ], [ 681240.262656214181334, 5658000.293987742625177 ], [ 681927.912181500345469, 5658000.293987742625177 ], [ 681927.912181500345469, 5657405.570073981769383 ], [ 681240.262656214181334, 5657405.570073981769383 ] ] ] ] } },
{ "type": "Feature", "properties": { }, "geometry": { "type": "MultiPolygon", "coordinates": [ [ [ [ 681927.912181500345469, 5657405.570073981769383 ], [ 681927.912181500345469, 5658000.293987742625177 ], [ 682615.561706786509603, 5658000.293987742625177 ], [ 682615.561706786509603, 5657405.570073981769383 ], [ 681927.912181500345469, 5657405.570073981769383 ] ] ] ] } },
{ "type": "Feature", "properties": { }, "geometry": { "type": "MultiPolygon", "coordinates": [ [ [ [ 682615.561706786509603, 5657405.570073981769383 ], [ 682615.561706786509603, 5658000.293987742625177 ], [ 683303.211232072673738, 5658000.293987742625177 ], [ 683303.211232072673738, 5657405.570073981769383 ], [ 682615.561706786509603, 5657405.570073981769383 ] ] ] ] } },
{ "type": "Feature", "properties": { }, "geometry": { "type": "MultiPolygon", "coordinates": [ [ [ [ 683303.211232072673738, 5657405.570073981769383 ], [ 683303.211232072673738, 5658000.293987742625177 ], [ 683990.860757358837873, 5658000.293987742625177 ], [ 683990.860757358837873, 5657405.570073981769383 ], [ 683303.211232072673738, 5657405.570073981769383 ] ] ] ] } },
{ "type": "Feature", "properties": { }, "geometry": { "type": "MultiPolygon", "coordinates": [ [ [ [ 683990.860757358837873, 5657405.570073981769383 ], [ 683990.860757358837873, 5658000.293987742625177 ], [ 684678.510282645002007, 5658000.293987742625177 ], [ 684678.510282645002007, 5657405.570073981769383 ], [ 683990.860757358837873, 5657405.570073981769383 ] ] ] ] } },
{ "type": "Feature", "properties": { }, "geometry": { "type": "MultiPolygon", "coordinates": [ [ [ [ 684678.510282645002007, 5657405.570073981769383 ], [ 684678.510282645002007, 5658000.293987742625177 ], [ 685366.159807931166142, 5658000.293987742625177 ], [ 685366.159807931166142, 5657405.570073981769383 ], [ 684678.510282645002007, 5657405.570073981769383 ] ] ] ] } },
{ "type": "Feature", "properties": { }, "geometry": { "type": "MultiPolygon", "coordinates": [ [ [ [ 685366.159807931166142, 5657405.570073981769383 ], [ 685366.159807931166142, 5658000.293987742625177 ], [ 686053.809333217330277, 5658000.293987742625177 ], [ 686053.809333217330277, 5657405.570073981769383 ], [ 685366.159807931166142, 5657405.570073981769383 ] ] ] ] } },
{ "type": "Feature", "properties": { }, "geometry": { "type": "MultiPolygon", "coordinates": [ [ [ [ 686053.809333217330277, 5657405.570073981769383 ], [ 686053.809333217330277, 5658000.293987742625177 ], [ 686741.458858503494412, 5658000.293987742625177 ], [ 686741.458858503494412, 5657405.570073981769383 ], [ 686053.809333217330277, 5657405.570073981769383 ] ] ] ] } },
{ "type": "Feature", "properties": { }, "geometry": { "type": "MultiPolygon", "coordinates": [ [ [ [ 686741.458858503494412, 5657405.570073981769383 ], [ 686741.458858503494412, 5658000.293987742625177 ], [ 687429.108383789658546, 5658000.293987742625177 ], [ 687429.108383789658546, 5657405.570073981769383 ], [ 686741.458858503494412, 5657405.570073981769383 ] ] ] ] } },
{ "type": "Feature", "properties": { }, "geometry": { "type": "MultiPolygon", "coordinates": [ [ [ [ 687429.108383789658546, 5657405.570073981769383 ], [ 687429.108383789658546, 5658000.293987742625177 ], [ 688116.757909075822681, 5658000.293987742625177 ], [ 688116.757909075822681, 5657405.570073981769383 ], [ 687429.108383789658546, 5657405.570073981769383 ] ] ] ] } },
{ "type": "Feature", "properties": { }, "geometry": { "type": "MultiPolygon", "coordinates": [ [ [ [ 688116.757909075822681, 5657405.570073981769383 ], [ 688116.757909075822681, 5658000.293987742625177 ], [ 688804.407434361986816, 5658000.293987742625177 ], [ 688804.407434361986816, 5657405.570073981769383 ], [ 688116.757909075822681, 5657405.570073981769383 ] ] ] ] } },
{ "type": "Feature", "properties": { }, "geometry": { "type": "MultiPolygon", "coordinates": [ [ [ [ 688804.407434361986816, 5657405.570073981769383 ], [ 688804.407434361986816, 5658000.293987742625177 ], [ 689492.056959648150951, 5658000.293987742625177 ], [ 689492.056959648150951, 5657405.570073981769383 ], [ 688804.407434361986816, 5657405.570073981769383 ] ] ] ] } },
{ "type": "Feature", "properties": { }, "geometry": { "type": "MultiPolygon", "coordinates": [ [ [ [ 689492.056959648150951, 5657405.570073981769383 ], [ 689492.056959648150951, 5658000.293987742625177 ], [ 690179.706484934315085, 5658000.293987742625177 ], [ 690179.706484934315085, 5657405.570073981769383 ], [ 689492.056959648150951, 5657405.570073981769383 ] ] ] ] } },
{ "type": "Feature", "properties": { }, "geometry": { "type": "MultiPolygon", "coordinates": [ [ [ [ 690179.706484934315085, 5657405.570073981769383 ], [ 690179.706484934315085, 5658000.293987742625177 ], [ 690867.35601022047922, 5658000.293987742625177 ], [ 690867.35601022047922, 5657405.570073981769383 ], [ 690179.706484934315085, 5657405.570073981769383 ] ] ] ] } },
{ "type": "Feature", "properties": { }, "geometry": { "type": "MultiPolygon", "coordinates": [ [ [ [ 690867.35601022047922, 5657405.570073981769383 ], [ 690867.35601022047922, 5658000.293987742625177 ], [ 691555.005535506643355, 5658000.293987742625177 ], [ 691555.005535506643355, 5657405.570073981769383 ], [ 690867.35601022047922, 5657405.570073981769383 ] ] ] ] } },
{ "type": "Feature", "properties": { }, "geometry": { "type": "MultiPolygon", "coordinates": [ [ [ [ 677802.01502978336066, 5656810.846160220913589 ], [ 677802.01502978336066, 5657405.570073981769383 ], [ 678489.664555069524795, 5657405.570073981769383 ], [ 678489.664555069524795, 5656810.846160220913589 ], [ 677802.01502978336066, 5656810.846160220913589 ] ] ] ] } },
{ "type": "Feature", "properties": { }, "geometry": { "type": "MultiPolygon", "coordinates": [ [ [ [ 678489.664555069524795, 5656810.846160220913589 ], [ 678489.664555069524795, 5657405.570073981769383 ], [ 679177.31408035568893, 5657405.570073981769383 ], [ 679177.31408035568893, 5656810.846160220913589 ], [ 678489.664555069524795, 5656810.846160220913589 ] ] ] ] } },
{ "type": "Feature", "properties": { }, "geometry": { "type": "MultiPolygon", "coordinates": [ [ [ [ 679177.31408035568893, 5656810.846160220913589 ], [ 679177.31408035568893, 5657405.570073981769383 ], [ 679864.963605641853064, 5657405.570073981769383 ], [ 679864.963605641853064, 5656810.846160220913589 ], [ 679177.31408035568893, 5656810.846160220913589 ] ] ] ] } },
{ "type": "Feature", "properties": { }, "geometry": { "type": "MultiPolygon", "coordinates": [ [ [ [ 679864.963605641853064, 5656810.846160220913589 ], [ 679864.963605641853064, 5657405.570073981769383 ], [ 680552.613130928017199, 5657405.570073981769383 ], [ 680552.613130928017199, 5656810.846160220913589 ], [ 679864.963605641853064, 5656810.846160220913589 ] ] ] ] } },
{ "type": "Feature", "properties": { }, "geometry": { "type": "MultiPolygon", "coordinates": [ [ [ [ 680552.613130928017199, 5656810.846160220913589 ], [ 680552.613130928017199, 5657405.570073981769383 ], [ 681240.262656214181334, 5657405.570073981769383 ], [ 681240.262656214181334, 5656810.846160220913589 ], [ 680552.613130928017199, 5656810.846160220913589 ] ] ] ] } },
{ "type": "Feature", "properties": { }, "geometry": { "type": "MultiPolygon", "coordinates": [ [ [ [ 681240.262656214181334, 5656810.846160220913589 ], [ 681240.262656214181334, 5657405.570073981769383 ], [ 681927.912181500345469, 5657405.570073981769383 ], [ 681927.912181500345469, 5656810.846160220913589 ], [ 681240.262656214181334, 5656810.846160220913589 ] ] ] ] } },
{ "type": "Feature", "properties": { }, "geometry": { "type": "MultiPolygon", "coordinates": [ [ [ [ 681927.912181500345469, 5656810.846160220913589 ], [ 681927.912181500345469, 5657405.570073981769383 ], [ 682615.561706786509603, 5657405.570073981769383 ], [ 682615.561706786509603, 5656810.846160220913589 ], [ 681927.912181500345469, 5656810.846160220913589 ] ] ] ] } },
{ "type": "Feature", "properties": { }, "geometry": { "type": "MultiPolygon", "coordinates": [ [ [ [ 682615.561706786509603, 5656810.846160220913589 ], [ 682615.561706786509603, 5657405.570073981769383 ], [ 683303.211232072673738, 5657405.570073981769383 ], [ 683303.211232072673738, 5656810.846160220913589 ], [ 682615.561706786509603, 5656810.846160220913589 ] ] ] ] } },
{ "type": "Feature", "properties": { }, "geometry": { "type": "MultiPolygon", "coordinates": [ [ [ [ 683303.211232072673738, 5656810.846160220913589 ], [ 683303.211232072673738, 5657405.570073981769383 ], [ 683990.860757358837873, 5657405.570073981769383 ], [ 683990.860757358837873, 5656810.846160220913589 ], [ 683303.211232072673738, 5656810.846160220913589 ] ] ] ] } },
{ "type": "Feature", "properties": { }, "geometry": { "type": "MultiPolygon", "coordinates": [ [ [ [ 683990.860757358837873, 5656810.846160220913589 ], [ 683990.860757358837873, 5657405.570073981769383 ], [ 684678.510282645002007, 5657405.570073981769383 ], [ 684678.510282645002007, 5656810.846160220913589 ], [ 683990.860757358837873, 5656810.846160220913589 ] ] ] ] } },
{ "type": "Feature", "properties": { }, "geometry": { "type": "MultiPolygon", "coordinates": [ [ [ [ 684678.510282645002007, 5656810.846160220913589 ], [ 684678.510282645002007, 5657405.570073981769383 ], [ 685366.159807931166142, 5657405.570073981769383 ], [ 685366.159807931166142, 5656810.846160220913589 ], [ 684678.510282645002007, 5656810.846160220913589 ] ] ] ] } },
{ "type": "Feature", "properties": { }, "geometry": { "type": "MultiPolygon", "coordinates": [ [ [ [ 685366.159807931166142, 5656810.846160220913589 ], [ 685366.159807931166142, 5657405.570073981769383 ], [ 686053.809333217330277, 5657405.570073981769383 ], [ 686053.809333217330277, 5656810.846160220913589 ], [ 685366.159807931166142, 5656810.846160220913589 ] ] ] ] } },
{ "type": "Feature", "properties": { }, "geometry": { "type": "MultiPolygon", "coordinates": [ [ [ [ 686053.809333217330277, 5656810.846160220913589 ], [ 686053.809333217330277, 5657405.570073981769383 ], [ 686741.458858503494412, 5657405.570073981769383 ], [ 686741.458858503494412, 5656810.846160220913589 ], [ 686053.809333217330277, 5656810.846160220913589 ] ] ] ] } },
{ "type": "Feature", "properties": { }, "geometry": { "type": "MultiPolygon", "coordinates": [ [ [ [ 686741.458858503494412, 5656810.846160220913589 ], [ 686741.458858503494412, 5657405.570073981769383 ], [ 687429.108383789658546, 5657405.570073981769383 ], [ 687429.108383789658546, 5656810.846160220913589 ], [ 686741.458858503494412, 5656810.846160220913589 ] ] ] ] } },
{ "type": "Feature", "properties": { }, "geometry": { "type": "MultiPolygon", "coordinates": [ [ [ [ 687429.108383789658546, 5656810.846160220913589 ], [ 687429.108383789658546, 5657405.570073981769383 ], [ 688116.757909075822681, 5657405.570073981769383 ], [ 688116.757909075822681, 5656810.846160220913589 ], [ 687429.108383789658546, 5656810.846160220913589 ] ] ] ] } },
{ "type": "Feature", "properties": { }, "geometry": { "type": "MultiPolygon", "coordinates": [ [ [ [ 688116.757909075822681, 5656810.846160220913589 ], [ 688116.757909075822681, 5657405.570073981769383 ], [ 688804.407434361986816, 5657405.570073981769383 ], [ 688804.407434361986816, 5656810.846160220913589 ], [ 688116.757909075822681, 5656810.846160220913589 ] ] ] ] } },
{ "type": "Feature", "properties": { }, "geometry": { "type": "MultiPolygon", "coordinates": [ [ [ [ 688804.407434361986816, 5656810.846160220913589 ], [ 688804.407434361986816, 5657405.570073981769383 ], [ 689492.056959648150951, 5657405.570073981769383 ], [ 689492.056959648150951, 5656810.846160220913589 ], [ 688804.407434361986816, 5656810.846160220913589 ] ] ] ] } },
{ "type": "Feature", "properties": { }, "geometry": { "type": "MultiPolygon", "coordinates": [ [ [ [ 689492.056959648150951, 5656810.846160220913589 ], [ 689492.056959648150951, 5657405.570073981769383 ], [ 690179.706484934315085, 5657405.570073981769383 ], [ 690179.706484934315085, 5656810.846160220913589 ], [ 689492.056959648150951, 5656810.846160220913589 ] ] ] ] } },
{ "type": "Feature", "properties": { }, "geometry": { "type": "MultiPolygon", "coordinates": [ [ [ [ 690179.706484934315085, 5656810.846160220913589 ], [ 690179.706484934315085, 5657405.570073981769383 ], [ 690867.35601022047922, 5657405.570073981769383 ], [ 690867.35601022047922, 5656810.846160220913589 ], [ 690179.706484934315085, 5656810.846160220913589 ] ] ] ] } },
{ "type": "Feature", "properties": { }, "geometry": { "type": "MultiPolygon", "coordinates": [ [ [ [ 690867.35601022047922, 5656810.846160220913589 ], [ 690867.35601022047922, 5657405.570073981769383 ], [ 691555.005535506643355, 5657405.570073981769383 ], [ 691555.005535506643355, 5656810.846160220913589 ], [ 690867.35601022047922, 5656810.846160220913589 ] ] ] ] } },
{ "type": "Feature", "properties": { }, "geometry": { "type": "MultiPolygon", "coordinates": [ [ [ [ 677802.01502978336066, 5656216.122246459126472 ], [ 677802.01502978336066, 5656810.846160219982266 ], [ 678489.664555069524795, 5656810.846160219982266 ], [ 678489.664555069524795, 5656216.122246459126472 ], [ 677802.01502978336066, 5656216.122246459126472 ] ] ] ] } },
{ "type": "Feature", "properties": { }, "geometry": { "type": "MultiPolygon", "coordinates": [ [ [ [ 678489.664555069524795, 5656216.122246459126472 ], [ 678489.664555069524795, 5656810.846160219982266 ], [ 679177.31408035568893, 5656810.846160219982266 ], [ 679177.31408035568893, 5656216.122246459126472 ], [ 678489.664555069524795, 5656216.122246459126472 ] ] ] ] } },
{ "type": "Feature", "properties": { }, "geometry": { "type": "MultiPolygon", "coordinates": [ [ [ [ 679177.31408035568893, 5656216.122246459126472 ], [ 679177.31408035568893, 5656810.846160219982266 ], [ 679864.963605641853064, 5656810.846160219982266 ], [ 679864.963605641853064, 5656216.122246459126472 ], [ 679177.31408035568893, 5656216.122246459126472 ] ] ] ] } },
{ "type": "Feature", "properties": { }, "geometry": { "type": "MultiPolygon", "coordinates": [ [ [ [ 679864.963605641853064, 5656216.122246459126472 ], [ 679864.963605641853064, 5656810.846160219982266 ], [ 680552.613130928017199, 5656810.846160219982266 ], [ 680552.613130928017199, 5656216.122246459126472 ], [ 679864.963605641853064, 5656216.122246459126472 ] ] ] ] } },
{ "type": "Feature", "properties": { }, "geometry": { "type": "MultiPolygon", "coordinates": [ [ [ [ 680552.613130928017199, 5656216.122246459126472 ], [ 680552.613130928017199, 5656810.846160219982266 ], [ 681240.262656214181334, 5656810.846160219982266 ], [ 681240.262656214181334, 5656216.122246459126472 ], [ 680552.613130928017199, 5656216.122246459126472 ] ] ] ] } },
{ "type": "Feature", "properties": { }, "geometry": { "type": "MultiPolygon", "coordinates": [ [ [ [ 681240.262656214181334, 5656216.122246459126472 ], [ 681240.262656214181334, 5656810.846160219982266 ], [ 681927.912181500345469, 5656810.846160219982266 ], [ 681927.912181500345469, 5656216.122246459126472 ], [ 681240.262656214181334, 5656216.122246459126472 ] ] ] ] } },
{ "type": "Feature", "properties": { }, "geometry": { "type": "MultiPolygon", "coordinates": [ [ [ [ 681927.912181500345469, 5656216.122246459126472 ], [ 681927.912181500345469, 5656810.846160219982266 ], [ 682615.561706786509603, 5656810.846160219982266 ], [ 682615.561706786509603, 5656216.122246459126472 ], [ 681927.912181500345469, 5656216.122246459126472 ] ] ] ] } },
{ "type": "Feature", "properties": { }, "geometry": { "type": "MultiPolygon", "coordinates": [ [ [ [ 682615.561706786509603, 5656216.122246459126472 ], [ 682615.561706786509603, 5656810.846160219982266 ], [ 683303.211232072673738, 5656810.846160219982266 ], [ 683303.211232072673738, 5656216.122246459126472 ], [ 682615.561706786509603, 5656216.122246459126472 ] ] ] ] } },
{ "type": "Feature", "properties": { }, "geometry": { "type": "MultiPolygon", "coordinates": [ [ [ [ 683303.211232072673738, 5656216.122246459126472 ], [ 683303.211232072673738, 5656810.846160219982266 ], [ 683990.860757358837873, 5656810.846160219982266 ], [ 683990.860757358837873, 5656216.122246459126472 ], [ 683303.211232072673738, 5656216.122246459126472 ] ] ] ] } },
{ "type": "Feature", "properties": { }, "geometry": { "type": "MultiPolygon", "coordinates": [ [ [ [ 683990.860757358837873, 5656216.122246459126472 ], [ 683990.860757358837873, 5656810.846160219982266 ], [ 684678.510282645002007, 5656810.846160219982266 ], [ 684678.510282645002007, 5656216.122246459126472 ], [ 683990.860757358837873, 5656216.122246459126472 ] ] ] ] } },
{ "type": "Feature", "properties": { }, "geometry": { "type": "MultiPolygon", "coordinates": [ [ [ [ 684678.510282645002007, 5656216.122246459126472 ], [ 684678.510282645002007, 5656810.846160219982266 ], [ 685366.159807931166142, 5656810.846160219982266 ], [ 685366.159807931166142, 5656216.122246459126472 ], [ 684678.510282645002007, 5656216.122246459126472 ] ] ] ] } },
{ "type": "Feature", "properties": { }, "geometry": { "type": "MultiPolygon", "coordinates": [ [ [ [ 685366.159807931166142, 5656216.122246459126472 ], [ 685366.159807931166142, 5656810.846160219982266 ], [ 686053.809333217330277, 5656810.846160219982266 ], [ 686053.809333217330277, 5656216.122246459126472 ], [ 685366.159807931166142, 5656216.122246459126472 ] ] ] ] } },
{ "type": "Feature", "properties": { }, "geometry": { "type": "MultiPolygon", "coordinates": [ [ [ [ 686053.809333217330277, 5656216.122246459126472 ], [ 686053.809333217330277, 5656810.846160219982266 ], [ 686741.458858503494412, 5656810.846160219982266 ], [ 686741.458858503494412, 5656216.122246459126472 ], [ 686053.809333217330277, 5656216.122246459126472 ] ] ] ] } },
{ "type": "Feature", "properties": { }, "geometry": { "type": "MultiPolygon", "coordinates": [ [ [ [ 686741.458858503494412, 5656216.122246459126472 ], [ 686741.458858503494412, 5656810.846160219982266 ], [ 687429.108383789658546, 5656810.846160219982266 ], [ 687429.108383789658546, 5656216.122246459126472 ], [ 686741.458858503494412, 5656216.122246459126472 ] ] ] ] } },
{ "type": "Feature", "properties": { }, "geometry": { "type": "MultiPolygon", "coordinates": [ [ [ [ 687429.108383789658546, 5656216.122246459126472 ], [ 687429.108383789658546, 5656810.846160219982266 ], [ 688116.757909075822681, 5656810.846160219982266 ], [ 688116.757909075822681, 5656216.122246459126472 ], [ 687429.108383789658546, 5656216.122246459126472 ] ] ] ] } },
{ "type": "Feature", "properties": { }, "geometry": { "type": "MultiPolygon", "coordinates": [ [ [ [ 688116.757909075822681, 5656216.122246459126472 ], [ 688116.757909075822681, 5656810.846160219982266 ], [ 688804.407434361986816, 5656810.846160219982266 ], [ 688804.407434361986816, 5656216.122246459126472 ], [ 688116.757909075822681, 5656216.122246459126472 ] ] ] ] } },
{ "type": "Feature", "properties": { }, "geometry": { "type": "MultiPolygon", "coordinates": [ [ [ [ 688804.407434361986816, 5656216.122246459126472 ], [ 688804.407434361986816, 5656810.846160219982266 ], [ 689492.056959648150951, 5656810.846160219982266 ], [ 689492.056959648150951, 5656216.122246459126472 ], [ 688804.407434361986816, 5656216.122246459126472 ] ] ] ] } },
{ "type": "Feature", "properties": { }, "geometry": { "type": "MultiPolygon", "coordinates": [ [ [ [ 689492.056959648150951, 5656216.122246459126472 ], [ 689492.056959648150951, 5656810.846160219982266 ], [ 690179.706484934315085, 5656810.846160219982266 ], [ 690179.706484934315085, 5656216.122246459126472 ], [ 689492.056959648150951, 5656216.122246459126472 ] ] ] ] } },
{ "type": "Feature", "properties": { }, "geometry": { "type": "MultiPolygon", "coordinates": [ [ [ [ 690179.706484934315085, 5656216.122246459126472 ], [ 690179.706484934315085, 5656810.846160219982266 ], [ 690867.35601022047922, 5656810.846160219982266 ], [ 690867.35601022047922, 5656216.122246459126472 ], [ 690179.706484934315085, 5656216.122246459126472 ] ] ] ] } },
{ "type": "Feature", "properties": { }, "geometry": { "type": "MultiPolygon", "coordinates": [ [ [ [ 690867.35601022047922, 5656216.122246459126472 ], [ 690867.35601022047922, 5656810.846160219982266 ], [ 691555.005535506643355, 5656810.846160219982266 ], [ 691555.005535506643355, 5656216.122246459126472 ], [ 690867.35601022047922, 5656216.122246459126472 ] ] ] ] } },
{ "type": "Feature", "properties": { }, "geometry": { "type": "MultiPolygon", "coordinates": [ [ [ [ 677802.01502978336066, 5655621.398332698270679 ], [ 677802.01502978336066, 5656216.122246459126472 ], [ 678489.664555069524795, 5656216.122246459126472 ], [ 678489.664555069524795, 5655621.398332698270679 ], [ 677802.01502978336066, 5655621.398332698270679 ] ] ] ] } },
{ "type": "Feature", "properties": { }, "geometry": { "type": "MultiPolygon", "coordinates": [ [ [ [ 678489.664555069524795, 5655621.398332698270679 ], [ 678489.664555069524795, 5656216.122246459126472 ], [ 679177.31408035568893, 5656216.122246459126472 ], [ 679177.31408035568893, 5655621.398332698270679 ], [ 678489.664555069524795, 5655621.398332698270679 ] ] ] ] } },
{ "type": "Feature", "properties": { }, "geometry": { "type": "MultiPolygon", "coordinates": [ [ [ [ 679177.31408035568893, 5655621.398332698270679 ], [ 679177.31408035568893, 5656216.122246459126472 ], [ 679864.963605641853064, 5656216.122246459126472 ], [ 679864.963605641853064, 5655621.398332698270679 ], [ 679177.31408035568893, 5655621.398332698270679 ] ] ] ] } },
{ "type": "Feature", "properties": { }, "geometry": { "type": "MultiPolygon", "coordinates": [ [ [ [ 679864.963605641853064, 5655621.398332698270679 ], [ 679864.963605641853064, 5656216.122246459126472 ], [ 680552.613130928017199, 5656216.122246459126472 ], [ 680552.613130928017199, 5655621.398332698270679 ], [ 679864.963605641853064, 5655621.398332698270679 ] ] ] ] } },
{ "type": "Feature", "properties": { }, "geometry": { "type": "MultiPolygon", "coordinates": [ [ [ [ 680552.613130928017199, 5655621.398332698270679 ], [ 680552.613130928017199, 5656216.122246459126472 ], [ 681240.262656214181334, 5656216.122246459126472 ], [ 681240.262656214181334, 5655621.398332698270679 ], [ 680552.613130928017199, 5655621.398332698270679 ] ] ] ] } },
{ "type": "Feature", "properties": { }, "geometry": { "type": "MultiPolygon", "coordinates": [ [ [ [ 681240.262656214181334, 5655621.398332698270679 ], [ 681240.262656214181334, 5656216.122246459126472 ], [ 681927.912181500345469, 5656216.122246459126472 ], [ 681927.912181500345469, 5655621.398332698270679 ], [ 681240.262656214181334, 5655621.398332698270679 ] ] ] ] } },
{ "type": "Feature", "properties": { }, "geometry": { "type": "MultiPolygon", "coordinates": [ [ [ [ 681927.912181500345469, 5655621.398332698270679 ], [ 681927.912181500345469, 5656216.122246459126472 ], [ 682615.561706786509603, 5656216.122246459126472 ], [ 682615.561706786509603, 5655621.398332698270679 ], [ 681927.912181500345469, 5655621.398332698270679 ] ] ] ] } },
{ "type": "Feature", "properties": { }, "geometry": { "type": "MultiPolygon", "coordinates": [ [ [ [ 682615.561706786509603, 5655621.398332698270679 ], [ 682615.561706786509603, 5656216.122246459126472 ], [ 683303.211232072673738, 5656216.122246459126472 ], [ 683303.211232072673738, 5655621.398332698270679 ], [ 682615.561706786509603, 5655621.398332698270679 ] ] ] ] } },
{ "type": "Feature", "properties": { }, "geometry": { "type": "MultiPolygon", "coordinates": [ [ [ [ 683303.211232072673738, 5655621.398332698270679 ], [ 683303.211232072673738, 5656216.122246459126472 ], [ 683990.860757358837873, 5656216.122246459126472 ], [ 683990.860757358837873, 5655621.398332698270679 ], [ 683303.211232072673738, 5655621.398332698270679 ] ] ] ] } },
{ "type": "Feature", "properties": { }, "geometry": { "type": "MultiPolygon", "coordinates": [ [ [ [ 683990.860757358837873, 5655621.398332698270679 ], [ 683990.860757358837873, 5656216.122246459126472 ], [ 684678.510282645002007, 5656216.122246459126472 ], [ 684678.510282645002007, 5655621.398332698270679 ], [ 683990.860757358837873, 5655621.398332698270679 ] ] ] ] } },
{ "type": "Feature", "properties": { }, "geometry": { "type": "MultiPolygon", "coordinates": [ [ [ [ 684678.510282645002007, 5655621.398332698270679 ], [ 684678.510282645002007, 5656216.122246459126472 ], [ 685366.159807931166142, 5656216.122246459126472 ], [ 685366.159807931166142, 5655621.398332698270679 ], [ 684678.510282645002007, 5655621.398332698270679 ] ] ] ] } },
{ "type": "Feature", "properties": { }, "geometry": { "type": "MultiPolygon", "coordinates": [ [ [ [ 685366.159807931166142, 5655621.398332698270679 ], [ 685366.159807931166142, 5656216.122246459126472 ], [ 686053.809333217330277, 5656216.122246459126472 ], [ 686053.809333217330277, 5655621.398332698270679 ], [ 685366.159807931166142, 5655621.398332698270679 ] ] ] ] } },
{ "type": "Feature", "properties": { }, "geometry": { "type": "MultiPolygon", "coordinates": [ [ [ [ 686053.809333217330277, 5655621.398332698270679 ], [ 686053.809333217330277, 5656216.122246459126472 ], [ 686741.458858503494412, 5656216.122246459126472 ], [ 686741.458858503494412, 5655621.398332698270679 ], [ 686053.809333217330277, 5655621.398332698270679 ] ] ] ] } },
{ "type": "Feature", "properties": { }, "geometry": { "type": "MultiPolygon", "coordinates": [ [ [ [ 686741.458858503494412, 5655621.398332698270679 ], [ 686741.458858503494412, 5656216.122246459126472 ], [ 687429.108383789658546, 5656216.122246459126472 ], [ 687429.108383789658546, 5655621.398332698270679 ], [ 686741.458858503494412, 5655621.398332698270679 ] ] ] ] } },
{ "type": "Feature", "properties": { }, "geometry": { "type": "MultiPolygon", "coordinates": [ [ [ [ 687429.108383789658546, 5655621.398332698270679 ], [ 687429.108383789658546, 5656216.122246459126472 ], [ 688116.757909075822681, 5656216.122246459126472 ], [ 688116.757909075822681, 5655621.398332698270679 ], [ 687429.108383789658546, 5655621.398332698270679 ] ] ] ] } },
{ "type": "Feature", "properties": { }, "geometry": { "type": "MultiPolygon", "coordinates": [ [ [ [ 688116.757909075822681, 5655621.398332698270679 ], [ 688116.757909075822681, 5656216.122246459126472 ], [ 688804.407434361986816, 5656216.122246459126472 ], [ 688804.407434361986816, 5655621.398332698270679 ], [ 688116.757909075822681, 5655621.398332698270679 ] ] ] ] } },
{ "type": "Feature", "properties": { }, "geometry": { "type": "MultiPolygon", "coordinates": [ [ [ [ 688804.407434361986816, 5655621.398332698270679 ], [ 688804.407434361986816, 5656216.122246459126472 ], [ 689492.056959648150951, 5656216.122246459126472 ], [ 689492.056959648150951, 5655621.398332698270679 ], [ 688804.407434361986816, 5655621.398332698270679 ] ] ] ] } },
{ "type": "Feature", "properties": { }, "geometry": { "type": "MultiPolygon", "coordinates": [ [ [ [ 689492.056959648150951, 5655621.398332698270679 ], [ 689492.056959648150951, 5656216.122246459126472 ], [ 690179.706484934315085, 5656216.122246459126472 ], [ 690179.706484934315085, 5655621.398332698270679 ], [ 689492.056959648150951, 5655621.398332698270679 ] ] ] ] } },
{ "type": "Feature", "properties": { }, "geometry": { "type": "MultiPolygon", "coordinates": [ [ [ [ 690179.706484934315085, 5655621.398332698270679 ], [ 690179.706484934315085, 5656216.122246459126472 ], [ 690867.35601022047922, 5656216.122246459126472 ], [ 690867.35601022047922, 5655621.398332698270679 ], [ 690179.706484934315085, 5655621.398332698270679 ] ] ] ] } },
{ "type": "Feature", "properties": { }, "geometry": { "type": "MultiPolygon", "coordinates": [ [ [ [ 690867.35601022047922, 5655621.398332698270679 ], [ 690867.35601022047922, 5656216.122246459126472 ], [ 691555.005535506643355, 5656216.122246459126472 ], [ 691555.005535506643355, 5655621.398332698270679 ], [ 690867.35601022047922, 5655621.398332698270679 ] ] ] ] } },
{ "type": "Feature", "properties": { }, "geometry": { "type": "MultiPolygon", "coordinates": [ [ [ [ 677802.01502978336066, 5655026.674418937414885 ], [ 677802.01502978336066, 5655621.398332698270679 ], [ 678489.664555069524795, 5655621.398332698270679 ], [ 678489.664555069524795, 5655026.674418937414885 ], [ 677802.01502978336066, 5655026.674418937414885 ] ] ] ] } },
{ "type": "Feature", "properties": { }, "geometry": { "type": "MultiPolygon", "coordinates": [ [ [ [ 678489.664555069524795, 5655026.674418937414885 ], [ 678489.664555069524795, 5655621.398332698270679 ], [ 679177.31408035568893, 5655621.398332698270679 ], [ 679177.31408035568893, 5655026.674418937414885 ], [ 678489.664555069524795, 5655026.674418937414885 ] ] ] ] } },
{ "type": "Feature", "properties": { }, "geometry": { "type": "MultiPolygon", "coordinates": [ [ [ [ 679177.31408035568893, 5655026.674418937414885 ], [ 679177.31408035568893, 5655621.398332698270679 ], [ 679864.963605641853064, 5655621.398332698270679 ], [ 679864.963605641853064, 5655026.674418937414885 ], [ 679177.31408035568893, 5655026.674418937414885 ] ] ] ] } },
{ "type": "Feature", "properties": { }, "geometry": { "type": "MultiPolygon", "coordinates": [ [ [ [ 679864.963605641853064, 5655026.674418937414885 ], [ 679864.963605641853064, 5655621.398332698270679 ], [ 680552.613130928017199, 5655621.398332698270679 ], [ 680552.613130928017199, 5655026.674418937414885 ], [ 679864.963605641853064, 5655026.674418937414885 ] ] ] ] } },
{ "type": "Feature", "properties": { }, "geometry": { "type": "MultiPolygon", "coordinates": [ [ [ [ 680552.613130928017199, 5655026.674418937414885 ], [ 680552.613130928017199, 5655621.398332698270679 ], [ 681240.262656214181334, 5655621.398332698270679 ], [ 681240.262656214181334, 5655026.674418937414885 ], [ 680552.613130928017199, 5655026.674418937414885 ] ] ] ] } },
{ "type": "Feature", "properties": { }, "geometry": { "type": "MultiPolygon", "coordinates": [ [ [ [ 681240.262656214181334, 5655026.674418937414885 ], [ 681240.262656214181334, 5655621.398332698270679 ], [ 681927.912181500345469, 5655621.398332698270679 ], [ 681927.912181500345469, 5655026.674418937414885 ], [ 681240.262656214181334, 5655026.674418937414885 ] ] ] ] } },
{ "type": "Feature", "properties": { }, "geometry": { "type": "MultiPolygon", "coordinates": [ [ [ [ 681927.912181500345469, 5655026.674418937414885 ], [ 681927.912181500345469, 5655621.398332698270679 ], [ 682615.561706786509603, 5655621.398332698270679 ], [ 682615.561706786509603, 5655026.674418937414885 ], [ 681927.912181500345469, 5655026.674418937414885 ] ] ] ] } },
{ "type": "Feature", "properties": { }, "geometry": { "type": "MultiPolygon", "coordinates": [ [ [ [ 682615.561706786509603, 5655026.674418937414885 ], [ 682615.561706786509603, 5655621.398332698270679 ], [ 683303.211232072673738, 5655621.398332698270679 ], [ 683303.211232072673738, 5655026.674418937414885 ], [ 682615.561706786509603, 5655026.674418937414885 ] ] ] ] } },
{ "type": "Feature", "properties": { }, "geometry": { "type": "MultiPolygon", "coordinates": [ [ [ [ 683303.211232072673738, 5655026.674418937414885 ], [ 683303.211232072673738, 5655621.398332698270679 ], [ 683990.860757358837873, 5655621.398332698270679 ], [ 683990.860757358837873, 5655026.674418937414885 ], [ 683303.211232072673738, 5655026.674418937414885 ] ] ] ] } },
{ "type": "Feature", "properties": { }, "geometry": { "type": "MultiPolygon", "coordinates": [ [ [ [ 683990.860757358837873, 5655026.674418937414885 ], [ 683990.860757358837873, 5655621.398332698270679 ], [ 684678.510282645002007, 5655621.398332698270679 ], [ 684678.510282645002007, 5655026.674418937414885 ], [ 683990.860757358837873, 5655026.674418937414885 ] ] ] ] } },
{ "type": "Feature", "properties": { }, "geometry": { "type": "MultiPolygon", "coordinates": [ [ [ [ 684678.510282645002007, 5655026.674418937414885 ], [ 684678.510282645002007, 5655621.398332698270679 ], [ 685366.159807931166142, 5655621.398332698270679 ], [ 685366.159807931166142, 5655026.674418937414885 ], [ 684678.510282645002007, 5655026.674418937414885 ] ] ] ] } },
{ "type": "Feature", "properties": { }, "geometry": { "type": "MultiPolygon", "coordinates": [ [ [ [ 685366.159807931166142, 5655026.674418937414885 ], [ 685366.159807931166142, 5655621.398332698270679 ], [ 686053.809333217330277, 5655621.398332698270679 ], [ 686053.809333217330277, 5655026.674418937414885 ], [ 685366.159807931166142, 5655026.674418937414885 ] ] ] ] } },
{ "type": "Feature", "properties": { }, "geometry": { "type": "MultiPolygon", "coordinates": [ [ [ [ 686053.809333217330277, 5655026.674418937414885 ], [ 686053.809333217330277, 5655621.398332698270679 ], [ 686741.458858503494412, 5655621.398332698270679 ], [ 686741.458858503494412, 5655026.674418937414885 ], [ 686053.809333217330277, 5655026.674418937414885 ] ] ] ] } },
{ "type": "Feature", "properties": { }, "geometry": { "type": "MultiPolygon", "coordinates": [ [ [ [ 686741.458858503494412, 5655026.674418937414885 ], [ 686741.458858503494412, 5655621.398332698270679 ], [ 687429.108383789658546, 5655621.398332698270679 ], [ 687429.108383789658546, 5655026.674418937414885 ], [ 686741.458858503494412, 5655026.674418937414885 ] ] ] ] } },
{ "type": "Feature", "properties": { }, "geometry": { "type": "MultiPolygon", "coordinates": [ [ [ [ 687429.108383789658546, 5655026.674418937414885 ], [ 687429.108383789658546, 5655621.398332698270679 ], [ 688116.757909075822681, 5655621.398332698270679 ], [ 688116.757909075822681, 5655026.674418937414885 ], [ 687429.108383789658546, 5655026.674418937414885 ] ] ] ] } },
{ "type": "Feature", "properties": { }, "geometry": { "type": "MultiPolygon", "coordinates": [ [ [ [ 688116.757909075822681, 5655026.674418937414885 ], [ 688116.757909075822681, 5655621.398332698270679 ], [ 688804.407434361986816, 5655621.398332698270679 ], [ 688804.407434361986816, 5655026.674418937414885 ], [ 688116.757909075822681, 5655026.674418937414885 ] ] ] ] } },
{ "type": "Feature", "properties": { }, "geometry": { "type": "MultiPolygon", "coordinates": [ [ [ [ 688804.407434361986816, 5655026.674418937414885 ], [ 688804.407434361986816, 5655621.398332698270679 ], [ 689492.056959648150951, 5655621.398332698270679 ], [ 689492.056959648150951, 5655026.674418937414885 ], [ 688804.407434361986816, 5655026.674418937414885 ] ] ] ] } },
{ "type": "Feature", "properties": { }, "geometry": { "type": "MultiPolygon", "coordinates": [ [ [ [ 689492.056959648150951, 5655026.674418937414885 ], [ 689492.056959648150951, 5655621.398332698270679 ], [ 690179.706484934315085, 5655621.398332698270679 ], [ 690179.706484934315085, 5655026.674418937414885 ], [ 689492.056959648150951, 5655026.674418937414885 ] ] ] ] } },
{ "type": "Feature", "properties": { }, "geometry": { "type": "MultiPolygon", "coordinates": [ [ [ [ 690179.706484934315085, 5655026.674418937414885 ], [ 690179.706484934315085, 5655621.398332698270679 ], [ 690867.35601022047922, 5655621.398332698270679 ], [ 690867.35601022047922, 5655026.674418937414885 ], [ 690179.706484934315085, 5655026.674418937414885 ] ] ] ] } },
{ "type": "Feature", "properties": { }, "geometry": { "type": "MultiPolygon", "coordinates": [ [ [ [ 690867.35601022047922, 5655026.674418937414885 ], [ 690867.35601022047922, 5655621.398332698270679 ], [ 691555.005535506643355, 5655621.398332698270679 ], [ 691555.005535506643355, 5655026.674418937414885 ], [ 690867.35601022047922, 5655026.674418937414885 ] ] ] ] } },
{ "type": "Feature", "properties": { }, "geometry": { "type": "MultiPolygon", "coordinates": [ [ [ [ 677802.01502978336066, 5654431.950505176559091 ], [ 677802.01502978336066, 5655026.674418937414885 ], [ 678489.664555069524795, 5655026.674418937414885 ], [ 678489.664555069524795, 5654431.950505176559091 ], [ 677802.01502978336066, 5654431.950505176559091 ] ] ] ] } },
{ "type": "Feature", "properties": { }, "geometry": { "type": "MultiPolygon", "coordinates": [ [ [ [ 678489.664555069524795, 5654431.950505176559091 ], [ 678489.664555069524795, 5655026.674418937414885 ], [ 679177.31408035568893, 5655026.674418937414885 ], [ 679177.31408035568893, 5654431.950505176559091 ], [ 678489.664555069524795, 5654431.950505176559091 ] ] ] ] } },
{ "type": "Feature", "properties": { }, "geometry": { "type": "MultiPolygon", "coordinates": [ [ [ [ 679177.31408035568893, 5654431.950505176559091 ], [ 679177.31408035568893, 5655026.674418937414885 ], [ 679864.963605641853064, 5655026.674418937414885 ], [ 679864.963605641853064, 5654431.950505176559091 ], [ 679177.31408035568893, 5654431.950505176559091 ] ] ] ] } },
{ "type": "Feature", "properties": { }, "geometry": { "type": "MultiPolygon", "coordinates": [ [ [ [ 679864.963605641853064, 5654431.950505176559091 ], [ 679864.963605641853064, 5655026.674418937414885 ], [ 680552.613130928017199, 5655026.674418937414885 ], [ 680552.613130928017199, 5654431.950505176559091 ], [ 679864.963605641853064, 5654431.950505176559091 ] ] ] ] } },
{ "type": "Feature", "properties": { }, "geometry": { "type": "MultiPolygon", "coordinates": [ [ [ [ 680552.613130928017199, 5654431.950505176559091 ], [ 680552.613130928017199, 5655026.674418937414885 ], [ 681240.262656214181334, 5655026.674418937414885 ], [ 681240.262656214181334, 5654431.950505176559091 ], [ 680552.613130928017199, 5654431.950505176559091 ] ] ] ] } },
{ "type": "Feature", "properties": { }, "geometry": { "type": "MultiPolygon", "coordinates": [ [ [ [ 681240.262656214181334, 5654431.950505176559091 ], [ 681240.262656214181334, 5655026.674418937414885 ], [ 681927.912181500345469, 5655026.674418937414885 ], [ 681927.912181500345469, 5654431.950505176559091 ], [ 681240.262656214181334, 5654431.950505176559091 ] ] ] ] } },
{ "type": "Feature", "properties": { }, "geometry": { "type": "MultiPolygon", "coordinates": [ [ [ [ 681927.912181500345469, 5654431.950505176559091 ], [ 681927.912181500345469, 5655026.674418937414885 ], [ 682615.561706786509603, 5655026.674418937414885 ], [ 682615.561706786509603, 5654431.950505176559091 ], [ 681927.912181500345469, 5654431.950505176559091 ] ] ] ] } },
{ "type": "Feature", "properties": { }, "geometry": { "type": "MultiPolygon", "coordinates": [ [ [ [ 682615.561706786509603, 5654431.950505176559091 ], [ 682615.561706786509603, 5655026.674418937414885 ], [ 683303.211232072673738, 5655026.674418937414885 ], [ 683303.211232072673738, 5654431.950505176559091 ], [ 682615.561706786509603, 5654431.950505176559091 ] ] ] ] } },
{ "type": "Feature", "properties": { }, "geometry": { "type": "MultiPolygon", "coordinates": [ [ [ [ 683303.211232072673738, 5654431.950505176559091 ], [ 683303.211232072673738, 5655026.674418937414885 ], [ 683990.860757358837873, 5655026.674418937414885 ], [ 683990.860757358837873, 5654431.950505176559091 ], [ 683303.211232072673738, 5654431.950505176559091 ] ] ] ] } },
{ "type": "Feature", "properties": { }, "geometry": { "type": "MultiPolygon", "coordinates": [ [ [ [ 683990.860757358837873, 5654431.950505176559091 ], [ 683990.860757358837873, 5655026.674418937414885 ], [ 684678.510282645002007, 5655026.674418937414885 ], [ 684678.510282645002007, 5654431.950505176559091 ], [ 683990.860757358837873, 5654431.950505176559091 ] ] ] ] } },
{ "type": "Feature", "properties": { }, "geometry": { "type": "MultiPolygon", "coordinates": [ [ [ [ 684678.510282645002007, 5654431.950505176559091 ], [ 684678.510282645002007, 5655026.674418937414885 ], [ 685366.159807931166142, 5655026.674418937414885 ], [ 685366.159807931166142, 5654431.950505176559091 ], [ 684678.510282645002007, 5654431.950505176559091 ] ] ] ] } },
{ "type": "Feature", "properties": { }, "geometry": { "type": "MultiPolygon", "coordinates": [ [ [ [ 685366.159807931166142, 5654431.950505176559091 ], [ 685366.159807931166142, 5655026.674418937414885 ], [ 686053.809333217330277, 5655026.674418937414885 ], [ 686053.809333217330277, 5654431.950505176559091 ], [ 685366.159807931166142, 5654431.950505176559091 ] ] ] ] } },
{ "type": "Feature", "properties": { }, "geometry": { "type": "MultiPolygon", "coordinates": [ [ [ [ 686053.809333217330277, 5654431.950505176559091 ], [ 686053.809333217330277, 5655026.674418937414885 ], [ 686741.458858503494412, 5655026.674418937414885 ], [ 686741.458858503494412, 5654431.950505176559091 ], [ 686053.809333217330277, 5654431.950505176559091 ] ] ] ] } },
{ "type": "Feature", "properties": { }, "geometry": { "type": "MultiPolygon", "coordinates": [ [ [ [ 686741.458858503494412, 5654431.950505176559091 ], [ 686741.458858503494412, 5655026.674418937414885 ], [ 687429.108383789658546, 5655026.674418937414885 ], [ 687429.108383789658546, 5654431.950505176559091 ], [ 686741.458858503494412, 5654431.950505176559091 ] ] ] ] } },
{ "type": "Feature", "properties": { }, "geometry": { "type": "MultiPolygon", "coordinates": [ [ [ [ 687429.108383789658546, 5654431.950505176559091 ], [ 687429.108383789658546, 5655026.674418937414885 ], [ 688116.757909075822681, 5655026.674418937414885 ], [ 688116.757909075822681, 5654431.950505176559091 ], [ 687429.108383789658546, 5654431.950505176559091 ] ] ] ] } },
{ "type": "Feature", "properties": { }, "geometry": { "type": "MultiPolygon", "coordinates": [ [ [ [ 688116.757909075822681, 5654431.950505176559091 ], [ 688116.757909075822681, 5655026.674418937414885 ], [ 688804.407434361986816, 5655026.674418937414885 ], [ 688804.407434361986816, 5654431.950505176559091 ], [ 688116.757909075822681, 5654431.950505176559091 ] ] ] ] } },
{ "type": "Feature", "properties": { }, "geometry": { "type": "MultiPolygon", "coordinates": [ [ [ [ 688804.407434361986816, 5654431.950505176559091 ], [ 688804.407434361986816, 5655026.674418937414885 ], [ 689492.056959648150951, 5655026.674418937414885 ], [ 689492.056959648150951, 5654431.950505176559091 ], [ 688804.407434361986816, 5654431.950505176559091 ] ] ] ] } },
{ "type": "Feature", "properties": { }, "geometry": { "type": "MultiPolygon", "coordinates": [ [ [ [ 689492.056959648150951, 5654431.950505176559091 ], [ 689492.056959648150951, 5655026.674418937414885 ], [ 690179.706484934315085, 5655026.674418937414885 ], [ 690179.706484934315085, 5654431.950505176559091 ], [ 689492.056959648150951, 5654431.950505176559091 ] ] ] ] } },
{ "type": "Feature", "properties": { }, "geometry": { "type": "MultiPolygon", "coordinates": [ [ [ [ 690179.706484934315085, 5654431.950505176559091 ], [ 690179.706484934315085, 5655026.674418937414885 ], [ 690867.35601022047922, 5655026.674418937414885 ], [ 690867.35601022047922, 5654431.950505176559091 ], [ 690179.706484934315085, 5654431.950505176559091 ] ] ] ] } },
{ "type": "Feature", "properties": { }, "geometry": { "type": "MultiPolygon", "coordinates": [ [ [ [ 690867.35601022047922, 5654431.950505176559091 ], [ 690867.35601022047922, 5655026.674418937414885 ], [ 691555.005535506643355, 5655026.674418937414885 ], [ 691555.005535506643355, 5654431.950505176559091 ], [ 690867.35601022047922, 5654431.950505176559091 ] ] ] ] } },
{ "type": "Feature", "properties": { }, "geometry": { "type": "MultiPolygon", "coordinates": [ [ [ [ 677802.01502978336066, 5653837.226591414771974 ], [ 677802.01502978336066, 5654431.950505175627768 ], [ 678489.664555069524795, 5654431.950505175627768 ], [ 678489.664555069524795, 5653837.226591414771974 ], [ 677802.01502978336066, 5653837.226591414771974 ] ] ] ] } },
{ "type": "Feature", "properties": { }, "geometry": { "type": "MultiPolygon", "coordinates": [ [ [ [ 678489.664555069524795, 5653837.226591414771974 ], [ 678489.664555069524795, 5654431.950505175627768 ], [ 679177.31408035568893, 5654431.950505175627768 ], [ 679177.31408035568893, 5653837.226591414771974 ], [ 678489.664555069524795, 5653837.226591414771974 ] ] ] ] } },
{ "type": "Feature", "properties": { }, "geometry": { "type": "MultiPolygon", "coordinates": [ [ [ [ 679177.31408035568893, 5653837.226591414771974 ], [ 679177.31408035568893, 5654431.950505175627768 ], [ 679864.963605641853064, 5654431.950505175627768 ], [ 679864.963605641853064, 5653837.226591414771974 ], [ 679177.31408035568893, 5653837.226591414771974 ] ] ] ] } },
{ "type": "Feature", "properties": { }, "geometry": { "type": "MultiPolygon", "coordinates": [ [ [ [ 679864.963605641853064, 5653837.226591414771974 ], [ 679864.963605641853064, 5654431.950505175627768 ], [ 680552.613130928017199, 5654431.950505175627768 ], [ 680552.613130928017199, 5653837.226591414771974 ], [ 679864.963605641853064, 5653837.226591414771974 ] ] ] ] } },
{ "type": "Feature", "properties": { }, "geometry": { "type": "MultiPolygon", "coordinates": [ [ [ [ 680552.613130928017199, 5653837.226591414771974 ], [ 680552.613130928017199, 5654431.950505175627768 ], [ 681240.262656214181334, 5654431.950505175627768 ], [ 681240.262656214181334, 5653837.226591414771974 ], [ 680552.613130928017199, 5653837.226591414771974 ] ] ] ] } },
{ "type": "Feature", "properties": { }, "geometry": { "type": "MultiPolygon", "coordinates": [ [ [ [ 681240.262656214181334, 5653837.226591414771974 ], [ 681240.262656214181334, 5654431.950505175627768 ], [ 681927.912181500345469, 5654431.950505175627768 ], [ 681927.912181500345469, 5653837.226591414771974 ], [ 681240.262656214181334, 5653837.226591414771974 ] ] ] ] } },
{ "type": "Feature", "properties": { }, "geometry": { "type": "MultiPolygon", "coordinates": [ [ [ [ 681927.912181500345469, 5653837.226591414771974 ], [ 681927.912181500345469, 5654431.950505175627768 ], [ 682615.561706786509603, 5654431.950505175627768 ], [ 682615.561706786509603, 5653837.226591414771974 ], [ 681927.912181500345469, 5653837.226591414771974 ] ] ] ] } },
{ "type": "Feature", "properties": { }, "geometry": { "type": "MultiPolygon", "coordinates": [ [ [ [ 682615.561706786509603, 5653837.226591414771974 ], [ 682615.561706786509603, 5654431.950505175627768 ], [ 683303.211232072673738, 5654431.950505175627768 ], [ 683303.211232072673738, 5653837.226591414771974 ], [ 682615.561706786509603, 5653837.226591414771974 ] ] ] ] } },
{ "type": "Feature", "properties": { }, "geometry": { "type": "MultiPolygon", "coordinates": [ [ [ [ 683303.211232072673738, 5653837.226591414771974 ], [ 683303.211232072673738, 5654431.950505175627768 ], [ 683990.860757358837873, 5654431.950505175627768 ], [ 683990.860757358837873, 5653837.226591414771974 ], [ 683303.211232072673738, 5653837.226591414771974 ] ] ] ] } },
{ "type": "Feature", "properties": { }, "geometry": { "type": "MultiPolygon", "coordinates": [ [ [ [ 683990.860757358837873, 5653837.226591414771974 ], [ 683990.860757358837873, 5654431.950505175627768 ], [ 684678.510282645002007, 5654431.950505175627768 ], [ 684678.510282645002007, 5653837.226591414771974 ], [ 683990.860757358837873, 5653837.226591414771974 ] ] ] ] } },
{ "type": "Feature", "properties": { }, "geometry": { "type": "MultiPolygon", "coordinates": [ [ [ [ 684678.510282645002007, 5653837.226591414771974 ], [ 684678.510282645002007, 5654431.950505175627768 ], [ 685366.159807931166142, 5654431.950505175627768 ], [ 685366.159807931166142, 5653837.226591414771974 ], [ 684678.510282645002007, 5653837.226591414771974 ] ] ] ] } },
{ "type": "Feature", "properties": { }, "geometry": { "type": "MultiPolygon", "coordinates": [ [ [ [ 685366.159807931166142, 5653837.226591414771974 ], [ 685366.159807931166142, 5654431.950505175627768 ], [ 686053.809333217330277, 5654431.950505175627768 ], [ 686053.809333217330277, 5653837.226591414771974 ], [ 685366.159807931166142, 5653837.226591414771974 ] ] ] ] } },
{ "type": "Feature", "properties": { }, "geometry": { "type": "MultiPolygon", "coordinates": [ [ [ [ 686053.809333217330277, 5653837.226591414771974 ], [ 686053.809333217330277, 5654431.950505175627768 ], [ 686741.458858503494412, 5654431.950505175627768 ], [ 686741.458858503494412, 5653837.226591414771974 ], [ 686053.809333217330277, 5653837.226591414771974 ] ] ] ] } },
{ "type": "Feature", "properties": { }, "geometry": { "type": "MultiPolygon", "coordinates": [ [ [ [ 686741.458858503494412, 5653837.226591414771974 ], [ 686741.458858503494412, 5654431.950505175627768 ], [ 687429.108383789658546, 5654431.950505175627768 ], [ 687429.108383789658546, 5653837.226591414771974 ], [ 686741.458858503494412, 5653837.226591414771974 ] ] ] ] } },
{ "type": "Feature", "properties": { }, "geometry": { "type": "MultiPolygon", "coordinates": [ [ [ [ 687429.108383789658546, 5653837.226591414771974 ], [ 687429.108383789658546, 5654431.950505175627768 ], [ 688116.757909075822681, 5654431.950505175627768 ], [ 688116.757909075822681, 5653837.226591414771974 ], [ 687429.108383789658546, 5653837.226591414771974 ] ] ] ] } },
{ "type": "Feature", "properties": { }, "geometry": { "type": "MultiPolygon", "coordinates": [ [ [ [ 688116.757909075822681, 5653837.226591414771974 ], [ 688116.757909075822681, 5654431.950505175627768 ], [ 688804.407434361986816, 5654431.950505175627768 ], [ 688804.407434361986816, 5653837.226591414771974 ], [ 688116.757909075822681, 5653837.226591414771974 ] ] ] ] } },
{ "type": "Feature", "properties": { }, "geometry": { "type": "MultiPolygon", "coordinates": [ [ [ [ 688804.407434361986816, 5653837.226591414771974 ], [ 688804.407434361986816, 5654431.950505175627768 ], [ 689492.056959648150951, 5654431.950505175627768 ], [ 689492.056959648150951, 5653837.226591414771974 ], [ 688804.407434361986816, 5653837.226591414771974 ] ] ] ] } },
{ "type": "Feature", "properties": { }, "geometry": { "type": "MultiPolygon", "coordinates": [ [ [ [ 689492.056959648150951, 5653837.226591414771974 ], [ 689492.056959648150951, 5654431.950505175627768 ], [ 690179.706484934315085, 5654431.950505175627768 ], [ 690179.706484934315085, 5653837.226591414771974 ], [ 689492.056959648150951, 5653837.226591414771974 ] ] ] ] } },
{ "type": "Feature", "properties": { }, "geometry": { "type": "MultiPolygon", "coordinates": [ [ [ [ 690179.706484934315085, 5653837.226591414771974 ], [ 690179.706484934315085, 5654431.950505175627768 ], [ 690867.35601022047922, 5654431.950505175627768 ], [ 690867.35601022047922, 5653837.226591414771974 ], [ 690179.706484934315085, 5653837.226591414771974 ] ] ] ] } },
{ "type": "Feature", "properties": { }, "geometry": { "type": "MultiPolygon", "coordinates": [ [ [ [ 690867.35601022047922, 5653837.226591414771974 ], [ 690867.35601022047922, 5654431.950505175627768 ], [ 691555.005535506643355, 5654431.950505175627768 ], [ 691555.005535506643355, 5653837.226591414771974 ], [ 690867.35601022047922, 5653837.226591414771974 ] ] ] ] } },
{ "type": "Feature", "properties": { }, "geometry": { "type": "MultiPolygon", "coordinates": [ [ [ [ 677802.01502978336066, 5653242.50267765391618 ], [ 677802.01502978336066, 5653837.226591414771974 ], [ 678489.664555069524795, 5653837.226591414771974 ], [ 678489.664555069524795, 5653242.50267765391618 ], [ 677802.01502978336066, 5653242.50267765391618 ] ] ] ] } },
{ "type": "Feature", "properties": { }, "geometry": { "type": "MultiPolygon", "coordinates": [ [ [ [ 678489.664555069524795, 5653242.50267765391618 ], [ 678489.664555069524795, 5653837.226591414771974 ], [ 679177.31408035568893, 5653837.226591414771974 ], [ 679177.31408035568893, 5653242.50267765391618 ], [ 678489.664555069524795, 5653242.50267765391618 ] ] ] ] } },
{ "type": "Feature", "properties": { }, "geometry": { "type": "MultiPolygon", "coordinates": [ [ [ [ 679177.31408035568893, 5653242.50267765391618 ], [ 679177.31408035568893, 5653837.226591414771974 ], [ 679864.963605641853064, 5653837.226591414771974 ], [ 679864.963605641853064, 5653242.50267765391618 ], [ 679177.31408035568893, 5653242.50267765391618 ] ] ] ] } },
{ "type": "Feature", "properties": { }, "geometry": { "type": "MultiPolygon", "coordinates": [ [ [ [ 679864.963605641853064, 5653242.50267765391618 ], [ 679864.963605641853064, 5653837.226591414771974 ], [ 680552.613130928017199, 5653837.226591414771974 ], [ 680552.613130928017199, 5653242.50267765391618 ], [ 679864.963605641853064, 5653242.50267765391618 ] ] ] ] } },
{ "type": "Feature", "properties": { }, "geometry": { "type": "MultiPolygon", "coordinates": [ [ [ [ 680552.613130928017199, 5653242.50267765391618 ], [ 680552.613130928017199, 5653837.226591414771974 ], [ 681240.262656214181334, 5653837.226591414771974 ], [ 681240.262656214181334, 5653242.50267765391618 ], [ 680552.613130928017199, 5653242.50267765391618 ] ] ] ] } },
{ "type": "Feature", "properties": { }, "geometry": { "type": "MultiPolygon", "coordinates": [ [ [ [ 681240.262656214181334, 5653242.50267765391618 ], [ 681240.262656214181334, 5653837.226591414771974 ], [ 681927.912181500345469, 5653837.226591414771974 ], [ 681927.912181500345469, 5653242.50267765391618 ], [ 681240.262656214181334, 5653242.50267765391618 ] ] ] ] } },
{ "type": "Feature", "properties": { }, "geometry": { "type": "MultiPolygon", "coordinates": [ [ [ [ 681927.912181500345469, 5653242.50267765391618 ], [ 681927.912181500345469, 5653837.226591414771974 ], [ 682615.561706786509603, 5653837.226591414771974 ], [ 682615.561706786509603, 5653242.50267765391618 ], [ 681927.912181500345469, 5653242.50267765391618 ] ] ] ] } },
{ "type": "Feature", "properties": { }, "geometry": { "type": "MultiPolygon", "coordinates": [ [ [ [ 682615.561706786509603, 5653242.50267765391618 ], [ 682615.561706786509603, 5653837.226591414771974 ], [ 683303.211232072673738, 5653837.226591414771974 ], [ 683303.211232072673738, 5653242.50267765391618 ], [ 682615.561706786509603, 5653242.50267765391618 ] ] ] ] } },
{ "type": "Feature", "properties": { }, "geometry": { "type": "MultiPolygon", "coordinates": [ [ [ [ 683303.211232072673738, 5653242.50267765391618 ], [ 683303.211232072673738, 5653837.226591414771974 ], [ 683990.860757358837873, 5653837.226591414771974 ], [ 683990.860757358837873, 5653242.50267765391618 ], [ 683303.211232072673738, 5653242.50267765391618 ] ] ] ] } },
{ "type": "Feature", "properties": { }, "geometry": { "type": "MultiPolygon", "coordinates": [ [ [ [ 683990.860757358837873, 5653242.50267765391618 ], [ 683990.860757358837873, 5653837.226591414771974 ], [ 684678.510282645002007, 5653837.226591414771974 ], [ 684678.510282645002007, 5653242.50267765391618 ], [ 683990.860757358837873, 5653242.50267765391618 ] ] ] ] } },
{ "type": "Feature", "properties": { }, "geometry": { "type": "MultiPolygon", "coordinates": [ [ [ [ 684678.510282645002007, 5653242.50267765391618 ], [ 684678.510282645002007, 5653837.226591414771974 ], [ 685366.159807931166142, 5653837.226591414771974 ], [ 685366.159807931166142, 5653242.50267765391618 ], [ 684678.510282645002007, 5653242.50267765391618 ] ] ] ] } },
{ "type": "Feature", "properties": { }, "geometry": { "type": "MultiPolygon", "coordinates": [ [ [ [ 685366.159807931166142, 5653242.50267765391618 ], [ 685366.159807931166142, 5653837.226591414771974 ], [ 686053.809333217330277, 5653837.226591414771974 ], [ 686053.809333217330277, 5653242.50267765391618 ], [ 685366.159807931166142, 5653242.50267765391618 ] ] ] ] } },
{ "type": "Feature", "properties": { }, "geometry": { "type": "MultiPolygon", "coordinates": [ [ [ [ 686053.809333217330277, 5653242.50267765391618 ], [ 686053.809333217330277, 5653837.226591414771974 ], [ 686741.458858503494412, 5653837.226591414771974 ], [ 686741.458858503494412, 5653242.50267765391618 ], [ 686053.809333217330277, 5653242.50267765391618 ] ] ] ] } },
{ "type": "Feature", "properties": { }, "geometry": { "type": "MultiPolygon", "coordinates": [ [ [ [ 686741.458858503494412, 5653242.50267765391618 ], [ 686741.458858503494412, 5653837.226591414771974 ], [ 687429.108383789658546, 5653837.226591414771974 ], [ 687429.108383789658546, 5653242.50267765391618 ], [ 686741.458858503494412, 5653242.50267765391618 ] ] ] ] } },
{ "type": "Feature", "properties": { }, "geometry": { "type": "MultiPolygon", "coordinates": [ [ [ [ 687429.108383789658546, 5653242.50267765391618 ], [ 687429.108383789658546, 5653837.226591414771974 ], [ 688116.757909075822681, 5653837.226591414771974 ], [ 688116.757909075822681, 5653242.50267765391618 ], [ 687429.108383789658546, 5653242.50267765391618 ] ] ] ] } },
{ "type": "Feature", "properties": { }, "geometry": { "type": "MultiPolygon", "coordinates": [ [ [ [ 688116.757909075822681, 5653242.50267765391618 ], [ 688116.757909075822681, 5653837.226591414771974 ], [ 688804.407434361986816, 5653837.226591414771974 ], [ 688804.407434361986816, 5653242.50267765391618 ], [ 688116.757909075822681, 5653242.50267765391618 ] ] ] ] } },
{ "type": "Feature", "properties": { }, "geometry": { "type": "MultiPolygon", "coordinates": [ [ [ [ 688804.407434361986816, 5653242.50267765391618 ], [ 688804.407434361986816, 5653837.226591414771974 ], [ 689492.056959648150951, 5653837.226591414771974 ], [ 689492.056959648150951, 5653242.50267765391618 ], [ 688804.407434361986816, 5653242.50267765391618 ] ] ] ] } },
{ "type": "Feature", "properties": { }, "geometry": { "type": "MultiPolygon", "coordinates": [ [ [ [ 689492.056959648150951, 5653242.50267765391618 ], [ 689492.056959648150951, 5653837.226591414771974 ], [ 690179.706484934315085, 5653837.226591414771974 ], [ 690179.706484934315085, 5653242.50267765391618 ], [ 689492.056959648150951, 5653242.50267765391618 ] ] ] ] } },
{ "type": "Feature", "properties": { }, "geometry": { "type": "MultiPolygon", "coordinates": [ [ [ [ 690179.706484934315085, 5653242.50267765391618 ], [ 690179.706484934315085, 5653837.226591414771974 ], [ 690867.35601022047922, 5653837.226591414771974 ], [ 690867.35601022047922, 5653242.50267765391618 ], [ 690179.706484934315085, 5653242.50267765391618 ] ] ] ] } },
{ "type": "Feature", "properties": { }, "geometry": { "type": "MultiPolygon", "coordinates": [ [ [ [ 690867.35601022047922, 5653242.50267765391618 ], [ 690867.35601022047922, 5653837.226591414771974 ], [ 691555.005535506643355, 5653837.226591414771974 ], [ 691555.005535506643355, 5653242.50267765391618 ], [ 690867.35601022047922, 5653242.50267765391618 ] ] ] ] } },
{ "type": "Feature", "properties": { }, "geometry": { "type": "MultiPolygon", "coordinates": [ [ [ [ 677802.01502978336066, 5652647.778763893060386 ], [ 677802.01502978336066, 5653242.50267765391618 ], [ 678489.664555069524795, 5653242.50267765391618 ], [ 678489.664555069524795, 5652647.778763893060386 ], [ 677802.01502978336066, 5652647.778763893060386 ] ] ] ] } },
{ "type": "Feature", "properties": { }, "geometry": { "type": "MultiPolygon", "coordinates": [ [ [ [ 678489.664555069524795, 5652647.778763893060386 ], [ 678489.664555069524795, 5653242.50267765391618 ], [ 679177.31408035568893, 5653242.50267765391618 ], [ 679177.31408035568893, 5652647.778763893060386 ], [ 678489.664555069524795, 5652647.778763893060386 ] ] ] ] } },
{ "type": "Feature", "properties": { }, "geometry": { "type": "MultiPolygon", "coordinates": [ [ [ [ 679177.31408035568893, 5652647.778763893060386 ], [ 679177.31408035568893, 5653242.50267765391618 ], [ 679864.963605641853064, 5653242.50267765391618 ], [ 679864.963605641853064, 5652647.778763893060386 ], [ 679177.31408035568893, 5652647.778763893060386 ] ] ] ] } },
{ "type": "Feature", "properties": { }, "geometry": { "type": "MultiPolygon", "coordinates": [ [ [ [ 679864.963605641853064, 5652647.778763893060386 ], [ 679864.963605641853064, 5653242.50267765391618 ], [ 680552.613130928017199, 5653242.50267765391618 ], [ 680552.613130928017199, 5652647.778763893060386 ], [ 679864.963605641853064, 5652647.778763893060386 ] ] ] ] } },
{ "type": "Feature", "properties": { }, "geometry": { "type": "MultiPolygon", "coordinates": [ [ [ [ 680552.613130928017199, 5652647.778763893060386 ], [ 680552.613130928017199, 5653242.50267765391618 ], [ 681240.262656214181334, 5653242.50267765391618 ], [ 681240.262656214181334, 5652647.778763893060386 ], [ 680552.613130928017199, 5652647.778763893060386 ] ] ] ] } },
{ "type": "Feature", "properties": { }, "geometry": { "type": "MultiPolygon", "coordinates": [ [ [ [ 681240.262656214181334, 5652647.778763893060386 ], [ 681240.262656214181334, 5653242.50267765391618 ], [ 681927.912181500345469, 5653242.50267765391618 ], [ 681927.912181500345469, 5652647.778763893060386 ], [ 681240.262656214181334, 5652647.778763893060386 ] ] ] ] } },
{ "type": "Feature", "properties": { }, "geometry": { "type": "MultiPolygon", "coordinates": [ [ [ [ 681927.912181500345469, 5652647.778763893060386 ], [ 681927.912181500345469, 5653242.50267765391618 ], [ 682615.561706786509603, 5653242.50267765391618 ], [ 682615.561706786509603, 5652647.778763893060386 ], [ 681927.912181500345469, 5652647.778763893060386 ] ] ] ] } },
{ "type": "Feature", "properties": { }, "geometry": { "type": "MultiPolygon", "coordinates": [ [ [ [ 682615.561706786509603, 5652647.778763893060386 ], [ 682615.561706786509603, 5653242.50267765391618 ], [ 683303.211232072673738, 5653242.50267765391618 ], [ 683303.211232072673738, 5652647.778763893060386 ], [ 682615.561706786509603, 5652647.778763893060386 ] ] ] ] } },
{ "type": "Feature", "properties": { }, "geometry": { "type": "MultiPolygon", "coordinates": [ [ [ [ 683303.211232072673738, 5652647.778763893060386 ], [ 683303.211232072673738, 5653242.50267765391618 ], [ 683990.860757358837873, 5653242.50267765391618 ], [ 683990.860757358837873, 5652647.778763893060386 ], [ 683303.211232072673738, 5652647.778763893060386 ] ] ] ] } },
{ "type": "Feature", "properties": { }, "geometry": { "type": "MultiPolygon", "coordinates": [ [ [ [ 683990.860757358837873, 5652647.778763893060386 ], [ 683990.860757358837873, 5653242.50267765391618 ], [ 684678.510282645002007, 5653242.50267765391618 ], [ 684678.510282645002007, 5652647.778763893060386 ], [ 683990.860757358837873, 5652647.778763893060386 ] ] ] ] } },
{ "type": "Feature", "properties": { }, "geometry": { "type": "MultiPolygon", "coordinates": [ [ [ [ 684678.510282645002007, 5652647.778763893060386 ], [ 684678.510282645002007, 5653242.50267765391618 ], [ 685366.159807931166142, 5653242.50267765391618 ], [ 685366.159807931166142, 5652647.778763893060386 ], [ 684678.510282645002007, 5652647.778763893060386 ] ] ] ] } },
{ "type": "Feature", "properties": { }, "geometry": { "type": "MultiPolygon", "coordinates": [ [ [ [ 685366.159807931166142, 5652647.778763893060386 ], [ 685366.159807931166142, 5653242.50267765391618 ], [ 686053.809333217330277, 5653242.50267765391618 ], [ 686053.809333217330277, 5652647.778763893060386 ], [ 685366.159807931166142, 5652647.778763893060386 ] ] ] ] } },
{ "type": "Feature", "properties": { }, "geometry": { "type": "MultiPolygon", "coordinates": [ [ [ [ 686053.809333217330277, 5652647.778763893060386 ], [ 686053.809333217330277, 5653242.50267765391618 ], [ 686741.458858503494412, 5653242.50267765391618 ], [ 686741.458858503494412, 5652647.778763893060386 ], [ 686053.809333217330277, 5652647.778763893060386 ] ] ] ] } },
{ "type": "Feature", "properties": { }, "geometry": { "type": "MultiPolygon", "coordinates": [ [ [ [ 686741.458858503494412, 5652647.778763893060386 ], [ 686741.458858503494412, 5653242.50267765391618 ], [ 687429.108383789658546, 5653242.50267765391618 ], [ 687429.108383789658546, 5652647.778763893060386 ], [ 686741.458858503494412, 5652647.778763893060386 ] ] ] ] } },
{ "type": "Feature", "properties": { }, "geometry": { "type": "MultiPolygon", "coordinates": [ [ [ [ 687429.108383789658546, 5652647.778763893060386 ], [ 687429.108383789658546, 5653242.50267765391618 ], [ 688116.757909075822681, 5653242.50267765391618 ], [ 688116.757909075822681, 5652647.778763893060386 ], [ 687429.108383789658546, 5652647.778763893060386 ] ] ] ] } },
{ "type": "Feature", "properties": { }, "geometry": { "type": "MultiPolygon", "coordinates": [ [ [ [ 688116.757909075822681, 5652647.778763893060386 ], [ 688116.757909075822681, 5653242.50267765391618 ], [ 688804.407434361986816, 5653242.50267765391618 ], [ 688804.407434361986816, 5652647.778763893060386 ], [ 688116.757909075822681, 5652647.778763893060386 ] ] ] ] } },
{ "type": "Feature", "properties": { }, "geometry": { "type": "MultiPolygon", "coordinates": [ [ [ [ 688804.407434361986816, 5652647.778763893060386 ], [ 688804.407434361986816, 5653242.50267765391618 ], [ 689492.056959648150951, 5653242.50267765391618 ], [ 689492.056959648150951, 5652647.778763893060386 ], [ 688804.407434361986816, 5652647.778763893060386 ] ] ] ] } },
{ "type": "Feature", "properties": { }, "geometry": { "type": "MultiPolygon", "coordinates": [ [ [ [ 689492.056959648150951, 5652647.778763893060386 ], [ 689492.056959648150951, 5653242.50267765391618 ], [ 690179.706484934315085, 5653242.50267765391618 ], [ 690179.706484934315085, 5652647.778763893060386 ], [ 689492.056959648150951, 5652647.778763893060386 ] ] ] ] } },
{ "type": "Feature", "properties": { }, "geometry": { "type": "MultiPolygon", "coordinates": [ [ [ [ 690179.706484934315085, 5652647.778763893060386 ], [ 690179.706484934315085, 5653242.50267765391618 ], [ 690867.35601022047922, 5653242.50267765391618 ], [ 690867.35601022047922, 5652647.778763893060386 ], [ 690179.706484934315085, 5652647.778763893060386 ] ] ] ] } },
{ "type": "Feature", "properties": { }, "geometry": { "type": "MultiPolygon", "coordinates": [ [ [ [ 690867.35601022047922, 5652647.778763893060386 ], [ 690867.35601022047922, 5653242.50267765391618 ], [ 691555.005535506643355, 5653242.50267765391618 ], [ 691555.005535506643355, 5652647.778763893060386 ], [ 690867.35601022047922, 5652647.778763893060386 ] ] ] ] } },
{ "type": "Feature", "properties": { }, "geometry": { "type": "MultiPolygon", "coordinates": [ [ [ [ 677802.01502978336066, 5652053.054850132204592 ], [ 677802.01502978336066, 5652647.778763893060386 ], [ 678489.664555069524795, 5652647.778763893060386 ], [ 678489.664555069524795, 5652053.054850132204592 ], [ 677802.01502978336066, 5652053.054850132204592 ] ] ] ] } },
{ "type": "Feature", "properties": { }, "geometry": { "type": "MultiPolygon", "coordinates": [ [ [ [ 678489.664555069524795, 5652053.054850132204592 ], [ 678489.664555069524795, 5652647.778763893060386 ], [ 679177.31408035568893, 5652647.778763893060386 ], [ 679177.31408035568893, 5652053.054850132204592 ], [ 678489.664555069524795, 5652053.054850132204592 ] ] ] ] } },
{ "type": "Feature", "properties": { }, "geometry": { "type": "MultiPolygon", "coordinates": [ [ [ [ 679177.31408035568893, 5652053.054850132204592 ], [ 679177.31408035568893, 5652647.778763893060386 ], [ 679864.963605641853064, 5652647.778763893060386 ], [ 679864.963605641853064, 5652053.054850132204592 ], [ 679177.31408035568893, 5652053.054850132204592 ] ] ] ] } },
{ "type": "Feature", "properties": { }, "geometry": { "type": "MultiPolygon", "coordinates": [ [ [ [ 679864.963605641853064, 5652053.054850132204592 ], [ 679864.963605641853064, 5652647.778763893060386 ], [ 680552.613130928017199, 5652647.778763893060386 ], [ 680552.613130928017199, 5652053.054850132204592 ], [ 679864.963605641853064, 5652053.054850132204592 ] ] ] ] } },
{ "type": "Feature", "properties": { }, "geometry": { "type": "MultiPolygon", "coordinates": [ [ [ [ 680552.613130928017199, 5652053.054850132204592 ], [ 680552.613130928017199, 5652647.778763893060386 ], [ 681240.262656214181334, 5652647.778763893060386 ], [ 681240.262656214181334, 5652053.054850132204592 ], [ 680552.613130928017199, 5652053.054850132204592 ] ] ] ] } },
{ "type": "Feature", "properties": { }, "geometry": { "type": "MultiPolygon", "coordinates": [ [ [ [ 681240.262656214181334, 5652053.054850132204592 ], [ 681240.262656214181334, 5652647.778763893060386 ], [ 681927.912181500345469, 5652647.778763893060386 ], [ 681927.912181500345469, 5652053.054850132204592 ], [ 681240.262656214181334, 5652053.054850132204592 ] ] ] ] } },
{ "type": "Feature", "properties": { }, "geometry": { "type": "MultiPolygon", "coordinates": [ [ [ [ 681927.912181500345469, 5652053.054850132204592 ], [ 681927.912181500345469, 5652647.778763893060386 ], [ 682615.561706786509603, 5652647.778763893060386 ], [ 682615.561706786509603, 5652053.054850132204592 ], [ 681927.912181500345469, 5652053.054850132204592 ] ] ] ] } },
{ "type": "Feature", "properties": { }, "geometry": { "type": "MultiPolygon", "coordinates": [ [ [ [ 682615.561706786509603, 5652053.054850132204592 ], [ 682615.561706786509603, 5652647.778763893060386 ], [ 683303.211232072673738, 5652647.778763893060386 ], [ 683303.211232072673738, 5652053.054850132204592 ], [ 682615.561706786509603, 5652053.054850132204592 ] ] ] ] } },
{ "type": "Feature", "properties": { }, "geometry": { "type": "MultiPolygon", "coordinates": [ [ [ [ 683303.211232072673738, 5652053.054850132204592 ], [ 683303.211232072673738, 5652647.778763893060386 ], [ 683990.860757358837873, 5652647.778763893060386 ], [ 683990.860757358837873, 5652053.054850132204592 ], [ 683303.211232072673738, 5652053.054850132204592 ] ] ] ] } },
{ "type": "Feature", "properties": { }, "geometry": { "type": "MultiPolygon", "coordinates": [ [ [ [ 683990.860757358837873, 5652053.054850132204592 ], [ 683990.860757358837873, 5652647.778763893060386 ], [ 684678.510282645002007, 5652647.778763893060386 ], [ 684678.510282645002007, 5652053.054850132204592 ], [ 683990.860757358837873, 5652053.054850132204592 ] ] ] ] } },
{ "type": "Feature", "properties": { }, "geometry": { "type": "MultiPolygon", "coordinates": [ [ [ [ 684678.510282645002007, 5652053.054850132204592 ], [ 684678.510282645002007, 5652647.778763893060386 ], [ 685366.159807931166142, 5652647.778763893060386 ], [ 685366.159807931166142, 5652053.054850132204592 ], [ 684678.510282645002007, 5652053.054850132204592 ] ] ] ] } },
{ "type": "Feature", "properties": { }, "geometry": { "type": "MultiPolygon", "coordinates": [ [ [ [ 685366.159807931166142, 5652053.054850132204592 ], [ 685366.159807931166142, 5652647.778763893060386 ], [ 686053.809333217330277, 5652647.778763893060386 ], [ 686053.809333217330277, 5652053.054850132204592 ], [ 685366.159807931166142, 5652053.054850132204592 ] ] ] ] } },
{ "type": "Feature", "properties": { }, "geometry": { "type": "MultiPolygon", "coordinates": [ [ [ [ 686053.809333217330277, 5652053.054850132204592 ], [ 686053.809333217330277, 5652647.778763893060386 ], [ 686741.458858503494412, 5652647.778763893060386 ], [ 686741.458858503494412, 5652053.054850132204592 ], [ 686053.809333217330277, 5652053.054850132204592 ] ] ] ] } },
{ "type": "Feature", "properties": { }, "geometry": { "type": "MultiPolygon", "coordinates": [ [ [ [ 686741.458858503494412, 5652053.054850132204592 ], [ 686741.458858503494412, 5652647.778763893060386 ], [ 687429.108383789658546, 5652647.778763893060386 ], [ 687429.108383789658546, 5652053.054850132204592 ], [ 686741.458858503494412, 5652053.054850132204592 ] ] ] ] } },
{ "type": "Feature", "properties": { }, "geometry": { "type": "MultiPolygon", "coordinates": [ [ [ [ 687429.108383789658546, 5652053.054850132204592 ], [ 687429.108383789658546, 5652647.778763893060386 ], [ 688116.757909075822681, 5652647.778763893060386 ], [ 688116.757909075822681, 5652053.054850132204592 ], [ 687429.108383789658546, 5652053.054850132204592 ] ] ] ] } },
{ "type": "Feature", "properties": { }, "geometry": { "type": "MultiPolygon", "coordinates": [ [ [ [ 688116.757909075822681, 5652053.054850132204592 ], [ 688116.757909075822681, 5652647.778763893060386 ], [ 688804.407434361986816, 5652647.778763893060386 ], [ 688804.407434361986816, 5652053.054850132204592 ], [ 688116.757909075822681, 5652053.054850132204592 ] ] ] ] } },
{ "type": "Feature", "properties": { }, "geometry": { "type": "MultiPolygon", "coordinates": [ [ [ [ 688804.407434361986816, 5652053.054850132204592 ], [ 688804.407434361986816, 5652647.778763893060386 ], [ 689492.056959648150951, 5652647.778763893060386 ], [ 689492.056959648150951, 5652053.054850132204592 ], [ 688804.407434361986816, 5652053.054850132204592 ] ] ] ] } },
{ "type": "Feature", "properties": { }, "geometry": { "type": "MultiPolygon", "coordinates": [ [ [ [ 689492.056959648150951, 5652053.054850132204592 ], [ 689492.056959648150951, 5652647.778763893060386 ], [ 690179.706484934315085, 5652647.778763893060386 ], [ 690179.706484934315085, 5652053.054850132204592 ], [ 689492.056959648150951, 5652053.054850132204592 ] ] ] ] } },
{ "type": "Feature", "properties": { }, "geometry": { "type": "MultiPolygon", "coordinates": [ [ [ [ 690179.706484934315085, 5652053.054850132204592 ], [ 690179.706484934315085, 5652647.778763893060386 ], [ 690867.35601022047922, 5652647.778763893060386 ], [ 690867.35601022047922, 5652053.054850132204592 ], [ 690179.706484934315085, 5652053.054850132204592 ] ] ] ] } },
{ "type": "Feature", "properties": { }, "geometry": { "type": "MultiPolygon", "coordinates": [ [ [ [ 690867.35601022047922, 5652053.054850132204592 ], [ 690867.35601022047922, 5652647.778763893060386 ], [ 691555.005535506643355, 5652647.778763893060386 ], [ 691555.005535506643355, 5652053.054850132204592 ], [ 690867.35601022047922, 5652053.054850132204592 ] ] ] ] } },
{ "type": "Feature", "properties": { }, "geometry": { "type": "MultiPolygon", "coordinates": [ [ [ [ 677802.01502978336066, 5651458.330936371348798 ], [ 677802.01502978336066, 5652053.054850132204592 ], [ 678489.664555069524795, 5652053.054850132204592 ], [ 678489.664555069524795, 5651458.330936371348798 ], [ 677802.01502978336066, 5651458.330936371348798 ] ] ] ] } },
{ "type": "Feature", "properties": { }, "geometry": { "type": "MultiPolygon", "coordinates": [ [ [ [ 678489.664555069524795, 5651458.330936371348798 ], [ 678489.664555069524795, 5652053.054850132204592 ], [ 679177.31408035568893, 5652053.054850132204592 ], [ 679177.31408035568893, 5651458.330936371348798 ], [ 678489.664555069524795, 5651458.330936371348798 ] ] ] ] } },
{ "type": "Feature", "properties": { }, "geometry": { "type": "MultiPolygon", "coordinates": [ [ [ [ 679177.31408035568893, 5651458.330936371348798 ], [ 679177.31408035568893, 5652053.054850132204592 ], [ 679864.963605641853064, 5652053.054850132204592 ], [ 679864.963605641853064, 5651458.330936371348798 ], [ 679177.31408035568893, 5651458.330936371348798 ] ] ] ] } },
{ "type": "Feature", "properties": { }, "geometry": { "type": "MultiPolygon", "coordinates": [ [ [ [ 679864.963605641853064, 5651458.330936371348798 ], [ 679864.963605641853064, 5652053.054850132204592 ], [ 680552.613130928017199, 5652053.054850132204592 ], [ 680552.613130928017199, 5651458.330936371348798 ], [ 679864.963605641853064, 5651458.330936371348798 ] ] ] ] } },
{ "type": "Feature", "properties": { }, "geometry": { "type": "MultiPolygon", "coordinates": [ [ [ [ 680552.613130928017199, 5651458.330936371348798 ], [ 680552.613130928017199, 5652053.054850132204592 ], [ 681240.262656214181334, 5652053.054850132204592 ], [ 681240.262656214181334, 5651458.330936371348798 ], [ 680552.613130928017199, 5651458.330936371348798 ] ] ] ] } },
{ "type": "Feature", "properties": { }, "geometry": { "type": "MultiPolygon", "coordinates": [ [ [ [ 681240.262656214181334, 5651458.330936371348798 ], [ 681240.262656214181334, 5652053.054850132204592 ], [ 681927.912181500345469, 5652053.054850132204592 ], [ 681927.912181500345469, 5651458.330936371348798 ], [ 681240.262656214181334, 5651458.330936371348798 ] ] ] ] } },
{ "type": "Feature", "properties": { }, "geometry": { "type": "MultiPolygon", "coordinates": [ [ [ [ 681927.912181500345469, 5651458.330936371348798 ], [ 681927.912181500345469, 5652053.054850132204592 ], [ 682615.561706786509603, 5652053.054850132204592 ], [ 682615.561706786509603, 5651458.330936371348798 ], [ 681927.912181500345469, 5651458.330936371348798 ] ] ] ] } },
{ "type": "Feature", "properties": { }, "geometry": { "type": "MultiPolygon", "coordinates": [ [ [ [ 682615.561706786509603, 5651458.330936371348798 ], [ 682615.561706786509603, 5652053.054850132204592 ], [ 683303.211232072673738, 5652053.054850132204592 ], [ 683303.211232072673738, 5651458.330936371348798 ], [ 682615.561706786509603, 5651458.330936371348798 ] ] ] ] } },
{ "type": "Feature", "properties": { }, "geometry": { "type": "MultiPolygon", "coordinates": [ [ [ [ 683303.211232072673738, 5651458.330936371348798 ], [ 683303.211232072673738, 5652053.054850132204592 ], [ 683990.860757358837873, 5652053.054850132204592 ], [ 683990.860757358837873, 5651458.330936371348798 ], [ 683303.211232072673738, 5651458.330936371348798 ] ] ] ] } },
{ "type": "Feature", "properties": { }, "geometry": { "type": "MultiPolygon", "coordinates": [ [ [ [ 683990.860757358837873, 5651458.330936371348798 ], [ 683990.860757358837873, 5652053.054850132204592 ], [ 684678.510282645002007, 5652053.054850132204592 ], [ 684678.510282645002007, 5651458.330936371348798 ], [ 683990.860757358837873, 5651458.330936371348798 ] ] ] ] } },
{ "type": "Feature", "properties": { }, "geometry": { "type": "MultiPolygon", "coordinates": [ [ [ [ 684678.510282645002007, 5651458.330936371348798 ], [ 684678.510282645002007, 5652053.054850132204592 ], [ 685366.159807931166142, 5652053.054850132204592 ], [ 685366.159807931166142, 5651458.330936371348798 ], [ 684678.510282645002007, 5651458.330936371348798 ] ] ] ] } },
{ "type": "Feature", "properties": { }, "geometry": { "type": "MultiPolygon", "coordinates": [ [ [ [ 685366.159807931166142, 5651458.330936371348798 ], [ 685366.159807931166142, 5652053.054850132204592 ], [ 686053.809333217330277, 5652053.054850132204592 ], [ 686053.809333217330277, 5651458.330936371348798 ], [ 685366.159807931166142, 5651458.330936371348798 ] ] ] ] } },
{ "type": "Feature", "properties": { }, "geometry": { "type": "MultiPolygon", "coordinates": [ [ [ [ 686053.809333217330277, 5651458.330936371348798 ], [ 686053.809333217330277, 5652053.054850132204592 ], [ 686741.458858503494412, 5652053.054850132204592 ], [ 686741.458858503494412, 5651458.330936371348798 ], [ 686053.809333217330277, 5651458.330936371348798 ] ] ] ] } },
{ "type": "Feature", "properties": { }, "geometry": { "type": "MultiPolygon", "coordinates": [ [ [ [ 686741.458858503494412, 5651458.330936371348798 ], [ 686741.458858503494412, 5652053.054850132204592 ], [ 687429.108383789658546, 5652053.054850132204592 ], [ 687429.108383789658546, 5651458.330936371348798 ], [ 686741.458858503494412, 5651458.330936371348798 ] ] ] ] } },
{ "type": "Feature", "properties": { }, "geometry": { "type": "MultiPolygon", "coordinates": [ [ [ [ 687429.108383789658546, 5651458.330936371348798 ], [ 687429.108383789658546, 5652053.054850132204592 ], [ 688116.757909075822681, 5652053.054850132204592 ], [ 688116.757909075822681, 5651458.330936371348798 ], [ 687429.108383789658546, 5651458.330936371348798 ] ] ] ] } },
{ "type": "Feature", "properties": { }, "geometry": { "type": "MultiPolygon", "coordinates": [ [ [ [ 688116.757909075822681, 5651458.330936371348798 ], [ 688116.757909075822681, 5652053.054850132204592 ], [ 688804.407434361986816, 5652053.054850132204592 ], [ 688804.407434361986816, 5651458.330936371348798 ], [ 688116.757909075822681, 5651458.330936371348798 ] ] ] ] } },
{ "type": "Feature", "properties": { }, "geometry": { "type": "MultiPolygon", "coordinates": [ [ [ [ 688804.407434361986816, 5651458.330936371348798 ], [ 688804.407434361986816, 5652053.054850132204592 ], [ 689492.056959648150951, 5652053.054850132204592 ], [ 689492.056959648150951, 5651458.330936371348798 ], [ 688804.407434361986816, 5651458.330936371348798 ] ] ] ] } },
{ "type": "Feature", "properties": { }, "geometry": { "type": "MultiPolygon", "coordinates": [ [ [ [ 689492.056959648150951, 5651458.330936371348798 ], [ 689492.056959648150951, 5652053.054850132204592 ], [ 690179.706484934315085, 5652053.054850132204592 ], [ 690179.706484934315085, 5651458.330936371348798 ], [ 689492.056959648150951, 5651458.330936371348798 ] ] ] ] } },
{ "type": "Feature", "properties": { }, "geometry": { "type": "MultiPolygon", "coordinates": [ [ [ [ 690179.706484934315085, 5651458.330936371348798 ], [ 690179.706484934315085, 5652053.054850132204592 ], [ 690867.35601022047922, 5652053.054850132204592 ], [ 690867.35601022047922, 5651458.330936371348798 ], [ 690179.706484934315085, 5651458.330936371348798 ] ] ] ] } },
{ "type": "Feature", "properties": { }, "geometry": { "type": "MultiPolygon", "coordinates": [ [ [ [ 690867.35601022047922, 5651458.330936371348798 ], [ 690867.35601022047922, 5652053.054850132204592 ], [ 691555.005535506643355, 5652053.054850132204592 ], [ 691555.005535506643355, 5651458.330936371348798 ], [ 690867.35601022047922, 5651458.330936371348798 ] ] ] ] } },
{ "type": "Feature", "properties": { }, "geometry": { "type": "MultiPolygon", "coordinates": [ [ [ [ 677802.01502978336066, 5650863.607022610493004 ], [ 677802.01502978336066, 5651458.330936371348798 ], [ 678489.664555069524795, 5651458.330936371348798 ], [ 678489.664555069524795, 5650863.607022610493004 ], [ 677802.01502978336066, 5650863.607022610493004 ] ] ] ] } },
{ "type": "Feature", "properties": { }, "geometry": { "type": "MultiPolygon", "coordinates": [ [ [ [ 678489.664555069524795, 5650863.607022610493004 ], [ 678489.664555069524795, 5651458.330936371348798 ], [ 679177.31408035568893, 5651458.330936371348798 ], [ 679177.31408035568893, 5650863.607022610493004 ], [ 678489.664555069524795, 5650863.607022610493004 ] ] ] ] } },
{ "type": "Feature", "properties": { }, "geometry": { "type": "MultiPolygon", "coordinates": [ [ [ [ 679177.31408035568893, 5650863.607022610493004 ], [ 679177.31408035568893, 5651458.330936371348798 ], [ 679864.963605641853064, 5651458.330936371348798 ], [ 679864.963605641853064, 5650863.607022610493004 ], [ 679177.31408035568893, 5650863.607022610493004 ] ] ] ] } },
{ "type": "Feature", "properties": { }, "geometry": { "type": "MultiPolygon", "coordinates": [ [ [ [ 679864.963605641853064, 5650863.607022610493004 ], [ 679864.963605641853064, 5651458.330936371348798 ], [ 680552.613130928017199, 5651458.330936371348798 ], [ 680552.613130928017199, 5650863.607022610493004 ], [ 679864.963605641853064, 5650863.607022610493004 ] ] ] ] } },
{ "type": "Feature", "properties": { }, "geometry": { "type": "MultiPolygon", "coordinates": [ [ [ [ 680552.613130928017199, 5650863.607022610493004 ], [ 680552.613130928017199, 5651458.330936371348798 ], [ 681240.262656214181334, 5651458.330936371348798 ], [ 681240.262656214181334, 5650863.607022610493004 ], [ 680552.613130928017199, 5650863.607022610493004 ] ] ] ] } },
{ "type": "Feature", "properties": { }, "geometry": { "type": "MultiPolygon", "coordinates": [ [ [ [ 681240.262656214181334, 5650863.607022610493004 ], [ 681240.262656214181334, 5651458.330936371348798 ], [ 681927.912181500345469, 5651458.330936371348798 ], [ 681927.912181500345469, 5650863.607022610493004 ], [ 681240.262656214181334, 5650863.607022610493004 ] ] ] ] } },
{ "type": "Feature", "properties": { }, "geometry": { "type": "MultiPolygon", "coordinates": [ [ [ [ 681927.912181500345469, 5650863.607022610493004 ], [ 681927.912181500345469, 5651458.330936371348798 ], [ 682615.561706786509603, 5651458.330936371348798 ], [ 682615.561706786509603, 5650863.607022610493004 ], [ 681927.912181500345469, 5650863.607022610493004 ] ] ] ] } },
{ "type": "Feature", "properties": { }, "geometry": { "type": "MultiPolygon", "coordinates": [ [ [ [ 682615.561706786509603, 5650863.607022610493004 ], [ 682615.561706786509603, 5651458.330936371348798 ], [ 683303.211232072673738, 5651458.330936371348798 ], [ 683303.211232072673738, 5650863.607022610493004 ], [ 682615.561706786509603, 5650863.607022610493004 ] ] ] ] } },
{ "type": "Feature", "properties": { }, "geometry": { "type": "MultiPolygon", "coordinates": [ [ [ [ 683303.211232072673738, 5650863.607022610493004 ], [ 683303.211232072673738, 5651458.330936371348798 ], [ 683990.860757358837873, 5651458.330936371348798 ], [ 683990.860757358837873, 5650863.607022610493004 ], [ 683303.211232072673738, 5650863.607022610493004 ] ] ] ] } },
{ "type": "Feature", "properties": { }, "geometry": { "type": "MultiPolygon", "coordinates": [ [ [ [ 683990.860757358837873, 5650863.607022610493004 ], [ 683990.860757358837873, 5651458.330936371348798 ], [ 684678.510282645002007, 5651458.330936371348798 ], [ 684678.510282645002007, 5650863.607022610493004 ], [ 683990.860757358837873, 5650863.607022610493004 ] ] ] ] } },
{ "type": "Feature", "properties": { }, "geometry": { "type": "MultiPolygon", "coordinates": [ [ [ [ 684678.510282645002007, 5650863.607022610493004 ], [ 684678.510282645002007, 5651458.330936371348798 ], [ 685366.159807931166142, 5651458.330936371348798 ], [ 685366.159807931166142, 5650863.607022610493004 ], [ 684678.510282645002007, 5650863.607022610493004 ] ] ] ] } },
{ "type": "Feature", "properties": { }, "geometry": { "type": "MultiPolygon", "coordinates": [ [ [ [ 685366.159807931166142, 5650863.607022610493004 ], [ 685366.159807931166142, 5651458.330936371348798 ], [ 686053.809333217330277, 5651458.330936371348798 ], [ 686053.809333217330277, 5650863.607022610493004 ], [ 685366.159807931166142, 5650863.607022610493004 ] ] ] ] } },
{ "type": "Feature", "properties": { }, "geometry": { "type": "MultiPolygon", "coordinates": [ [ [ [ 686053.809333217330277, 5650863.607022610493004 ], [ 686053.809333217330277, 5651458.330936371348798 ], [ 686741.458858503494412, 5651458.330936371348798 ], [ 686741.458858503494412, 5650863.607022610493004 ], [ 686053.809333217330277, 5650863.607022610493004 ] ] ] ] } },
{ "type": "Feature", "properties": { }, "geometry": { "type": "MultiPolygon", "coordinates": [ [ [ [ 686741.458858503494412, 5650863.607022610493004 ], [ 686741.458858503494412, 5651458.330936371348798 ], [ 687429.108383789658546, 5651458.330936371348798 ], [ 687429.108383789658546, 5650863.607022610493004 ], [ 686741.458858503494412, 5650863.607022610493004 ] ] ] ] } },
{ "type": "Feature", "properties": { }, "geometry": { "type": "MultiPolygon", "coordinates": [ [ [ [ 687429.108383789658546, 5650863.607022610493004 ], [ 687429.108383789658546, 5651458.330936371348798 ], [ 688116.757909075822681, 5651458.330936371348798 ], [ 688116.757909075822681, 5650863.607022610493004 ], [ 687429.108383789658546, 5650863.607022610493004 ] ] ] ] } },
{ "type": "Feature", "properties": { }, "geometry": { "type": "MultiPolygon", "coordinates": [ [ [ [ 688116.757909075822681, 5650863.607022610493004 ], [ 688116.757909075822681, 5651458.330936371348798 ], [ 688804.407434361986816, 5651458.330936371348798 ], [ 688804.407434361986816, 5650863.607022610493004 ], [ 688116.757909075822681, 5650863.607022610493004 ] ] ] ] } },
{ "type": "Feature", "properties": { }, "geometry": { "type": "MultiPolygon", "coordinates": [ [ [ [ 688804.407434361986816, 5650863.607022610493004 ], [ 688804.407434361986816, 5651458.330936371348798 ], [ 689492.056959648150951, 5651458.330936371348798 ], [ 689492.056959648150951, 5650863.607022610493004 ], [ 688804.407434361986816, 5650863.607022610493004 ] ] ] ] } },
{ "type": "Feature", "properties": { }, "geometry": { "type": "MultiPolygon", "coordinates": [ [ [ [ 689492.056959648150951, 5650863.607022610493004 ], [ 689492.056959648150951, 5651458.330936371348798 ], [ 690179.706484934315085, 5651458.330936371348798 ], [ 690179.706484934315085, 5650863.607022610493004 ], [ 689492.056959648150951, 5650863.607022610493004 ] ] ] ] } },
{ "type": "Feature", "properties": { }, "geometry": { "type": "MultiPolygon", "coordinates": [ [ [ [ 690179.706484934315085, 5650863.607022610493004 ], [ 690179.706484934315085, 5651458.330936371348798 ], [ 690867.35601022047922, 5651458.330936371348798 ], [ 690867.35601022047922, 5650863.607022610493004 ], [ 690179.706484934315085, 5650863.607022610493004 ] ] ] ] } },
{ "type": "Feature", "properties": { }, "geometry": { "type": "MultiPolygon", "coordinates": [ [ [ [ 690867.35601022047922, 5650863.607022610493004 ], [ 690867.35601022047922, 5651458.330936371348798 ], [ 691555.005535506643355, 5651458.330936371348798 ], [ 691555.005535506643355, 5650863.607022610493004 ], [ 690867.35601022047922, 5650863.607022610493004 ] ] ] ] } },
{ "type": "Feature", "properties": { }, "geometry": { "type": "MultiPolygon", "coordinates": [ [ [ [ 677802.01502978336066, 5650268.883108848705888 ], [ 677802.01502978336066, 5650863.607022609561682 ], [ 678489.664555069524795, 5650863.607022609561682 ], [ 678489.664555069524795, 5650268.883108848705888 ], [ 677802.01502978336066, 5650268.883108848705888 ] ] ] ] } },
{ "type": "Feature", "properties": { }, "geometry": { "type": "MultiPolygon", "coordinates": [ [ [ [ 678489.664555069524795, 5650268.883108848705888 ], [ 678489.664555069524795, 5650863.607022609561682 ], [ 679177.31408035568893, 5650863.607022609561682 ], [ 679177.31408035568893, 5650268.883108848705888 ], [ 678489.664555069524795, 5650268.883108848705888 ] ] ] ] } },
{ "type": "Feature", "properties": { }, "geometry": { "type": "MultiPolygon", "coordinates": [ [ [ [ 679177.31408035568893, 5650268.883108848705888 ], [ 679177.31408035568893, 5650863.607022609561682 ], [ 679864.963605641853064, 5650863.607022609561682 ], [ 679864.963605641853064, 5650268.883108848705888 ], [ 679177.31408035568893, 5650268.883108848705888 ] ] ] ] } },
{ "type": "Feature", "properties": { }, "geometry": { "type": "MultiPolygon", "coordinates": [ [ [ [ 679864.963605641853064, 5650268.883108848705888 ], [ 679864.963605641853064, 5650863.607022609561682 ], [ 680552.613130928017199, 5650863.607022609561682 ], [ 680552.613130928017199, 5650268.883108848705888 ], [ 679864.963605641853064, 5650268.883108848705888 ] ] ] ] } },
{ "type": "Feature", "properties": { }, "geometry": { "type": "MultiPolygon", "coordinates": [ [ [ [ 680552.613130928017199, 5650268.883108848705888 ], [ 680552.613130928017199, 5650863.607022609561682 ], [ 681240.262656214181334, 5650863.607022609561682 ], [ 681240.262656214181334, 5650268.883108848705888 ], [ 680552.613130928017199, 5650268.883108848705888 ] ] ] ] } },
{ "type": "Feature", "properties": { }, "geometry": { "type": "MultiPolygon", "coordinates": [ [ [ [ 681240.262656214181334, 5650268.883108848705888 ], [ 681240.262656214181334, 5650863.607022609561682 ], [ 681927.912181500345469, 5650863.607022609561682 ], [ 681927.912181500345469, 5650268.883108848705888 ], [ 681240.262656214181334, 5650268.883108848705888 ] ] ] ] } },
{ "type": "Feature", "properties": { }, "geometry": { "type": "MultiPolygon", "coordinates": [ [ [ [ 681927.912181500345469, 5650268.883108848705888 ], [ 681927.912181500345469, 5650863.607022609561682 ], [ 682615.561706786509603, 5650863.607022609561682 ], [ 682615.561706786509603, 5650268.883108848705888 ], [ 681927.912181500345469, 5650268.883108848705888 ] ] ] ] } },
{ "type": "Feature", "properties": { }, "geometry": { "type": "MultiPolygon", "coordinates": [ [ [ [ 682615.561706786509603, 5650268.883108848705888 ], [ 682615.561706786509603, 5650863.607022609561682 ], [ 683303.211232072673738, 5650863.607022609561682 ], [ 683303.211232072673738, 5650268.883108848705888 ], [ 682615.561706786509603, 5650268.883108848705888 ] ] ] ] } },
{ "type": "Feature", "properties": { }, "geometry": { "type": "MultiPolygon", "coordinates": [ [ [ [ 683303.211232072673738, 5650268.883108848705888 ], [ 683303.211232072673738, 5650863.607022609561682 ], [ 683990.860757358837873, 5650863.607022609561682 ], [ 683990.860757358837873, 5650268.883108848705888 ], [ 683303.211232072673738, 5650268.883108848705888 ] ] ] ] } },
{ "type": "Feature", "properties": { }, "geometry": { "type": "MultiPolygon", "coordinates": [ [ [ [ 683990.860757358837873, 5650268.883108848705888 ], [ 683990.860757358837873, 5650863.607022609561682 ], [ 684678.510282645002007, 5650863.607022609561682 ], [ 684678.510282645002007, 5650268.883108848705888 ], [ 683990.860757358837873, 5650268.883108848705888 ] ] ] ] } },
{ "type": "Feature", "properties": { }, "geometry": { "type": "MultiPolygon", "coordinates": [ [ [ [ 684678.510282645002007, 5650268.883108848705888 ], [ 684678.510282645002007, 5650863.607022609561682 ], [ 685366.159807931166142, 5650863.607022609561682 ], [ 685366.159807931166142, 5650268.883108848705888 ], [ 684678.510282645002007, 5650268.883108848705888 ] ] ] ] } },
{ "type": "Feature", "properties": { }, "geometry": { "type": "MultiPolygon", "coordinates": [ [ [ [ 685366.159807931166142, 5650268.883108848705888 ], [ 685366.159807931166142, 5650863.607022609561682 ], [ 686053.809333217330277, 5650863.607022609561682 ], [ 686053.809333217330277, 5650268.883108848705888 ], [ 685366.159807931166142, 5650268.883108848705888 ] ] ] ] } },
{ "type": "Feature", "properties": { }, "geometry": { "type": "MultiPolygon", "coordinates": [ [ [ [ 686053.809333217330277, 5650268.883108848705888 ], [ 686053.809333217330277, 5650863.607022609561682 ], [ 686741.458858503494412, 5650863.607022609561682 ], [ 686741.458858503494412, 5650268.883108848705888 ], [ 686053.809333217330277, 5650268.883108848705888 ] ] ] ] } },
{ "type": "Feature", "properties": { }, "geometry": { "type": "MultiPolygon", "coordinates": [ [ [ [ 686741.458858503494412, 5650268.883108848705888 ], [ 686741.458858503494412, 5650863.607022609561682 ], [ 687429.108383789658546, 5650863.607022609561682 ], [ 687429.108383789658546, 5650268.883108848705888 ], [ 686741.458858503494412, 5650268.883108848705888 ] ] ] ] } },
{ "type": "Feature", "properties": { }, "geometry": { "type": "MultiPolygon", "coordinates": [ [ [ [ 687429.108383789658546, 5650268.883108848705888 ], [ 687429.108383789658546, 5650863.607022609561682 ], [ 688116.757909075822681, 5650863.607022609561682 ], [ 688116.757909075822681, 5650268.883108848705888 ], [ 687429.108383789658546, 5650268.883108848705888 ] ] ] ] } },
{ "type": "Feature", "properties": { }, "geometry": { "type": "MultiPolygon", "coordinates": [ [ [ [ 688116.757909075822681, 5650268.883108848705888 ], [ 688116.757909075822681, 5650863.607022609561682 ], [ 688804.407434361986816, 5650863.607022609561682 ], [ 688804.407434361986816, 5650268.883108848705888 ], [ 688116.757909075822681, 5650268.883108848705888 ] ] ] ] } },
{ "type": "Feature", "properties": { }, "geometry": { "type": "MultiPolygon", "coordinates": [ [ [ [ 688804.407434361986816, 5650268.883108848705888 ], [ 688804.407434361986816, 5650863.607022609561682 ], [ 689492.056959648150951, 5650863.607022609561682 ], [ 689492.056959648150951, 5650268.883108848705888 ], [ 688804.407434361986816, 5650268.883108848705888 ] ] ] ] } },
{ "type": "Feature", "properties": { }, "geometry": { "type": "MultiPolygon", "coordinates": [ [ [ [ 689492.056959648150951, 5650268.883108848705888 ], [ 689492.056959648150951, 5650863.607022609561682 ], [ 690179.706484934315085, 5650863.607022609561682 ], [ 690179.706484934315085, 5650268.883108848705888 ], [ 689492.056959648150951, 5650268.883108848705888 ] ] ] ] } },
{ "type": "Feature", "properties": { }, "geometry": { "type": "MultiPolygon", "coordinates": [ [ [ [ 690179.706484934315085, 5650268.883108848705888 ], [ 690179.706484934315085, 5650863.607022609561682 ], [ 690867.35601022047922, 5650863.607022609561682 ], [ 690867.35601022047922, 5650268.883108848705888 ], [ 690179.706484934315085, 5650268.883108848705888 ] ] ] ] } },
{ "type": "Feature", "properties": { }, "geometry": { "type": "MultiPolygon", "coordinates": [ [ [ [ 690867.35601022047922, 5650268.883108848705888 ], [ 690867.35601022047922, 5650863.607022609561682 ], [ 691555.005535506643355, 5650863.607022609561682 ], [ 691555.005535506643355, 5650268.883108848705888 ], [ 690867.35601022047922, 5650268.883108848705888 ] ] ] ] } },
{ "type": "Feature", "properties": { }, "geometry": { "type": "MultiPolygon", "coordinates": [ [ [ [ 677802.01502978336066, 5649674.159195087850094 ], [ 677802.01502978336066, 5650268.883108848705888 ], [ 678489.664555069524795, 5650268.883108848705888 ], [ 678489.664555069524795, 5649674.159195087850094 ], [ 677802.01502978336066, 5649674.159195087850094 ] ] ] ] } },
{ "type": "Feature", "properties": { }, "geometry": { "type": "MultiPolygon", "coordinates": [ [ [ [ 678489.664555069524795, 5649674.159195087850094 ], [ 678489.664555069524795, 5650268.883108848705888 ], [ 679177.31408035568893, 5650268.883108848705888 ], [ 679177.31408035568893, 5649674.159195087850094 ], [ 678489.664555069524795, 5649674.159195087850094 ] ] ] ] } },
{ "type": "Feature", "properties": { }, "geometry": { "type": "MultiPolygon", "coordinates": [ [ [ [ 679177.31408035568893, 5649674.159195087850094 ], [ 679177.31408035568893, 5650268.883108848705888 ], [ 679864.963605641853064, 5650268.883108848705888 ], [ 679864.963605641853064, 5649674.159195087850094 ], [ 679177.31408035568893, 5649674.159195087850094 ] ] ] ] } },
{ "type": "Feature", "properties": { }, "geometry": { "type": "MultiPolygon", "coordinates": [ [ [ [ 679864.963605641853064, 5649674.159195087850094 ], [ 679864.963605641853064, 5650268.883108848705888 ], [ 680552.613130928017199, 5650268.883108848705888 ], [ 680552.613130928017199, 5649674.159195087850094 ], [ 679864.963605641853064, 5649674.159195087850094 ] ] ] ] } },
{ "type": "Feature", "properties": { }, "geometry": { "type": "MultiPolygon", "coordinates": [ [ [ [ 680552.613130928017199, 5649674.159195087850094 ], [ 680552.613130928017199, 5650268.883108848705888 ], [ 681240.262656214181334, 5650268.883108848705888 ], [ 681240.262656214181334, 5649674.159195087850094 ], [ 680552.613130928017199, 5649674.159195087850094 ] ] ] ] } },
{ "type": "Feature", "properties": { }, "geometry": { "type": "MultiPolygon", "coordinates": [ [ [ [ 681240.262656214181334, 5649674.159195087850094 ], [ 681240.262656214181334, 5650268.883108848705888 ], [ 681927.912181500345469, 5650268.883108848705888 ], [ 681927.912181500345469, 5649674.159195087850094 ], [ 681240.262656214181334, 5649674.159195087850094 ] ] ] ] } },
{ "type": "Feature", "properties": { }, "geometry": { "type": "MultiPolygon", "coordinates": [ [ [ [ 681927.912181500345469, 5649674.159195087850094 ], [ 681927.912181500345469, 5650268.883108848705888 ], [ 682615.561706786509603, 5650268.883108848705888 ], [ 682615.561706786509603, 5649674.159195087850094 ], [ 681927.912181500345469, 5649674.159195087850094 ] ] ] ] } },
{ "type": "Feature", "properties": { }, "geometry": { "type": "MultiPolygon", "coordinates": [ [ [ [ 682615.561706786509603, 5649674.159195087850094 ], [ 682615.561706786509603, 5650268.883108848705888 ], [ 683303.211232072673738, 5650268.883108848705888 ], [ 683303.211232072673738, 5649674.159195087850094 ], [ 682615.561706786509603, 5649674.159195087850094 ] ] ] ] } },
{ "type": "Feature", "properties": { }, "geometry": { "type": "MultiPolygon", "coordinates": [ [ [ [ 683303.211232072673738, 5649674.159195087850094 ], [ 683303.211232072673738, 5650268.883108848705888 ], [ 683990.860757358837873, 5650268.883108848705888 ], [ 683990.860757358837873, 5649674.159195087850094 ], [ 683303.211232072673738, 5649674.159195087850094 ] ] ] ] } },
{ "type": "Feature", "properties": { }, "geometry": { "type": "MultiPolygon", "coordinates": [ [ [ [ 683990.860757358837873, 5649674.159195087850094 ], [ 683990.860757358837873, 5650268.883108848705888 ], [ 684678.510282645002007, 5650268.883108848705888 ], [ 684678.510282645002007, 5649674.159195087850094 ], [ 683990.860757358837873, 5649674.159195087850094 ] ] ] ] } },
{ "type": "Feature", "properties": { }, "geometry": { "type": "MultiPolygon", "coordinates": [ [ [ [ 684678.510282645002007, 5649674.159195087850094 ], [ 684678.510282645002007, 5650268.883108848705888 ], [ 685366.159807931166142, 5650268.883108848705888 ], [ 685366.159807931166142, 5649674.159195087850094 ], [ 684678.510282645002007, 5649674.159195087850094 ] ] ] ] } },
{ "type": "Feature", "properties": { }, "geometry": { "type": "MultiPolygon", "coordinates": [ [ [ [ 685366.159807931166142, 5649674.159195087850094 ], [ 685366.159807931166142, 5650268.883108848705888 ], [ 686053.809333217330277, 5650268.883108848705888 ], [ 686053.809333217330277, 5649674.159195087850094 ], [ 685366.159807931166142, 5649674.159195087850094 ] ] ] ] } },
{ "type": "Feature", "properties": { }, "geometry": { "type": "MultiPolygon", "coordinates": [ [ [ [ 686053.809333217330277, 5649674.159195087850094 ], [ 686053.809333217330277, 5650268.883108848705888 ], [ 686741.458858503494412, 5650268.883108848705888 ], [ 686741.458858503494412, 5649674.159195087850094 ], [ 686053.809333217330277, 5649674.159195087850094 ] ] ] ] } },
{ "type": "Feature", "properties": { }, "geometry": { "type": "MultiPolygon", "coordinates": [ [ [ [ 686741.458858503494412, 5649674.159195087850094 ], [ 686741.458858503494412, 5650268.883108848705888 ], [ 687429.108383789658546, 5650268.883108848705888 ], [ 687429.108383789658546, 5649674.159195087850094 ], [ 686741.458858503494412, 5649674.159195087850094 ] ] ] ] } },
{ "type": "Feature", "properties": { }, "geometry": { "type": "MultiPolygon", "coordinates": [ [ [ [ 687429.108383789658546, 5649674.159195087850094 ], [ 687429.108383789658546, 5650268.883108848705888 ], [ 688116.757909075822681, 5650268.883108848705888 ], [ 688116.757909075822681, 5649674.159195087850094 ], [ 687429.108383789658546, 5649674.159195087850094 ] ] ] ] } },
{ "type": "Feature", "properties": { }, "geometry": { "type": "MultiPolygon", "coordinates": [ [ [ [ 688116.757909075822681, 5649674.159195087850094 ], [ 688116.757909075822681, 5650268.883108848705888 ], [ 688804.407434361986816, 5650268.883108848705888 ], [ 688804.407434361986816, 5649674.159195087850094 ], [ 688116.757909075822681, 5649674.159195087850094 ] ] ] ] } },
{ "type": "Feature", "properties": { }, "geometry": { "type": "MultiPolygon", "coordinates": [ [ [ [ 688804.407434361986816, 5649674.159195087850094 ], [ 688804.407434361986816, 5650268.883108848705888 ], [ 689492.056959648150951, 5650268.883108848705888 ], [ 689492.056959648150951, 5649674.159195087850094 ], [ 688804.407434361986816, 5649674.159195087850094 ] ] ] ] } },
{ "type": "Feature", "properties": { }, "geometry": { "type": "MultiPolygon", "coordinates": [ [ [ [ 689492.056959648150951, 5649674.159195087850094 ], [ 689492.056959648150951, 5650268.883108848705888 ], [ 690179.706484934315085, 5650268.883108848705888 ], [ 690179.706484934315085, 5649674.159195087850094 ], [ 689492.056959648150951, 5649674.159195087850094 ] ] ] ] } },
{ "type": "Feature", "properties": { }, "geometry": { "type": "MultiPolygon", "coordinates": [ [ [ [ 690179.706484934315085, 5649674.159195087850094 ], [ 690179.706484934315085, 5650268.883108848705888 ], [ 690867.35601022047922, 5650268.883108848705888 ], [ 690867.35601022047922, 5649674.159195087850094 ], [ 690179.706484934315085, 5649674.159195087850094 ] ] ] ] } },
{ "type": "Feature", "properties": { }, "geometry": { "type": "MultiPolygon", "coordinates": [ [ [ [ 690867.35601022047922, 5649674.159195087850094 ], [ 690867.35601022047922, 5650268.883108848705888 ], [ 691555.005535506643355, 5650268.883108848705888 ], [ 691555.005535506643355, 5649674.159195087850094 ], [ 690867.35601022047922, 5649674.159195087850094 ] ] ] ] } },
{ "type": "Feature", "properties": { }, "geometry": { "type": "MultiPolygon", "coordinates": [ [ [ [ 677802.01502978336066, 5649079.4352813269943 ], [ 677802.01502978336066, 5649674.159195087850094 ], [ 678489.664555069524795, 5649674.159195087850094 ], [ 678489.664555069524795, 5649079.4352813269943 ], [ 677802.01502978336066, 5649079.4352813269943 ] ] ] ] } },
{ "type": "Feature", "properties": { }, "geometry": { "type": "MultiPolygon", "coordinates": [ [ [ [ 678489.664555069524795, 5649079.4352813269943 ], [ 678489.664555069524795, 5649674.159195087850094 ], [ 679177.31408035568893, 5649674.159195087850094 ], [ 679177.31408035568893, 5649079.4352813269943 ], [ 678489.664555069524795, 5649079.4352813269943 ] ] ] ] } },
{ "type": "Feature", "properties": { }, "geometry": { "type": "MultiPolygon", "coordinates": [ [ [ [ 679177.31408035568893, 5649079.4352813269943 ], [ 679177.31408035568893, 5649674.159195087850094 ], [ 679864.963605641853064, 5649674.159195087850094 ], [ 679864.963605641853064, 5649079.4352813269943 ], [ 679177.31408035568893, 5649079.4352813269943 ] ] ] ] } },
{ "type": "Feature", "properties": { }, "geometry": { "type": "MultiPolygon", "coordinates": [ [ [ [ 679864.963605641853064, 5649079.4352813269943 ], [ 679864.963605641853064, 5649674.159195087850094 ], [ 680552.613130928017199, 5649674.159195087850094 ], [ 680552.613130928017199, 5649079.4352813269943 ], [ 679864.963605641853064, 5649079.4352813269943 ] ] ] ] } },
{ "type": "Feature", "properties": { }, "geometry": { "type": "MultiPolygon", "coordinates": [ [ [ [ 680552.613130928017199, 5649079.4352813269943 ], [ 680552.613130928017199, 5649674.159195087850094 ], [ 681240.262656214181334, 5649674.159195087850094 ], [ 681240.262656214181334, 5649079.4352813269943 ], [ 680552.613130928017199, 5649079.4352813269943 ] ] ] ] } },
{ "type": "Feature", "properties": { }, "geometry": { "type": "MultiPolygon", "coordinates": [ [ [ [ 681240.262656214181334, 5649079.4352813269943 ], [ 681240.262656214181334, 5649674.159195087850094 ], [ 681927.912181500345469, 5649674.159195087850094 ], [ 681927.912181500345469, 5649079.4352813269943 ], [ 681240.262656214181334, 5649079.4352813269943 ] ] ] ] } },
{ "type": "Feature", "properties": { }, "geometry": { "type": "MultiPolygon", "coordinates": [ [ [ [ 681927.912181500345469, 5649079.4352813269943 ], [ 681927.912181500345469, 5649674.159195087850094 ], [ 682615.561706786509603, 5649674.159195087850094 ], [ 682615.561706786509603, 5649079.4352813269943 ], [ 681927.912181500345469, 5649079.4352813269943 ] ] ] ] } },
{ "type": "Feature", "properties": { }, "geometry": { "type": "MultiPolygon", "coordinates": [ [ [ [ 682615.561706786509603, 5649079.4352813269943 ], [ 682615.561706786509603, 5649674.159195087850094 ], [ 683303.211232072673738, 5649674.159195087850094 ], [ 683303.211232072673738, 5649079.4352813269943 ], [ 682615.561706786509603, 5649079.4352813269943 ] ] ] ] } },
{ "type": "Feature", "properties": { }, "geometry": { "type": "MultiPolygon", "coordinates": [ [ [ [ 683303.211232072673738, 5649079.4352813269943 ], [ 683303.211232072673738, 5649674.159195087850094 ], [ 683990.860757358837873, 5649674.159195087850094 ], [ 683990.860757358837873, 5649079.4352813269943 ], [ 683303.211232072673738, 5649079.4352813269943 ] ] ] ] } },
{ "type": "Feature", "properties": { }, "geometry": { "type": "MultiPolygon", "coordinates": [ [ [ [ 683990.860757358837873, 5649079.4352813269943 ], [ 683990.860757358837873, 5649674.159195087850094 ], [ 684678.510282645002007, 5649674.159195087850094 ], [ 684678.510282645002007, 5649079.4352813269943 ], [ 683990.860757358837873, 5649079.4352813269943 ] ] ] ] } },
{ "type": "Feature", "properties": { }, "geometry": { "type": "MultiPolygon", "coordinates": [ [ [ [ 684678.510282645002007, 5649079.4352813269943 ], [ 684678.510282645002007, 5649674.159195087850094 ], [ 685366.159807931166142, 5649674.159195087850094 ], [ 685366.159807931166142, 5649079.4352813269943 ], [ 684678.510282645002007, 5649079.4352813269943 ] ] ] ] } },
{ "type": "Feature", "properties": { }, "geometry": { "type": "MultiPolygon", "coordinates": [ [ [ [ 685366.159807931166142, 5649079.4352813269943 ], [ 685366.159807931166142, 5649674.159195087850094 ], [ 686053.809333217330277, 5649674.159195087850094 ], [ 686053.809333217330277, 5649079.4352813269943 ], [ 685366.159807931166142, 5649079.4352813269943 ] ] ] ] } },
{ "type": "Feature", "properties": { }, "geometry": { "type": "MultiPolygon", "coordinates": [ [ [ [ 686053.809333217330277, 5649079.4352813269943 ], [ 686053.809333217330277, 5649674.159195087850094 ], [ 686741.458858503494412, 5649674.159195087850094 ], [ 686741.458858503494412, 5649079.4352813269943 ], [ 686053.809333217330277, 5649079.4352813269943 ] ] ] ] } },
{ "type": "Feature", "properties": { }, "geometry": { "type": "MultiPolygon", "coordinates": [ [ [ [ 686741.458858503494412, 5649079.4352813269943 ], [ 686741.458858503494412, 5649674.159195087850094 ], [ 687429.108383789658546, 5649674.159195087850094 ], [ 687429.108383789658546, 5649079.4352813269943 ], [ 686741.458858503494412, 5649079.4352813269943 ] ] ] ] } },
{ "type": "Feature", "properties": { }, "geometry": { "type": "MultiPolygon", "coordinates": [ [ [ [ 687429.108383789658546, 5649079.4352813269943 ], [ 687429.108383789658546, 5649674.159195087850094 ], [ 688116.757909075822681, 5649674.159195087850094 ], [ 688116.757909075822681, 5649079.4352813269943 ], [ 687429.108383789658546, 5649079.4352813269943 ] ] ] ] } },
{ "type": "Feature", "properties": { }, "geometry": { "type": "MultiPolygon", "coordinates": [ [ [ [ 688116.757909075822681, 5649079.4352813269943 ], [ 688116.757909075822681, 5649674.159195087850094 ], [ 688804.407434361986816, 5649674.159195087850094 ], [ 688804.407434361986816, 5649079.4352813269943 ], [ 688116.757909075822681, 5649079.4352813269943 ] ] ] ] } },
{ "type": "Feature", "properties": { }, "geometry": { "type": "MultiPolygon", "coordinates": [ [ [ [ 688804.407434361986816, 5649079.4352813269943 ], [ 688804.407434361986816, 5649674.159195087850094 ], [ 689492.056959648150951, 5649674.159195087850094 ], [ 689492.056959648150951, 5649079.4352813269943 ], [ 688804.407434361986816, 5649079.4352813269943 ] ] ] ] } },
{ "type": "Feature", "properties": { }, "geometry": { "type": "MultiPolygon", "coordinates": [ [ [ [ 689492.056959648150951, 5649079.4352813269943 ], [ 689492.056959648150951, 5649674.159195087850094 ], [ 690179.706484934315085, 5649674.159195087850094 ], [ 690179.706484934315085, 5649079.4352813269943 ], [ 689492.056959648150951, 5649079.4352813269943 ] ] ] ] } },
{ "type": "Feature", "properties": { }, "geometry": { "type": "MultiPolygon", "coordinates": [ [ [ [ 690179.706484934315085, 5649079.4352813269943 ], [ 690179.706484934315085, 5649674.159195087850094 ], [ 690867.35601022047922, 5649674.159195087850094 ], [ 690867.35601022047922, 5649079.4352813269943 ], [ 690179.706484934315085, 5649079.4352813269943 ] ] ] ] } },
{ "type": "Feature", "properties": { }, "geometry": { "type": "MultiPolygon", "coordinates": [ [ [ [ 690867.35601022047922, 5649079.4352813269943 ], [ 690867.35601022047922, 5649674.159195087850094 ], [ 691555.005535506643355, 5649674.159195087850094 ], [ 691555.005535506643355, 5649079.4352813269943 ], [ 690867.35601022047922, 5649079.4352813269943 ] ] ] ] } },
{ "type": "Feature", "properties": { }, "geometry": { "type": "MultiPolygon", "coordinates": [ [ [ [ 677802.01502978336066, 5648484.711367566138506 ], [ 677802.01502978336066, 5649079.4352813269943 ], [ 678489.664555069524795, 5649079.4352813269943 ], [ 678489.664555069524795, 5648484.711367566138506 ], [ 677802.01502978336066, 5648484.711367566138506 ] ] ] ] } },
{ "type": "Feature", "properties": { }, "geometry": { "type": "MultiPolygon", "coordinates": [ [ [ [ 678489.664555069524795, 5648484.711367566138506 ], [ 678489.664555069524795, 5649079.4352813269943 ], [ 679177.31408035568893, 5649079.4352813269943 ], [ 679177.31408035568893, 5648484.711367566138506 ], [ 678489.664555069524795, 5648484.711367566138506 ] ] ] ] } },
{ "type": "Feature", "properties": { }, "geometry": { "type": "MultiPolygon", "coordinates": [ [ [ [ 679177.31408035568893, 5648484.711367566138506 ], [ 679177.31408035568893, 5649079.4352813269943 ], [ 679864.963605641853064, 5649079.4352813269943 ], [ 679864.963605641853064, 5648484.711367566138506 ], [ 679177.31408035568893, 5648484.711367566138506 ] ] ] ] } },
{ "type": "Feature", "properties": { }, "geometry": { "type": "MultiPolygon", "coordinates": [ [ [ [ 679864.963605641853064, 5648484.711367566138506 ], [ 679864.963605641853064, 5649079.4352813269943 ], [ 680552.613130928017199, 5649079.4352813269943 ], [ 680552.613130928017199, 5648484.711367566138506 ], [ 679864.963605641853064, 5648484.711367566138506 ] ] ] ] } },
{ "type": "Feature", "properties": { }, "geometry": { "type": "MultiPolygon", "coordinates": [ [ [ [ 680552.613130928017199, 5648484.711367566138506 ], [ 680552.613130928017199, 5649079.4352813269943 ], [ 681240.262656214181334, 5649079.4352813269943 ], [ 681240.262656214181334, 5648484.711367566138506 ], [ 680552.613130928017199, 5648484.711367566138506 ] ] ] ] } },
{ "type": "Feature", "properties": { }, "geometry": { "type": "MultiPolygon", "coordinates": [ [ [ [ 681240.262656214181334, 5648484.711367566138506 ], [ 681240.262656214181334, 5649079.4352813269943 ], [ 681927.912181500345469, 5649079.4352813269943 ], [ 681927.912181500345469, 5648484.711367566138506 ], [ 681240.262656214181334, 5648484.711367566138506 ] ] ] ] } },
{ "type": "Feature", "properties": { }, "geometry": { "type": "MultiPolygon", "coordinates": [ [ [ [ 681927.912181500345469, 5648484.711367566138506 ], [ 681927.912181500345469, 5649079.4352813269943 ], [ 682615.561706786509603, 5649079.4352813269943 ], [ 682615.561706786509603, 5648484.711367566138506 ], [ 681927.912181500345469, 5648484.711367566138506 ] ] ] ] } },
{ "type": "Feature", "properties": { }, "geometry": { "type": "MultiPolygon", "coordinates": [ [ [ [ 682615.561706786509603, 5648484.711367566138506 ], [ 682615.561706786509603, 5649079.4352813269943 ], [ 683303.211232072673738, 5649079.4352813269943 ], [ 683303.211232072673738, 5648484.711367566138506 ], [ 682615.561706786509603, 5648484.711367566138506 ] ] ] ] } },
{ "type": "Feature", "properties": { }, "geometry": { "type": "MultiPolygon", "coordinates": [ [ [ [ 683303.211232072673738, 5648484.711367566138506 ], [ 683303.211232072673738, 5649079.4352813269943 ], [ 683990.860757358837873, 5649079.4352813269943 ], [ 683990.860757358837873, 5648484.711367566138506 ], [ 683303.211232072673738, 5648484.711367566138506 ] ] ] ] } },
{ "type": "Feature", "properties": { }, "geometry": { "type": "MultiPolygon", "coordinates": [ [ [ [ 683990.860757358837873, 5648484.711367566138506 ], [ 683990.860757358837873, 5649079.4352813269943 ], [ 684678.510282645002007, 5649079.4352813269943 ], [ 684678.510282645002007, 5648484.711367566138506 ], [ 683990.860757358837873, 5648484.711367566138506 ] ] ] ] } },
{ "type": "Feature", "properties": { }, "geometry": { "type": "MultiPolygon", "coordinates": [ [ [ [ 684678.510282645002007, 5648484.711367566138506 ], [ 684678.510282645002007, 5649079.4352813269943 ], [ 685366.159807931166142, 5649079.4352813269943 ], [ 685366.159807931166142, 5648484.711367566138506 ], [ 684678.510282645002007, 5648484.711367566138506 ] ] ] ] } },
{ "type": "Feature", "properties": { }, "geometry": { "type": "MultiPolygon", "coordinates": [ [ [ [ 685366.159807931166142, 5648484.711367566138506 ], [ 685366.159807931166142, 5649079.4352813269943 ], [ 686053.809333217330277, 5649079.4352813269943 ], [ 686053.809333217330277, 5648484.711367566138506 ], [ 685366.159807931166142, 5648484.711367566138506 ] ] ] ] } },
{ "type": "Feature", "properties": { }, "geometry": { "type": "MultiPolygon", "coordinates": [ [ [ [ 686053.809333217330277, 5648484.711367566138506 ], [ 686053.809333217330277, 5649079.4352813269943 ], [ 686741.458858503494412, 5649079.4352813269943 ], [ 686741.458858503494412, 5648484.711367566138506 ], [ 686053.809333217330277, 5648484.711367566138506 ] ] ] ] } },
{ "type": "Feature", "properties": { }, "geometry": { "type": "MultiPolygon", "coordinates": [ [ [ [ 686741.458858503494412, 5648484.711367566138506 ], [ 686741.458858503494412, 5649079.4352813269943 ], [ 687429.108383789658546, 5649079.4352813269943 ], [ 687429.108383789658546, 5648484.711367566138506 ], [ 686741.458858503494412, 5648484.711367566138506 ] ] ] ] } },
{ "type": "Feature", "properties": { }, "geometry": { "type": "MultiPolygon", "coordinates": [ [ [ [ 687429.108383789658546, 5648484.711367566138506 ], [ 687429.108383789658546, 5649079.4352813269943 ], [ 688116.757909075822681, 5649079.4352813269943 ], [ 688116.757909075822681, 5648484.711367566138506 ], [ 687429.108383789658546, 5648484.711367566138506 ] ] ] ] } },
{ "type": "Feature", "properties": { }, "geometry": { "type": "MultiPolygon", "coordinates": [ [ [ [ 688116.757909075822681, 5648484.711367566138506 ], [ 688116.757909075822681, 5649079.4352813269943 ], [ 688804.407434361986816, 5649079.4352813269943 ], [ 688804.407434361986816, 5648484.711367566138506 ], [ 688116.757909075822681, 5648484.711367566138506 ] ] ] ] } },
{ "type": "Feature", "properties": { }, "geometry": { "type": "MultiPolygon", "coordinates": [ [ [ [ 688804.407434361986816, 5648484.711367566138506 ], [ 688804.407434361986816, 5649079.4352813269943 ], [ 689492.056959648150951, 5649079.4352813269943 ], [ 689492.056959648150951, 5648484.711367566138506 ], [ 688804.407434361986816, 5648484.711367566138506 ] ] ] ] } },
{ "type": "Feature", "properties": { }, "geometry": { "type": "MultiPolygon", "coordinates": [ [ [ [ 689492.056959648150951, 5648484.711367566138506 ], [ 689492.056959648150951, 5649079.4352813269943 ], [ 690179.706484934315085, 5649079.4352813269943 ], [ 690179.706484934315085, 5648484.711367566138506 ], [ 689492.056959648150951, 5648484.711367566138506 ] ] ] ] } },
{ "type": "Feature", "properties": { }, "geometry": { "type": "MultiPolygon", "coordinates": [ [ [ [ 690179.706484934315085, 5648484.711367566138506 ], [ 690179.706484934315085, 5649079.4352813269943 ], [ 690867.35601022047922, 5649079.4352813269943 ], [ 690867.35601022047922, 5648484.711367566138506 ], [ 690179.706484934315085, 5648484.711367566138506 ] ] ] ] } },
{ "type": "Feature", "properties": { }, "geometry": { "type": "MultiPolygon", "coordinates": [ [ [ [ 690867.35601022047922, 5648484.711367566138506 ], [ 690867.35601022047922, 5649079.4352813269943 ], [ 691555.005535506643355, 5649079.4352813269943 ], [ 691555.005535506643355, 5648484.711367566138506 ], [ 690867.35601022047922, 5648484.711367566138506 ] ] ] ] } },
{ "type": "Feature", "properties": { }, "geometry": { "type": "MultiPolygon", "coordinates": [ [ [ [ 677802.01502978336066, 5647889.987453804351389 ], [ 677802.01502978336066, 5648484.711367565207183 ], [ 678489.664555069524795, 5648484.711367565207183 ], [ 678489.664555069524795, 5647889.987453804351389 ], [ 677802.01502978336066, 5647889.987453804351389 ] ] ] ] } },
{ "type": "Feature", "properties": { }, "geometry": { "type": "MultiPolygon", "coordinates": [ [ [ [ 678489.664555069524795, 5647889.987453804351389 ], [ 678489.664555069524795, 5648484.711367565207183 ], [ 679177.31408035568893, 5648484.711367565207183 ], [ 679177.31408035568893, 5647889.987453804351389 ], [ 678489.664555069524795, 5647889.987453804351389 ] ] ] ] } },
{ "type": "Feature", "properties": { }, "geometry": { "type": "MultiPolygon", "coordinates": [ [ [ [ 679177.31408035568893, 5647889.987453804351389 ], [ 679177.31408035568893, 5648484.711367565207183 ], [ 679864.963605641853064, 5648484.711367565207183 ], [ 679864.963605641853064, 5647889.987453804351389 ], [ 679177.31408035568893, 5647889.987453804351389 ] ] ] ] } },
{ "type": "Feature", "properties": { }, "geometry": { "type": "MultiPolygon", "coordinates": [ [ [ [ 679864.963605641853064, 5647889.987453804351389 ], [ 679864.963605641853064, 5648484.711367565207183 ], [ 680552.613130928017199, 5648484.711367565207183 ], [ 680552.613130928017199, 5647889.987453804351389 ], [ 679864.963605641853064, 5647889.987453804351389 ] ] ] ] } },
{ "type": "Feature", "properties": { }, "geometry": { "type": "MultiPolygon", "coordinates": [ [ [ [ 680552.613130928017199, 5647889.987453804351389 ], [ 680552.613130928017199, 5648484.711367565207183 ], [ 681240.262656214181334, 5648484.711367565207183 ], [ 681240.262656214181334, 5647889.987453804351389 ], [ 680552.613130928017199, 5647889.987453804351389 ] ] ] ] } },
{ "type": "Feature", "properties": { }, "geometry": { "type": "MultiPolygon", "coordinates": [ [ [ [ 681240.262656214181334, 5647889.987453804351389 ], [ 681240.262656214181334, 5648484.711367565207183 ], [ 681927.912181500345469, 5648484.711367565207183 ], [ 681927.912181500345469, 5647889.987453804351389 ], [ 681240.262656214181334, 5647889.987453804351389 ] ] ] ] } },
{ "type": "Feature", "properties": { }, "geometry": { "type": "MultiPolygon", "coordinates": [ [ [ [ 681927.912181500345469, 5647889.987453804351389 ], [ 681927.912181500345469, 5648484.711367565207183 ], [ 682615.561706786509603, 5648484.711367565207183 ], [ 682615.561706786509603, 5647889.987453804351389 ], [ 681927.912181500345469, 5647889.987453804351389 ] ] ] ] } },
{ "type": "Feature", "properties": { }, "geometry": { "type": "MultiPolygon", "coordinates": [ [ [ [ 682615.561706786509603, 5647889.987453804351389 ], [ 682615.561706786509603, 5648484.711367565207183 ], [ 683303.211232072673738, 5648484.711367565207183 ], [ 683303.211232072673738, 5647889.987453804351389 ], [ 682615.561706786509603, 5647889.987453804351389 ] ] ] ] } },
{ "type": "Feature", "properties": { }, "geometry": { "type": "MultiPolygon", "coordinates": [ [ [ [ 683303.211232072673738, 5647889.987453804351389 ], [ 683303.211232072673738, 5648484.711367565207183 ], [ 683990.860757358837873, 5648484.711367565207183 ], [ 683990.860757358837873, 5647889.987453804351389 ], [ 683303.211232072673738, 5647889.987453804351389 ] ] ] ] } },
{ "type": "Feature", "properties": { }, "geometry": { "type": "MultiPolygon", "coordinates": [ [ [ [ 683990.860757358837873, 5647889.987453804351389 ], [ 683990.860757358837873, 5648484.711367565207183 ], [ 684678.510282645002007, 5648484.711367565207183 ], [ 684678.510282645002007, 5647889.987453804351389 ], [ 683990.860757358837873, 5647889.987453804351389 ] ] ] ] } },
{ "type": "Feature", "properties": { }, "geometry": { "type": "MultiPolygon", "coordinates": [ [ [ [ 684678.510282645002007, 5647889.987453804351389 ], [ 684678.510282645002007, 5648484.711367565207183 ], [ 685366.159807931166142, 5648484.711367565207183 ], [ 685366.159807931166142, 5647889.987453804351389 ], [ 684678.510282645002007, 5647889.987453804351389 ] ] ] ] } },
{ "type": "Feature", "properties": { }, "geometry": { "type": "MultiPolygon", "coordinates": [ [ [ [ 685366.159807931166142, 5647889.987453804351389 ], [ 685366.159807931166142, 5648484.711367565207183 ], [ 686053.809333217330277, 5648484.711367565207183 ], [ 686053.809333217330277, 5647889.987453804351389 ], [ 685366.159807931166142, 5647889.987453804351389 ] ] ] ] } },
{ "type": "Feature", "properties": { }, "geometry": { "type": "MultiPolygon", "coordinates": [ [ [ [ 686053.809333217330277, 5647889.987453804351389 ], [ 686053.809333217330277, 5648484.711367565207183 ], [ 686741.458858503494412, 5648484.711367565207183 ], [ 686741.458858503494412, 5647889.987453804351389 ], [ 686053.809333217330277, 5647889.987453804351389 ] ] ] ] } },
{ "type": "Feature", "properties": { }, "geometry": { "type": "MultiPolygon", "coordinates": [ [ [ [ 686741.458858503494412, 5647889.987453804351389 ], [ 686741.458858503494412, 5648484.711367565207183 ], [ 687429.108383789658546, 5648484.711367565207183 ], [ 687429.108383789658546, 5647889.987453804351389 ], [ 686741.458858503494412, 5647889.987453804351389 ] ] ] ] } },
{ "type": "Feature", "properties": { }, "geometry": { "type": "MultiPolygon", "coordinates": [ [ [ [ 687429.108383789658546, 5647889.987453804351389 ], [ 687429.108383789658546, 5648484.711367565207183 ], [ 688116.757909075822681, 5648484.711367565207183 ], [ 688116.757909075822681, 5647889.987453804351389 ], [ 687429.108383789658546, 5647889.987453804351389 ] ] ] ] } },
{ "type": "Feature", "properties": { }, "geometry": { "type": "MultiPolygon", "coordinates": [ [ [ [ 688116.757909075822681, 5647889.987453804351389 ], [ 688116.757909075822681, 5648484.711367565207183 ], [ 688804.407434361986816, 5648484.711367565207183 ], [ 688804.407434361986816, 5647889.987453804351389 ], [ 688116.757909075822681, 5647889.987453804351389 ] ] ] ] } },
{ "type": "Feature", "properties": { }, "geometry": { "type": "MultiPolygon", "coordinates": [ [ [ [ 688804.407434361986816, 5647889.987453804351389 ], [ 688804.407434361986816, 5648484.711367565207183 ], [ 689492.056959648150951, 5648484.711367565207183 ], [ 689492.056959648150951, 5647889.987453804351389 ], [ 688804.407434361986816, 5647889.987453804351389 ] ] ] ] } },
{ "type": "Feature", "properties": { }, "geometry": { "type": "MultiPolygon", "coordinates": [ [ [ [ 689492.056959648150951, 5647889.987453804351389 ], [ 689492.056959648150951, 5648484.711367565207183 ], [ 690179.706484934315085, 5648484.711367565207183 ], [ 690179.706484934315085, 5647889.987453804351389 ], [ 689492.056959648150951, 5647889.987453804351389 ] ] ] ] } },
{ "type": "Feature", "properties": { }, "geometry": { "type": "MultiPolygon", "coordinates": [ [ [ [ 690179.706484934315085, 5647889.987453804351389 ], [ 690179.706484934315085, 5648484.711367565207183 ], [ 690867.35601022047922, 5648484.711367565207183 ], [ 690867.35601022047922, 5647889.987453804351389 ], [ 690179.706484934315085, 5647889.987453804351389 ] ] ] ] } },
{ "type": "Feature", "properties": { }, "geometry": { "type": "MultiPolygon", "coordinates": [ [ [ [ 690867.35601022047922, 5647889.987453804351389 ], [ 690867.35601022047922, 5648484.711367565207183 ], [ 691555.005535506643355, 5648484.711367565207183 ], [ 691555.005535506643355, 5647889.987453804351389 ], [ 690867.35601022047922, 5647889.987453804351389 ] ] ] ] } },
{ "type": "Feature", "properties": { }, "geometry": { "type": "MultiPolygon", "coordinates": [ [ [ [ 677802.01502978336066, 5647295.263540043495595 ], [ 677802.01502978336066, 5647889.987453804351389 ], [ 678489.664555069524795, 5647889.987453804351389 ], [ 678489.664555069524795, 5647295.263540043495595 ], [ 677802.01502978336066, 5647295.263540043495595 ] ] ] ] } },
{ "type": "Feature", "properties": { }, "geometry": { "type": "MultiPolygon", "coordinates": [ [ [ [ 678489.664555069524795, 5647295.263540043495595 ], [ 678489.664555069524795, 5647889.987453804351389 ], [ 679177.31408035568893, 5647889.987453804351389 ], [ 679177.31408035568893, 5647295.263540043495595 ], [ 678489.664555069524795, 5647295.263540043495595 ] ] ] ] } },
{ "type": "Feature", "properties": { }, "geometry": { "type": "MultiPolygon", "coordinates": [ [ [ [ 679177.31408035568893, 5647295.263540043495595 ], [ 679177.31408035568893, 5647889.987453804351389 ], [ 679864.963605641853064, 5647889.987453804351389 ], [ 679864.963605641853064, 5647295.263540043495595 ], [ 679177.31408035568893, 5647295.263540043495595 ] ] ] ] } },
{ "type": "Feature", "properties": { }, "geometry": { "type": "MultiPolygon", "coordinates": [ [ [ [ 679864.963605641853064, 5647295.263540043495595 ], [ 679864.963605641853064, 5647889.987453804351389 ], [ 680552.613130928017199, 5647889.987453804351389 ], [ 680552.613130928017199, 5647295.263540043495595 ], [ 679864.963605641853064, 5647295.263540043495595 ] ] ] ] } },
{ "type": "Feature", "properties": { }, "geometry": { "type": "MultiPolygon", "coordinates": [ [ [ [ 680552.613130928017199, 5647295.263540043495595 ], [ 680552.613130928017199, 5647889.987453804351389 ], [ 681240.262656214181334, 5647889.987453804351389 ], [ 681240.262656214181334, 5647295.263540043495595 ], [ 680552.613130928017199, 5647295.263540043495595 ] ] ] ] } },
{ "type": "Feature", "properties": { }, "geometry": { "type": "MultiPolygon", "coordinates": [ [ [ [ 681240.262656214181334, 5647295.263540043495595 ], [ 681240.262656214181334, 5647889.987453804351389 ], [ 681927.912181500345469, 5647889.987453804351389 ], [ 681927.912181500345469, 5647295.263540043495595 ], [ 681240.262656214181334, 5647295.263540043495595 ] ] ] ] } },
{ "type": "Feature", "properties": { }, "geometry": { "type": "MultiPolygon", "coordinates": [ [ [ [ 681927.912181500345469, 5647295.263540043495595 ], [ 681927.912181500345469, 5647889.987453804351389 ], [ 682615.561706786509603, 5647889.987453804351389 ], [ 682615.561706786509603, 5647295.263540043495595 ], [ 681927.912181500345469, 5647295.263540043495595 ] ] ] ] } },
{ "type": "Feature", "properties": { }, "geometry": { "type": "MultiPolygon", "coordinates": [ [ [ [ 682615.561706786509603, 5647295.263540043495595 ], [ 682615.561706786509603, 5647889.987453804351389 ], [ 683303.211232072673738, 5647889.987453804351389 ], [ 683303.211232072673738, 5647295.263540043495595 ], [ 682615.561706786509603, 5647295.263540043495595 ] ] ] ] } },
{ "type": "Feature", "properties": { }, "geometry": { "type": "MultiPolygon", "coordinates": [ [ [ [ 683303.211232072673738, 5647295.263540043495595 ], [ 683303.211232072673738, 5647889.987453804351389 ], [ 683990.860757358837873, 5647889.987453804351389 ], [ 683990.860757358837873, 5647295.263540043495595 ], [ 683303.211232072673738, 5647295.263540043495595 ] ] ] ] } },
{ "type": "Feature", "properties": { }, "geometry": { "type": "MultiPolygon", "coordinates": [ [ [ [ 683990.860757358837873, 5647295.263540043495595 ], [ 683990.860757358837873, 5647889.987453804351389 ], [ 684678.510282645002007, 5647889.987453804351389 ], [ 684678.510282645002007, 5647295.263540043495595 ], [ 683990.860757358837873, 5647295.263540043495595 ] ] ] ] } },
{ "type": "Feature", "properties": { }, "geometry": { "type": "MultiPolygon", "coordinates": [ [ [ [ 684678.510282645002007, 5647295.263540043495595 ], [ 684678.510282645002007, 5647889.987453804351389 ], [ 685366.159807931166142, 5647889.987453804351389 ], [ 685366.159807931166142, 5647295.263540043495595 ], [ 684678.510282645002007, 5647295.263540043495595 ] ] ] ] } },
{ "type": "Feature", "properties": { }, "geometry": { "type": "MultiPolygon", "coordinates": [ [ [ [ 685366.159807931166142, 5647295.263540043495595 ], [ 685366.159807931166142, 5647889.987453804351389 ], [ 686053.809333217330277, 5647889.987453804351389 ], [ 686053.809333217330277, 5647295.263540043495595 ], [ 685366.159807931166142, 5647295.263540043495595 ] ] ] ] } },
{ "type": "Feature", "properties": { }, "geometry": { "type": "MultiPolygon", "coordinates": [ [ [ [ 686053.809333217330277, 5647295.263540043495595 ], [ 686053.809333217330277, 5647889.987453804351389 ], [ 686741.458858503494412, 5647889.987453804351389 ], [ 686741.458858503494412, 5647295.263540043495595 ], [ 686053.809333217330277, 5647295.263540043495595 ] ] ] ] } },
{ "type": "Feature", "properties": { }, "geometry": { "type": "MultiPolygon", "coordinates": [ [ [ [ 686741.458858503494412, 5647295.263540043495595 ], [ 686741.458858503494412, 5647889.987453804351389 ], [ 687429.108383789658546, 5647889.987453804351389 ], [ 687429.108383789658546, 5647295.263540043495595 ], [ 686741.458858503494412, 5647295.263540043495595 ] ] ] ] } },
{ "type": "Feature", "properties": { }, "geometry": { "type": "MultiPolygon", "coordinates": [ [ [ [ 687429.108383789658546, 5647295.263540043495595 ], [ 687429.108383789658546, 5647889.987453804351389 ], [ 688116.757909075822681, 5647889.987453804351389 ], [ 688116.757909075822681, 5647295.263540043495595 ], [ 687429.108383789658546, 5647295.263540043495595 ] ] ] ] } },
{ "type": "Feature", "properties": { }, "geometry": { "type": "MultiPolygon", "coordinates": [ [ [ [ 688116.757909075822681, 5647295.263540043495595 ], [ 688116.757909075822681, 5647889.987453804351389 ], [ 688804.407434361986816, 5647889.987453804351389 ], [ 688804.407434361986816, 5647295.263540043495595 ], [ 688116.757909075822681, 5647295.263540043495595 ] ] ] ] } },
{ "type": "Feature", "properties": { }, "geometry": { "type": "MultiPolygon", "coordinates": [ [ [ [ 688804.407434361986816, 5647295.263540043495595 ], [ 688804.407434361986816, 5647889.987453804351389 ], [ 689492.056959648150951, 5647889.987453804351389 ], [ 689492.056959648150951, 5647295.263540043495595 ], [ 688804.407434361986816, 5647295.263540043495595 ] ] ] ] } },
{ "type": "Feature", "properties": { }, "geometry": { "type": "MultiPolygon", "coordinates": [ [ [ [ 689492.056959648150951, 5647295.263540043495595 ], [ 689492.056959648150951, 5647889.987453804351389 ], [ 690179.706484934315085, 5647889.987453804351389 ], [ 690179.706484934315085, 5647295.263540043495595 ], [ 689492.056959648150951, 5647295.263540043495595 ] ] ] ] } },
{ "type": "Feature", "properties": { }, "geometry": { "type": "MultiPolygon", "coordinates": [ [ [ [ 690179.706484934315085, 5647295.263540043495595 ], [ 690179.706484934315085, 5647889.987453804351389 ], [ 690867.35601022047922, 5647889.987453804351389 ], [ 690867.35601022047922, 5647295.263540043495595 ], [ 690179.706484934315085, 5647295.263540043495595 ] ] ] ] } },
{ "type": "Feature", "properties": { }, "geometry": { "type": "MultiPolygon", "coordinates": [ [ [ [ 690867.35601022047922, 5647295.263540043495595 ], [ 690867.35601022047922, 5647889.987453804351389 ], [ 691555.005535506643355, 5647889.987453804351389 ], [ 691555.005535506643355, 5647295.263540043495595 ], [ 690867.35601022047922, 5647295.263540043495595 ] ] ] ] } },
{ "type": "Feature", "properties": { }, "geometry": { "type": "MultiPolygon", "coordinates": [ [ [ [ 677802.01502978336066, 5646700.539626282639802 ], [ 677802.01502978336066, 5647295.263540043495595 ], [ 678489.664555069524795, 5647295.263540043495595 ], [ 678489.664555069524795, 5646700.539626282639802 ], [ 677802.01502978336066, 5646700.539626282639802 ] ] ] ] } },
{ "type": "Feature", "properties": { }, "geometry": { "type": "MultiPolygon", "coordinates": [ [ [ [ 678489.664555069524795, 5646700.539626282639802 ], [ 678489.664555069524795, 5647295.263540043495595 ], [ 679177.31408035568893, 5647295.263540043495595 ], [ 679177.31408035568893, 5646700.539626282639802 ], [ 678489.664555069524795, 5646700.539626282639802 ] ] ] ] } },
{ "type": "Feature", "properties": { }, "geometry": { "type": "MultiPolygon", "coordinates": [ [ [ [ 679177.31408035568893, 5646700.539626282639802 ], [ 679177.31408035568893, 5647295.263540043495595 ], [ 679864.963605641853064, 5647295.263540043495595 ], [ 679864.963605641853064, 5646700.539626282639802 ], [ 679177.31408035568893, 5646700.539626282639802 ] ] ] ] } },
{ "type": "Feature", "properties": { }, "geometry": { "type": "MultiPolygon", "coordinates": [ [ [ [ 679864.963605641853064, 5646700.539626282639802 ], [ 679864.963605641853064, 5647295.263540043495595 ], [ 680552.613130928017199, 5647295.263540043495595 ], [ 680552.613130928017199, 5646700.539626282639802 ], [ 679864.963605641853064, 5646700.539626282639802 ] ] ] ] } },
{ "type": "Feature", "properties": { }, "geometry": { "type": "MultiPolygon", "coordinates": [ [ [ [ 680552.613130928017199, 5646700.539626282639802 ], [ 680552.613130928017199, 5647295.263540043495595 ], [ 681240.262656214181334, 5647295.263540043495595 ], [ 681240.262656214181334, 5646700.539626282639802 ], [ 680552.613130928017199, 5646700.539626282639802 ] ] ] ] } },
{ "type": "Feature", "properties": { }, "geometry": { "type": "MultiPolygon", "coordinates": [ [ [ [ 681240.262656214181334, 5646700.539626282639802 ], [ 681240.262656214181334, 5647295.263540043495595 ], [ 681927.912181500345469, 5647295.263540043495595 ], [ 681927.912181500345469, 5646700.539626282639802 ], [ 681240.262656214181334, 5646700.539626282639802 ] ] ] ] } },
{ "type": "Feature", "properties": { }, "geometry": { "type": "MultiPolygon", "coordinates": [ [ [ [ 681927.912181500345469, 5646700.539626282639802 ], [ 681927.912181500345469, 5647295.263540043495595 ], [ 682615.561706786509603, 5647295.263540043495595 ], [ 682615.561706786509603, 5646700.539626282639802 ], [ 681927.912181500345469, 5646700.539626282639802 ] ] ] ] } },
{ "type": "Feature", "properties": { }, "geometry": { "type": "MultiPolygon", "coordinates": [ [ [ [ 682615.561706786509603, 5646700.539626282639802 ], [ 682615.561706786509603, 5647295.263540043495595 ], [ 683303.211232072673738, 5647295.263540043495595 ], [ 683303.211232072673738, 5646700.539626282639802 ], [ 682615.561706786509603, 5646700.539626282639802 ] ] ] ] } },
{ "type": "Feature", "properties": { }, "geometry": { "type": "MultiPolygon", "coordinates": [ [ [ [ 683303.211232072673738, 5646700.539626282639802 ], [ 683303.211232072673738, 5647295.263540043495595 ], [ 683990.860757358837873, 5647295.263540043495595 ], [ 683990.860757358837873, 5646700.539626282639802 ], [ 683303.211232072673738, 5646700.539626282639802 ] ] ] ] } },
{ "type": "Feature", "properties": { }, "geometry": { "type": "MultiPolygon", "coordinates": [ [ [ [ 683990.860757358837873, 5646700.539626282639802 ], [ 683990.860757358837873, 5647295.263540043495595 ], [ 684678.510282645002007, 5647295.263540043495595 ], [ 684678.510282645002007, 5646700.539626282639802 ], [ 683990.860757358837873, 5646700.539626282639802 ] ] ] ] } },
{ "type": "Feature", "properties": { }, "geometry": { "type": "MultiPolygon", "coordinates": [ [ [ [ 684678.510282645002007, 5646700.539626282639802 ], [ 684678.510282645002007, 5647295.263540043495595 ], [ 685366.159807931166142, 5647295.263540043495595 ], [ 685366.159807931166142, 5646700.539626282639802 ], [ 684678.510282645002007, 5646700.539626282639802 ] ] ] ] } },
{ "type": "Feature", "properties": { }, "geometry": { "type": "MultiPolygon", "coordinates": [ [ [ [ 685366.159807931166142, 5646700.539626282639802 ], [ 685366.159807931166142, 5647295.263540043495595 ], [ 686053.809333217330277, 5647295.263540043495595 ], [ 686053.809333217330277, 5646700.539626282639802 ], [ 685366.159807931166142, 5646700.539626282639802 ] ] ] ] } },
{ "type": "Feature", "properties": { }, "geometry": { "type": "MultiPolygon", "coordinates": [ [ [ [ 686053.809333217330277, 5646700.539626282639802 ], [ 686053.809333217330277, 5647295.263540043495595 ], [ 686741.458858503494412, 5647295.263540043495595 ], [ 686741.458858503494412, 5646700.539626282639802 ], [ 686053.809333217330277, 5646700.539626282639802 ] ] ] ] } },
{ "type": "Feature", "properties": { }, "geometry": { "type": "MultiPolygon", "coordinates": [ [ [ [ 686741.458858503494412, 5646700.539626282639802 ], [ 686741.458858503494412, 5647295.263540043495595 ], [ 687429.108383789658546, 5647295.263540043495595 ], [ 687429.108383789658546, 5646700.539626282639802 ], [ 686741.458858503494412, 5646700.539626282639802 ] ] ] ] } },
{ "type": "Feature", "properties": { }, "geometry": { "type": "MultiPolygon", "coordinates": [ [ [ [ 687429.108383789658546, 5646700.539626282639802 ], [ 687429.108383789658546, 5647295.263540043495595 ], [ 688116.757909075822681, 5647295.263540043495595 ], [ 688116.757909075822681, 5646700.539626282639802 ], [ 687429.108383789658546, 5646700.539626282639802 ] ] ] ] } },
{ "type": "Feature", "properties": { }, "geometry": { "type": "MultiPolygon", "coordinates": [ [ [ [ 688116.757909075822681, 5646700.539626282639802 ], [ 688116.757909075822681, 5647295.263540043495595 ], [ 688804.407434361986816, 5647295.263540043495595 ], [ 688804.407434361986816, 5646700.539626282639802 ], [ 688116.757909075822681, 5646700.539626282639802 ] ] ] ] } },
{ "type": "Feature", "properties": { }, "geometry": { "type": "MultiPolygon", "coordinates": [ [ [ [ 688804.407434361986816, 5646700.539626282639802 ], [ 688804.407434361986816, 5647295.263540043495595 ], [ 689492.056959648150951, 5647295.263540043495595 ], [ 689492.056959648150951, 5646700.539626282639802 ], [ 688804.407434361986816, 5646700.539626282639802 ] ] ] ] } },
{ "type": "Feature", "properties": { }, "geometry": { "type": "MultiPolygon", "coordinates": [ [ [ [ 689492.056959648150951, 5646700.539626282639802 ], [ 689492.056959648150951, 5647295.263540043495595 ], [ 690179.706484934315085, 5647295.263540043495595 ], [ 690179.706484934315085, 5646700.539626282639802 ], [ 689492.056959648150951, 5646700.539626282639802 ] ] ] ] } },
{ "type": "Feature", "properties": { }, "geometry": { "type": "MultiPolygon", "coordinates": [ [ [ [ 690179.706484934315085, 5646700.539626282639802 ], [ 690179.706484934315085, 5647295.263540043495595 ], [ 690867.35601022047922, 5647295.263540043495595 ], [ 690867.35601022047922, 5646700.539626282639802 ], [ 690179.706484934315085, 5646700.539626282639802 ] ] ] ] } },
{ "type": "Feature", "properties": { }, "geometry": { "type": "MultiPolygon", "coordinates": [ [ [ [ 690867.35601022047922, 5646700.539626282639802 ], [ 690867.35601022047922, 5647295.263540043495595 ], [ 691555.005535506643355, 5647295.263540043495595 ], [ 691555.005535506643355, 5646700.539626282639802 ], [ 690867.35601022047922, 5646700.539626282639802 ] ] ] ] } },
{ "type": "Feature", "properties": { }, "geometry": { "type": "MultiPolygon", "coordinates": [ [ [ [ 677802.01502978336066, 5646105.815712521784008 ], [ 677802.01502978336066, 5646700.539626282639802 ], [ 678489.664555069524795, 5646700.539626282639802 ], [ 678489.664555069524795, 5646105.815712521784008 ], [ 677802.01502978336066, 5646105.815712521784008 ] ] ] ] } },
{ "type": "Feature", "properties": { }, "geometry": { "type": "MultiPolygon", "coordinates": [ [ [ [ 678489.664555069524795, 5646105.815712521784008 ], [ 678489.664555069524795, 5646700.539626282639802 ], [ 679177.31408035568893, 5646700.539626282639802 ], [ 679177.31408035568893, 5646105.815712521784008 ], [ 678489.664555069524795, 5646105.815712521784008 ] ] ] ] } },
{ "type": "Feature", "properties": { }, "geometry": { "type": "MultiPolygon", "coordinates": [ [ [ [ 679177.31408035568893, 5646105.815712521784008 ], [ 679177.31408035568893, 5646700.539626282639802 ], [ 679864.963605641853064, 5646700.539626282639802 ], [ 679864.963605641853064, 5646105.815712521784008 ], [ 679177.31408035568893, 5646105.815712521784008 ] ] ] ] } },
{ "type": "Feature", "properties": { }, "geometry": { "type": "MultiPolygon", "coordinates": [ [ [ [ 679864.963605641853064, 5646105.815712521784008 ], [ 679864.963605641853064, 5646700.539626282639802 ], [ 680552.613130928017199, 5646700.539626282639802 ], [ 680552.613130928017199, 5646105.815712521784008 ], [ 679864.963605641853064, 5646105.815712521784008 ] ] ] ] } },
{ "type": "Feature", "properties": { }, "geometry": { "type": "MultiPolygon", "coordinates": [ [ [ [ 680552.613130928017199, 5646105.815712521784008 ], [ 680552.613130928017199, 5646700.539626282639802 ], [ 681240.262656214181334, 5646700.539626282639802 ], [ 681240.262656214181334, 5646105.815712521784008 ], [ 680552.613130928017199, 5646105.815712521784008 ] ] ] ] } },
{ "type": "Feature", "properties": { }, "geometry": { "type": "MultiPolygon", "coordinates": [ [ [ [ 681240.262656214181334, 5646105.815712521784008 ], [ 681240.262656214181334, 5646700.539626282639802 ], [ 681927.912181500345469, 5646700.539626282639802 ], [ 681927.912181500345469, 5646105.815712521784008 ], [ 681240.262656214181334, 5646105.815712521784008 ] ] ] ] } },
{ "type": "Feature", "properties": { }, "geometry": { "type": "MultiPolygon", "coordinates": [ [ [ [ 681927.912181500345469, 5646105.815712521784008 ], [ 681927.912181500345469, 5646700.539626282639802 ], [ 682615.561706786509603, 5646700.539626282639802 ], [ 682615.561706786509603, 5646105.815712521784008 ], [ 681927.912181500345469, 5646105.815712521784008 ] ] ] ] } },
{ "type": "Feature", "properties": { }, "geometry": { "type": "MultiPolygon", "coordinates": [ [ [ [ 682615.561706786509603, 5646105.815712521784008 ], [ 682615.561706786509603, 5646700.539626282639802 ], [ 683303.211232072673738, 5646700.539626282639802 ], [ 683303.211232072673738, 5646105.815712521784008 ], [ 682615.561706786509603, 5646105.815712521784008 ] ] ] ] } },
{ "type": "Feature", "properties": { }, "geometry": { "type": "MultiPolygon", "coordinates": [ [ [ [ 683303.211232072673738, 5646105.815712521784008 ], [ 683303.211232072673738, 5646700.539626282639802 ], [ 683990.860757358837873, 5646700.539626282639802 ], [ 683990.860757358837873, 5646105.815712521784008 ], [ 683303.211232072673738, 5646105.815712521784008 ] ] ] ] } },
{ "type": "Feature", "properties": { }, "geometry": { "type": "MultiPolygon", "coordinates": [ [ [ [ 683990.860757358837873, 5646105.815712521784008 ], [ 683990.860757358837873, 5646700.539626282639802 ], [ 684678.510282645002007, 5646700.539626282639802 ], [ 684678.510282645002007, 5646105.815712521784008 ], [ 683990.860757358837873, 5646105.815712521784008 ] ] ] ] } },
{ "type": "Feature", "properties": { }, "geometry": { "type": "MultiPolygon", "coordinates": [ [ [ [ 684678.510282645002007, 5646105.815712521784008 ], [ 684678.510282645002007, 5646700.539626282639802 ], [ 685366.159807931166142, 5646700.539626282639802 ], [ 685366.159807931166142, 5646105.815712521784008 ], [ 684678.510282645002007, 5646105.815712521784008 ] ] ] ] } },
{ "type": "Feature", "properties": { }, "geometry": { "type": "MultiPolygon", "coordinates": [ [ [ [ 685366.159807931166142, 5646105.815712521784008 ], [ 685366.159807931166142, 5646700.539626282639802 ], [ 686053.809333217330277, 5646700.539626282639802 ], [ 686053.809333217330277, 5646105.815712521784008 ], [ 685366.159807931166142, 5646105.815712521784008 ] ] ] ] } },
{ "type": "Feature", "properties": { }, "geometry": { "type": "MultiPolygon", "coordinates": [ [ [ [ 686053.809333217330277, 5646105.815712521784008 ], [ 686053.809333217330277, 5646700.539626282639802 ], [ 686741.458858503494412, 5646700.539626282639802 ], [ 686741.458858503494412, 5646105.815712521784008 ], [ 686053.809333217330277, 5646105.815712521784008 ] ] ] ] } },
{ "type": "Feature", "properties": { }, "geometry": { "type": "MultiPolygon", "coordinates": [ [ [ [ 686741.458858503494412, 5646105.815712521784008 ], [ 686741.458858503494412, 5646700.539626282639802 ], [ 687429.108383789658546, 5646700.539626282639802 ], [ 687429.108383789658546, 5646105.815712521784008 ], [ 686741.458858503494412, 5646105.815712521784008 ] ] ] ] } },
{ "type": "Feature", "properties": { }, "geometry": { "type": "MultiPolygon", "coordinates": [ [ [ [ 687429.108383789658546, 5646105.815712521784008 ], [ 687429.108383789658546, 5646700.539626282639802 ], [ 688116.757909075822681, 5646700.539626282639802 ], [ 688116.757909075822681, 5646105.815712521784008 ], [ 687429.108383789658546, 5646105.815712521784008 ] ] ] ] } },
{ "type": "Feature", "properties": { }, "geometry": { "type": "MultiPolygon", "coordinates": [ [ [ [ 688116.757909075822681, 5646105.815712521784008 ], [ 688116.757909075822681, 5646700.539626282639802 ], [ 688804.407434361986816, 5646700.539626282639802 ], [ 688804.407434361986816, 5646105.815712521784008 ], [ 688116.757909075822681, 5646105.815712521784008 ] ] ] ] } },
{ "type": "Feature", "properties": { }, "geometry": { "type": "MultiPolygon", "coordinates": [ [ [ [ 688804.407434361986816, 5646105.815712521784008 ], [ 688804.407434361986816, 5646700.539626282639802 ], [ 689492.056959648150951, 5646700.539626282639802 ], [ 689492.056959648150951, 5646105.815712521784008 ], [ 688804.407434361986816, 5646105.815712521784008 ] ] ] ] } },
{ "type": "Feature", "properties": { }, "geometry": { "type": "MultiPolygon", "coordinates": [ [ [ [ 689492.056959648150951, 5646105.815712521784008 ], [ 689492.056959648150951, 5646700.539626282639802 ], [ 690179.706484934315085, 5646700.539626282639802 ], [ 690179.706484934315085, 5646105.815712521784008 ], [ 689492.056959648150951, 5646105.815712521784008 ] ] ] ] } },
{ "type": "Feature", "properties": { }, "geometry": { "type": "MultiPolygon", "coordinates": [ [ [ [ 690179.706484934315085, 5646105.815712521784008 ], [ 690179.706484934315085, 5646700.539626282639802 ], [ 690867.35601022047922, 5646700.539626282639802 ], [ 690867.35601022047922, 5646105.815712521784008 ], [ 690179.706484934315085, 5646105.815712521784008 ] ] ] ] } },
{ "type": "Feature", "properties": { }, "geometry": { "type": "MultiPolygon", "coordinates": [ [ [ [ 690867.35601022047922, 5646105.815712521784008 ], [ 690867.35601022047922, 5646700.539626282639802 ], [ 691555.005535506643355, 5646700.539626282639802 ], [ 691555.005535506643355, 5646105.815712521784008 ], [ 690867.35601022047922, 5646105.815712521784008 ] ] ] ] } },
{ "type": "Feature", "properties": { }, "geometry": { "type": "MultiPolygon", "coordinates": [ [ [ [ 677802.01502978336066, 5645511.091798760928214 ], [ 677802.01502978336066, 5646105.815712521784008 ], [ 678489.664555069524795, 5646105.815712521784008 ], [ 678489.664555069524795, 5645511.091798760928214 ], [ 677802.01502978336066, 5645511.091798760928214 ] ] ] ] } },
{ "type": "Feature", "properties": { }, "geometry": { "type": "MultiPolygon", "coordinates": [ [ [ [ 678489.664555069524795, 5645511.091798760928214 ], [ 678489.664555069524795, 5646105.815712521784008 ], [ 679177.31408035568893, 5646105.815712521784008 ], [ 679177.31408035568893, 5645511.091798760928214 ], [ 678489.664555069524795, 5645511.091798760928214 ] ] ] ] } },
{ "type": "Feature", "properties": { }, "geometry": { "type": "MultiPolygon", "coordinates": [ [ [ [ 679177.31408035568893, 5645511.091798760928214 ], [ 679177.31408035568893, 5646105.815712521784008 ], [ 679864.963605641853064, 5646105.815712521784008 ], [ 679864.963605641853064, 5645511.091798760928214 ], [ 679177.31408035568893, 5645511.091798760928214 ] ] ] ] } },
{ "type": "Feature", "properties": { }, "geometry": { "type": "MultiPolygon", "coordinates": [ [ [ [ 679864.963605641853064, 5645511.091798760928214 ], [ 679864.963605641853064, 5646105.815712521784008 ], [ 680552.613130928017199, 5646105.815712521784008 ], [ 680552.613130928017199, 5645511.091798760928214 ], [ 679864.963605641853064, 5645511.091798760928214 ] ] ] ] } },
{ "type": "Feature", "properties": { }, "geometry": { "type": "MultiPolygon", "coordinates": [ [ [ [ 680552.613130928017199, 5645511.091798760928214 ], [ 680552.613130928017199, 5646105.815712521784008 ], [ 681240.262656214181334, 5646105.815712521784008 ], [ 681240.262656214181334, 5645511.091798760928214 ], [ 680552.613130928017199, 5645511.091798760928214 ] ] ] ] } },
{ "type": "Feature", "properties": { }, "geometry": { "type": "MultiPolygon", "coordinates": [ [ [ [ 681240.262656214181334, 5645511.091798760928214 ], [ 681240.262656214181334, 5646105.815712521784008 ], [ 681927.912181500345469, 5646105.815712521784008 ], [ 681927.912181500345469, 5645511.091798760928214 ], [ 681240.262656214181334, 5645511.091798760928214 ] ] ] ] } },
{ "type": "Feature", "properties": { }, "geometry": { "type": "MultiPolygon", "coordinates": [ [ [ [ 681927.912181500345469, 5645511.091798760928214 ], [ 681927.912181500345469, 5646105.815712521784008 ], [ 682615.561706786509603, 5646105.815712521784008 ], [ 682615.561706786509603, 5645511.091798760928214 ], [ 681927.912181500345469, 5645511.091798760928214 ] ] ] ] } },
{ "type": "Feature", "properties": { }, "geometry": { "type": "MultiPolygon", "coordinates": [ [ [ [ 682615.561706786509603, 5645511.091798760928214 ], [ 682615.561706786509603, 5646105.815712521784008 ], [ 683303.211232072673738, 5646105.815712521784008 ], [ 683303.211232072673738, 5645511.091798760928214 ], [ 682615.561706786509603, 5645511.091798760928214 ] ] ] ] } },
{ "type": "Feature", "properties": { }, "geometry": { "type": "MultiPolygon", "coordinates": [ [ [ [ 683303.211232072673738, 5645511.091798760928214 ], [ 683303.211232072673738, 5646105.815712521784008 ], [ 683990.860757358837873, 5646105.815712521784008 ], [ 683990.860757358837873, 5645511.091798760928214 ], [ 683303.211232072673738, 5645511.091798760928214 ] ] ] ] } },
{ "type": "Feature", "properties": { }, "geometry": { "type": "MultiPolygon", "coordinates": [ [ [ [ 683990.860757358837873, 5645511.091798760928214 ], [ 683990.860757358837873, 5646105.815712521784008 ], [ 684678.510282645002007, 5646105.815712521784008 ], [ 684678.510282645002007, 5645511.091798760928214 ], [ 683990.860757358837873, 5645511.091798760928214 ] ] ] ] } },
{ "type": "Feature", "properties": { }, "geometry": { "type": "MultiPolygon", "coordinates": [ [ [ [ 684678.510282645002007, 5645511.091798760928214 ], [ 684678.510282645002007, 5646105.815712521784008 ], [ 685366.159807931166142, 5646105.815712521784008 ], [ 685366.159807931166142, 5645511.091798760928214 ], [ 684678.510282645002007, 5645511.091798760928214 ] ] ] ] } },
{ "type": "Feature", "properties": { }, "geometry": { "type": "MultiPolygon", "coordinates": [ [ [ [ 685366.159807931166142, 5645511.091798760928214 ], [ 685366.159807931166142, 5646105.815712521784008 ], [ 686053.809333217330277, 5646105.815712521784008 ], [ 686053.809333217330277, 5645511.091798760928214 ], [ 685366.159807931166142, 5645511.091798760928214 ] ] ] ] } },
{ "type": "Feature", "properties": { }, "geometry": { "type": "MultiPolygon", "coordinates": [ [ [ [ 686053.809333217330277, 5645511.091798760928214 ], [ 686053.809333217330277, 5646105.815712521784008 ], [ 686741.458858503494412, 5646105.815712521784008 ], [ 686741.458858503494412, 5645511.091798760928214 ], [ 686053.809333217330277, 5645511.091798760928214 ] ] ] ] } },
{ "type": "Feature", "properties": { }, "geometry": { "type": "MultiPolygon", "coordinates": [ [ [ [ 686741.458858503494412, 5645511.091798760928214 ], [ 686741.458858503494412, 5646105.815712521784008 ], [ 687429.108383789658546, 5646105.815712521784008 ], [ 687429.108383789658546, 5645511.091798760928214 ], [ 686741.458858503494412, 5645511.091798760928214 ] ] ] ] } },
{ "type": "Feature", "properties": { }, "geometry": { "type": "MultiPolygon", "coordinates": [ [ [ [ 687429.108383789658546, 5645511.091798760928214 ], [ 687429.108383789658546, 5646105.815712521784008 ], [ 688116.757909075822681, 5646105.815712521784008 ], [ 688116.757909075822681, 5645511.091798760928214 ], [ 687429.108383789658546, 5645511.091798760928214 ] ] ] ] } },
{ "type": "Feature", "properties": { }, "geometry": { "type": "MultiPolygon", "coordinates": [ [ [ [ 688116.757909075822681, 5645511.091798760928214 ], [ 688116.757909075822681, 5646105.815712521784008 ], [ 688804.407434361986816, 5646105.815712521784008 ], [ 688804.407434361986816, 5645511.091798760928214 ], [ 688116.757909075822681, 5645511.091798760928214 ] ] ] ] } },
{ "type": "Feature", "properties": { }, "geometry": { "type": "MultiPolygon", "coordinates": [ [ [ [ 688804.407434361986816, 5645511.091798760928214 ], [ 688804.407434361986816, 5646105.815712521784008 ], [ 689492.056959648150951, 5646105.815712521784008 ], [ 689492.056959648150951, 5645511.091798760928214 ], [ 688804.407434361986816, 5645511.091798760928214 ] ] ] ] } },
{ "type": "Feature", "properties": { }, "geometry": { "type": "MultiPolygon", "coordinates": [ [ [ [ 689492.056959648150951, 5645511.091798760928214 ], [ 689492.056959648150951, 5646105.815712521784008 ], [ 690179.706484934315085, 5646105.815712521784008 ], [ 690179.706484934315085, 5645511.091798760928214 ], [ 689492.056959648150951, 5645511.091798760928214 ] ] ] ] } },
{ "type": "Feature", "properties": { }, "geometry": { "type": "MultiPolygon", "coordinates": [ [ [ [ 690179.706484934315085, 5645511.091798760928214 ], [ 690179.706484934315085, 5646105.815712521784008 ], [ 690867.35601022047922, 5646105.815712521784008 ], [ 690867.35601022047922, 5645511.091798760928214 ], [ 690179.706484934315085, 5645511.091798760928214 ] ] ] ] } },
{ "type": "Feature", "properties": { }, "geometry": { "type": "MultiPolygon", "coordinates": [ [ [ [ 690867.35601022047922, 5645511.091798760928214 ], [ 690867.35601022047922, 5646105.815712521784008 ], [ 691555.005535506643355, 5646105.815712521784008 ], [ 691555.005535506643355, 5645511.091798760928214 ], [ 690867.35601022047922, 5645511.091798760928214 ] ] ] ] } },
{ "type": "Feature", "properties": { }, "geometry": { "type": "MultiPolygon", "coordinates": [ [ [ [ 677802.01502978336066, 5644916.367885 ], [ 677802.01502978336066, 5645511.091798760928214 ], [ 678489.664555069524795, 5645511.091798760928214 ], [ 678489.664555069524795, 5644916.367885 ], [ 677802.01502978336066, 5644916.367885 ] ] ] ] } },
{ "type": "Feature", "properties": { }, "geometry": { "type": "MultiPolygon", "coordinates": [ [ [ [ 678489.664555069524795, 5644916.367885 ], [ 678489.664555069524795, 5645511.091798760928214 ], [ 679177.31408035568893, 5645511.091798760928214 ], [ 679177.31408035568893, 5644916.367885 ], [ 678489.664555069524795, 5644916.367885 ] ] ] ] } },
{ "type": "Feature", "properties": { }, "geometry": { "type": "MultiPolygon", "coordinates": [ [ [ [ 679177.31408035568893, 5644916.367885 ], [ 679177.31408035568893, 5645511.091798760928214 ], [ 679864.963605641853064, 5645511.091798760928214 ], [ 679864.963605641853064, 5644916.367885 ], [ 679177.31408035568893, 5644916.367885 ] ] ] ] } },
{ "type": "Feature", "properties": { }, "geometry": { "type": "MultiPolygon", "coordinates": [ [ [ [ 679864.963605641853064, 5644916.367885 ], [ 679864.963605641853064, 5645511.091798760928214 ], [ 680552.613130928017199, 5645511.091798760928214 ], [ 680552.613130928017199, 5644916.367885 ], [ 679864.963605641853064, 5644916.367885 ] ] ] ] } },
{ "type": "Feature", "properties": { }, "geometry": { "type": "MultiPolygon", "coordinates": [ [ [ [ 680552.613130928017199, 5644916.367885 ], [ 680552.613130928017199, 5645511.091798760928214 ], [ 681240.262656214181334, 5645511.091798760928214 ], [ 681240.262656214181334, 5644916.367885 ], [ 680552.613130928017199, 5644916.367885 ] ] ] ] } },
{ "type": "Feature", "properties": { }, "geometry": { "type": "MultiPolygon", "coordinates": [ [ [ [ 681240.262656214181334, 5644916.367885 ], [ 681240.262656214181334, 5645511.091798760928214 ], [ 681927.912181500345469, 5645511.091798760928214 ], [ 681927.912181500345469, 5644916.367885 ], [ 681240.262656214181334, 5644916.367885 ] ] ] ] } },
{ "type": "Feature", "properties": { }, "geometry": { "type": "MultiPolygon", "coordinates": [ [ [ [ 681927.912181500345469, 5644916.367885 ], [ 681927.912181500345469, 5645511.091798760928214 ], [ 682615.561706786509603, 5645511.091798760928214 ], [ 682615.561706786509603, 5644916.367885 ], [ 681927.912181500345469, 5644916.367885 ] ] ] ] } },
{ "type": "Feature", "properties": { }, "geometry": { "type": "MultiPolygon", "coordinates": [ [ [ [ 682615.561706786509603, 5644916.367885 ], [ 682615.561706786509603, 5645511.091798760928214 ], [ 683303.211232072673738, 5645511.091798760928214 ], [ 683303.211232072673738, 5644916.367885 ], [ 682615.561706786509603, 5644916.367885 ] ] ] ] } },
{ "type": "Feature", "properties": { }, "geometry": { "type": "MultiPolygon", "coordinates": [ [ [ [ 683303.211232072673738, 5644916.367885 ], [ 683303.211232072673738, 5645511.091798760928214 ], [ 683990.860757358837873, 5645511.091798760928214 ], [ 683990.860757358837873, 5644916.367885 ], [ 683303.211232072673738, 5644916.367885 ] ] ] ] } },
{ "type": "Feature", "properties": { }, "geometry": { "type": "MultiPolygon", "coordinates": [ [ [ [ 683990.860757358837873, 5644916.367885 ], [ 683990.860757358837873, 5645511.091798760928214 ], [ 684678.510282645002007, 5645511.091798760928214 ], [ 684678.510282645002007, 5644916.367885 ], [ 683990.860757358837873, 5644916.367885 ] ] ] ] } },
{ "type": "Feature", "properties": { }, "geometry": { "type": "MultiPolygon", "coordinates": [ [ [ [ 684678.510282645002007, 5644916.367885 ], [ 684678.510282645002007, 5645511.091798760928214 ], [ 685366.159807931166142, 5645511.091798760928214 ], [ 685366.159807931166142, 5644916.367885 ], [ 684678.510282645002007, 5644916.367885 ] ] ] ] } },
{ "type": "Feature", "properties": { }, "geometry": { "type": "MultiPolygon", "coordinates": [ [ [ [ 685366.159807931166142, 5644916.367885 ], [ 685366.159807931166142, 5645511.091798760928214 ], [ 686053.809333217330277, 5645511.091798760928214 ], [ 686053.809333217330277, 5644916.367885 ], [ 685366.159807931166142, 5644916.367885 ] ] ] ] } },
{ "type": "Feature", "properties": { }, "geometry": { "type": "MultiPolygon", "coordinates": [ [ [ [ 686053.809333217330277, 5644916.367885 ], [ 686053.809333217330277, 5645511.091798760928214 ], [ 686741.458858503494412, 5645511.091798760928214 ], [ 686741.458858503494412, 5644916.367885 ], [ 686053.809333217330277, 5644916.367885 ] ] ] ] } },
{ "type": "Feature", "properties": { }, "geometry": { "type": "MultiPolygon", "coordinates": [ [ [ [ 686741.458858503494412, 5644916.367885 ], [ 686741.458858503494412, 5645511.091798760928214 ], [ 687429.108383789658546, 5645511.091798760928214 ], [ 687429.108383789658546, 5644916.367885 ], [ 686741.458858503494412, 5644916.367885 ] ] ] ] } },
{ "type": "Feature", "properties": { }, "geometry": { "type": "MultiPolygon", "coordinates": [ [ [ [ 687429.108383789658546, 5644916.367885 ], [ 687429.108383789658546, 5645511.091798760928214 ], [ 688116.757909075822681, 5645511.091798760928214 ], [ 688116.757909075822681, 5644916.367885 ], [ 687429.108383789658546, 5644916.367885 ] ] ] ] } },
{ "type": "Feature", "properties": { }, "geometry": { "type": "MultiPolygon", "coordinates": [ [ [ [ 688116.757909075822681, 5644916.367885 ], [ 688116.757909075822681, 5645511.091798760928214 ], [ 688804.407434361986816, 5645511.091798760928214 ], [ 688804.407434361986816, 5644916.367885 ], [ 688116.757909075822681, 5644916.367885 ] ] ] ] } },
{ "type": "Feature", "properties": { }, "geometry": { "type": "MultiPolygon", "coordinates": [ [ [ [ 688804.407434361986816, 5644916.367885 ], [ 688804.407434361986816, 5645511.091798760928214 ], [ 689492.056959648150951, 5645511.091798760928214 ], [ 689492.056959648150951, 5644916.367885 ], [ 688804.407434361986816, 5644916.367885 ] ] ] ] } },
{ "type": "Feature", "properties": { }, "geometry": { "type": "MultiPolygon", "coordinates": [ [ [ [ 689492.056959648150951, 5644916.367885 ], [ 689492.056959648150951, 5645511.091798760928214 ], [ 690179.706484934315085, 5645511.091798760928214 ], [ 690179.706484934315085, 5644916.367885 ], [ 689492.056959648150951, 5644916.367885 ] ] ] ] } },
{ "type": "Feature", "properties": { }, "geometry": { "type": "MultiPolygon", "coordinates": [ [ [ [ 690179.706484934315085, 5644916.367885 ], [ 690179.706484934315085, 5645511.091798760928214 ], [ 690867.35601022047922, 5645511.091798760928214 ], [ 690867.35601022047922, 5644916.367885 ], [ 690179.706484934315085, 5644916.367885 ] ] ] ] } },
{ "type": "Feature", "properties": { }, "geometry": { "type": "MultiPolygon", "coordinates": [ [ [ [ 690867.35601022047922, 5644916.367885 ], [ 690867.35601022047922, 5645511.091798760928214 ], [ 691555.005535506643355, 5645511.091798760928214 ], [ 691555.005535506643355, 5644916.367885 ], [ 690867.35601022047922, 5644916.367885 ] ] ] ] } },
{ "type": "Feature", "properties": { }, "geometry": { "type": "MultiPolygon", "coordinates": [ [ [ [ 677802.01502978336066, 5644321.643971238285303 ], [ 677802.01502978336066, 5644916.367884999141097 ], [ 678489.664555069524795, 5644916.367884999141097 ], [ 678489.664555069524795, 5644321.643971238285303 ], [ 677802.01502978336066, 5644321.643971238285303 ] ] ] ] } },
{ "type": "Feature", "properties": { }, "geometry": { "type": "MultiPolygon", "coordinates": [ [ [ [ 678489.664555069524795, 5644321.643971238285303 ], [ 678489.664555069524795, 5644916.367884999141097 ], [ 679177.31408035568893, 5644916.367884999141097 ], [ 679177.31408035568893, 5644321.643971238285303 ], [ 678489.664555069524795, 5644321.643971238285303 ] ] ] ] } },
{ "type": "Feature", "properties": { }, "geometry": { "type": "MultiPolygon", "coordinates": [ [ [ [ 679177.31408035568893, 5644321.643971238285303 ], [ 679177.31408035568893, 5644916.367884999141097 ], [ 679864.963605641853064, 5644916.367884999141097 ], [ 679864.963605641853064, 5644321.643971238285303 ], [ 679177.31408035568893, 5644321.643971238285303 ] ] ] ] } },
{ "type": "Feature", "properties": { }, "geometry": { "type": "MultiPolygon", "coordinates": [ [ [ [ 679864.963605641853064, 5644321.643971238285303 ], [ 679864.963605641853064, 5644916.367884999141097 ], [ 680552.613130928017199, 5644916.367884999141097 ], [ 680552.613130928017199, 5644321.643971238285303 ], [ 679864.963605641853064, 5644321.643971238285303 ] ] ] ] } },
{ "type": "Feature", "properties": { }, "geometry": { "type": "MultiPolygon", "coordinates": [ [ [ [ 680552.613130928017199, 5644321.643971238285303 ], [ 680552.613130928017199, 5644916.367884999141097 ], [ 681240.262656214181334, 5644916.367884999141097 ], [ 681240.262656214181334, 5644321.643971238285303 ], [ 680552.613130928017199, 5644321.643971238285303 ] ] ] ] } },
{ "type": "Feature", "properties": { }, "geometry": { "type": "MultiPolygon", "coordinates": [ [ [ [ 681240.262656214181334, 5644321.643971238285303 ], [ 681240.262656214181334, 5644916.367884999141097 ], [ 681927.912181500345469, 5644916.367884999141097 ], [ 681927.912181500345469, 5644321.643971238285303 ], [ 681240.262656214181334, 5644321.643971238285303 ] ] ] ] } },
{ "type": "Feature", "properties": { }, "geometry": { "type": "MultiPolygon", "coordinates": [ [ [ [ 681927.912181500345469, 5644321.643971238285303 ], [ 681927.912181500345469, 5644916.367884999141097 ], [ 682615.561706786509603, 5644916.367884999141097 ], [ 682615.561706786509603, 5644321.643971238285303 ], [ 681927.912181500345469, 5644321.643971238285303 ] ] ] ] } },
{ "type": "Feature", "properties": { }, "geometry": { "type": "MultiPolygon", "coordinates": [ [ [ [ 682615.561706786509603, 5644321.643971238285303 ], [ 682615.561706786509603, 5644916.367884999141097 ], [ 683303.211232072673738, 5644916.367884999141097 ], [ 683303.211232072673738, 5644321.643971238285303 ], [ 682615.561706786509603, 5644321.643971238285303 ] ] ] ] } },
{ "type": "Feature", "properties": { }, "geometry": { "type": "MultiPolygon", "coordinates": [ [ [ [ 683303.211232072673738, 5644321.643971238285303 ], [ 683303.211232072673738, 5644916.367884999141097 ], [ 683990.860757358837873, 5644916.367884999141097 ], [ 683990.860757358837873, 5644321.643971238285303 ], [ 683303.211232072673738, 5644321.643971238285303 ] ] ] ] } },
{ "type": "Feature", "properties": { }, "geometry": { "type": "MultiPolygon", "coordinates": [ [ [ [ 683990.860757358837873, 5644321.643971238285303 ], [ 683990.860757358837873, 5644916.367884999141097 ], [ 684678.510282645002007, 5644916.367884999141097 ], [ 684678.510282645002007, 5644321.643971238285303 ], [ 683990.860757358837873, 5644321.643971238285303 ] ] ] ] } },
{ "type": "Feature", "properties": { }, "geometry": { "type": "MultiPolygon", "coordinates": [ [ [ [ 684678.510282645002007, 5644321.643971238285303 ], [ 684678.510282645002007, 5644916.367884999141097 ], [ 685366.159807931166142, 5644916.367884999141097 ], [ 685366.159807931166142, 5644321.643971238285303 ], [ 684678.510282645002007, 5644321.643971238285303 ] ] ] ] } },
{ "type": "Feature", "properties": { }, "geometry": { "type": "MultiPolygon", "coordinates": [ [ [ [ 685366.159807931166142, 5644321.643971238285303 ], [ 685366.159807931166142, 5644916.367884999141097 ], [ 686053.809333217330277, 5644916.367884999141097 ], [ 686053.809333217330277, 5644321.643971238285303 ], [ 685366.159807931166142, 5644321.643971238285303 ] ] ] ] } },
{ "type": "Feature", "properties": { }, "geometry": { "type": "MultiPolygon", "coordinates": [ [ [ [ 686053.809333217330277, 5644321.643971238285303 ], [ 686053.809333217330277, 5644916.367884999141097 ], [ 686741.458858503494412, 5644916.367884999141097 ], [ 686741.458858503494412, 5644321.643971238285303 ], [ 686053.809333217330277, 5644321.643971238285303 ] ] ] ] } },
{ "type": "Feature", "properties": { }, "geometry": { "type": "MultiPolygon", "coordinates": [ [ [ [ 686741.458858503494412, 5644321.643971238285303 ], [ 686741.458858503494412, 5644916.367884999141097 ], [ 687429.108383789658546, 5644916.367884999141097 ], [ 687429.108383789658546, 5644321.643971238285303 ], [ 686741.458858503494412, 5644321.643971238285303 ] ] ] ] } },
{ "type": "Feature", "properties": { }, "geometry": { "type": "MultiPolygon", "coordinates": [ [ [ [ 687429.108383789658546, 5644321.643971238285303 ], [ 687429.108383789658546, 5644916.367884999141097 ], [ 688116.757909075822681, 5644916.367884999141097 ], [ 688116.757909075822681, 5644321.643971238285303 ], [ 687429.108383789658546, 5644321.643971238285303 ] ] ] ] } },
{ "type": "Feature", "properties": { }, "geometry": { "type": "MultiPolygon", "coordinates": [ [ [ [ 688116.757909075822681, 5644321.643971238285303 ], [ 688116.757909075822681, 5644916.367884999141097 ], [ 688804.407434361986816, 5644916.367884999141097 ], [ 688804.407434361986816, 5644321.643971238285303 ], [ 688116.757909075822681, 5644321.643971238285303 ] ] ] ] } },
{ "type": "Feature", "properties": { }, "geometry": { "type": "MultiPolygon", "coordinates": [ [ [ [ 688804.407434361986816, 5644321.643971238285303 ], [ 688804.407434361986816, 5644916.367884999141097 ], [ 689492.056959648150951, 5644916.367884999141097 ], [ 689492.056959648150951, 5644321.643971238285303 ], [ 688804.407434361986816, 5644321.643971238285303 ] ] ] ] } },
{ "type": "Feature", "properties": { }, "geometry": { "type": "MultiPolygon", "coordinates": [ [ [ [ 689492.056959648150951, 5644321.643971238285303 ], [ 689492.056959648150951, 5644916.367884999141097 ], [ 690179.706484934315085, 5644916.367884999141097 ], [ 690179.706484934315085, 5644321.643971238285303 ], [ 689492.056959648150951, 5644321.643971238285303 ] ] ] ] } },
{ "type": "Feature", "properties": { }, "geometry": { "type": "MultiPolygon", "coordinates": [ [ [ [ 690179.706484934315085, 5644321.643971238285303 ], [ 690179.706484934315085, 5644916.367884999141097 ], [ 690867.35601022047922, 5644916.367884999141097 ], [ 690867.35601022047922, 5644321.643971238285303 ], [ 690179.706484934315085, 5644321.643971238285303 ] ] ] ] } },
{ "type": "Feature", "properties": { }, "geometry": { "type": "MultiPolygon", "coordinates": [ [ [ [ 690867.35601022047922, 5644321.643971238285303 ], [ 690867.35601022047922, 5644916.367884999141097 ], [ 691555.005535506643355, 5644916.367884999141097 ], [ 691555.005535506643355, 5644321.643971238285303 ], [ 690867.35601022047922, 5644321.643971238285303 ] ] ] ] } },
{ "type": "Feature", "properties": { }, "geometry": { "type": "MultiPolygon", "coordinates": [ [ [ [ 677802.01502978336066, 5643726.920057477429509 ], [ 677802.01502978336066, 5644321.643971238285303 ], [ 678489.664555069524795, 5644321.643971238285303 ], [ 678489.664555069524795, 5643726.920057477429509 ], [ 677802.01502978336066, 5643726.920057477429509 ] ] ] ] } },
{ "type": "Feature", "properties": { }, "geometry": { "type": "MultiPolygon", "coordinates": [ [ [ [ 678489.664555069524795, 5643726.920057477429509 ], [ 678489.664555069524795, 5644321.643971238285303 ], [ 679177.31408035568893, 5644321.643971238285303 ], [ 679177.31408035568893, 5643726.920057477429509 ], [ 678489.664555069524795, 5643726.920057477429509 ] ] ] ] } },
{ "type": "Feature", "properties": { }, "geometry": { "type": "MultiPolygon", "coordinates": [ [ [ [ 679177.31408035568893, 5643726.920057477429509 ], [ 679177.31408035568893, 5644321.643971238285303 ], [ 679864.963605641853064, 5644321.643971238285303 ], [ 679864.963605641853064, 5643726.920057477429509 ], [ 679177.31408035568893, 5643726.920057477429509 ] ] ] ] } },
{ "type": "Feature", "properties": { }, "geometry": { "type": "MultiPolygon", "coordinates": [ [ [ [ 679864.963605641853064, 5643726.920057477429509 ], [ 679864.963605641853064, 5644321.643971238285303 ], [ 680552.613130928017199, 5644321.643971238285303 ], [ 680552.613130928017199, 5643726.920057477429509 ], [ 679864.963605641853064, 5643726.920057477429509 ] ] ] ] } },
{ "type": "Feature", "properties": { }, "geometry": { "type": "MultiPolygon", "coordinates": [ [ [ [ 680552.613130928017199, 5643726.920057477429509 ], [ 680552.613130928017199, 5644321.643971238285303 ], [ 681240.262656214181334, 5644321.643971238285303 ], [ 681240.262656214181334, 5643726.920057477429509 ], [ 680552.613130928017199, 5643726.920057477429509 ] ] ] ] } },
{ "type": "Feature", "properties": { }, "geometry": { "type": "MultiPolygon", "coordinates": [ [ [ [ 681240.262656214181334, 5643726.920057477429509 ], [ 681240.262656214181334, 5644321.643971238285303 ], [ 681927.912181500345469, 5644321.643971238285303 ], [ 681927.912181500345469, 5643726.920057477429509 ], [ 681240.262656214181334, 5643726.920057477429509 ] ] ] ] } },
{ "type": "Feature", "properties": { }, "geometry": { "type": "MultiPolygon", "coordinates": [ [ [ [ 681927.912181500345469, 5643726.920057477429509 ], [ 681927.912181500345469, 5644321.643971238285303 ], [ 682615.561706786509603, 5644321.643971238285303 ], [ 682615.561706786509603, 5643726.920057477429509 ], [ 681927.912181500345469, 5643726.920057477429509 ] ] ] ] } },
{ "type": "Feature", "properties": { }, "geometry": { "type": "MultiPolygon", "coordinates": [ [ [ [ 682615.561706786509603, 5643726.920057477429509 ], [ 682615.561706786509603, 5644321.643971238285303 ], [ 683303.211232072673738, 5644321.643971238285303 ], [ 683303.211232072673738, 5643726.920057477429509 ], [ 682615.561706786509603, 5643726.920057477429509 ] ] ] ] } },
{ "type": "Feature", "properties": { }, "geometry": { "type": "MultiPolygon", "coordinates": [ [ [ [ 683303.211232072673738, 5643726.920057477429509 ], [ 683303.211232072673738, 5644321.643971238285303 ], [ 683990.860757358837873, 5644321.643971238285303 ], [ 683990.860757358837873, 5643726.920057477429509 ], [ 683303.211232072673738, 5643726.920057477429509 ] ] ] ] } },
{ "type": "Feature", "properties": { }, "geometry": { "type": "MultiPolygon", "coordinates": [ [ [ [ 683990.860757358837873, 5643726.920057477429509 ], [ 683990.860757358837873, 5644321.643971238285303 ], [ 684678.510282645002007, 5644321.643971238285303 ], [ 684678.510282645002007, 5643726.920057477429509 ], [ 683990.860757358837873, 5643726.920057477429509 ] ] ] ] } },
{ "type": "Feature", "properties": { }, "geometry": { "type": "MultiPolygon", "coordinates": [ [ [ [ 684678.510282645002007, 5643726.920057477429509 ], [ 684678.510282645002007, 5644321.643971238285303 ], [ 685366.159807931166142, 5644321.643971238285303 ], [ 685366.159807931166142, 5643726.920057477429509 ], [ 684678.510282645002007, 5643726.920057477429509 ] ] ] ] } },
{ "type": "Feature", "properties": { }, "geometry": { "type": "MultiPolygon", "coordinates": [ [ [ [ 685366.159807931166142, 5643726.920057477429509 ], [ 685366.159807931166142, 5644321.643971238285303 ], [ 686053.809333217330277, 5644321.643971238285303 ], [ 686053.809333217330277, 5643726.920057477429509 ], [ 685366.159807931166142, 5643726.920057477429509 ] ] ] ] } },
{ "type": "Feature", "properties": { }, "geometry": { "type": "MultiPolygon", "coordinates": [ [ [ [ 686053.809333217330277, 5643726.920057477429509 ], [ 686053.809333217330277, 5644321.643971238285303 ], [ 686741.458858503494412, 5644321.643971238285303 ], [ 686741.458858503494412, 5643726.920057477429509 ], [ 686053.809333217330277, 5643726.920057477429509 ] ] ] ] } },
{ "type": "Feature", "properties": { }, "geometry": { "type": "MultiPolygon", "coordinates": [ [ [ [ 686741.458858503494412, 5643726.920057477429509 ], [ 686741.458858503494412, 5644321.643971238285303 ], [ 687429.108383789658546, 5644321.643971238285303 ], [ 687429.108383789658546, 5643726.920057477429509 ], [ 686741.458858503494412, 5643726.920057477429509 ] ] ] ] } },
{ "type": "Feature", "properties": { }, "geometry": { "type": "MultiPolygon", "coordinates": [ [ [ [ 687429.108383789658546, 5643726.920057477429509 ], [ 687429.108383789658546, 5644321.643971238285303 ], [ 688116.757909075822681, 5644321.643971238285303 ], [ 688116.757909075822681, 5643726.920057477429509 ], [ 687429.108383789658546, 5643726.920057477429509 ] ] ] ] } },
{ "type": "Feature", "properties": { }, "geometry": { "type": "MultiPolygon", "coordinates": [ [ [ [ 688116.757909075822681, 5643726.920057477429509 ], [ 688116.757909075822681, 5644321.643971238285303 ], [ 688804.407434361986816, 5644321.643971238285303 ], [ 688804.407434361986816, 5643726.920057477429509 ], [ 688116.757909075822681, 5643726.920057477429509 ] ] ] ] } },
{ "type": "Feature", "properties": { }, "geometry": { "type": "MultiPolygon", "coordinates": [ [ [ [ 688804.407434361986816, 5643726.920057477429509 ], [ 688804.407434361986816, 5644321.643971238285303 ], [ 689492.056959648150951, 5644321.643971238285303 ], [ 689492.056959648150951, 5643726.920057477429509 ], [ 688804.407434361986816, 5643726.920057477429509 ] ] ] ] } },
{ "type": "Feature", "properties": { }, "geometry": { "type": "MultiPolygon", "coordinates": [ [ [ [ 689492.056959648150951, 5643726.920057477429509 ], [ 689492.056959648150951, 5644321.643971238285303 ], [ 690179.706484934315085, 5644321.643971238285303 ], [ 690179.706484934315085, 5643726.920057477429509 ], [ 689492.056959648150951, 5643726.920057477429509 ] ] ] ] } },
{ "type": "Feature", "properties": { }, "geometry": { "type": "MultiPolygon", "coordinates": [ [ [ [ 690179.706484934315085, 5643726.920057477429509 ], [ 690179.706484934315085, 5644321.643971238285303 ], [ 690867.35601022047922, 5644321.643971238285303 ], [ 690867.35601022047922, 5643726.920057477429509 ], [ 690179.706484934315085, 5643726.920057477429509 ] ] ] ] } },
{ "type": "Feature", "properties": { }, "geometry": { "type": "MultiPolygon", "coordinates": [ [ [ [ 690867.35601022047922, 5643726.920057477429509 ], [ 690867.35601022047922, 5644321.643971238285303 ], [ 691555.005535506643355, 5644321.643971238285303 ], [ 691555.005535506643355, 5643726.920057477429509 ], [ 690867.35601022047922, 5643726.920057477429509 ] ] ] ] } }
]
}
