{
"type": "FeatureCollection",
"name": "Knepp_Tiling_Grid_2019",
"crs": { "type": "name", "properties": { "name": "urn:ogc:def:crs:EPSG::25830" } },
"features": [
{ "type": "Feature", "properties": { }, "geometry": { "type": "MultiPolygon", "coordinates": [ [ [ [ 677741.229027472436428, 5655966.223065575584769 ], [ 677741.229027472436428, 5656616.723065575584769 ], [ 678300.82902747252956, 5656616.723065575584769 ], [ 678300.82902747252956, 5655966.223065575584769 ], [ 677741.229027472436428, 5655966.223065575584769 ] ] ] ] } },
{ "type": "Feature", "properties": { }, "geometry": { "type": "MultiPolygon", "coordinates": [ [ [ [ 678300.829027472413145, 5655966.223065575584769 ], [ 678300.829027472413145, 5656616.723065575584769 ], [ 678860.429027472506277, 5656616.723065575584769 ], [ 678860.429027472506277, 5655966.223065575584769 ], [ 678300.829027472413145, 5655966.223065575584769 ] ] ] ] } },
{ "type": "Feature", "properties": { }, "geometry": { "type": "MultiPolygon", "coordinates": [ [ [ [ 678860.429027472389862, 5655966.223065575584769 ], [ 678860.429027472389862, 5656616.723065575584769 ], [ 679420.029027472482994, 5656616.723065575584769 ], [ 679420.029027472482994, 5655966.223065575584769 ], [ 678860.429027472389862, 5655966.223065575584769 ] ] ] ] } },
{ "type": "Feature", "properties": { }, "geometry": { "type": "MultiPolygon", "coordinates": [ [ [ [ 679420.029027472366579, 5655966.223065575584769 ], [ 679420.029027472366579, 5656616.723065575584769 ], [ 679979.629027472459711, 5656616.723065575584769 ], [ 679979.629027472459711, 5655966.223065575584769 ], [ 679420.029027472366579, 5655966.223065575584769 ] ] ] ] } },
{ "type": "Feature", "properties": { }, "geometry": { "type": "MultiPolygon", "coordinates": [ [ [ [ 679979.629027472343296, 5655966.223065575584769 ], [ 679979.629027472343296, 5656616.723065575584769 ], [ 680539.229027472436428, 5656616.723065575584769 ], [ 680539.229027472436428, 5655966.223065575584769 ], [ 679979.629027472343296, 5655966.223065575584769 ] ] ] ] } },
{ "type": "Feature", "properties": { }, "geometry": { "type": "MultiPolygon", "coordinates": [ [ [ [ 680539.229027472436428, 5655966.223065575584769 ], [ 680539.229027472436428, 5656616.723065575584769 ], [ 681098.82902747252956, 5656616.723065575584769 ], [ 681098.82902747252956, 5655966.223065575584769 ], [ 680539.229027472436428, 5655966.223065575584769 ] ] ] ] } },
{ "type": "Feature", "properties": { }, "geometry": { "type": "MultiPolygon", "coordinates": [ [ [ [ 681098.829027472413145, 5655966.223065575584769 ], [ 681098.829027472413145, 5656616.723065575584769 ], [ 681658.429027472506277, 5656616.723065575584769 ], [ 681658.429027472506277, 5655966.223065575584769 ], [ 681098.829027472413145, 5655966.223065575584769 ] ] ] ] } },
{ "type": "Feature", "properties": { }, "geometry": { "type": "MultiPolygon", "coordinates": [ [ [ [ 681658.429027472389862, 5655966.223065575584769 ], [ 681658.429027472389862, 5656616.723065575584769 ], [ 682218.029027472482994, 5656616.723065575584769 ], [ 682218.029027472482994, 5655966.223065575584769 ], [ 681658.429027472389862, 5655966.223065575584769 ] ] ] ] } },
{ "type": "Feature", "properties": { }, "geometry": { "type": "MultiPolygon", "coordinates": [ [ [ [ 682218.029027472366579, 5655966.223065575584769 ], [ 682218.029027472366579, 5656616.723065575584769 ], [ 682777.629027472459711, 5656616.723065575584769 ], [ 682777.629027472459711, 5655966.223065575584769 ], [ 682218.029027472366579, 5655966.223065575584769 ] ] ] ] } },
{ "type": "Feature", "properties": { }, "geometry": { "type": "MultiPolygon", "coordinates": [ [ [ [ 682777.629027472343296, 5655966.223065575584769 ], [ 682777.629027472343296, 5656616.723065575584769 ], [ 683337.229027472436428, 5656616.723065575584769 ], [ 683337.229027472436428, 5655966.223065575584769 ], [ 682777.629027472343296, 5655966.223065575584769 ] ] ] ] } },
{ "type": "Feature", "properties": { }, "geometry": { "type": "MultiPolygon", "coordinates": [ [ [ [ 683337.229027472436428, 5655966.223065575584769 ], [ 683337.229027472436428, 5656616.723065575584769 ], [ 683896.82902747252956, 5656616.723065575584769 ], [ 683896.82902747252956, 5655966.223065575584769 ], [ 683337.229027472436428, 5655966.223065575584769 ] ] ] ] } },
{ "type": "Feature", "properties": { }, "geometry": { "type": "MultiPolygon", "coordinates": [ [ [ [ 683896.829027472413145, 5655966.223065575584769 ], [ 683896.829027472413145, 5656616.723065575584769 ], [ 684456.429027472506277, 5656616.723065575584769 ], [ 684456.429027472506277, 5655966.223065575584769 ], [ 683896.829027472413145, 5655966.223065575584769 ] ] ] ] } },
{ "type": "Feature", "properties": { }, "geometry": { "type": "MultiPolygon", "coordinates": [ [ [ [ 684456.429027472389862, 5655966.223065575584769 ], [ 684456.429027472389862, 5656616.723065575584769 ], [ 685016.029027472482994, 5656616.723065575584769 ], [ 685016.029027472482994, 5655966.223065575584769 ], [ 684456.429027472389862, 5655966.223065575584769 ] ] ] ] } },
{ "type": "Feature", "properties": { }, "geometry": { "type": "MultiPolygon", "coordinates": [ [ [ [ 685016.029027472366579, 5655966.223065575584769 ], [ 685016.029027472366579, 5656616.723065575584769 ], [ 685575.629027472459711, 5656616.723065575584769 ], [ 685575.629027472459711, 5655966.223065575584769 ], [ 685016.029027472366579, 5655966.223065575584769 ] ] ] ] } },
{ "type": "Feature", "properties": { }, "geometry": { "type": "MultiPolygon", "coordinates": [ [ [ [ 685575.629027472343296, 5655966.223065575584769 ], [ 685575.629027472343296, 5656616.723065575584769 ], [ 686135.229027472436428, 5656616.723065575584769 ], [ 686135.229027472436428, 5655966.223065575584769 ], [ 685575.629027472343296, 5655966.223065575584769 ] ] ] ] } },
{ "type": "Feature", "properties": { }, "geometry": { "type": "MultiPolygon", "coordinates": [ [ [ [ 686135.229027472436428, 5655966.223065575584769 ], [ 686135.229027472436428, 5656616.723065575584769 ], [ 686694.82902747252956, 5656616.723065575584769 ], [ 686694.82902747252956, 5655966.223065575584769 ], [ 686135.229027472436428, 5655966.223065575584769 ] ] ] ] } },
{ "type": "Feature", "properties": { }, "geometry": { "type": "MultiPolygon", "coordinates": [ [ [ [ 686694.829027472413145, 5655966.223065575584769 ], [ 686694.829027472413145, 5656616.723065575584769 ], [ 687254.429027472506277, 5656616.723065575584769 ], [ 687254.429027472506277, 5655966.223065575584769 ], [ 686694.829027472413145, 5655966.223065575584769 ] ] ] ] } },
{ "type": "Feature", "properties": { }, "geometry": { "type": "MultiPolygon", "coordinates": [ [ [ [ 687254.429027472389862, 5655966.223065575584769 ], [ 687254.429027472389862, 5656616.723065575584769 ], [ 687814.029027472482994, 5656616.723065575584769 ], [ 687814.029027472482994, 5655966.223065575584769 ], [ 687254.429027472389862, 5655966.223065575584769 ] ] ] ] } },
{ "type": "Feature", "properties": { }, "geometry": { "type": "MultiPolygon", "coordinates": [ [ [ [ 687814.029027472366579, 5655966.223065575584769 ], [ 687814.029027472366579, 5656616.723065575584769 ], [ 688373.629027472459711, 5656616.723065575584769 ], [ 688373.629027472459711, 5655966.223065575584769 ], [ 687814.029027472366579, 5655966.223065575584769 ] ] ] ] } },
{ "type": "Feature", "properties": { }, "geometry": { "type": "MultiPolygon", "coordinates": [ [ [ [ 688373.629027472343296, 5655966.223065575584769 ], [ 688373.629027472343296, 5656616.723065575584769 ], [ 688933.229027472436428, 5656616.723065575584769 ], [ 688933.229027472436428, 5655966.223065575584769 ], [ 688373.629027472343296, 5655966.223065575584769 ] ] ] ] } },
{ "type": "Feature", "properties": { }, "geometry": { "type": "MultiPolygon", "coordinates": [ [ [ [ 688933.229027472436428, 5655966.223065575584769 ], [ 688933.229027472436428, 5656616.723065575584769 ], [ 689492.82902747252956, 5656616.723065575584769 ], [ 689492.82902747252956, 5655966.223065575584769 ], [ 688933.229027472436428, 5655966.223065575584769 ] ] ] ] } },
{ "type": "Feature", "properties": { }, "geometry": { "type": "MultiPolygon", "coordinates": [ [ [ [ 689492.829027472413145, 5655966.223065575584769 ], [ 689492.829027472413145, 5656616.723065575584769 ], [ 690052.429027472506277, 5656616.723065575584769 ], [ 690052.429027472506277, 5655966.223065575584769 ], [ 689492.829027472413145, 5655966.223065575584769 ] ] ] ] } },
{ "type": "Feature", "properties": { }, "geometry": { "type": "MultiPolygon", "coordinates": [ [ [ [ 690052.429027472389862, 5655966.223065575584769 ], [ 690052.429027472389862, 5656616.723065575584769 ], [ 690612.029027472482994, 5656616.723065575584769 ], [ 690612.029027472482994, 5655966.223065575584769 ], [ 690052.429027472389862, 5655966.223065575584769 ] ] ] ] } },
{ "type": "Feature", "properties": { }, "geometry": { "type": "MultiPolygon", "coordinates": [ [ [ [ 690612.029027472366579, 5655966.223065575584769 ], [ 690612.029027472366579, 5656616.723065575584769 ], [ 691171.629027472459711, 5656616.723065575584769 ], [ 691171.629027472459711, 5655966.223065575584769 ], [ 690612.029027472366579, 5655966.223065575584769 ] ] ] ] } },
{ "type": "Feature", "properties": { }, "geometry": { "type": "MultiPolygon", "coordinates": [ [ [ [ 691171.629027472343296, 5655966.223065575584769 ], [ 691171.629027472343296, 5656616.723065575584769 ], [ 691731.229027472436428, 5656616.723065575584769 ], [ 691731.229027472436428, 5655966.223065575584769 ], [ 691171.629027472343296, 5655966.223065575584769 ] ] ] ] } },
{ "type": "Feature", "properties": { }, "geometry": { "type": "MultiPolygon", "coordinates": [ [ [ [ 677741.229027472436428, 5655315.723065575584769 ], [ 677741.229027472436428, 5655966.223065575584769 ], [ 678300.82902747252956, 5655966.223065575584769 ], [ 678300.82902747252956, 5655315.723065575584769 ], [ 677741.229027472436428, 5655315.723065575584769 ] ] ] ] } },
{ "type": "Feature", "properties": { }, "geometry": { "type": "MultiPolygon", "coordinates": [ [ [ [ 678300.829027472413145, 5655315.723065575584769 ], [ 678300.829027472413145, 5655966.223065575584769 ], [ 678860.429027472506277, 5655966.223065575584769 ], [ 678860.429027472506277, 5655315.723065575584769 ], [ 678300.829027472413145, 5655315.723065575584769 ] ] ] ] } },
{ "type": "Feature", "properties": { }, "geometry": { "type": "MultiPolygon", "coordinates": [ [ [ [ 678860.429027472389862, 5655315.723065575584769 ], [ 678860.429027472389862, 5655966.223065575584769 ], [ 679420.029027472482994, 5655966.223065575584769 ], [ 679420.029027472482994, 5655315.723065575584769 ], [ 678860.429027472389862, 5655315.723065575584769 ] ] ] ] } },
{ "type": "Feature", "properties": { }, "geometry": { "type": "MultiPolygon", "coordinates": [ [ [ [ 679420.029027472366579, 5655315.723065575584769 ], [ 679420.029027472366579, 5655966.223065575584769 ], [ 679979.629027472459711, 5655966.223065575584769 ], [ 679979.629027472459711, 5655315.723065575584769 ], [ 679420.029027472366579, 5655315.723065575584769 ] ] ] ] } },
{ "type": "Feature", "properties": { }, "geometry": { "type": "MultiPolygon", "coordinates": [ [ [ [ 679979.629027472343296, 5655315.723065575584769 ], [ 679979.629027472343296, 5655966.223065575584769 ], [ 680539.229027472436428, 5655966.223065575584769 ], [ 680539.229027472436428, 5655315.723065575584769 ], [ 679979.629027472343296, 5655315.723065575584769 ] ] ] ] } },
{ "type": "Feature", "properties": { }, "geometry": { "type": "MultiPolygon", "coordinates": [ [ [ [ 680539.229027472436428, 5655315.723065575584769 ], [ 680539.229027472436428, 5655966.223065575584769 ], [ 681098.82902747252956, 5655966.223065575584769 ], [ 681098.82902747252956, 5655315.723065575584769 ], [ 680539.229027472436428, 5655315.723065575584769 ] ] ] ] } },
{ "type": "Feature", "properties": { }, "geometry": { "type": "MultiPolygon", "coordinates": [ [ [ [ 681098.829027472413145, 5655315.723065575584769 ], [ 681098.829027472413145, 5655966.223065575584769 ], [ 681658.429027472506277, 5655966.223065575584769 ], [ 681658.429027472506277, 5655315.723065575584769 ], [ 681098.829027472413145, 5655315.723065575584769 ] ] ] ] } },
{ "type": "Feature", "properties": { }, "geometry": { "type": "MultiPolygon", "coordinates": [ [ [ [ 681658.429027472389862, 5655315.723065575584769 ], [ 681658.429027472389862, 5655966.223065575584769 ], [ 682218.029027472482994, 5655966.223065575584769 ], [ 682218.029027472482994, 5655315.723065575584769 ], [ 681658.429027472389862, 5655315.723065575584769 ] ] ] ] } },
{ "type": "Feature", "properties": { }, "geometry": { "type": "MultiPolygon", "coordinates": [ [ [ [ 682218.029027472366579, 5655315.723065575584769 ], [ 682218.029027472366579, 5655966.223065575584769 ], [ 682777.629027472459711, 5655966.223065575584769 ], [ 682777.629027472459711, 5655315.723065575584769 ], [ 682218.029027472366579, 5655315.723065575584769 ] ] ] ] } },
{ "type": "Feature", "properties": { }, "geometry": { "type": "MultiPolygon", "coordinates": [ [ [ [ 682777.629027472343296, 5655315.723065575584769 ], [ 682777.629027472343296, 5655966.223065575584769 ], [ 683337.229027472436428, 5655966.223065575584769 ], [ 683337.229027472436428, 5655315.723065575584769 ], [ 682777.629027472343296, 5655315.723065575584769 ] ] ] ] } },
{ "type": "Feature", "properties": { }, "geometry": { "type": "MultiPolygon", "coordinates": [ [ [ [ 683337.229027472436428, 5655315.723065575584769 ], [ 683337.229027472436428, 5655966.223065575584769 ], [ 683896.82902747252956, 5655966.223065575584769 ], [ 683896.82902747252956, 5655315.723065575584769 ], [ 683337.229027472436428, 5655315.723065575584769 ] ] ] ] } },
{ "type": "Feature", "properties": { }, "geometry": { "type": "MultiPolygon", "coordinates": [ [ [ [ 683896.829027472413145, 5655315.723065575584769 ], [ 683896.829027472413145, 5655966.223065575584769 ], [ 684456.429027472506277, 5655966.223065575584769 ], [ 684456.429027472506277, 5655315.723065575584769 ], [ 683896.829027472413145, 5655315.723065575584769 ] ] ] ] } },
{ "type": "Feature", "properties": { }, "geometry": { "type": "MultiPolygon", "coordinates": [ [ [ [ 684456.429027472389862, 5655315.723065575584769 ], [ 684456.429027472389862, 5655966.223065575584769 ], [ 685016.029027472482994, 5655966.223065575584769 ], [ 685016.029027472482994, 5655315.723065575584769 ], [ 684456.429027472389862, 5655315.723065575584769 ] ] ] ] } },
{ "type": "Feature", "properties": { }, "geometry": { "type": "MultiPolygon", "coordinates": [ [ [ [ 685016.029027472366579, 5655315.723065575584769 ], [ 685016.029027472366579, 5655966.223065575584769 ], [ 685575.629027472459711, 5655966.223065575584769 ], [ 685575.629027472459711, 5655315.723065575584769 ], [ 685016.029027472366579, 5655315.723065575584769 ] ] ] ] } },
{ "type": "Feature", "properties": { }, "geometry": { "type": "MultiPolygon", "coordinates": [ [ [ [ 685575.629027472343296, 5655315.723065575584769 ], [ 685575.629027472343296, 5655966.223065575584769 ], [ 686135.229027472436428, 5655966.223065575584769 ], [ 686135.229027472436428, 5655315.723065575584769 ], [ 685575.629027472343296, 5655315.723065575584769 ] ] ] ] } },
{ "type": "Feature", "properties": { }, "geometry": { "type": "MultiPolygon", "coordinates": [ [ [ [ 686135.229027472436428, 5655315.723065575584769 ], [ 686135.229027472436428, 5655966.223065575584769 ], [ 686694.82902747252956, 5655966.223065575584769 ], [ 686694.82902747252956, 5655315.723065575584769 ], [ 686135.229027472436428, 5655315.723065575584769 ] ] ] ] } },
{ "type": "Feature", "properties": { }, "geometry": { "type": "MultiPolygon", "coordinates": [ [ [ [ 686694.829027472413145, 5655315.723065575584769 ], [ 686694.829027472413145, 5655966.223065575584769 ], [ 687254.429027472506277, 5655966.223065575584769 ], [ 687254.429027472506277, 5655315.723065575584769 ], [ 686694.829027472413145, 5655315.723065575584769 ] ] ] ] } },
{ "type": "Feature", "properties": { }, "geometry": { "type": "MultiPolygon", "coordinates": [ [ [ [ 687254.429027472389862, 5655315.723065575584769 ], [ 687254.429027472389862, 5655966.223065575584769 ], [ 687814.029027472482994, 5655966.223065575584769 ], [ 687814.029027472482994, 5655315.723065575584769 ], [ 687254.429027472389862, 5655315.723065575584769 ] ] ] ] } },
{ "type": "Feature", "properties": { }, "geometry": { "type": "MultiPolygon", "coordinates": [ [ [ [ 687814.029027472366579, 5655315.723065575584769 ], [ 687814.029027472366579, 5655966.223065575584769 ], [ 688373.629027472459711, 5655966.223065575584769 ], [ 688373.629027472459711, 5655315.723065575584769 ], [ 687814.029027472366579, 5655315.723065575584769 ] ] ] ] } },
{ "type": "Feature", "properties": { }, "geometry": { "type": "MultiPolygon", "coordinates": [ [ [ [ 688373.629027472343296, 5655315.723065575584769 ], [ 688373.629027472343296, 5655966.223065575584769 ], [ 688933.229027472436428, 5655966.223065575584769 ], [ 688933.229027472436428, 5655315.723065575584769 ], [ 688373.629027472343296, 5655315.723065575584769 ] ] ] ] } },
{ "type": "Feature", "properties": { }, "geometry": { "type": "MultiPolygon", "coordinates": [ [ [ [ 688933.229027472436428, 5655315.723065575584769 ], [ 688933.229027472436428, 5655966.223065575584769 ], [ 689492.82902747252956, 5655966.223065575584769 ], [ 689492.82902747252956, 5655315.723065575584769 ], [ 688933.229027472436428, 5655315.723065575584769 ] ] ] ] } },
{ "type": "Feature", "properties": { }, "geometry": { "type": "MultiPolygon", "coordinates": [ [ [ [ 689492.829027472413145, 5655315.723065575584769 ], [ 689492.829027472413145, 5655966.223065575584769 ], [ 690052.429027472506277, 5655966.223065575584769 ], [ 690052.429027472506277, 5655315.723065575584769 ], [ 689492.829027472413145, 5655315.723065575584769 ] ] ] ] } },
{ "type": "Feature", "properties": { }, "geometry": { "type": "MultiPolygon", "coordinates": [ [ [ [ 690052.429027472389862, 5655315.723065575584769 ], [ 690052.429027472389862, 5655966.223065575584769 ], [ 690612.029027472482994, 5655966.223065575584769 ], [ 690612.029027472482994, 5655315.723065575584769 ], [ 690052.429027472389862, 5655315.723065575584769 ] ] ] ] } },
{ "type": "Feature", "properties": { }, "geometry": { "type": "MultiPolygon", "coordinates": [ [ [ [ 690612.029027472366579, 5655315.723065575584769 ], [ 690612.029027472366579, 5655966.223065575584769 ], [ 691171.629027472459711, 5655966.223065575584769 ], [ 691171.629027472459711, 5655315.723065575584769 ], [ 690612.029027472366579, 5655315.723065575584769 ] ] ] ] } },
{ "type": "Feature", "properties": { }, "geometry": { "type": "MultiPolygon", "coordinates": [ [ [ [ 691171.629027472343296, 5655315.723065575584769 ], [ 691171.629027472343296, 5655966.223065575584769 ], [ 691731.229027472436428, 5655966.223065575584769 ], [ 691731.229027472436428, 5655315.723065575584769 ], [ 691171.629027472343296, 5655315.723065575584769 ] ] ] ] } },
{ "type": "Feature", "properties": { }, "geometry": { "type": "MultiPolygon", "coordinates": [ [ [ [ 677741.229027472436428, 5654665.223065575584769 ], [ 677741.229027472436428, 5655315.723065575584769 ], [ 678300.82902747252956, 5655315.723065575584769 ], [ 678300.82902747252956, 5654665.223065575584769 ], [ 677741.229027472436428, 5654665.223065575584769 ] ] ] ] } },
{ "type": "Feature", "properties": { }, "geometry": { "type": "MultiPolygon", "coordinates": [ [ [ [ 678300.829027472413145, 5654665.223065575584769 ], [ 678300.829027472413145, 5655315.723065575584769 ], [ 678860.429027472506277, 5655315.723065575584769 ], [ 678860.429027472506277, 5654665.223065575584769 ], [ 678300.829027472413145, 5654665.223065575584769 ] ] ] ] } },
{ "type": "Feature", "properties": { }, "geometry": { "type": "MultiPolygon", "coordinates": [ [ [ [ 678860.429027472389862, 5654665.223065575584769 ], [ 678860.429027472389862, 5655315.723065575584769 ], [ 679420.029027472482994, 5655315.723065575584769 ], [ 679420.029027472482994, 5654665.223065575584769 ], [ 678860.429027472389862, 5654665.223065575584769 ] ] ] ] } },
{ "type": "Feature", "properties": { }, "geometry": { "type": "MultiPolygon", "coordinates": [ [ [ [ 679420.029027472366579, 5654665.223065575584769 ], [ 679420.029027472366579, 5655315.723065575584769 ], [ 679979.629027472459711, 5655315.723065575584769 ], [ 679979.629027472459711, 5654665.223065575584769 ], [ 679420.029027472366579, 5654665.223065575584769 ] ] ] ] } },
{ "type": "Feature", "properties": { }, "geometry": { "type": "MultiPolygon", "coordinates": [ [ [ [ 679979.629027472343296, 5654665.223065575584769 ], [ 679979.629027472343296, 5655315.723065575584769 ], [ 680539.229027472436428, 5655315.723065575584769 ], [ 680539.229027472436428, 5654665.223065575584769 ], [ 679979.629027472343296, 5654665.223065575584769 ] ] ] ] } },
{ "type": "Feature", "properties": { }, "geometry": { "type": "MultiPolygon", "coordinates": [ [ [ [ 680539.229027472436428, 5654665.223065575584769 ], [ 680539.229027472436428, 5655315.723065575584769 ], [ 681098.82902747252956, 5655315.723065575584769 ], [ 681098.82902747252956, 5654665.223065575584769 ], [ 680539.229027472436428, 5654665.223065575584769 ] ] ] ] } },
{ "type": "Feature", "properties": { }, "geometry": { "type": "MultiPolygon", "coordinates": [ [ [ [ 681098.829027472413145, 5654665.223065575584769 ], [ 681098.829027472413145, 5655315.723065575584769 ], [ 681658.429027472506277, 5655315.723065575584769 ], [ 681658.429027472506277, 5654665.223065575584769 ], [ 681098.829027472413145, 5654665.223065575584769 ] ] ] ] } },
{ "type": "Feature", "properties": { }, "geometry": { "type": "MultiPolygon", "coordinates": [ [ [ [ 681658.429027472389862, 5654665.223065575584769 ], [ 681658.429027472389862, 5655315.723065575584769 ], [ 682218.029027472482994, 5655315.723065575584769 ], [ 682218.029027472482994, 5654665.223065575584769 ], [ 681658.429027472389862, 5654665.223065575584769 ] ] ] ] } },
{ "type": "Feature", "properties": { }, "geometry": { "type": "MultiPolygon", "coordinates": [ [ [ [ 682218.029027472366579, 5654665.223065575584769 ], [ 682218.029027472366579, 5655315.723065575584769 ], [ 682777.629027472459711, 5655315.723065575584769 ], [ 682777.629027472459711, 5654665.223065575584769 ], [ 682218.029027472366579, 5654665.223065575584769 ] ] ] ] } },
{ "type": "Feature", "properties": { }, "geometry": { "type": "MultiPolygon", "coordinates": [ [ [ [ 682777.629027472343296, 5654665.223065575584769 ], [ 682777.629027472343296, 5655315.723065575584769 ], [ 683337.229027472436428, 5655315.723065575584769 ], [ 683337.229027472436428, 5654665.223065575584769 ], [ 682777.629027472343296, 5654665.223065575584769 ] ] ] ] } },
{ "type": "Feature", "properties": { }, "geometry": { "type": "MultiPolygon", "coordinates": [ [ [ [ 683337.229027472436428, 5654665.223065575584769 ], [ 683337.229027472436428, 5655315.723065575584769 ], [ 683896.82902747252956, 5655315.723065575584769 ], [ 683896.82902747252956, 5654665.223065575584769 ], [ 683337.229027472436428, 5654665.223065575584769 ] ] ] ] } },
{ "type": "Feature", "properties": { }, "geometry": { "type": "MultiPolygon", "coordinates": [ [ [ [ 683896.829027472413145, 5654665.223065575584769 ], [ 683896.829027472413145, 5655315.723065575584769 ], [ 684456.429027472506277, 5655315.723065575584769 ], [ 684456.429027472506277, 5654665.223065575584769 ], [ 683896.829027472413145, 5654665.223065575584769 ] ] ] ] } },
{ "type": "Feature", "properties": { }, "geometry": { "type": "MultiPolygon", "coordinates": [ [ [ [ 684456.429027472389862, 5654665.223065575584769 ], [ 684456.429027472389862, 5655315.723065575584769 ], [ 685016.029027472482994, 5655315.723065575584769 ], [ 685016.029027472482994, 5654665.223065575584769 ], [ 684456.429027472389862, 5654665.223065575584769 ] ] ] ] } },
{ "type": "Feature", "properties": { }, "geometry": { "type": "MultiPolygon", "coordinates": [ [ [ [ 685016.029027472366579, 5654665.223065575584769 ], [ 685016.029027472366579, 5655315.723065575584769 ], [ 685575.629027472459711, 5655315.723065575584769 ], [ 685575.629027472459711, 5654665.223065575584769 ], [ 685016.029027472366579, 5654665.223065575584769 ] ] ] ] } },
{ "type": "Feature", "properties": { }, "geometry": { "type": "MultiPolygon", "coordinates": [ [ [ [ 685575.629027472343296, 5654665.223065575584769 ], [ 685575.629027472343296, 5655315.723065575584769 ], [ 686135.229027472436428, 5655315.723065575584769 ], [ 686135.229027472436428, 5654665.223065575584769 ], [ 685575.629027472343296, 5654665.223065575584769 ] ] ] ] } },
{ "type": "Feature", "properties": { }, "geometry": { "type": "MultiPolygon", "coordinates": [ [ [ [ 686135.229027472436428, 5654665.223065575584769 ], [ 686135.229027472436428, 5655315.723065575584769 ], [ 686694.82902747252956, 5655315.723065575584769 ], [ 686694.82902747252956, 5654665.223065575584769 ], [ 686135.229027472436428, 5654665.223065575584769 ] ] ] ] } },
{ "type": "Feature", "properties": { }, "geometry": { "type": "MultiPolygon", "coordinates": [ [ [ [ 686694.829027472413145, 5654665.223065575584769 ], [ 686694.829027472413145, 5655315.723065575584769 ], [ 687254.429027472506277, 5655315.723065575584769 ], [ 687254.429027472506277, 5654665.223065575584769 ], [ 686694.829027472413145, 5654665.223065575584769 ] ] ] ] } },
{ "type": "Feature", "properties": { }, "geometry": { "type": "MultiPolygon", "coordinates": [ [ [ [ 687254.429027472389862, 5654665.223065575584769 ], [ 687254.429027472389862, 5655315.723065575584769 ], [ 687814.029027472482994, 5655315.723065575584769 ], [ 687814.029027472482994, 5654665.223065575584769 ], [ 687254.429027472389862, 5654665.223065575584769 ] ] ] ] } },
{ "type": "Feature", "properties": { }, "geometry": { "type": "MultiPolygon", "coordinates": [ [ [ [ 687814.029027472366579, 5654665.223065575584769 ], [ 687814.029027472366579, 5655315.723065575584769 ], [ 688373.629027472459711, 5655315.723065575584769 ], [ 688373.629027472459711, 5654665.223065575584769 ], [ 687814.029027472366579, 5654665.223065575584769 ] ] ] ] } },
{ "type": "Feature", "properties": { }, "geometry": { "type": "MultiPolygon", "coordinates": [ [ [ [ 688373.629027472343296, 5654665.223065575584769 ], [ 688373.629027472343296, 5655315.723065575584769 ], [ 688933.229027472436428, 5655315.723065575584769 ], [ 688933.229027472436428, 5654665.223065575584769 ], [ 688373.629027472343296, 5654665.223065575584769 ] ] ] ] } },
{ "type": "Feature", "properties": { }, "geometry": { "type": "MultiPolygon", "coordinates": [ [ [ [ 688933.229027472436428, 5654665.223065575584769 ], [ 688933.229027472436428, 5655315.723065575584769 ], [ 689492.82902747252956, 5655315.723065575584769 ], [ 689492.82902747252956, 5654665.223065575584769 ], [ 688933.229027472436428, 5654665.223065575584769 ] ] ] ] } },
{ "type": "Feature", "properties": { }, "geometry": { "type": "MultiPolygon", "coordinates": [ [ [ [ 689492.829027472413145, 5654665.223065575584769 ], [ 689492.829027472413145, 5655315.723065575584769 ], [ 690052.429027472506277, 5655315.723065575584769 ], [ 690052.429027472506277, 5654665.223065575584769 ], [ 689492.829027472413145, 5654665.223065575584769 ] ] ] ] } },
{ "type": "Feature", "properties": { }, "geometry": { "type": "MultiPolygon", "coordinates": [ [ [ [ 690052.429027472389862, 5654665.223065575584769 ], [ 690052.429027472389862, 5655315.723065575584769 ], [ 690612.029027472482994, 5655315.723065575584769 ], [ 690612.029027472482994, 5654665.223065575584769 ], [ 690052.429027472389862, 5654665.223065575584769 ] ] ] ] } },
{ "type": "Feature", "properties": { }, "geometry": { "type": "MultiPolygon", "coordinates": [ [ [ [ 690612.029027472366579, 5654665.223065575584769 ], [ 690612.029027472366579, 5655315.723065575584769 ], [ 691171.629027472459711, 5655315.723065575584769 ], [ 691171.629027472459711, 5654665.223065575584769 ], [ 690612.029027472366579, 5654665.223065575584769 ] ] ] ] } },
{ "type": "Feature", "properties": { }, "geometry": { "type": "MultiPolygon", "coordinates": [ [ [ [ 691171.629027472343296, 5654665.223065575584769 ], [ 691171.629027472343296, 5655315.723065575584769 ], [ 691731.229027472436428, 5655315.723065575584769 ], [ 691731.229027472436428, 5654665.223065575584769 ], [ 691171.629027472343296, 5654665.223065575584769 ] ] ] ] } },
{ "type": "Feature", "properties": { }, "geometry": { "type": "MultiPolygon", "coordinates": [ [ [ [ 677741.229027472436428, 5654014.723065575584769 ], [ 677741.229027472436428, 5654665.223065575584769 ], [ 678300.82902747252956, 5654665.223065575584769 ], [ 678300.82902747252956, 5654014.723065575584769 ], [ 677741.229027472436428, 5654014.723065575584769 ] ] ] ] } },
{ "type": "Feature", "properties": { }, "geometry": { "type": "MultiPolygon", "coordinates": [ [ [ [ 678300.829027472413145, 5654014.723065575584769 ], [ 678300.829027472413145, 5654665.223065575584769 ], [ 678860.429027472506277, 5654665.223065575584769 ], [ 678860.429027472506277, 5654014.723065575584769 ], [ 678300.829027472413145, 5654014.723065575584769 ] ] ] ] } },
{ "type": "Feature", "properties": { }, "geometry": { "type": "MultiPolygon", "coordinates": [ [ [ [ 678860.429027472389862, 5654014.723065575584769 ], [ 678860.429027472389862, 5654665.223065575584769 ], [ 679420.029027472482994, 5654665.223065575584769 ], [ 679420.029027472482994, 5654014.723065575584769 ], [ 678860.429027472389862, 5654014.723065575584769 ] ] ] ] } },
{ "type": "Feature", "properties": { }, "geometry": { "type": "MultiPolygon", "coordinates": [ [ [ [ 679420.029027472366579, 5654014.723065575584769 ], [ 679420.029027472366579, 5654665.223065575584769 ], [ 679979.629027472459711, 5654665.223065575584769 ], [ 679979.629027472459711, 5654014.723065575584769 ], [ 679420.029027472366579, 5654014.723065575584769 ] ] ] ] } },
{ "type": "Feature", "properties": { }, "geometry": { "type": "MultiPolygon", "coordinates": [ [ [ [ 679979.629027472343296, 5654014.723065575584769 ], [ 679979.629027472343296, 5654665.223065575584769 ], [ 680539.229027472436428, 5654665.223065575584769 ], [ 680539.229027472436428, 5654014.723065575584769 ], [ 679979.629027472343296, 5654014.723065575584769 ] ] ] ] } },
{ "type": "Feature", "properties": { }, "geometry": { "type": "MultiPolygon", "coordinates": [ [ [ [ 680539.229027472436428, 5654014.723065575584769 ], [ 680539.229027472436428, 5654665.223065575584769 ], [ 681098.82902747252956, 5654665.223065575584769 ], [ 681098.82902747252956, 5654014.723065575584769 ], [ 680539.229027472436428, 5654014.723065575584769 ] ] ] ] } },
{ "type": "Feature", "properties": { }, "geometry": { "type": "MultiPolygon", "coordinates": [ [ [ [ 681098.829027472413145, 5654014.723065575584769 ], [ 681098.829027472413145, 5654665.223065575584769 ], [ 681658.429027472506277, 5654665.223065575584769 ], [ 681658.429027472506277, 5654014.723065575584769 ], [ 681098.829027472413145, 5654014.723065575584769 ] ] ] ] } },
{ "type": "Feature", "properties": { }, "geometry": { "type": "MultiPolygon", "coordinates": [ [ [ [ 681658.429027472389862, 5654014.723065575584769 ], [ 681658.429027472389862, 5654665.223065575584769 ], [ 682218.029027472482994, 5654665.223065575584769 ], [ 682218.029027472482994, 5654014.723065575584769 ], [ 681658.429027472389862, 5654014.723065575584769 ] ] ] ] } },
{ "type": "Feature", "properties": { }, "geometry": { "type": "MultiPolygon", "coordinates": [ [ [ [ 682218.029027472366579, 5654014.723065575584769 ], [ 682218.029027472366579, 5654665.223065575584769 ], [ 682777.629027472459711, 5654665.223065575584769 ], [ 682777.629027472459711, 5654014.723065575584769 ], [ 682218.029027472366579, 5654014.723065575584769 ] ] ] ] } },
{ "type": "Feature", "properties": { }, "geometry": { "type": "MultiPolygon", "coordinates": [ [ [ [ 682777.629027472343296, 5654014.723065575584769 ], [ 682777.629027472343296, 5654665.223065575584769 ], [ 683337.229027472436428, 5654665.223065575584769 ], [ 683337.229027472436428, 5654014.723065575584769 ], [ 682777.629027472343296, 5654014.723065575584769 ] ] ] ] } },
{ "type": "Feature", "properties": { }, "geometry": { "type": "MultiPolygon", "coordinates": [ [ [ [ 683337.229027472436428, 5654014.723065575584769 ], [ 683337.229027472436428, 5654665.223065575584769 ], [ 683896.82902747252956, 5654665.223065575584769 ], [ 683896.82902747252956, 5654014.723065575584769 ], [ 683337.229027472436428, 5654014.723065575584769 ] ] ] ] } },
{ "type": "Feature", "properties": { }, "geometry": { "type": "MultiPolygon", "coordinates": [ [ [ [ 683896.829027472413145, 5654014.723065575584769 ], [ 683896.829027472413145, 5654665.223065575584769 ], [ 684456.429027472506277, 5654665.223065575584769 ], [ 684456.429027472506277, 5654014.723065575584769 ], [ 683896.829027472413145, 5654014.723065575584769 ] ] ] ] } },
{ "type": "Feature", "properties": { }, "geometry": { "type": "MultiPolygon", "coordinates": [ [ [ [ 684456.429027472389862, 5654014.723065575584769 ], [ 684456.429027472389862, 5654665.223065575584769 ], [ 685016.029027472482994, 5654665.223065575584769 ], [ 685016.029027472482994, 5654014.723065575584769 ], [ 684456.429027472389862, 5654014.723065575584769 ] ] ] ] } },
{ "type": "Feature", "properties": { }, "geometry": { "type": "MultiPolygon", "coordinates": [ [ [ [ 685016.029027472366579, 5654014.723065575584769 ], [ 685016.029027472366579, 5654665.223065575584769 ], [ 685575.629027472459711, 5654665.223065575584769 ], [ 685575.629027472459711, 5654014.723065575584769 ], [ 685016.029027472366579, 5654014.723065575584769 ] ] ] ] } },
{ "type": "Feature", "properties": { }, "geometry": { "type": "MultiPolygon", "coordinates": [ [ [ [ 685575.629027472343296, 5654014.723065575584769 ], [ 685575.629027472343296, 5654665.223065575584769 ], [ 686135.229027472436428, 5654665.223065575584769 ], [ 686135.229027472436428, 5654014.723065575584769 ], [ 685575.629027472343296, 5654014.723065575584769 ] ] ] ] } },
{ "type": "Feature", "properties": { }, "geometry": { "type": "MultiPolygon", "coordinates": [ [ [ [ 686135.229027472436428, 5654014.723065575584769 ], [ 686135.229027472436428, 5654665.223065575584769 ], [ 686694.82902747252956, 5654665.223065575584769 ], [ 686694.82902747252956, 5654014.723065575584769 ], [ 686135.229027472436428, 5654014.723065575584769 ] ] ] ] } },
{ "type": "Feature", "properties": { }, "geometry": { "type": "MultiPolygon", "coordinates": [ [ [ [ 686694.829027472413145, 5654014.723065575584769 ], [ 686694.829027472413145, 5654665.223065575584769 ], [ 687254.429027472506277, 5654665.223065575584769 ], [ 687254.429027472506277, 5654014.723065575584769 ], [ 686694.829027472413145, 5654014.723065575584769 ] ] ] ] } },
{ "type": "Feature", "properties": { }, "geometry": { "type": "MultiPolygon", "coordinates": [ [ [ [ 687254.429027472389862, 5654014.723065575584769 ], [ 687254.429027472389862, 5654665.223065575584769 ], [ 687814.029027472482994, 5654665.223065575584769 ], [ 687814.029027472482994, 5654014.723065575584769 ], [ 687254.429027472389862, 5654014.723065575584769 ] ] ] ] } },
{ "type": "Feature", "properties": { }, "geometry": { "type": "MultiPolygon", "coordinates": [ [ [ [ 687814.029027472366579, 5654014.723065575584769 ], [ 687814.029027472366579, 5654665.223065575584769 ], [ 688373.629027472459711, 5654665.223065575584769 ], [ 688373.629027472459711, 5654014.723065575584769 ], [ 687814.029027472366579, 5654014.723065575584769 ] ] ] ] } },
{ "type": "Feature", "properties": { }, "geometry": { "type": "MultiPolygon", "coordinates": [ [ [ [ 688373.629027472343296, 5654014.723065575584769 ], [ 688373.629027472343296, 5654665.223065575584769 ], [ 688933.229027472436428, 5654665.223065575584769 ], [ 688933.229027472436428, 5654014.723065575584769 ], [ 688373.629027472343296, 5654014.723065575584769 ] ] ] ] } },
{ "type": "Feature", "properties": { }, "geometry": { "type": "MultiPolygon", "coordinates": [ [ [ [ 688933.229027472436428, 5654014.723065575584769 ], [ 688933.229027472436428, 5654665.223065575584769 ], [ 689492.82902747252956, 5654665.223065575584769 ], [ 689492.82902747252956, 5654014.723065575584769 ], [ 688933.229027472436428, 5654014.723065575584769 ] ] ] ] } },
{ "type": "Feature", "properties": { }, "geometry": { "type": "MultiPolygon", "coordinates": [ [ [ [ 689492.829027472413145, 5654014.723065575584769 ], [ 689492.829027472413145, 5654665.223065575584769 ], [ 690052.429027472506277, 5654665.223065575584769 ], [ 690052.429027472506277, 5654014.723065575584769 ], [ 689492.829027472413145, 5654014.723065575584769 ] ] ] ] } },
{ "type": "Feature", "properties": { }, "geometry": { "type": "MultiPolygon", "coordinates": [ [ [ [ 690052.429027472389862, 5654014.723065575584769 ], [ 690052.429027472389862, 5654665.223065575584769 ], [ 690612.029027472482994, 5654665.223065575584769 ], [ 690612.029027472482994, 5654014.723065575584769 ], [ 690052.429027472389862, 5654014.723065575584769 ] ] ] ] } },
{ "type": "Feature", "properties": { }, "geometry": { "type": "MultiPolygon", "coordinates": [ [ [ [ 690612.029027472366579, 5654014.723065575584769 ], [ 690612.029027472366579, 5654665.223065575584769 ], [ 691171.629027472459711, 5654665.223065575584769 ], [ 691171.629027472459711, 5654014.723065575584769 ], [ 690612.029027472366579, 5654014.723065575584769 ] ] ] ] } },
{ "type": "Feature", "properties": { }, "geometry": { "type": "MultiPolygon", "coordinates": [ [ [ [ 691171.629027472343296, 5654014.723065575584769 ], [ 691171.629027472343296, 5654665.223065575584769 ], [ 691731.229027472436428, 5654665.223065575584769 ], [ 691731.229027472436428, 5654014.723065575584769 ], [ 691171.629027472343296, 5654014.723065575584769 ] ] ] ] } },
{ "type": "Feature", "properties": { }, "geometry": { "type": "MultiPolygon", "coordinates": [ [ [ [ 677741.229027472436428, 5653364.223065575584769 ], [ 677741.229027472436428, 5654014.723065575584769 ], [ 678300.82902747252956, 5654014.723065575584769 ], [ 678300.82902747252956, 5653364.223065575584769 ], [ 677741.229027472436428, 5653364.223065575584769 ] ] ] ] } },
{ "type": "Feature", "properties": { }, "geometry": { "type": "MultiPolygon", "coordinates": [ [ [ [ 678300.829027472413145, 5653364.223065575584769 ], [ 678300.829027472413145, 5654014.723065575584769 ], [ 678860.429027472506277, 5654014.723065575584769 ], [ 678860.429027472506277, 5653364.223065575584769 ], [ 678300.829027472413145, 5653364.223065575584769 ] ] ] ] } },
{ "type": "Feature", "properties": { }, "geometry": { "type": "MultiPolygon", "coordinates": [ [ [ [ 678860.429027472389862, 5653364.223065575584769 ], [ 678860.429027472389862, 5654014.723065575584769 ], [ 679420.029027472482994, 5654014.723065575584769 ], [ 679420.029027472482994, 5653364.223065575584769 ], [ 678860.429027472389862, 5653364.223065575584769 ] ] ] ] } },
{ "type": "Feature", "properties": { }, "geometry": { "type": "MultiPolygon", "coordinates": [ [ [ [ 679420.029027472366579, 5653364.223065575584769 ], [ 679420.029027472366579, 5654014.723065575584769 ], [ 679979.629027472459711, 5654014.723065575584769 ], [ 679979.629027472459711, 5653364.223065575584769 ], [ 679420.029027472366579, 5653364.223065575584769 ] ] ] ] } },
{ "type": "Feature", "properties": { }, "geometry": { "type": "MultiPolygon", "coordinates": [ [ [ [ 679979.629027472343296, 5653364.223065575584769 ], [ 679979.629027472343296, 5654014.723065575584769 ], [ 680539.229027472436428, 5654014.723065575584769 ], [ 680539.229027472436428, 5653364.223065575584769 ], [ 679979.629027472343296, 5653364.223065575584769 ] ] ] ] } },
{ "type": "Feature", "properties": { }, "geometry": { "type": "MultiPolygon", "coordinates": [ [ [ [ 680539.229027472436428, 5653364.223065575584769 ], [ 680539.229027472436428, 5654014.723065575584769 ], [ 681098.82902747252956, 5654014.723065575584769 ], [ 681098.82902747252956, 5653364.223065575584769 ], [ 680539.229027472436428, 5653364.223065575584769 ] ] ] ] } },
{ "type": "Feature", "properties": { }, "geometry": { "type": "MultiPolygon", "coordinates": [ [ [ [ 681098.829027472413145, 5653364.223065575584769 ], [ 681098.829027472413145, 5654014.723065575584769 ], [ 681658.429027472506277, 5654014.723065575584769 ], [ 681658.429027472506277, 5653364.223065575584769 ], [ 681098.829027472413145, 5653364.223065575584769 ] ] ] ] } },
{ "type": "Feature", "properties": { }, "geometry": { "type": "MultiPolygon", "coordinates": [ [ [ [ 681658.429027472389862, 5653364.223065575584769 ], [ 681658.429027472389862, 5654014.723065575584769 ], [ 682218.029027472482994, 5654014.723065575584769 ], [ 682218.029027472482994, 5653364.223065575584769 ], [ 681658.429027472389862, 5653364.223065575584769 ] ] ] ] } },
{ "type": "Feature", "properties": { }, "geometry": { "type": "MultiPolygon", "coordinates": [ [ [ [ 682218.029027472366579, 5653364.223065575584769 ], [ 682218.029027472366579, 5654014.723065575584769 ], [ 682777.629027472459711, 5654014.723065575584769 ], [ 682777.629027472459711, 5653364.223065575584769 ], [ 682218.029027472366579, 5653364.223065575584769 ] ] ] ] } },
{ "type": "Feature", "properties": { }, "geometry": { "type": "MultiPolygon", "coordinates": [ [ [ [ 682777.629027472343296, 5653364.223065575584769 ], [ 682777.629027472343296, 5654014.723065575584769 ], [ 683337.229027472436428, 5654014.723065575584769 ], [ 683337.229027472436428, 5653364.223065575584769 ], [ 682777.629027472343296, 5653364.223065575584769 ] ] ] ] } },
{ "type": "Feature", "properties": { }, "geometry": { "type": "MultiPolygon", "coordinates": [ [ [ [ 683337.229027472436428, 5653364.223065575584769 ], [ 683337.229027472436428, 5654014.723065575584769 ], [ 683896.82902747252956, 5654014.723065575584769 ], [ 683896.82902747252956, 5653364.223065575584769 ], [ 683337.229027472436428, 5653364.223065575584769 ] ] ] ] } },
{ "type": "Feature", "properties": { }, "geometry": { "type": "MultiPolygon", "coordinates": [ [ [ [ 683896.829027472413145, 5653364.223065575584769 ], [ 683896.829027472413145, 5654014.723065575584769 ], [ 684456.429027472506277, 5654014.723065575584769 ], [ 684456.429027472506277, 5653364.223065575584769 ], [ 683896.829027472413145, 5653364.223065575584769 ] ] ] ] } },
{ "type": "Feature", "properties": { }, "geometry": { "type": "MultiPolygon", "coordinates": [ [ [ [ 684456.429027472389862, 5653364.223065575584769 ], [ 684456.429027472389862, 5654014.723065575584769 ], [ 685016.029027472482994, 5654014.723065575584769 ], [ 685016.029027472482994, 5653364.223065575584769 ], [ 684456.429027472389862, 5653364.223065575584769 ] ] ] ] } },
{ "type": "Feature", "properties": { }, "geometry": { "type": "MultiPolygon", "coordinates": [ [ [ [ 685016.029027472366579, 5653364.223065575584769 ], [ 685016.029027472366579, 5654014.723065575584769 ], [ 685575.629027472459711, 5654014.723065575584769 ], [ 685575.629027472459711, 5653364.223065575584769 ], [ 685016.029027472366579, 5653364.223065575584769 ] ] ] ] } },
{ "type": "Feature", "properties": { }, "geometry": { "type": "MultiPolygon", "coordinates": [ [ [ [ 685575.629027472343296, 5653364.223065575584769 ], [ 685575.629027472343296, 5654014.723065575584769 ], [ 686135.229027472436428, 5654014.723065575584769 ], [ 686135.229027472436428, 5653364.223065575584769 ], [ 685575.629027472343296, 5653364.223065575584769 ] ] ] ] } },
{ "type": "Feature", "properties": { }, "geometry": { "type": "MultiPolygon", "coordinates": [ [ [ [ 686135.229027472436428, 5653364.223065575584769 ], [ 686135.229027472436428, 5654014.723065575584769 ], [ 686694.82902747252956, 5654014.723065575584769 ], [ 686694.82902747252956, 5653364.223065575584769 ], [ 686135.229027472436428, 5653364.223065575584769 ] ] ] ] } },
{ "type": "Feature", "properties": { }, "geometry": { "type": "MultiPolygon", "coordinates": [ [ [ [ 686694.829027472413145, 5653364.223065575584769 ], [ 686694.829027472413145, 5654014.723065575584769 ], [ 687254.429027472506277, 5654014.723065575584769 ], [ 687254.429027472506277, 5653364.223065575584769 ], [ 686694.829027472413145, 5653364.223065575584769 ] ] ] ] } },
{ "type": "Feature", "properties": { }, "geometry": { "type": "MultiPolygon", "coordinates": [ [ [ [ 687254.429027472389862, 5653364.223065575584769 ], [ 687254.429027472389862, 5654014.723065575584769 ], [ 687814.029027472482994, 5654014.723065575584769 ], [ 687814.029027472482994, 5653364.223065575584769 ], [ 687254.429027472389862, 5653364.223065575584769 ] ] ] ] } },
{ "type": "Feature", "properties": { }, "geometry": { "type": "MultiPolygon", "coordinates": [ [ [ [ 687814.029027472366579, 5653364.223065575584769 ], [ 687814.029027472366579, 5654014.723065575584769 ], [ 688373.629027472459711, 5654014.723065575584769 ], [ 688373.629027472459711, 5653364.223065575584769 ], [ 687814.029027472366579, 5653364.223065575584769 ] ] ] ] } },
{ "type": "Feature", "properties": { }, "geometry": { "type": "MultiPolygon", "coordinates": [ [ [ [ 688373.629027472343296, 5653364.223065575584769 ], [ 688373.629027472343296, 5654014.723065575584769 ], [ 688933.229027472436428, 5654014.723065575584769 ], [ 688933.229027472436428, 5653364.223065575584769 ], [ 688373.629027472343296, 5653364.223065575584769 ] ] ] ] } },
{ "type": "Feature", "properties": { }, "geometry": { "type": "MultiPolygon", "coordinates": [ [ [ [ 688933.229027472436428, 5653364.223065575584769 ], [ 688933.229027472436428, 5654014.723065575584769 ], [ 689492.82902747252956, 5654014.723065575584769 ], [ 689492.82902747252956, 5653364.223065575584769 ], [ 688933.229027472436428, 5653364.223065575584769 ] ] ] ] } },
{ "type": "Feature", "properties": { }, "geometry": { "type": "MultiPolygon", "coordinates": [ [ [ [ 689492.829027472413145, 5653364.223065575584769 ], [ 689492.829027472413145, 5654014.723065575584769 ], [ 690052.429027472506277, 5654014.723065575584769 ], [ 690052.429027472506277, 5653364.223065575584769 ], [ 689492.829027472413145, 5653364.223065575584769 ] ] ] ] } },
{ "type": "Feature", "properties": { }, "geometry": { "type": "MultiPolygon", "coordinates": [ [ [ [ 690052.429027472389862, 5653364.223065575584769 ], [ 690052.429027472389862, 5654014.723065575584769 ], [ 690612.029027472482994, 5654014.723065575584769 ], [ 690612.029027472482994, 5653364.223065575584769 ], [ 690052.429027472389862, 5653364.223065575584769 ] ] ] ] } },
{ "type": "Feature", "properties": { }, "geometry": { "type": "MultiPolygon", "coordinates": [ [ [ [ 690612.029027472366579, 5653364.223065575584769 ], [ 690612.029027472366579, 5654014.723065575584769 ], [ 691171.629027472459711, 5654014.723065575584769 ], [ 691171.629027472459711, 5653364.223065575584769 ], [ 690612.029027472366579, 5653364.223065575584769 ] ] ] ] } },
{ "type": "Feature", "properties": { }, "geometry": { "type": "MultiPolygon", "coordinates": [ [ [ [ 691171.629027472343296, 5653364.223065575584769 ], [ 691171.629027472343296, 5654014.723065575584769 ], [ 691731.229027472436428, 5654014.723065575584769 ], [ 691731.229027472436428, 5653364.223065575584769 ], [ 691171.629027472343296, 5653364.223065575584769 ] ] ] ] } },
{ "type": "Feature", "properties": { }, "geometry": { "type": "MultiPolygon", "coordinates": [ [ [ [ 677741.229027472436428, 5652713.723065575584769 ], [ 677741.229027472436428, 5653364.223065575584769 ], [ 678300.82902747252956, 5653364.223065575584769 ], [ 678300.82902747252956, 5652713.723065575584769 ], [ 677741.229027472436428, 5652713.723065575584769 ] ] ] ] } },
{ "type": "Feature", "properties": { }, "geometry": { "type": "MultiPolygon", "coordinates": [ [ [ [ 678300.829027472413145, 5652713.723065575584769 ], [ 678300.829027472413145, 5653364.223065575584769 ], [ 678860.429027472506277, 5653364.223065575584769 ], [ 678860.429027472506277, 5652713.723065575584769 ], [ 678300.829027472413145, 5652713.723065575584769 ] ] ] ] } },
{ "type": "Feature", "properties": { }, "geometry": { "type": "MultiPolygon", "coordinates": [ [ [ [ 678860.429027472389862, 5652713.723065575584769 ], [ 678860.429027472389862, 5653364.223065575584769 ], [ 679420.029027472482994, 5653364.223065575584769 ], [ 679420.029027472482994, 5652713.723065575584769 ], [ 678860.429027472389862, 5652713.723065575584769 ] ] ] ] } },
{ "type": "Feature", "properties": { }, "geometry": { "type": "MultiPolygon", "coordinates": [ [ [ [ 679420.029027472366579, 5652713.723065575584769 ], [ 679420.029027472366579, 5653364.223065575584769 ], [ 679979.629027472459711, 5653364.223065575584769 ], [ 679979.629027472459711, 5652713.723065575584769 ], [ 679420.029027472366579, 5652713.723065575584769 ] ] ] ] } },
{ "type": "Feature", "properties": { }, "geometry": { "type": "MultiPolygon", "coordinates": [ [ [ [ 679979.629027472343296, 5652713.723065575584769 ], [ 679979.629027472343296, 5653364.223065575584769 ], [ 680539.229027472436428, 5653364.223065575584769 ], [ 680539.229027472436428, 5652713.723065575584769 ], [ 679979.629027472343296, 5652713.723065575584769 ] ] ] ] } },
{ "type": "Feature", "properties": { }, "geometry": { "type": "MultiPolygon", "coordinates": [ [ [ [ 680539.229027472436428, 5652713.723065575584769 ], [ 680539.229027472436428, 5653364.223065575584769 ], [ 681098.82902747252956, 5653364.223065575584769 ], [ 681098.82902747252956, 5652713.723065575584769 ], [ 680539.229027472436428, 5652713.723065575584769 ] ] ] ] } },
{ "type": "Feature", "properties": { }, "geometry": { "type": "MultiPolygon", "coordinates": [ [ [ [ 681098.829027472413145, 5652713.723065575584769 ], [ 681098.829027472413145, 5653364.223065575584769 ], [ 681658.429027472506277, 5653364.223065575584769 ], [ 681658.429027472506277, 5652713.723065575584769 ], [ 681098.829027472413145, 5652713.723065575584769 ] ] ] ] } },
{ "type": "Feature", "properties": { }, "geometry": { "type": "MultiPolygon", "coordinates": [ [ [ [ 681658.429027472389862, 5652713.723065575584769 ], [ 681658.429027472389862, 5653364.223065575584769 ], [ 682218.029027472482994, 5653364.223065575584769 ], [ 682218.029027472482994, 5652713.723065575584769 ], [ 681658.429027472389862, 5652713.723065575584769 ] ] ] ] } },
{ "type": "Feature", "properties": { }, "geometry": { "type": "MultiPolygon", "coordinates": [ [ [ [ 682218.029027472366579, 5652713.723065575584769 ], [ 682218.029027472366579, 5653364.223065575584769 ], [ 682777.629027472459711, 5653364.223065575584769 ], [ 682777.629027472459711, 5652713.723065575584769 ], [ 682218.029027472366579, 5652713.723065575584769 ] ] ] ] } },
{ "type": "Feature", "properties": { }, "geometry": { "type": "MultiPolygon", "coordinates": [ [ [ [ 682777.629027472343296, 5652713.723065575584769 ], [ 682777.629027472343296, 5653364.223065575584769 ], [ 683337.229027472436428, 5653364.223065575584769 ], [ 683337.229027472436428, 5652713.723065575584769 ], [ 682777.629027472343296, 5652713.723065575584769 ] ] ] ] } },
{ "type": "Feature", "properties": { }, "geometry": { "type": "MultiPolygon", "coordinates": [ [ [ [ 683337.229027472436428, 5652713.723065575584769 ], [ 683337.229027472436428, 5653364.223065575584769 ], [ 683896.82902747252956, 5653364.223065575584769 ], [ 683896.82902747252956, 5652713.723065575584769 ], [ 683337.229027472436428, 5652713.723065575584769 ] ] ] ] } },
{ "type": "Feature", "properties": { }, "geometry": { "type": "MultiPolygon", "coordinates": [ [ [ [ 683896.829027472413145, 5652713.723065575584769 ], [ 683896.829027472413145, 5653364.223065575584769 ], [ 684456.429027472506277, 5653364.223065575584769 ], [ 684456.429027472506277, 5652713.723065575584769 ], [ 683896.829027472413145, 5652713.723065575584769 ] ] ] ] } },
{ "type": "Feature", "properties": { }, "geometry": { "type": "MultiPolygon", "coordinates": [ [ [ [ 684456.429027472389862, 5652713.723065575584769 ], [ 684456.429027472389862, 5653364.223065575584769 ], [ 685016.029027472482994, 5653364.223065575584769 ], [ 685016.029027472482994, 5652713.723065575584769 ], [ 684456.429027472389862, 5652713.723065575584769 ] ] ] ] } },
{ "type": "Feature", "properties": { }, "geometry": { "type": "MultiPolygon", "coordinates": [ [ [ [ 685016.029027472366579, 5652713.723065575584769 ], [ 685016.029027472366579, 5653364.223065575584769 ], [ 685575.629027472459711, 5653364.223065575584769 ], [ 685575.629027472459711, 5652713.723065575584769 ], [ 685016.029027472366579, 5652713.723065575584769 ] ] ] ] } },
{ "type": "Feature", "properties": { }, "geometry": { "type": "MultiPolygon", "coordinates": [ [ [ [ 685575.629027472343296, 5652713.723065575584769 ], [ 685575.629027472343296, 5653364.223065575584769 ], [ 686135.229027472436428, 5653364.223065575584769 ], [ 686135.229027472436428, 5652713.723065575584769 ], [ 685575.629027472343296, 5652713.723065575584769 ] ] ] ] } },
{ "type": "Feature", "properties": { }, "geometry": { "type": "MultiPolygon", "coordinates": [ [ [ [ 686135.229027472436428, 5652713.723065575584769 ], [ 686135.229027472436428, 5653364.223065575584769 ], [ 686694.82902747252956, 5653364.223065575584769 ], [ 686694.82902747252956, 5652713.723065575584769 ], [ 686135.229027472436428, 5652713.723065575584769 ] ] ] ] } },
{ "type": "Feature", "properties": { }, "geometry": { "type": "MultiPolygon", "coordinates": [ [ [ [ 686694.829027472413145, 5652713.723065575584769 ], [ 686694.829027472413145, 5653364.223065575584769 ], [ 687254.429027472506277, 5653364.223065575584769 ], [ 687254.429027472506277, 5652713.723065575584769 ], [ 686694.829027472413145, 5652713.723065575584769 ] ] ] ] } },
{ "type": "Feature", "properties": { }, "geometry": { "type": "MultiPolygon", "coordinates": [ [ [ [ 687254.429027472389862, 5652713.723065575584769 ], [ 687254.429027472389862, 5653364.223065575584769 ], [ 687814.029027472482994, 5653364.223065575584769 ], [ 687814.029027472482994, 5652713.723065575584769 ], [ 687254.429027472389862, 5652713.723065575584769 ] ] ] ] } },
{ "type": "Feature", "properties": { }, "geometry": { "type": "MultiPolygon", "coordinates": [ [ [ [ 687814.029027472366579, 5652713.723065575584769 ], [ 687814.029027472366579, 5653364.223065575584769 ], [ 688373.629027472459711, 5653364.223065575584769 ], [ 688373.629027472459711, 5652713.723065575584769 ], [ 687814.029027472366579, 5652713.723065575584769 ] ] ] ] } },
{ "type": "Feature", "properties": { }, "geometry": { "type": "MultiPolygon", "coordinates": [ [ [ [ 688373.629027472343296, 5652713.723065575584769 ], [ 688373.629027472343296, 5653364.223065575584769 ], [ 688933.229027472436428, 5653364.223065575584769 ], [ 688933.229027472436428, 5652713.723065575584769 ], [ 688373.629027472343296, 5652713.723065575584769 ] ] ] ] } },
{ "type": "Feature", "properties": { }, "geometry": { "type": "MultiPolygon", "coordinates": [ [ [ [ 688933.229027472436428, 5652713.723065575584769 ], [ 688933.229027472436428, 5653364.223065575584769 ], [ 689492.82902747252956, 5653364.223065575584769 ], [ 689492.82902747252956, 5652713.723065575584769 ], [ 688933.229027472436428, 5652713.723065575584769 ] ] ] ] } },
{ "type": "Feature", "properties": { }, "geometry": { "type": "MultiPolygon", "coordinates": [ [ [ [ 689492.829027472413145, 5652713.723065575584769 ], [ 689492.829027472413145, 5653364.223065575584769 ], [ 690052.429027472506277, 5653364.223065575584769 ], [ 690052.429027472506277, 5652713.723065575584769 ], [ 689492.829027472413145, 5652713.723065575584769 ] ] ] ] } },
{ "type": "Feature", "properties": { }, "geometry": { "type": "MultiPolygon", "coordinates": [ [ [ [ 690052.429027472389862, 5652713.723065575584769 ], [ 690052.429027472389862, 5653364.223065575584769 ], [ 690612.029027472482994, 5653364.223065575584769 ], [ 690612.029027472482994, 5652713.723065575584769 ], [ 690052.429027472389862, 5652713.723065575584769 ] ] ] ] } },
{ "type": "Feature", "properties": { }, "geometry": { "type": "MultiPolygon", "coordinates": [ [ [ [ 690612.029027472366579, 5652713.723065575584769 ], [ 690612.029027472366579, 5653364.223065575584769 ], [ 691171.629027472459711, 5653364.223065575584769 ], [ 691171.629027472459711, 5652713.723065575584769 ], [ 690612.029027472366579, 5652713.723065575584769 ] ] ] ] } },
{ "type": "Feature", "properties": { }, "geometry": { "type": "MultiPolygon", "coordinates": [ [ [ [ 691171.629027472343296, 5652713.723065575584769 ], [ 691171.629027472343296, 5653364.223065575584769 ], [ 691731.229027472436428, 5653364.223065575584769 ], [ 691731.229027472436428, 5652713.723065575584769 ], [ 691171.629027472343296, 5652713.723065575584769 ] ] ] ] } },
{ "type": "Feature", "properties": { }, "geometry": { "type": "MultiPolygon", "coordinates": [ [ [ [ 677741.229027472436428, 5652063.223065575584769 ], [ 677741.229027472436428, 5652713.723065575584769 ], [ 678300.82902747252956, 5652713.723065575584769 ], [ 678300.82902747252956, 5652063.223065575584769 ], [ 677741.229027472436428, 5652063.223065575584769 ] ] ] ] } },
{ "type": "Feature", "properties": { }, "geometry": { "type": "MultiPolygon", "coordinates": [ [ [ [ 678300.829027472413145, 5652063.223065575584769 ], [ 678300.829027472413145, 5652713.723065575584769 ], [ 678860.429027472506277, 5652713.723065575584769 ], [ 678860.429027472506277, 5652063.223065575584769 ], [ 678300.829027472413145, 5652063.223065575584769 ] ] ] ] } },
{ "type": "Feature", "properties": { }, "geometry": { "type": "MultiPolygon", "coordinates": [ [ [ [ 678860.429027472389862, 5652063.223065575584769 ], [ 678860.429027472389862, 5652713.723065575584769 ], [ 679420.029027472482994, 5652713.723065575584769 ], [ 679420.029027472482994, 5652063.223065575584769 ], [ 678860.429027472389862, 5652063.223065575584769 ] ] ] ] } },
{ "type": "Feature", "properties": { }, "geometry": { "type": "MultiPolygon", "coordinates": [ [ [ [ 679420.029027472366579, 5652063.223065575584769 ], [ 679420.029027472366579, 5652713.723065575584769 ], [ 679979.629027472459711, 5652713.723065575584769 ], [ 679979.629027472459711, 5652063.223065575584769 ], [ 679420.029027472366579, 5652063.223065575584769 ] ] ] ] } },
{ "type": "Feature", "properties": { }, "geometry": { "type": "MultiPolygon", "coordinates": [ [ [ [ 679979.629027472343296, 5652063.223065575584769 ], [ 679979.629027472343296, 5652713.723065575584769 ], [ 680539.229027472436428, 5652713.723065575584769 ], [ 680539.229027472436428, 5652063.223065575584769 ], [ 679979.629027472343296, 5652063.223065575584769 ] ] ] ] } },
{ "type": "Feature", "properties": { }, "geometry": { "type": "MultiPolygon", "coordinates": [ [ [ [ 680539.229027472436428, 5652063.223065575584769 ], [ 680539.229027472436428, 5652713.723065575584769 ], [ 681098.82902747252956, 5652713.723065575584769 ], [ 681098.82902747252956, 5652063.223065575584769 ], [ 680539.229027472436428, 5652063.223065575584769 ] ] ] ] } },
{ "type": "Feature", "properties": { }, "geometry": { "type": "MultiPolygon", "coordinates": [ [ [ [ 681098.829027472413145, 5652063.223065575584769 ], [ 681098.829027472413145, 5652713.723065575584769 ], [ 681658.429027472506277, 5652713.723065575584769 ], [ 681658.429027472506277, 5652063.223065575584769 ], [ 681098.829027472413145, 5652063.223065575584769 ] ] ] ] } },
{ "type": "Feature", "properties": { }, "geometry": { "type": "MultiPolygon", "coordinates": [ [ [ [ 681658.429027472389862, 5652063.223065575584769 ], [ 681658.429027472389862, 5652713.723065575584769 ], [ 682218.029027472482994, 5652713.723065575584769 ], [ 682218.029027472482994, 5652063.223065575584769 ], [ 681658.429027472389862, 5652063.223065575584769 ] ] ] ] } },
{ "type": "Feature", "properties": { }, "geometry": { "type": "MultiPolygon", "coordinates": [ [ [ [ 682218.029027472366579, 5652063.223065575584769 ], [ 682218.029027472366579, 5652713.723065575584769 ], [ 682777.629027472459711, 5652713.723065575584769 ], [ 682777.629027472459711, 5652063.223065575584769 ], [ 682218.029027472366579, 5652063.223065575584769 ] ] ] ] } },
{ "type": "Feature", "properties": { }, "geometry": { "type": "MultiPolygon", "coordinates": [ [ [ [ 682777.629027472343296, 5652063.223065575584769 ], [ 682777.629027472343296, 5652713.723065575584769 ], [ 683337.229027472436428, 5652713.723065575584769 ], [ 683337.229027472436428, 5652063.223065575584769 ], [ 682777.629027472343296, 5652063.223065575584769 ] ] ] ] } },
{ "type": "Feature", "properties": { }, "geometry": { "type": "MultiPolygon", "coordinates": [ [ [ [ 683337.229027472436428, 5652063.223065575584769 ], [ 683337.229027472436428, 5652713.723065575584769 ], [ 683896.82902747252956, 5652713.723065575584769 ], [ 683896.82902747252956, 5652063.223065575584769 ], [ 683337.229027472436428, 5652063.223065575584769 ] ] ] ] } },
{ "type": "Feature", "properties": { }, "geometry": { "type": "MultiPolygon", "coordinates": [ [ [ [ 683896.829027472413145, 5652063.223065575584769 ], [ 683896.829027472413145, 5652713.723065575584769 ], [ 684456.429027472506277, 5652713.723065575584769 ], [ 684456.429027472506277, 5652063.223065575584769 ], [ 683896.829027472413145, 5652063.223065575584769 ] ] ] ] } },
{ "type": "Feature", "properties": { }, "geometry": { "type": "MultiPolygon", "coordinates": [ [ [ [ 684456.429027472389862, 5652063.223065575584769 ], [ 684456.429027472389862, 5652713.723065575584769 ], [ 685016.029027472482994, 5652713.723065575584769 ], [ 685016.029027472482994, 5652063.223065575584769 ], [ 684456.429027472389862, 5652063.223065575584769 ] ] ] ] } },
{ "type": "Feature", "properties": { }, "geometry": { "type": "MultiPolygon", "coordinates": [ [ [ [ 685016.029027472366579, 5652063.223065575584769 ], [ 685016.029027472366579, 5652713.723065575584769 ], [ 685575.629027472459711, 5652713.723065575584769 ], [ 685575.629027472459711, 5652063.223065575584769 ], [ 685016.029027472366579, 5652063.223065575584769 ] ] ] ] } },
{ "type": "Feature", "properties": { }, "geometry": { "type": "MultiPolygon", "coordinates": [ [ [ [ 685575.629027472343296, 5652063.223065575584769 ], [ 685575.629027472343296, 5652713.723065575584769 ], [ 686135.229027472436428, 5652713.723065575584769 ], [ 686135.229027472436428, 5652063.223065575584769 ], [ 685575.629027472343296, 5652063.223065575584769 ] ] ] ] } },
{ "type": "Feature", "properties": { }, "geometry": { "type": "MultiPolygon", "coordinates": [ [ [ [ 686135.229027472436428, 5652063.223065575584769 ], [ 686135.229027472436428, 5652713.723065575584769 ], [ 686694.82902747252956, 5652713.723065575584769 ], [ 686694.82902747252956, 5652063.223065575584769 ], [ 686135.229027472436428, 5652063.223065575584769 ] ] ] ] } },
{ "type": "Feature", "properties": { }, "geometry": { "type": "MultiPolygon", "coordinates": [ [ [ [ 686694.829027472413145, 5652063.223065575584769 ], [ 686694.829027472413145, 5652713.723065575584769 ], [ 687254.429027472506277, 5652713.723065575584769 ], [ 687254.429027472506277, 5652063.223065575584769 ], [ 686694.829027472413145, 5652063.223065575584769 ] ] ] ] } },
{ "type": "Feature", "properties": { }, "geometry": { "type": "MultiPolygon", "coordinates": [ [ [ [ 687254.429027472389862, 5652063.223065575584769 ], [ 687254.429027472389862, 5652713.723065575584769 ], [ 687814.029027472482994, 5652713.723065575584769 ], [ 687814.029027472482994, 5652063.223065575584769 ], [ 687254.429027472389862, 5652063.223065575584769 ] ] ] ] } },
{ "type": "Feature", "properties": { }, "geometry": { "type": "MultiPolygon", "coordinates": [ [ [ [ 687814.029027472366579, 5652063.223065575584769 ], [ 687814.029027472366579, 5652713.723065575584769 ], [ 688373.629027472459711, 5652713.723065575584769 ], [ 688373.629027472459711, 5652063.223065575584769 ], [ 687814.029027472366579, 5652063.223065575584769 ] ] ] ] } },
{ "type": "Feature", "properties": { }, "geometry": { "type": "MultiPolygon", "coordinates": [ [ [ [ 688373.629027472343296, 5652063.223065575584769 ], [ 688373.629027472343296, 5652713.723065575584769 ], [ 688933.229027472436428, 5652713.723065575584769 ], [ 688933.229027472436428, 5652063.223065575584769 ], [ 688373.629027472343296, 5652063.223065575584769 ] ] ] ] } },
{ "type": "Feature", "properties": { }, "geometry": { "type": "MultiPolygon", "coordinates": [ [ [ [ 688933.229027472436428, 5652063.223065575584769 ], [ 688933.229027472436428, 5652713.723065575584769 ], [ 689492.82902747252956, 5652713.723065575584769 ], [ 689492.82902747252956, 5652063.223065575584769 ], [ 688933.229027472436428, 5652063.223065575584769 ] ] ] ] } },
{ "type": "Feature", "properties": { }, "geometry": { "type": "MultiPolygon", "coordinates": [ [ [ [ 689492.829027472413145, 5652063.223065575584769 ], [ 689492.829027472413145, 5652713.723065575584769 ], [ 690052.429027472506277, 5652713.723065575584769 ], [ 690052.429027472506277, 5652063.223065575584769 ], [ 689492.829027472413145, 5652063.223065575584769 ] ] ] ] } },
{ "type": "Feature", "properties": { }, "geometry": { "type": "MultiPolygon", "coordinates": [ [ [ [ 690052.429027472389862, 5652063.223065575584769 ], [ 690052.429027472389862, 5652713.723065575584769 ], [ 690612.029027472482994, 5652713.723065575584769 ], [ 690612.029027472482994, 5652063.223065575584769 ], [ 690052.429027472389862, 5652063.223065575584769 ] ] ] ] } },
{ "type": "Feature", "properties": { }, "geometry": { "type": "MultiPolygon", "coordinates": [ [ [ [ 690612.029027472366579, 5652063.223065575584769 ], [ 690612.029027472366579, 5652713.723065575584769 ], [ 691171.629027472459711, 5652713.723065575584769 ], [ 691171.629027472459711, 5652063.223065575584769 ], [ 690612.029027472366579, 5652063.223065575584769 ] ] ] ] } },
{ "type": "Feature", "properties": { }, "geometry": { "type": "MultiPolygon", "coordinates": [ [ [ [ 691171.629027472343296, 5652063.223065575584769 ], [ 691171.629027472343296, 5652713.723065575584769 ], [ 691731.229027472436428, 5652713.723065575584769 ], [ 691731.229027472436428, 5652063.223065575584769 ], [ 691171.629027472343296, 5652063.223065575584769 ] ] ] ] } },
{ "type": "Feature", "properties": { }, "geometry": { "type": "MultiPolygon", "coordinates": [ [ [ [ 677741.229027472436428, 5651412.723065575584769 ], [ 677741.229027472436428, 5652063.223065575584769 ], [ 678300.82902747252956, 5652063.223065575584769 ], [ 678300.82902747252956, 5651412.723065575584769 ], [ 677741.229027472436428, 5651412.723065575584769 ] ] ] ] } },
{ "type": "Feature", "properties": { }, "geometry": { "type": "MultiPolygon", "coordinates": [ [ [ [ 678300.829027472413145, 5651412.723065575584769 ], [ 678300.829027472413145, 5652063.223065575584769 ], [ 678860.429027472506277, 5652063.223065575584769 ], [ 678860.429027472506277, 5651412.723065575584769 ], [ 678300.829027472413145, 5651412.723065575584769 ] ] ] ] } },
{ "type": "Feature", "properties": { }, "geometry": { "type": "MultiPolygon", "coordinates": [ [ [ [ 678860.429027472389862, 5651412.723065575584769 ], [ 678860.429027472389862, 5652063.223065575584769 ], [ 679420.029027472482994, 5652063.223065575584769 ], [ 679420.029027472482994, 5651412.723065575584769 ], [ 678860.429027472389862, 5651412.723065575584769 ] ] ] ] } },
{ "type": "Feature", "properties": { }, "geometry": { "type": "MultiPolygon", "coordinates": [ [ [ [ 679420.029027472366579, 5651412.723065575584769 ], [ 679420.029027472366579, 5652063.223065575584769 ], [ 679979.629027472459711, 5652063.223065575584769 ], [ 679979.629027472459711, 5651412.723065575584769 ], [ 679420.029027472366579, 5651412.723065575584769 ] ] ] ] } },
{ "type": "Feature", "properties": { }, "geometry": { "type": "MultiPolygon", "coordinates": [ [ [ [ 679979.629027472343296, 5651412.723065575584769 ], [ 679979.629027472343296, 5652063.223065575584769 ], [ 680539.229027472436428, 5652063.223065575584769 ], [ 680539.229027472436428, 5651412.723065575584769 ], [ 679979.629027472343296, 5651412.723065575584769 ] ] ] ] } },
{ "type": "Feature", "properties": { }, "geometry": { "type": "MultiPolygon", "coordinates": [ [ [ [ 680539.229027472436428, 5651412.723065575584769 ], [ 680539.229027472436428, 5652063.223065575584769 ], [ 681098.82902747252956, 5652063.223065575584769 ], [ 681098.82902747252956, 5651412.723065575584769 ], [ 680539.229027472436428, 5651412.723065575584769 ] ] ] ] } },
{ "type": "Feature", "properties": { }, "geometry": { "type": "MultiPolygon", "coordinates": [ [ [ [ 681098.829027472413145, 5651412.723065575584769 ], [ 681098.829027472413145, 5652063.223065575584769 ], [ 681658.429027472506277, 5652063.223065575584769 ], [ 681658.429027472506277, 5651412.723065575584769 ], [ 681098.829027472413145, 5651412.723065575584769 ] ] ] ] } },
{ "type": "Feature", "properties": { }, "geometry": { "type": "MultiPolygon", "coordinates": [ [ [ [ 681658.429027472389862, 5651412.723065575584769 ], [ 681658.429027472389862, 5652063.223065575584769 ], [ 682218.029027472482994, 5652063.223065575584769 ], [ 682218.029027472482994, 5651412.723065575584769 ], [ 681658.429027472389862, 5651412.723065575584769 ] ] ] ] } },
{ "type": "Feature", "properties": { }, "geometry": { "type": "MultiPolygon", "coordinates": [ [ [ [ 682218.029027472366579, 5651412.723065575584769 ], [ 682218.029027472366579, 5652063.223065575584769 ], [ 682777.629027472459711, 5652063.223065575584769 ], [ 682777.629027472459711, 5651412.723065575584769 ], [ 682218.029027472366579, 5651412.723065575584769 ] ] ] ] } },
{ "type": "Feature", "properties": { }, "geometry": { "type": "MultiPolygon", "coordinates": [ [ [ [ 682777.629027472343296, 5651412.723065575584769 ], [ 682777.629027472343296, 5652063.223065575584769 ], [ 683337.229027472436428, 5652063.223065575584769 ], [ 683337.229027472436428, 5651412.723065575584769 ], [ 682777.629027472343296, 5651412.723065575584769 ] ] ] ] } },
{ "type": "Feature", "properties": { }, "geometry": { "type": "MultiPolygon", "coordinates": [ [ [ [ 683337.229027472436428, 5651412.723065575584769 ], [ 683337.229027472436428, 5652063.223065575584769 ], [ 683896.82902747252956, 5652063.223065575584769 ], [ 683896.82902747252956, 5651412.723065575584769 ], [ 683337.229027472436428, 5651412.723065575584769 ] ] ] ] } },
{ "type": "Feature", "properties": { }, "geometry": { "type": "MultiPolygon", "coordinates": [ [ [ [ 683896.829027472413145, 5651412.723065575584769 ], [ 683896.829027472413145, 5652063.223065575584769 ], [ 684456.429027472506277, 5652063.223065575584769 ], [ 684456.429027472506277, 5651412.723065575584769 ], [ 683896.829027472413145, 5651412.723065575584769 ] ] ] ] } },
{ "type": "Feature", "properties": { }, "geometry": { "type": "MultiPolygon", "coordinates": [ [ [ [ 684456.429027472389862, 5651412.723065575584769 ], [ 684456.429027472389862, 5652063.223065575584769 ], [ 685016.029027472482994, 5652063.223065575584769 ], [ 685016.029027472482994, 5651412.723065575584769 ], [ 684456.429027472389862, 5651412.723065575584769 ] ] ] ] } },
{ "type": "Feature", "properties": { }, "geometry": { "type": "MultiPolygon", "coordinates": [ [ [ [ 685016.029027472366579, 5651412.723065575584769 ], [ 685016.029027472366579, 5652063.223065575584769 ], [ 685575.629027472459711, 5652063.223065575584769 ], [ 685575.629027472459711, 5651412.723065575584769 ], [ 685016.029027472366579, 5651412.723065575584769 ] ] ] ] } },
{ "type": "Feature", "properties": { }, "geometry": { "type": "MultiPolygon", "coordinates": [ [ [ [ 685575.629027472343296, 5651412.723065575584769 ], [ 685575.629027472343296, 5652063.223065575584769 ], [ 686135.229027472436428, 5652063.223065575584769 ], [ 686135.229027472436428, 5651412.723065575584769 ], [ 685575.629027472343296, 5651412.723065575584769 ] ] ] ] } },
{ "type": "Feature", "properties": { }, "geometry": { "type": "MultiPolygon", "coordinates": [ [ [ [ 686135.229027472436428, 5651412.723065575584769 ], [ 686135.229027472436428, 5652063.223065575584769 ], [ 686694.82902747252956, 5652063.223065575584769 ], [ 686694.82902747252956, 5651412.723065575584769 ], [ 686135.229027472436428, 5651412.723065575584769 ] ] ] ] } },
{ "type": "Feature", "properties": { }, "geometry": { "type": "MultiPolygon", "coordinates": [ [ [ [ 686694.829027472413145, 5651412.723065575584769 ], [ 686694.829027472413145, 5652063.223065575584769 ], [ 687254.429027472506277, 5652063.223065575584769 ], [ 687254.429027472506277, 5651412.723065575584769 ], [ 686694.829027472413145, 5651412.723065575584769 ] ] ] ] } },
{ "type": "Feature", "properties": { }, "geometry": { "type": "MultiPolygon", "coordinates": [ [ [ [ 687254.429027472389862, 5651412.723065575584769 ], [ 687254.429027472389862, 5652063.223065575584769 ], [ 687814.029027472482994, 5652063.223065575584769 ], [ 687814.029027472482994, 5651412.723065575584769 ], [ 687254.429027472389862, 5651412.723065575584769 ] ] ] ] } },
{ "type": "Feature", "properties": { }, "geometry": { "type": "MultiPolygon", "coordinates": [ [ [ [ 687814.029027472366579, 5651412.723065575584769 ], [ 687814.029027472366579, 5652063.223065575584769 ], [ 688373.629027472459711, 5652063.223065575584769 ], [ 688373.629027472459711, 5651412.723065575584769 ], [ 687814.029027472366579, 5651412.723065575584769 ] ] ] ] } },
{ "type": "Feature", "properties": { }, "geometry": { "type": "MultiPolygon", "coordinates": [ [ [ [ 688373.629027472343296, 5651412.723065575584769 ], [ 688373.629027472343296, 5652063.223065575584769 ], [ 688933.229027472436428, 5652063.223065575584769 ], [ 688933.229027472436428, 5651412.723065575584769 ], [ 688373.629027472343296, 5651412.723065575584769 ] ] ] ] } },
{ "type": "Feature", "properties": { }, "geometry": { "type": "MultiPolygon", "coordinates": [ [ [ [ 688933.229027472436428, 5651412.723065575584769 ], [ 688933.229027472436428, 5652063.223065575584769 ], [ 689492.82902747252956, 5652063.223065575584769 ], [ 689492.82902747252956, 5651412.723065575584769 ], [ 688933.229027472436428, 5651412.723065575584769 ] ] ] ] } },
{ "type": "Feature", "properties": { }, "geometry": { "type": "MultiPolygon", "coordinates": [ [ [ [ 689492.829027472413145, 5651412.723065575584769 ], [ 689492.829027472413145, 5652063.223065575584769 ], [ 690052.429027472506277, 5652063.223065575584769 ], [ 690052.429027472506277, 5651412.723065575584769 ], [ 689492.829027472413145, 5651412.723065575584769 ] ] ] ] } },
{ "type": "Feature", "properties": { }, "geometry": { "type": "MultiPolygon", "coordinates": [ [ [ [ 690052.429027472389862, 5651412.723065575584769 ], [ 690052.429027472389862, 5652063.223065575584769 ], [ 690612.029027472482994, 5652063.223065575584769 ], [ 690612.029027472482994, 5651412.723065575584769 ], [ 690052.429027472389862, 5651412.723065575584769 ] ] ] ] } },
{ "type": "Feature", "properties": { }, "geometry": { "type": "MultiPolygon", "coordinates": [ [ [ [ 690612.029027472366579, 5651412.723065575584769 ], [ 690612.029027472366579, 5652063.223065575584769 ], [ 691171.629027472459711, 5652063.223065575584769 ], [ 691171.629027472459711, 5651412.723065575584769 ], [ 690612.029027472366579, 5651412.723065575584769 ] ] ] ] } },
{ "type": "Feature", "properties": { }, "geometry": { "type": "MultiPolygon", "coordinates": [ [ [ [ 691171.629027472343296, 5651412.723065575584769 ], [ 691171.629027472343296, 5652063.223065575584769 ], [ 691731.229027472436428, 5652063.223065575584769 ], [ 691731.229027472436428, 5651412.723065575584769 ], [ 691171.629027472343296, 5651412.723065575584769 ] ] ] ] } },
{ "type": "Feature", "properties": { }, "geometry": { "type": "MultiPolygon", "coordinates": [ [ [ [ 677741.229027472436428, 5650762.223065575584769 ], [ 677741.229027472436428, 5651412.723065575584769 ], [ 678300.82902747252956, 5651412.723065575584769 ], [ 678300.82902747252956, 5650762.223065575584769 ], [ 677741.229027472436428, 5650762.223065575584769 ] ] ] ] } },
{ "type": "Feature", "properties": { }, "geometry": { "type": "MultiPolygon", "coordinates": [ [ [ [ 678300.829027472413145, 5650762.223065575584769 ], [ 678300.829027472413145, 5651412.723065575584769 ], [ 678860.429027472506277, 5651412.723065575584769 ], [ 678860.429027472506277, 5650762.223065575584769 ], [ 678300.829027472413145, 5650762.223065575584769 ] ] ] ] } },
{ "type": "Feature", "properties": { }, "geometry": { "type": "MultiPolygon", "coordinates": [ [ [ [ 678860.429027472389862, 5650762.223065575584769 ], [ 678860.429027472389862, 5651412.723065575584769 ], [ 679420.029027472482994, 5651412.723065575584769 ], [ 679420.029027472482994, 5650762.223065575584769 ], [ 678860.429027472389862, 5650762.223065575584769 ] ] ] ] } },
{ "type": "Feature", "properties": { }, "geometry": { "type": "MultiPolygon", "coordinates": [ [ [ [ 679420.029027472366579, 5650762.223065575584769 ], [ 679420.029027472366579, 5651412.723065575584769 ], [ 679979.629027472459711, 5651412.723065575584769 ], [ 679979.629027472459711, 5650762.223065575584769 ], [ 679420.029027472366579, 5650762.223065575584769 ] ] ] ] } },
{ "type": "Feature", "properties": { }, "geometry": { "type": "MultiPolygon", "coordinates": [ [ [ [ 679979.629027472343296, 5650762.223065575584769 ], [ 679979.629027472343296, 5651412.723065575584769 ], [ 680539.229027472436428, 5651412.723065575584769 ], [ 680539.229027472436428, 5650762.223065575584769 ], [ 679979.629027472343296, 5650762.223065575584769 ] ] ] ] } },
{ "type": "Feature", "properties": { }, "geometry": { "type": "MultiPolygon", "coordinates": [ [ [ [ 680539.229027472436428, 5650762.223065575584769 ], [ 680539.229027472436428, 5651412.723065575584769 ], [ 681098.82902747252956, 5651412.723065575584769 ], [ 681098.82902747252956, 5650762.223065575584769 ], [ 680539.229027472436428, 5650762.223065575584769 ] ] ] ] } },
{ "type": "Feature", "properties": { }, "geometry": { "type": "MultiPolygon", "coordinates": [ [ [ [ 681098.829027472413145, 5650762.223065575584769 ], [ 681098.829027472413145, 5651412.723065575584769 ], [ 681658.429027472506277, 5651412.723065575584769 ], [ 681658.429027472506277, 5650762.223065575584769 ], [ 681098.829027472413145, 5650762.223065575584769 ] ] ] ] } },
{ "type": "Feature", "properties": { }, "geometry": { "type": "MultiPolygon", "coordinates": [ [ [ [ 681658.429027472389862, 5650762.223065575584769 ], [ 681658.429027472389862, 5651412.723065575584769 ], [ 682218.029027472482994, 5651412.723065575584769 ], [ 682218.029027472482994, 5650762.223065575584769 ], [ 681658.429027472389862, 5650762.223065575584769 ] ] ] ] } },
{ "type": "Feature", "properties": { }, "geometry": { "type": "MultiPolygon", "coordinates": [ [ [ [ 682218.029027472366579, 5650762.223065575584769 ], [ 682218.029027472366579, 5651412.723065575584769 ], [ 682777.629027472459711, 5651412.723065575584769 ], [ 682777.629027472459711, 5650762.223065575584769 ], [ 682218.029027472366579, 5650762.223065575584769 ] ] ] ] } },
{ "type": "Feature", "properties": { }, "geometry": { "type": "MultiPolygon", "coordinates": [ [ [ [ 682777.629027472343296, 5650762.223065575584769 ], [ 682777.629027472343296, 5651412.723065575584769 ], [ 683337.229027472436428, 5651412.723065575584769 ], [ 683337.229027472436428, 5650762.223065575584769 ], [ 682777.629027472343296, 5650762.223065575584769 ] ] ] ] } },
{ "type": "Feature", "properties": { }, "geometry": { "type": "MultiPolygon", "coordinates": [ [ [ [ 683337.229027472436428, 5650762.223065575584769 ], [ 683337.229027472436428, 5651412.723065575584769 ], [ 683896.82902747252956, 5651412.723065575584769 ], [ 683896.82902747252956, 5650762.223065575584769 ], [ 683337.229027472436428, 5650762.223065575584769 ] ] ] ] } },
{ "type": "Feature", "properties": { }, "geometry": { "type": "MultiPolygon", "coordinates": [ [ [ [ 683896.829027472413145, 5650762.223065575584769 ], [ 683896.829027472413145, 5651412.723065575584769 ], [ 684456.429027472506277, 5651412.723065575584769 ], [ 684456.429027472506277, 5650762.223065575584769 ], [ 683896.829027472413145, 5650762.223065575584769 ] ] ] ] } },
{ "type": "Feature", "properties": { }, "geometry": { "type": "MultiPolygon", "coordinates": [ [ [ [ 684456.429027472389862, 5650762.223065575584769 ], [ 684456.429027472389862, 5651412.723065575584769 ], [ 685016.029027472482994, 5651412.723065575584769 ], [ 685016.029027472482994, 5650762.223065575584769 ], [ 684456.429027472389862, 5650762.223065575584769 ] ] ] ] } },
{ "type": "Feature", "properties": { }, "geometry": { "type": "MultiPolygon", "coordinates": [ [ [ [ 685016.029027472366579, 5650762.223065575584769 ], [ 685016.029027472366579, 5651412.723065575584769 ], [ 685575.629027472459711, 5651412.723065575584769 ], [ 685575.629027472459711, 5650762.223065575584769 ], [ 685016.029027472366579, 5650762.223065575584769 ] ] ] ] } },
{ "type": "Feature", "properties": { }, "geometry": { "type": "MultiPolygon", "coordinates": [ [ [ [ 685575.629027472343296, 5650762.223065575584769 ], [ 685575.629027472343296, 5651412.723065575584769 ], [ 686135.229027472436428, 5651412.723065575584769 ], [ 686135.229027472436428, 5650762.223065575584769 ], [ 685575.629027472343296, 5650762.223065575584769 ] ] ] ] } },
{ "type": "Feature", "properties": { }, "geometry": { "type": "MultiPolygon", "coordinates": [ [ [ [ 686135.229027472436428, 5650762.223065575584769 ], [ 686135.229027472436428, 5651412.723065575584769 ], [ 686694.82902747252956, 5651412.723065575584769 ], [ 686694.82902747252956, 5650762.223065575584769 ], [ 686135.229027472436428, 5650762.223065575584769 ] ] ] ] } },
{ "type": "Feature", "properties": { }, "geometry": { "type": "MultiPolygon", "coordinates": [ [ [ [ 686694.829027472413145, 5650762.223065575584769 ], [ 686694.829027472413145, 5651412.723065575584769 ], [ 687254.429027472506277, 5651412.723065575584769 ], [ 687254.429027472506277, 5650762.223065575584769 ], [ 686694.829027472413145, 5650762.223065575584769 ] ] ] ] } },
{ "type": "Feature", "properties": { }, "geometry": { "type": "MultiPolygon", "coordinates": [ [ [ [ 687254.429027472389862, 5650762.223065575584769 ], [ 687254.429027472389862, 5651412.723065575584769 ], [ 687814.029027472482994, 5651412.723065575584769 ], [ 687814.029027472482994, 5650762.223065575584769 ], [ 687254.429027472389862, 5650762.223065575584769 ] ] ] ] } },
{ "type": "Feature", "properties": { }, "geometry": { "type": "MultiPolygon", "coordinates": [ [ [ [ 687814.029027472366579, 5650762.223065575584769 ], [ 687814.029027472366579, 5651412.723065575584769 ], [ 688373.629027472459711, 5651412.723065575584769 ], [ 688373.629027472459711, 5650762.223065575584769 ], [ 687814.029027472366579, 5650762.223065575584769 ] ] ] ] } },
{ "type": "Feature", "properties": { }, "geometry": { "type": "MultiPolygon", "coordinates": [ [ [ [ 688373.629027472343296, 5650762.223065575584769 ], [ 688373.629027472343296, 5651412.723065575584769 ], [ 688933.229027472436428, 5651412.723065575584769 ], [ 688933.229027472436428, 5650762.223065575584769 ], [ 688373.629027472343296, 5650762.223065575584769 ] ] ] ] } },
{ "type": "Feature", "properties": { }, "geometry": { "type": "MultiPolygon", "coordinates": [ [ [ [ 688933.229027472436428, 5650762.223065575584769 ], [ 688933.229027472436428, 5651412.723065575584769 ], [ 689492.82902747252956, 5651412.723065575584769 ], [ 689492.82902747252956, 5650762.223065575584769 ], [ 688933.229027472436428, 5650762.223065575584769 ] ] ] ] } },
{ "type": "Feature", "properties": { }, "geometry": { "type": "MultiPolygon", "coordinates": [ [ [ [ 689492.829027472413145, 5650762.223065575584769 ], [ 689492.829027472413145, 5651412.723065575584769 ], [ 690052.429027472506277, 5651412.723065575584769 ], [ 690052.429027472506277, 5650762.223065575584769 ], [ 689492.829027472413145, 5650762.223065575584769 ] ] ] ] } },
{ "type": "Feature", "properties": { }, "geometry": { "type": "MultiPolygon", "coordinates": [ [ [ [ 690052.429027472389862, 5650762.223065575584769 ], [ 690052.429027472389862, 5651412.723065575584769 ], [ 690612.029027472482994, 5651412.723065575584769 ], [ 690612.029027472482994, 5650762.223065575584769 ], [ 690052.429027472389862, 5650762.223065575584769 ] ] ] ] } },
{ "type": "Feature", "properties": { }, "geometry": { "type": "MultiPolygon", "coordinates": [ [ [ [ 690612.029027472366579, 5650762.223065575584769 ], [ 690612.029027472366579, 5651412.723065575584769 ], [ 691171.629027472459711, 5651412.723065575584769 ], [ 691171.629027472459711, 5650762.223065575584769 ], [ 690612.029027472366579, 5650762.223065575584769 ] ] ] ] } },
{ "type": "Feature", "properties": { }, "geometry": { "type": "MultiPolygon", "coordinates": [ [ [ [ 691171.629027472343296, 5650762.223065575584769 ], [ 691171.629027472343296, 5651412.723065575584769 ], [ 691731.229027472436428, 5651412.723065575584769 ], [ 691731.229027472436428, 5650762.223065575584769 ], [ 691171.629027472343296, 5650762.223065575584769 ] ] ] ] } },
{ "type": "Feature", "properties": { }, "geometry": { "type": "MultiPolygon", "coordinates": [ [ [ [ 677741.229027472436428, 5650111.723065575584769 ], [ 677741.229027472436428, 5650762.223065575584769 ], [ 678300.82902747252956, 5650762.223065575584769 ], [ 678300.82902747252956, 5650111.723065575584769 ], [ 677741.229027472436428, 5650111.723065575584769 ] ] ] ] } },
{ "type": "Feature", "properties": { }, "geometry": { "type": "MultiPolygon", "coordinates": [ [ [ [ 678300.829027472413145, 5650111.723065575584769 ], [ 678300.829027472413145, 5650762.223065575584769 ], [ 678860.429027472506277, 5650762.223065575584769 ], [ 678860.429027472506277, 5650111.723065575584769 ], [ 678300.829027472413145, 5650111.723065575584769 ] ] ] ] } },
{ "type": "Feature", "properties": { }, "geometry": { "type": "MultiPolygon", "coordinates": [ [ [ [ 678860.429027472389862, 5650111.723065575584769 ], [ 678860.429027472389862, 5650762.223065575584769 ], [ 679420.029027472482994, 5650762.223065575584769 ], [ 679420.029027472482994, 5650111.723065575584769 ], [ 678860.429027472389862, 5650111.723065575584769 ] ] ] ] } },
{ "type": "Feature", "properties": { }, "geometry": { "type": "MultiPolygon", "coordinates": [ [ [ [ 679420.029027472366579, 5650111.723065575584769 ], [ 679420.029027472366579, 5650762.223065575584769 ], [ 679979.629027472459711, 5650762.223065575584769 ], [ 679979.629027472459711, 5650111.723065575584769 ], [ 679420.029027472366579, 5650111.723065575584769 ] ] ] ] } },
{ "type": "Feature", "properties": { }, "geometry": { "type": "MultiPolygon", "coordinates": [ [ [ [ 679979.629027472343296, 5650111.723065575584769 ], [ 679979.629027472343296, 5650762.223065575584769 ], [ 680539.229027472436428, 5650762.223065575584769 ], [ 680539.229027472436428, 5650111.723065575584769 ], [ 679979.629027472343296, 5650111.723065575584769 ] ] ] ] } },
{ "type": "Feature", "properties": { }, "geometry": { "type": "MultiPolygon", "coordinates": [ [ [ [ 680539.229027472436428, 5650111.723065575584769 ], [ 680539.229027472436428, 5650762.223065575584769 ], [ 681098.82902747252956, 5650762.223065575584769 ], [ 681098.82902747252956, 5650111.723065575584769 ], [ 680539.229027472436428, 5650111.723065575584769 ] ] ] ] } },
{ "type": "Feature", "properties": { }, "geometry": { "type": "MultiPolygon", "coordinates": [ [ [ [ 681098.829027472413145, 5650111.723065575584769 ], [ 681098.829027472413145, 5650762.223065575584769 ], [ 681658.429027472506277, 5650762.223065575584769 ], [ 681658.429027472506277, 5650111.723065575584769 ], [ 681098.829027472413145, 5650111.723065575584769 ] ] ] ] } },
{ "type": "Feature", "properties": { }, "geometry": { "type": "MultiPolygon", "coordinates": [ [ [ [ 681658.429027472389862, 5650111.723065575584769 ], [ 681658.429027472389862, 5650762.223065575584769 ], [ 682218.029027472482994, 5650762.223065575584769 ], [ 682218.029027472482994, 5650111.723065575584769 ], [ 681658.429027472389862, 5650111.723065575584769 ] ] ] ] } },
{ "type": "Feature", "properties": { }, "geometry": { "type": "MultiPolygon", "coordinates": [ [ [ [ 682218.029027472366579, 5650111.723065575584769 ], [ 682218.029027472366579, 5650762.223065575584769 ], [ 682777.629027472459711, 5650762.223065575584769 ], [ 682777.629027472459711, 5650111.723065575584769 ], [ 682218.029027472366579, 5650111.723065575584769 ] ] ] ] } },
{ "type": "Feature", "properties": { }, "geometry": { "type": "MultiPolygon", "coordinates": [ [ [ [ 682777.629027472343296, 5650111.723065575584769 ], [ 682777.629027472343296, 5650762.223065575584769 ], [ 683337.229027472436428, 5650762.223065575584769 ], [ 683337.229027472436428, 5650111.723065575584769 ], [ 682777.629027472343296, 5650111.723065575584769 ] ] ] ] } },
{ "type": "Feature", "properties": { }, "geometry": { "type": "MultiPolygon", "coordinates": [ [ [ [ 683337.229027472436428, 5650111.723065575584769 ], [ 683337.229027472436428, 5650762.223065575584769 ], [ 683896.82902747252956, 5650762.223065575584769 ], [ 683896.82902747252956, 5650111.723065575584769 ], [ 683337.229027472436428, 5650111.723065575584769 ] ] ] ] } },
{ "type": "Feature", "properties": { }, "geometry": { "type": "MultiPolygon", "coordinates": [ [ [ [ 683896.829027472413145, 5650111.723065575584769 ], [ 683896.829027472413145, 5650762.223065575584769 ], [ 684456.429027472506277, 5650762.223065575584769 ], [ 684456.429027472506277, 5650111.723065575584769 ], [ 683896.829027472413145, 5650111.723065575584769 ] ] ] ] } },
{ "type": "Feature", "properties": { }, "geometry": { "type": "MultiPolygon", "coordinates": [ [ [ [ 684456.429027472389862, 5650111.723065575584769 ], [ 684456.429027472389862, 5650762.223065575584769 ], [ 685016.029027472482994, 5650762.223065575584769 ], [ 685016.029027472482994, 5650111.723065575584769 ], [ 684456.429027472389862, 5650111.723065575584769 ] ] ] ] } },
{ "type": "Feature", "properties": { }, "geometry": { "type": "MultiPolygon", "coordinates": [ [ [ [ 685016.029027472366579, 5650111.723065575584769 ], [ 685016.029027472366579, 5650762.223065575584769 ], [ 685575.629027472459711, 5650762.223065575584769 ], [ 685575.629027472459711, 5650111.723065575584769 ], [ 685016.029027472366579, 5650111.723065575584769 ] ] ] ] } },
{ "type": "Feature", "properties": { }, "geometry": { "type": "MultiPolygon", "coordinates": [ [ [ [ 685575.629027472343296, 5650111.723065575584769 ], [ 685575.629027472343296, 5650762.223065575584769 ], [ 686135.229027472436428, 5650762.223065575584769 ], [ 686135.229027472436428, 5650111.723065575584769 ], [ 685575.629027472343296, 5650111.723065575584769 ] ] ] ] } },
{ "type": "Feature", "properties": { }, "geometry": { "type": "MultiPolygon", "coordinates": [ [ [ [ 686135.229027472436428, 5650111.723065575584769 ], [ 686135.229027472436428, 5650762.223065575584769 ], [ 686694.82902747252956, 5650762.223065575584769 ], [ 686694.82902747252956, 5650111.723065575584769 ], [ 686135.229027472436428, 5650111.723065575584769 ] ] ] ] } },
{ "type": "Feature", "properties": { }, "geometry": { "type": "MultiPolygon", "coordinates": [ [ [ [ 686694.829027472413145, 5650111.723065575584769 ], [ 686694.829027472413145, 5650762.223065575584769 ], [ 687254.429027472506277, 5650762.223065575584769 ], [ 687254.429027472506277, 5650111.723065575584769 ], [ 686694.829027472413145, 5650111.723065575584769 ] ] ] ] } },
{ "type": "Feature", "properties": { }, "geometry": { "type": "MultiPolygon", "coordinates": [ [ [ [ 687254.429027472389862, 5650111.723065575584769 ], [ 687254.429027472389862, 5650762.223065575584769 ], [ 687814.029027472482994, 5650762.223065575584769 ], [ 687814.029027472482994, 5650111.723065575584769 ], [ 687254.429027472389862, 5650111.723065575584769 ] ] ] ] } },
{ "type": "Feature", "properties": { }, "geometry": { "type": "MultiPolygon", "coordinates": [ [ [ [ 687814.029027472366579, 5650111.723065575584769 ], [ 687814.029027472366579, 5650762.223065575584769 ], [ 688373.629027472459711, 5650762.223065575584769 ], [ 688373.629027472459711, 5650111.723065575584769 ], [ 687814.029027472366579, 5650111.723065575584769 ] ] ] ] } },
{ "type": "Feature", "properties": { }, "geometry": { "type": "MultiPolygon", "coordinates": [ [ [ [ 688373.629027472343296, 5650111.723065575584769 ], [ 688373.629027472343296, 5650762.223065575584769 ], [ 688933.229027472436428, 5650762.223065575584769 ], [ 688933.229027472436428, 5650111.723065575584769 ], [ 688373.629027472343296, 5650111.723065575584769 ] ] ] ] } },
{ "type": "Feature", "properties": { }, "geometry": { "type": "MultiPolygon", "coordinates": [ [ [ [ 688933.229027472436428, 5650111.723065575584769 ], [ 688933.229027472436428, 5650762.223065575584769 ], [ 689492.82902747252956, 5650762.223065575584769 ], [ 689492.82902747252956, 5650111.723065575584769 ], [ 688933.229027472436428, 5650111.723065575584769 ] ] ] ] } },
{ "type": "Feature", "properties": { }, "geometry": { "type": "MultiPolygon", "coordinates": [ [ [ [ 689492.829027472413145, 5650111.723065575584769 ], [ 689492.829027472413145, 5650762.223065575584769 ], [ 690052.429027472506277, 5650762.223065575584769 ], [ 690052.429027472506277, 5650111.723065575584769 ], [ 689492.829027472413145, 5650111.723065575584769 ] ] ] ] } },
{ "type": "Feature", "properties": { }, "geometry": { "type": "MultiPolygon", "coordinates": [ [ [ [ 690052.429027472389862, 5650111.723065575584769 ], [ 690052.429027472389862, 5650762.223065575584769 ], [ 690612.029027472482994, 5650762.223065575584769 ], [ 690612.029027472482994, 5650111.723065575584769 ], [ 690052.429027472389862, 5650111.723065575584769 ] ] ] ] } },
{ "type": "Feature", "properties": { }, "geometry": { "type": "MultiPolygon", "coordinates": [ [ [ [ 690612.029027472366579, 5650111.723065575584769 ], [ 690612.029027472366579, 5650762.223065575584769 ], [ 691171.629027472459711, 5650762.223065575584769 ], [ 691171.629027472459711, 5650111.723065575584769 ], [ 690612.029027472366579, 5650111.723065575584769 ] ] ] ] } },
{ "type": "Feature", "properties": { }, "geometry": { "type": "MultiPolygon", "coordinates": [ [ [ [ 691171.629027472343296, 5650111.723065575584769 ], [ 691171.629027472343296, 5650762.223065575584769 ], [ 691731.229027472436428, 5650762.223065575584769 ], [ 691731.229027472436428, 5650111.723065575584769 ], [ 691171.629027472343296, 5650111.723065575584769 ] ] ] ] } },
{ "type": "Feature", "properties": { }, "geometry": { "type": "MultiPolygon", "coordinates": [ [ [ [ 677741.229027472436428, 5649461.223065575584769 ], [ 677741.229027472436428, 5650111.723065575584769 ], [ 678300.82902747252956, 5650111.723065575584769 ], [ 678300.82902747252956, 5649461.223065575584769 ], [ 677741.229027472436428, 5649461.223065575584769 ] ] ] ] } },
{ "type": "Feature", "properties": { }, "geometry": { "type": "MultiPolygon", "coordinates": [ [ [ [ 678300.829027472413145, 5649461.223065575584769 ], [ 678300.829027472413145, 5650111.723065575584769 ], [ 678860.429027472506277, 5650111.723065575584769 ], [ 678860.429027472506277, 5649461.223065575584769 ], [ 678300.829027472413145, 5649461.223065575584769 ] ] ] ] } },
{ "type": "Feature", "properties": { }, "geometry": { "type": "MultiPolygon", "coordinates": [ [ [ [ 678860.429027472389862, 5649461.223065575584769 ], [ 678860.429027472389862, 5650111.723065575584769 ], [ 679420.029027472482994, 5650111.723065575584769 ], [ 679420.029027472482994, 5649461.223065575584769 ], [ 678860.429027472389862, 5649461.223065575584769 ] ] ] ] } },
{ "type": "Feature", "properties": { }, "geometry": { "type": "MultiPolygon", "coordinates": [ [ [ [ 679420.029027472366579, 5649461.223065575584769 ], [ 679420.029027472366579, 5650111.723065575584769 ], [ 679979.629027472459711, 5650111.723065575584769 ], [ 679979.629027472459711, 5649461.223065575584769 ], [ 679420.029027472366579, 5649461.223065575584769 ] ] ] ] } },
{ "type": "Feature", "properties": { }, "geometry": { "type": "MultiPolygon", "coordinates": [ [ [ [ 679979.629027472343296, 5649461.223065575584769 ], [ 679979.629027472343296, 5650111.723065575584769 ], [ 680539.229027472436428, 5650111.723065575584769 ], [ 680539.229027472436428, 5649461.223065575584769 ], [ 679979.629027472343296, 5649461.223065575584769 ] ] ] ] } },
{ "type": "Feature", "properties": { }, "geometry": { "type": "MultiPolygon", "coordinates": [ [ [ [ 680539.229027472436428, 5649461.223065575584769 ], [ 680539.229027472436428, 5650111.723065575584769 ], [ 681098.82902747252956, 5650111.723065575584769 ], [ 681098.82902747252956, 5649461.223065575584769 ], [ 680539.229027472436428, 5649461.223065575584769 ] ] ] ] } },
{ "type": "Feature", "properties": { }, "geometry": { "type": "MultiPolygon", "coordinates": [ [ [ [ 681098.829027472413145, 5649461.223065575584769 ], [ 681098.829027472413145, 5650111.723065575584769 ], [ 681658.429027472506277, 5650111.723065575584769 ], [ 681658.429027472506277, 5649461.223065575584769 ], [ 681098.829027472413145, 5649461.223065575584769 ] ] ] ] } },
{ "type": "Feature", "properties": { }, "geometry": { "type": "MultiPolygon", "coordinates": [ [ [ [ 681658.429027472389862, 5649461.223065575584769 ], [ 681658.429027472389862, 5650111.723065575584769 ], [ 682218.029027472482994, 5650111.723065575584769 ], [ 682218.029027472482994, 5649461.223065575584769 ], [ 681658.429027472389862, 5649461.223065575584769 ] ] ] ] } },
{ "type": "Feature", "properties": { }, "geometry": { "type": "MultiPolygon", "coordinates": [ [ [ [ 682218.029027472366579, 5649461.223065575584769 ], [ 682218.029027472366579, 5650111.723065575584769 ], [ 682777.629027472459711, 5650111.723065575584769 ], [ 682777.629027472459711, 5649461.223065575584769 ], [ 682218.029027472366579, 5649461.223065575584769 ] ] ] ] } },
{ "type": "Feature", "properties": { }, "geometry": { "type": "MultiPolygon", "coordinates": [ [ [ [ 682777.629027472343296, 5649461.223065575584769 ], [ 682777.629027472343296, 5650111.723065575584769 ], [ 683337.229027472436428, 5650111.723065575584769 ], [ 683337.229027472436428, 5649461.223065575584769 ], [ 682777.629027472343296, 5649461.223065575584769 ] ] ] ] } },
{ "type": "Feature", "properties": { }, "geometry": { "type": "MultiPolygon", "coordinates": [ [ [ [ 683337.229027472436428, 5649461.223065575584769 ], [ 683337.229027472436428, 5650111.723065575584769 ], [ 683896.82902747252956, 5650111.723065575584769 ], [ 683896.82902747252956, 5649461.223065575584769 ], [ 683337.229027472436428, 5649461.223065575584769 ] ] ] ] } },
{ "type": "Feature", "properties": { }, "geometry": { "type": "MultiPolygon", "coordinates": [ [ [ [ 683896.829027472413145, 5649461.223065575584769 ], [ 683896.829027472413145, 5650111.723065575584769 ], [ 684456.429027472506277, 5650111.723065575584769 ], [ 684456.429027472506277, 5649461.223065575584769 ], [ 683896.829027472413145, 5649461.223065575584769 ] ] ] ] } },
{ "type": "Feature", "properties": { }, "geometry": { "type": "MultiPolygon", "coordinates": [ [ [ [ 684456.429027472389862, 5649461.223065575584769 ], [ 684456.429027472389862, 5650111.723065575584769 ], [ 685016.029027472482994, 5650111.723065575584769 ], [ 685016.029027472482994, 5649461.223065575584769 ], [ 684456.429027472389862, 5649461.223065575584769 ] ] ] ] } },
{ "type": "Feature", "properties": { }, "geometry": { "type": "MultiPolygon", "coordinates": [ [ [ [ 685016.029027472366579, 5649461.223065575584769 ], [ 685016.029027472366579, 5650111.723065575584769 ], [ 685575.629027472459711, 5650111.723065575584769 ], [ 685575.629027472459711, 5649461.223065575584769 ], [ 685016.029027472366579, 5649461.223065575584769 ] ] ] ] } },
{ "type": "Feature", "properties": { }, "geometry": { "type": "MultiPolygon", "coordinates": [ [ [ [ 685575.629027472343296, 5649461.223065575584769 ], [ 685575.629027472343296, 5650111.723065575584769 ], [ 686135.229027472436428, 5650111.723065575584769 ], [ 686135.229027472436428, 5649461.223065575584769 ], [ 685575.629027472343296, 5649461.223065575584769 ] ] ] ] } },
{ "type": "Feature", "properties": { }, "geometry": { "type": "MultiPolygon", "coordinates": [ [ [ [ 686135.229027472436428, 5649461.223065575584769 ], [ 686135.229027472436428, 5650111.723065575584769 ], [ 686694.82902747252956, 5650111.723065575584769 ], [ 686694.82902747252956, 5649461.223065575584769 ], [ 686135.229027472436428, 5649461.223065575584769 ] ] ] ] } },
{ "type": "Feature", "properties": { }, "geometry": { "type": "MultiPolygon", "coordinates": [ [ [ [ 686694.829027472413145, 5649461.223065575584769 ], [ 686694.829027472413145, 5650111.723065575584769 ], [ 687254.429027472506277, 5650111.723065575584769 ], [ 687254.429027472506277, 5649461.223065575584769 ], [ 686694.829027472413145, 5649461.223065575584769 ] ] ] ] } },
{ "type": "Feature", "properties": { }, "geometry": { "type": "MultiPolygon", "coordinates": [ [ [ [ 687254.429027472389862, 5649461.223065575584769 ], [ 687254.429027472389862, 5650111.723065575584769 ], [ 687814.029027472482994, 5650111.723065575584769 ], [ 687814.029027472482994, 5649461.223065575584769 ], [ 687254.429027472389862, 5649461.223065575584769 ] ] ] ] } },
{ "type": "Feature", "properties": { }, "geometry": { "type": "MultiPolygon", "coordinates": [ [ [ [ 687814.029027472366579, 5649461.223065575584769 ], [ 687814.029027472366579, 5650111.723065575584769 ], [ 688373.629027472459711, 5650111.723065575584769 ], [ 688373.629027472459711, 5649461.223065575584769 ], [ 687814.029027472366579, 5649461.223065575584769 ] ] ] ] } },
{ "type": "Feature", "properties": { }, "geometry": { "type": "MultiPolygon", "coordinates": [ [ [ [ 688373.629027472343296, 5649461.223065575584769 ], [ 688373.629027472343296, 5650111.723065575584769 ], [ 688933.229027472436428, 5650111.723065575584769 ], [ 688933.229027472436428, 5649461.223065575584769 ], [ 688373.629027472343296, 5649461.223065575584769 ] ] ] ] } },
{ "type": "Feature", "properties": { }, "geometry": { "type": "MultiPolygon", "coordinates": [ [ [ [ 688933.229027472436428, 5649461.223065575584769 ], [ 688933.229027472436428, 5650111.723065575584769 ], [ 689492.82902747252956, 5650111.723065575584769 ], [ 689492.82902747252956, 5649461.223065575584769 ], [ 688933.229027472436428, 5649461.223065575584769 ] ] ] ] } },
{ "type": "Feature", "properties": { }, "geometry": { "type": "MultiPolygon", "coordinates": [ [ [ [ 689492.829027472413145, 5649461.223065575584769 ], [ 689492.829027472413145, 5650111.723065575584769 ], [ 690052.429027472506277, 5650111.723065575584769 ], [ 690052.429027472506277, 5649461.223065575584769 ], [ 689492.829027472413145, 5649461.223065575584769 ] ] ] ] } },
{ "type": "Feature", "properties": { }, "geometry": { "type": "MultiPolygon", "coordinates": [ [ [ [ 690052.429027472389862, 5649461.223065575584769 ], [ 690052.429027472389862, 5650111.723065575584769 ], [ 690612.029027472482994, 5650111.723065575584769 ], [ 690612.029027472482994, 5649461.223065575584769 ], [ 690052.429027472389862, 5649461.223065575584769 ] ] ] ] } },
{ "type": "Feature", "properties": { }, "geometry": { "type": "MultiPolygon", "coordinates": [ [ [ [ 690612.029027472366579, 5649461.223065575584769 ], [ 690612.029027472366579, 5650111.723065575584769 ], [ 691171.629027472459711, 5650111.723065575584769 ], [ 691171.629027472459711, 5649461.223065575584769 ], [ 690612.029027472366579, 5649461.223065575584769 ] ] ] ] } },
{ "type": "Feature", "properties": { }, "geometry": { "type": "MultiPolygon", "coordinates": [ [ [ [ 691171.629027472343296, 5649461.223065575584769 ], [ 691171.629027472343296, 5650111.723065575584769 ], [ 691731.229027472436428, 5650111.723065575584769 ], [ 691731.229027472436428, 5649461.223065575584769 ], [ 691171.629027472343296, 5649461.223065575584769 ] ] ] ] } },
{ "type": "Feature", "properties": { }, "geometry": { "type": "MultiPolygon", "coordinates": [ [ [ [ 677741.229027472436428, 5648810.723065575584769 ], [ 677741.229027472436428, 5649461.223065575584769 ], [ 678300.82902747252956, 5649461.223065575584769 ], [ 678300.82902747252956, 5648810.723065575584769 ], [ 677741.229027472436428, 5648810.723065575584769 ] ] ] ] } },
{ "type": "Feature", "properties": { }, "geometry": { "type": "MultiPolygon", "coordinates": [ [ [ [ 678300.829027472413145, 5648810.723065575584769 ], [ 678300.829027472413145, 5649461.223065575584769 ], [ 678860.429027472506277, 5649461.223065575584769 ], [ 678860.429027472506277, 5648810.723065575584769 ], [ 678300.829027472413145, 5648810.723065575584769 ] ] ] ] } },
{ "type": "Feature", "properties": { }, "geometry": { "type": "MultiPolygon", "coordinates": [ [ [ [ 678860.429027472389862, 5648810.723065575584769 ], [ 678860.429027472389862, 5649461.223065575584769 ], [ 679420.029027472482994, 5649461.223065575584769 ], [ 679420.029027472482994, 5648810.723065575584769 ], [ 678860.429027472389862, 5648810.723065575584769 ] ] ] ] } },
{ "type": "Feature", "properties": { }, "geometry": { "type": "MultiPolygon", "coordinates": [ [ [ [ 679420.029027472366579, 5648810.723065575584769 ], [ 679420.029027472366579, 5649461.223065575584769 ], [ 679979.629027472459711, 5649461.223065575584769 ], [ 679979.629027472459711, 5648810.723065575584769 ], [ 679420.029027472366579, 5648810.723065575584769 ] ] ] ] } },
{ "type": "Feature", "properties": { }, "geometry": { "type": "MultiPolygon", "coordinates": [ [ [ [ 679979.629027472343296, 5648810.723065575584769 ], [ 679979.629027472343296, 5649461.223065575584769 ], [ 680539.229027472436428, 5649461.223065575584769 ], [ 680539.229027472436428, 5648810.723065575584769 ], [ 679979.629027472343296, 5648810.723065575584769 ] ] ] ] } },
{ "type": "Feature", "properties": { }, "geometry": { "type": "MultiPolygon", "coordinates": [ [ [ [ 680539.229027472436428, 5648810.723065575584769 ], [ 680539.229027472436428, 5649461.223065575584769 ], [ 681098.82902747252956, 5649461.223065575584769 ], [ 681098.82902747252956, 5648810.723065575584769 ], [ 680539.229027472436428, 5648810.723065575584769 ] ] ] ] } },
{ "type": "Feature", "properties": { }, "geometry": { "type": "MultiPolygon", "coordinates": [ [ [ [ 681098.829027472413145, 5648810.723065575584769 ], [ 681098.829027472413145, 5649461.223065575584769 ], [ 681658.429027472506277, 5649461.223065575584769 ], [ 681658.429027472506277, 5648810.723065575584769 ], [ 681098.829027472413145, 5648810.723065575584769 ] ] ] ] } },
{ "type": "Feature", "properties": { }, "geometry": { "type": "MultiPolygon", "coordinates": [ [ [ [ 681658.429027472389862, 5648810.723065575584769 ], [ 681658.429027472389862, 5649461.223065575584769 ], [ 682218.029027472482994, 5649461.223065575584769 ], [ 682218.029027472482994, 5648810.723065575584769 ], [ 681658.429027472389862, 5648810.723065575584769 ] ] ] ] } },
{ "type": "Feature", "properties": { }, "geometry": { "type": "MultiPolygon", "coordinates": [ [ [ [ 682218.029027472366579, 5648810.723065575584769 ], [ 682218.029027472366579, 5649461.223065575584769 ], [ 682777.629027472459711, 5649461.223065575584769 ], [ 682777.629027472459711, 5648810.723065575584769 ], [ 682218.029027472366579, 5648810.723065575584769 ] ] ] ] } },
{ "type": "Feature", "properties": { }, "geometry": { "type": "MultiPolygon", "coordinates": [ [ [ [ 682777.629027472343296, 5648810.723065575584769 ], [ 682777.629027472343296, 5649461.223065575584769 ], [ 683337.229027472436428, 5649461.223065575584769 ], [ 683337.229027472436428, 5648810.723065575584769 ], [ 682777.629027472343296, 5648810.723065575584769 ] ] ] ] } },
{ "type": "Feature", "properties": { }, "geometry": { "type": "MultiPolygon", "coordinates": [ [ [ [ 683337.229027472436428, 5648810.723065575584769 ], [ 683337.229027472436428, 5649461.223065575584769 ], [ 683896.82902747252956, 5649461.223065575584769 ], [ 683896.82902747252956, 5648810.723065575584769 ], [ 683337.229027472436428, 5648810.723065575584769 ] ] ] ] } },
{ "type": "Feature", "properties": { }, "geometry": { "type": "MultiPolygon", "coordinates": [ [ [ [ 683896.829027472413145, 5648810.723065575584769 ], [ 683896.829027472413145, 5649461.223065575584769 ], [ 684456.429027472506277, 5649461.223065575584769 ], [ 684456.429027472506277, 5648810.723065575584769 ], [ 683896.829027472413145, 5648810.723065575584769 ] ] ] ] } },
{ "type": "Feature", "properties": { }, "geometry": { "type": "MultiPolygon", "coordinates": [ [ [ [ 684456.429027472389862, 5648810.723065575584769 ], [ 684456.429027472389862, 5649461.223065575584769 ], [ 685016.029027472482994, 5649461.223065575584769 ], [ 685016.029027472482994, 5648810.723065575584769 ], [ 684456.429027472389862, 5648810.723065575584769 ] ] ] ] } },
{ "type": "Feature", "properties": { }, "geometry": { "type": "MultiPolygon", "coordinates": [ [ [ [ 685016.029027472366579, 5648810.723065575584769 ], [ 685016.029027472366579, 5649461.223065575584769 ], [ 685575.629027472459711, 5649461.223065575584769 ], [ 685575.629027472459711, 5648810.723065575584769 ], [ 685016.029027472366579, 5648810.723065575584769 ] ] ] ] } },
{ "type": "Feature", "properties": { }, "geometry": { "type": "MultiPolygon", "coordinates": [ [ [ [ 685575.629027472343296, 5648810.723065575584769 ], [ 685575.629027472343296, 5649461.223065575584769 ], [ 686135.229027472436428, 5649461.223065575584769 ], [ 686135.229027472436428, 5648810.723065575584769 ], [ 685575.629027472343296, 5648810.723065575584769 ] ] ] ] } },
{ "type": "Feature", "properties": { }, "geometry": { "type": "MultiPolygon", "coordinates": [ [ [ [ 686135.229027472436428, 5648810.723065575584769 ], [ 686135.229027472436428, 5649461.223065575584769 ], [ 686694.82902747252956, 5649461.223065575584769 ], [ 686694.82902747252956, 5648810.723065575584769 ], [ 686135.229027472436428, 5648810.723065575584769 ] ] ] ] } },
{ "type": "Feature", "properties": { }, "geometry": { "type": "MultiPolygon", "coordinates": [ [ [ [ 686694.829027472413145, 5648810.723065575584769 ], [ 686694.829027472413145, 5649461.223065575584769 ], [ 687254.429027472506277, 5649461.223065575584769 ], [ 687254.429027472506277, 5648810.723065575584769 ], [ 686694.829027472413145, 5648810.723065575584769 ] ] ] ] } },
{ "type": "Feature", "properties": { }, "geometry": { "type": "MultiPolygon", "coordinates": [ [ [ [ 687254.429027472389862, 5648810.723065575584769 ], [ 687254.429027472389862, 5649461.223065575584769 ], [ 687814.029027472482994, 5649461.223065575584769 ], [ 687814.029027472482994, 5648810.723065575584769 ], [ 687254.429027472389862, 5648810.723065575584769 ] ] ] ] } },
{ "type": "Feature", "properties": { }, "geometry": { "type": "MultiPolygon", "coordinates": [ [ [ [ 687814.029027472366579, 5648810.723065575584769 ], [ 687814.029027472366579, 5649461.223065575584769 ], [ 688373.629027472459711, 5649461.223065575584769 ], [ 688373.629027472459711, 5648810.723065575584769 ], [ 687814.029027472366579, 5648810.723065575584769 ] ] ] ] } },
{ "type": "Feature", "properties": { }, "geometry": { "type": "MultiPolygon", "coordinates": [ [ [ [ 688373.629027472343296, 5648810.723065575584769 ], [ 688373.629027472343296, 5649461.223065575584769 ], [ 688933.229027472436428, 5649461.223065575584769 ], [ 688933.229027472436428, 5648810.723065575584769 ], [ 688373.629027472343296, 5648810.723065575584769 ] ] ] ] } },
{ "type": "Feature", "properties": { }, "geometry": { "type": "MultiPolygon", "coordinates": [ [ [ [ 688933.229027472436428, 5648810.723065575584769 ], [ 688933.229027472436428, 5649461.223065575584769 ], [ 689492.82902747252956, 5649461.223065575584769 ], [ 689492.82902747252956, 5648810.723065575584769 ], [ 688933.229027472436428, 5648810.723065575584769 ] ] ] ] } },
{ "type": "Feature", "properties": { }, "geometry": { "type": "MultiPolygon", "coordinates": [ [ [ [ 689492.829027472413145, 5648810.723065575584769 ], [ 689492.829027472413145, 5649461.223065575584769 ], [ 690052.429027472506277, 5649461.223065575584769 ], [ 690052.429027472506277, 5648810.723065575584769 ], [ 689492.829027472413145, 5648810.723065575584769 ] ] ] ] } },
{ "type": "Feature", "properties": { }, "geometry": { "type": "MultiPolygon", "coordinates": [ [ [ [ 690052.429027472389862, 5648810.723065575584769 ], [ 690052.429027472389862, 5649461.223065575584769 ], [ 690612.029027472482994, 5649461.223065575584769 ], [ 690612.029027472482994, 5648810.723065575584769 ], [ 690052.429027472389862, 5648810.723065575584769 ] ] ] ] } },
{ "type": "Feature", "properties": { }, "geometry": { "type": "MultiPolygon", "coordinates": [ [ [ [ 690612.029027472366579, 5648810.723065575584769 ], [ 690612.029027472366579, 5649461.223065575584769 ], [ 691171.629027472459711, 5649461.223065575584769 ], [ 691171.629027472459711, 5648810.723065575584769 ], [ 690612.029027472366579, 5648810.723065575584769 ] ] ] ] } },
{ "type": "Feature", "properties": { }, "geometry": { "type": "MultiPolygon", "coordinates": [ [ [ [ 691171.629027472343296, 5648810.723065575584769 ], [ 691171.629027472343296, 5649461.223065575584769 ], [ 691731.229027472436428, 5649461.223065575584769 ], [ 691731.229027472436428, 5648810.723065575584769 ], [ 691171.629027472343296, 5648810.723065575584769 ] ] ] ] } },
{ "type": "Feature", "properties": { }, "geometry": { "type": "MultiPolygon", "coordinates": [ [ [ [ 677741.229027472436428, 5648160.223065575584769 ], [ 677741.229027472436428, 5648810.723065575584769 ], [ 678300.82902747252956, 5648810.723065575584769 ], [ 678300.82902747252956, 5648160.223065575584769 ], [ 677741.229027472436428, 5648160.223065575584769 ] ] ] ] } },
{ "type": "Feature", "properties": { }, "geometry": { "type": "MultiPolygon", "coordinates": [ [ [ [ 678300.829027472413145, 5648160.223065575584769 ], [ 678300.829027472413145, 5648810.723065575584769 ], [ 678860.429027472506277, 5648810.723065575584769 ], [ 678860.429027472506277, 5648160.223065575584769 ], [ 678300.829027472413145, 5648160.223065575584769 ] ] ] ] } },
{ "type": "Feature", "properties": { }, "geometry": { "type": "MultiPolygon", "coordinates": [ [ [ [ 678860.429027472389862, 5648160.223065575584769 ], [ 678860.429027472389862, 5648810.723065575584769 ], [ 679420.029027472482994, 5648810.723065575584769 ], [ 679420.029027472482994, 5648160.223065575584769 ], [ 678860.429027472389862, 5648160.223065575584769 ] ] ] ] } },
{ "type": "Feature", "properties": { }, "geometry": { "type": "MultiPolygon", "coordinates": [ [ [ [ 679420.029027472366579, 5648160.223065575584769 ], [ 679420.029027472366579, 5648810.723065575584769 ], [ 679979.629027472459711, 5648810.723065575584769 ], [ 679979.629027472459711, 5648160.223065575584769 ], [ 679420.029027472366579, 5648160.223065575584769 ] ] ] ] } },
{ "type": "Feature", "properties": { }, "geometry": { "type": "MultiPolygon", "coordinates": [ [ [ [ 679979.629027472343296, 5648160.223065575584769 ], [ 679979.629027472343296, 5648810.723065575584769 ], [ 680539.229027472436428, 5648810.723065575584769 ], [ 680539.229027472436428, 5648160.223065575584769 ], [ 679979.629027472343296, 5648160.223065575584769 ] ] ] ] } },
{ "type": "Feature", "properties": { }, "geometry": { "type": "MultiPolygon", "coordinates": [ [ [ [ 680539.229027472436428, 5648160.223065575584769 ], [ 680539.229027472436428, 5648810.723065575584769 ], [ 681098.82902747252956, 5648810.723065575584769 ], [ 681098.82902747252956, 5648160.223065575584769 ], [ 680539.229027472436428, 5648160.223065575584769 ] ] ] ] } },
{ "type": "Feature", "properties": { }, "geometry": { "type": "MultiPolygon", "coordinates": [ [ [ [ 681098.829027472413145, 5648160.223065575584769 ], [ 681098.829027472413145, 5648810.723065575584769 ], [ 681658.429027472506277, 5648810.723065575584769 ], [ 681658.429027472506277, 5648160.223065575584769 ], [ 681098.829027472413145, 5648160.223065575584769 ] ] ] ] } },
{ "type": "Feature", "properties": { }, "geometry": { "type": "MultiPolygon", "coordinates": [ [ [ [ 681658.429027472389862, 5648160.223065575584769 ], [ 681658.429027472389862, 5648810.723065575584769 ], [ 682218.029027472482994, 5648810.723065575584769 ], [ 682218.029027472482994, 5648160.223065575584769 ], [ 681658.429027472389862, 5648160.223065575584769 ] ] ] ] } },
{ "type": "Feature", "properties": { }, "geometry": { "type": "MultiPolygon", "coordinates": [ [ [ [ 682218.029027472366579, 5648160.223065575584769 ], [ 682218.029027472366579, 5648810.723065575584769 ], [ 682777.629027472459711, 5648810.723065575584769 ], [ 682777.629027472459711, 5648160.223065575584769 ], [ 682218.029027472366579, 5648160.223065575584769 ] ] ] ] } },
{ "type": "Feature", "properties": { }, "geometry": { "type": "MultiPolygon", "coordinates": [ [ [ [ 682777.629027472343296, 5648160.223065575584769 ], [ 682777.629027472343296, 5648810.723065575584769 ], [ 683337.229027472436428, 5648810.723065575584769 ], [ 683337.229027472436428, 5648160.223065575584769 ], [ 682777.629027472343296, 5648160.223065575584769 ] ] ] ] } },
{ "type": "Feature", "properties": { }, "geometry": { "type": "MultiPolygon", "coordinates": [ [ [ [ 683337.229027472436428, 5648160.223065575584769 ], [ 683337.229027472436428, 5648810.723065575584769 ], [ 683896.82902747252956, 5648810.723065575584769 ], [ 683896.82902747252956, 5648160.223065575584769 ], [ 683337.229027472436428, 5648160.223065575584769 ] ] ] ] } },
{ "type": "Feature", "properties": { }, "geometry": { "type": "MultiPolygon", "coordinates": [ [ [ [ 683896.829027472413145, 5648160.223065575584769 ], [ 683896.829027472413145, 5648810.723065575584769 ], [ 684456.429027472506277, 5648810.723065575584769 ], [ 684456.429027472506277, 5648160.223065575584769 ], [ 683896.829027472413145, 5648160.223065575584769 ] ] ] ] } },
{ "type": "Feature", "properties": { }, "geometry": { "type": "MultiPolygon", "coordinates": [ [ [ [ 684456.429027472389862, 5648160.223065575584769 ], [ 684456.429027472389862, 5648810.723065575584769 ], [ 685016.029027472482994, 5648810.723065575584769 ], [ 685016.029027472482994, 5648160.223065575584769 ], [ 684456.429027472389862, 5648160.223065575584769 ] ] ] ] } },
{ "type": "Feature", "properties": { }, "geometry": { "type": "MultiPolygon", "coordinates": [ [ [ [ 685016.029027472366579, 5648160.223065575584769 ], [ 685016.029027472366579, 5648810.723065575584769 ], [ 685575.629027472459711, 5648810.723065575584769 ], [ 685575.629027472459711, 5648160.223065575584769 ], [ 685016.029027472366579, 5648160.223065575584769 ] ] ] ] } },
{ "type": "Feature", "properties": { }, "geometry": { "type": "MultiPolygon", "coordinates": [ [ [ [ 685575.629027472343296, 5648160.223065575584769 ], [ 685575.629027472343296, 5648810.723065575584769 ], [ 686135.229027472436428, 5648810.723065575584769 ], [ 686135.229027472436428, 5648160.223065575584769 ], [ 685575.629027472343296, 5648160.223065575584769 ] ] ] ] } },
{ "type": "Feature", "properties": { }, "geometry": { "type": "MultiPolygon", "coordinates": [ [ [ [ 686135.229027472436428, 5648160.223065575584769 ], [ 686135.229027472436428, 5648810.723065575584769 ], [ 686694.82902747252956, 5648810.723065575584769 ], [ 686694.82902747252956, 5648160.223065575584769 ], [ 686135.229027472436428, 5648160.223065575584769 ] ] ] ] } },
{ "type": "Feature", "properties": { }, "geometry": { "type": "MultiPolygon", "coordinates": [ [ [ [ 686694.829027472413145, 5648160.223065575584769 ], [ 686694.829027472413145, 5648810.723065575584769 ], [ 687254.429027472506277, 5648810.723065575584769 ], [ 687254.429027472506277, 5648160.223065575584769 ], [ 686694.829027472413145, 5648160.223065575584769 ] ] ] ] } },
{ "type": "Feature", "properties": { }, "geometry": { "type": "MultiPolygon", "coordinates": [ [ [ [ 687254.429027472389862, 5648160.223065575584769 ], [ 687254.429027472389862, 5648810.723065575584769 ], [ 687814.029027472482994, 5648810.723065575584769 ], [ 687814.029027472482994, 5648160.223065575584769 ], [ 687254.429027472389862, 5648160.223065575584769 ] ] ] ] } },
{ "type": "Feature", "properties": { }, "geometry": { "type": "MultiPolygon", "coordinates": [ [ [ [ 687814.029027472366579, 5648160.223065575584769 ], [ 687814.029027472366579, 5648810.723065575584769 ], [ 688373.629027472459711, 5648810.723065575584769 ], [ 688373.629027472459711, 5648160.223065575584769 ], [ 687814.029027472366579, 5648160.223065575584769 ] ] ] ] } },
{ "type": "Feature", "properties": { }, "geometry": { "type": "MultiPolygon", "coordinates": [ [ [ [ 688373.629027472343296, 5648160.223065575584769 ], [ 688373.629027472343296, 5648810.723065575584769 ], [ 688933.229027472436428, 5648810.723065575584769 ], [ 688933.229027472436428, 5648160.223065575584769 ], [ 688373.629027472343296, 5648160.223065575584769 ] ] ] ] } },
{ "type": "Feature", "properties": { }, "geometry": { "type": "MultiPolygon", "coordinates": [ [ [ [ 688933.229027472436428, 5648160.223065575584769 ], [ 688933.229027472436428, 5648810.723065575584769 ], [ 689492.82902747252956, 5648810.723065575584769 ], [ 689492.82902747252956, 5648160.223065575584769 ], [ 688933.229027472436428, 5648160.223065575584769 ] ] ] ] } },
{ "type": "Feature", "properties": { }, "geometry": { "type": "MultiPolygon", "coordinates": [ [ [ [ 689492.829027472413145, 5648160.223065575584769 ], [ 689492.829027472413145, 5648810.723065575584769 ], [ 690052.429027472506277, 5648810.723065575584769 ], [ 690052.429027472506277, 5648160.223065575584769 ], [ 689492.829027472413145, 5648160.223065575584769 ] ] ] ] } },
{ "type": "Feature", "properties": { }, "geometry": { "type": "MultiPolygon", "coordinates": [ [ [ [ 690052.429027472389862, 5648160.223065575584769 ], [ 690052.429027472389862, 5648810.723065575584769 ], [ 690612.029027472482994, 5648810.723065575584769 ], [ 690612.029027472482994, 5648160.223065575584769 ], [ 690052.429027472389862, 5648160.223065575584769 ] ] ] ] } },
{ "type": "Feature", "properties": { }, "geometry": { "type": "MultiPolygon", "coordinates": [ [ [ [ 690612.029027472366579, 5648160.223065575584769 ], [ 690612.029027472366579, 5648810.723065575584769 ], [ 691171.629027472459711, 5648810.723065575584769 ], [ 691171.629027472459711, 5648160.223065575584769 ], [ 690612.029027472366579, 5648160.223065575584769 ] ] ] ] } },
{ "type": "Feature", "properties": { }, "geometry": { "type": "MultiPolygon", "coordinates": [ [ [ [ 691171.629027472343296, 5648160.223065575584769 ], [ 691171.629027472343296, 5648810.723065575584769 ], [ 691731.229027472436428, 5648810.723065575584769 ], [ 691731.229027472436428, 5648160.223065575584769 ], [ 691171.629027472343296, 5648160.223065575584769 ] ] ] ] } },
{ "type": "Feature", "properties": { }, "geometry": { "type": "MultiPolygon", "coordinates": [ [ [ [ 677741.229027472436428, 5647509.723065575584769 ], [ 677741.229027472436428, 5648160.223065575584769 ], [ 678300.82902747252956, 5648160.223065575584769 ], [ 678300.82902747252956, 5647509.723065575584769 ], [ 677741.229027472436428, 5647509.723065575584769 ] ] ] ] } },
{ "type": "Feature", "properties": { }, "geometry": { "type": "MultiPolygon", "coordinates": [ [ [ [ 678300.829027472413145, 5647509.723065575584769 ], [ 678300.829027472413145, 5648160.223065575584769 ], [ 678860.429027472506277, 5648160.223065575584769 ], [ 678860.429027472506277, 5647509.723065575584769 ], [ 678300.829027472413145, 5647509.723065575584769 ] ] ] ] } },
{ "type": "Feature", "properties": { }, "geometry": { "type": "MultiPolygon", "coordinates": [ [ [ [ 678860.429027472389862, 5647509.723065575584769 ], [ 678860.429027472389862, 5648160.223065575584769 ], [ 679420.029027472482994, 5648160.223065575584769 ], [ 679420.029027472482994, 5647509.723065575584769 ], [ 678860.429027472389862, 5647509.723065575584769 ] ] ] ] } },
{ "type": "Feature", "properties": { }, "geometry": { "type": "MultiPolygon", "coordinates": [ [ [ [ 679420.029027472366579, 5647509.723065575584769 ], [ 679420.029027472366579, 5648160.223065575584769 ], [ 679979.629027472459711, 5648160.223065575584769 ], [ 679979.629027472459711, 5647509.723065575584769 ], [ 679420.029027472366579, 5647509.723065575584769 ] ] ] ] } },
{ "type": "Feature", "properties": { }, "geometry": { "type": "MultiPolygon", "coordinates": [ [ [ [ 679979.629027472343296, 5647509.723065575584769 ], [ 679979.629027472343296, 5648160.223065575584769 ], [ 680539.229027472436428, 5648160.223065575584769 ], [ 680539.229027472436428, 5647509.723065575584769 ], [ 679979.629027472343296, 5647509.723065575584769 ] ] ] ] } },
{ "type": "Feature", "properties": { }, "geometry": { "type": "MultiPolygon", "coordinates": [ [ [ [ 680539.229027472436428, 5647509.723065575584769 ], [ 680539.229027472436428, 5648160.223065575584769 ], [ 681098.82902747252956, 5648160.223065575584769 ], [ 681098.82902747252956, 5647509.723065575584769 ], [ 680539.229027472436428, 5647509.723065575584769 ] ] ] ] } },
{ "type": "Feature", "properties": { }, "geometry": { "type": "MultiPolygon", "coordinates": [ [ [ [ 681098.829027472413145, 5647509.723065575584769 ], [ 681098.829027472413145, 5648160.223065575584769 ], [ 681658.429027472506277, 5648160.223065575584769 ], [ 681658.429027472506277, 5647509.723065575584769 ], [ 681098.829027472413145, 5647509.723065575584769 ] ] ] ] } },
{ "type": "Feature", "properties": { }, "geometry": { "type": "MultiPolygon", "coordinates": [ [ [ [ 681658.429027472389862, 5647509.723065575584769 ], [ 681658.429027472389862, 5648160.223065575584769 ], [ 682218.029027472482994, 5648160.223065575584769 ], [ 682218.029027472482994, 5647509.723065575584769 ], [ 681658.429027472389862, 5647509.723065575584769 ] ] ] ] } },
{ "type": "Feature", "properties": { }, "geometry": { "type": "MultiPolygon", "coordinates": [ [ [ [ 682218.029027472366579, 5647509.723065575584769 ], [ 682218.029027472366579, 5648160.223065575584769 ], [ 682777.629027472459711, 5648160.223065575584769 ], [ 682777.629027472459711, 5647509.723065575584769 ], [ 682218.029027472366579, 5647509.723065575584769 ] ] ] ] } },
{ "type": "Feature", "properties": { }, "geometry": { "type": "MultiPolygon", "coordinates": [ [ [ [ 682777.629027472343296, 5647509.723065575584769 ], [ 682777.629027472343296, 5648160.223065575584769 ], [ 683337.229027472436428, 5648160.223065575584769 ], [ 683337.229027472436428, 5647509.723065575584769 ], [ 682777.629027472343296, 5647509.723065575584769 ] ] ] ] } },
{ "type": "Feature", "properties": { }, "geometry": { "type": "MultiPolygon", "coordinates": [ [ [ [ 683337.229027472436428, 5647509.723065575584769 ], [ 683337.229027472436428, 5648160.223065575584769 ], [ 683896.82902747252956, 5648160.223065575584769 ], [ 683896.82902747252956, 5647509.723065575584769 ], [ 683337.229027472436428, 5647509.723065575584769 ] ] ] ] } },
{ "type": "Feature", "properties": { }, "geometry": { "type": "MultiPolygon", "coordinates": [ [ [ [ 683896.829027472413145, 5647509.723065575584769 ], [ 683896.829027472413145, 5648160.223065575584769 ], [ 684456.429027472506277, 5648160.223065575584769 ], [ 684456.429027472506277, 5647509.723065575584769 ], [ 683896.829027472413145, 5647509.723065575584769 ] ] ] ] } },
{ "type": "Feature", "properties": { }, "geometry": { "type": "MultiPolygon", "coordinates": [ [ [ [ 684456.429027472389862, 5647509.723065575584769 ], [ 684456.429027472389862, 5648160.223065575584769 ], [ 685016.029027472482994, 5648160.223065575584769 ], [ 685016.029027472482994, 5647509.723065575584769 ], [ 684456.429027472389862, 5647509.723065575584769 ] ] ] ] } },
{ "type": "Feature", "properties": { }, "geometry": { "type": "MultiPolygon", "coordinates": [ [ [ [ 685016.029027472366579, 5647509.723065575584769 ], [ 685016.029027472366579, 5648160.223065575584769 ], [ 685575.629027472459711, 5648160.223065575584769 ], [ 685575.629027472459711, 5647509.723065575584769 ], [ 685016.029027472366579, 5647509.723065575584769 ] ] ] ] } },
{ "type": "Feature", "properties": { }, "geometry": { "type": "MultiPolygon", "coordinates": [ [ [ [ 685575.629027472343296, 5647509.723065575584769 ], [ 685575.629027472343296, 5648160.223065575584769 ], [ 686135.229027472436428, 5648160.223065575584769 ], [ 686135.229027472436428, 5647509.723065575584769 ], [ 685575.629027472343296, 5647509.723065575584769 ] ] ] ] } },
{ "type": "Feature", "properties": { }, "geometry": { "type": "MultiPolygon", "coordinates": [ [ [ [ 686135.229027472436428, 5647509.723065575584769 ], [ 686135.229027472436428, 5648160.223065575584769 ], [ 686694.82902747252956, 5648160.223065575584769 ], [ 686694.82902747252956, 5647509.723065575584769 ], [ 686135.229027472436428, 5647509.723065575584769 ] ] ] ] } },
{ "type": "Feature", "properties": { }, "geometry": { "type": "MultiPolygon", "coordinates": [ [ [ [ 686694.829027472413145, 5647509.723065575584769 ], [ 686694.829027472413145, 5648160.223065575584769 ], [ 687254.429027472506277, 5648160.223065575584769 ], [ 687254.429027472506277, 5647509.723065575584769 ], [ 686694.829027472413145, 5647509.723065575584769 ] ] ] ] } },
{ "type": "Feature", "properties": { }, "geometry": { "type": "MultiPolygon", "coordinates": [ [ [ [ 687254.429027472389862, 5647509.723065575584769 ], [ 687254.429027472389862, 5648160.223065575584769 ], [ 687814.029027472482994, 5648160.223065575584769 ], [ 687814.029027472482994, 5647509.723065575584769 ], [ 687254.429027472389862, 5647509.723065575584769 ] ] ] ] } },
{ "type": "Feature", "properties": { }, "geometry": { "type": "MultiPolygon", "coordinates": [ [ [ [ 687814.029027472366579, 5647509.723065575584769 ], [ 687814.029027472366579, 5648160.223065575584769 ], [ 688373.629027472459711, 5648160.223065575584769 ], [ 688373.629027472459711, 5647509.723065575584769 ], [ 687814.029027472366579, 5647509.723065575584769 ] ] ] ] } },
{ "type": "Feature", "properties": { }, "geometry": { "type": "MultiPolygon", "coordinates": [ [ [ [ 688373.629027472343296, 5647509.723065575584769 ], [ 688373.629027472343296, 5648160.223065575584769 ], [ 688933.229027472436428, 5648160.223065575584769 ], [ 688933.229027472436428, 5647509.723065575584769 ], [ 688373.629027472343296, 5647509.723065575584769 ] ] ] ] } },
{ "type": "Feature", "properties": { }, "geometry": { "type": "MultiPolygon", "coordinates": [ [ [ [ 688933.229027472436428, 5647509.723065575584769 ], [ 688933.229027472436428, 5648160.223065575584769 ], [ 689492.82902747252956, 5648160.223065575584769 ], [ 689492.82902747252956, 5647509.723065575584769 ], [ 688933.229027472436428, 5647509.723065575584769 ] ] ] ] } },
{ "type": "Feature", "properties": { }, "geometry": { "type": "MultiPolygon", "coordinates": [ [ [ [ 689492.829027472413145, 5647509.723065575584769 ], [ 689492.829027472413145, 5648160.223065575584769 ], [ 690052.429027472506277, 5648160.223065575584769 ], [ 690052.429027472506277, 5647509.723065575584769 ], [ 689492.829027472413145, 5647509.723065575584769 ] ] ] ] } },
{ "type": "Feature", "properties": { }, "geometry": { "type": "MultiPolygon", "coordinates": [ [ [ [ 690052.429027472389862, 5647509.723065575584769 ], [ 690052.429027472389862, 5648160.223065575584769 ], [ 690612.029027472482994, 5648160.223065575584769 ], [ 690612.029027472482994, 5647509.723065575584769 ], [ 690052.429027472389862, 5647509.723065575584769 ] ] ] ] } },
{ "type": "Feature", "properties": { }, "geometry": { "type": "MultiPolygon", "coordinates": [ [ [ [ 690612.029027472366579, 5647509.723065575584769 ], [ 690612.029027472366579, 5648160.223065575584769 ], [ 691171.629027472459711, 5648160.223065575584769 ], [ 691171.629027472459711, 5647509.723065575584769 ], [ 690612.029027472366579, 5647509.723065575584769 ] ] ] ] } },
{ "type": "Feature", "properties": { }, "geometry": { "type": "MultiPolygon", "coordinates": [ [ [ [ 691171.629027472343296, 5647509.723065575584769 ], [ 691171.629027472343296, 5648160.223065575584769 ], [ 691731.229027472436428, 5648160.223065575584769 ], [ 691731.229027472436428, 5647509.723065575584769 ], [ 691171.629027472343296, 5647509.723065575584769 ] ] ] ] } },
{ "type": "Feature", "properties": { }, "geometry": { "type": "MultiPolygon", "coordinates": [ [ [ [ 677741.229027472436428, 5646859.223065575584769 ], [ 677741.229027472436428, 5647509.723065575584769 ], [ 678300.82902747252956, 5647509.723065575584769 ], [ 678300.82902747252956, 5646859.223065575584769 ], [ 677741.229027472436428, 5646859.223065575584769 ] ] ] ] } },
{ "type": "Feature", "properties": { }, "geometry": { "type": "MultiPolygon", "coordinates": [ [ [ [ 678300.829027472413145, 5646859.223065575584769 ], [ 678300.829027472413145, 5647509.723065575584769 ], [ 678860.429027472506277, 5647509.723065575584769 ], [ 678860.429027472506277, 5646859.223065575584769 ], [ 678300.829027472413145, 5646859.223065575584769 ] ] ] ] } },
{ "type": "Feature", "properties": { }, "geometry": { "type": "MultiPolygon", "coordinates": [ [ [ [ 678860.429027472389862, 5646859.223065575584769 ], [ 678860.429027472389862, 5647509.723065575584769 ], [ 679420.029027472482994, 5647509.723065575584769 ], [ 679420.029027472482994, 5646859.223065575584769 ], [ 678860.429027472389862, 5646859.223065575584769 ] ] ] ] } },
{ "type": "Feature", "properties": { }, "geometry": { "type": "MultiPolygon", "coordinates": [ [ [ [ 679420.029027472366579, 5646859.223065575584769 ], [ 679420.029027472366579, 5647509.723065575584769 ], [ 679979.629027472459711, 5647509.723065575584769 ], [ 679979.629027472459711, 5646859.223065575584769 ], [ 679420.029027472366579, 5646859.223065575584769 ] ] ] ] } },
{ "type": "Feature", "properties": { }, "geometry": { "type": "MultiPolygon", "coordinates": [ [ [ [ 679979.629027472343296, 5646859.223065575584769 ], [ 679979.629027472343296, 5647509.723065575584769 ], [ 680539.229027472436428, 5647509.723065575584769 ], [ 680539.229027472436428, 5646859.223065575584769 ], [ 679979.629027472343296, 5646859.223065575584769 ] ] ] ] } },
{ "type": "Feature", "properties": { }, "geometry": { "type": "MultiPolygon", "coordinates": [ [ [ [ 680539.229027472436428, 5646859.223065575584769 ], [ 680539.229027472436428, 5647509.723065575584769 ], [ 681098.82902747252956, 5647509.723065575584769 ], [ 681098.82902747252956, 5646859.223065575584769 ], [ 680539.229027472436428, 5646859.223065575584769 ] ] ] ] } },
{ "type": "Feature", "properties": { }, "geometry": { "type": "MultiPolygon", "coordinates": [ [ [ [ 681098.829027472413145, 5646859.223065575584769 ], [ 681098.829027472413145, 5647509.723065575584769 ], [ 681658.429027472506277, 5647509.723065575584769 ], [ 681658.429027472506277, 5646859.223065575584769 ], [ 681098.829027472413145, 5646859.223065575584769 ] ] ] ] } },
{ "type": "Feature", "properties": { }, "geometry": { "type": "MultiPolygon", "coordinates": [ [ [ [ 681658.429027472389862, 5646859.223065575584769 ], [ 681658.429027472389862, 5647509.723065575584769 ], [ 682218.029027472482994, 5647509.723065575584769 ], [ 682218.029027472482994, 5646859.223065575584769 ], [ 681658.429027472389862, 5646859.223065575584769 ] ] ] ] } },
{ "type": "Feature", "properties": { }, "geometry": { "type": "MultiPolygon", "coordinates": [ [ [ [ 682218.029027472366579, 5646859.223065575584769 ], [ 682218.029027472366579, 5647509.723065575584769 ], [ 682777.629027472459711, 5647509.723065575584769 ], [ 682777.629027472459711, 5646859.223065575584769 ], [ 682218.029027472366579, 5646859.223065575584769 ] ] ] ] } },
{ "type": "Feature", "properties": { }, "geometry": { "type": "MultiPolygon", "coordinates": [ [ [ [ 682777.629027472343296, 5646859.223065575584769 ], [ 682777.629027472343296, 5647509.723065575584769 ], [ 683337.229027472436428, 5647509.723065575584769 ], [ 683337.229027472436428, 5646859.223065575584769 ], [ 682777.629027472343296, 5646859.223065575584769 ] ] ] ] } },
{ "type": "Feature", "properties": { }, "geometry": { "type": "MultiPolygon", "coordinates": [ [ [ [ 683337.229027472436428, 5646859.223065575584769 ], [ 683337.229027472436428, 5647509.723065575584769 ], [ 683896.82902747252956, 5647509.723065575584769 ], [ 683896.82902747252956, 5646859.223065575584769 ], [ 683337.229027472436428, 5646859.223065575584769 ] ] ] ] } },
{ "type": "Feature", "properties": { }, "geometry": { "type": "MultiPolygon", "coordinates": [ [ [ [ 683896.829027472413145, 5646859.223065575584769 ], [ 683896.829027472413145, 5647509.723065575584769 ], [ 684456.429027472506277, 5647509.723065575584769 ], [ 684456.429027472506277, 5646859.223065575584769 ], [ 683896.829027472413145, 5646859.223065575584769 ] ] ] ] } },
{ "type": "Feature", "properties": { }, "geometry": { "type": "MultiPolygon", "coordinates": [ [ [ [ 684456.429027472389862, 5646859.223065575584769 ], [ 684456.429027472389862, 5647509.723065575584769 ], [ 685016.029027472482994, 5647509.723065575584769 ], [ 685016.029027472482994, 5646859.223065575584769 ], [ 684456.429027472389862, 5646859.223065575584769 ] ] ] ] } },
{ "type": "Feature", "properties": { }, "geometry": { "type": "MultiPolygon", "coordinates": [ [ [ [ 685016.029027472366579, 5646859.223065575584769 ], [ 685016.029027472366579, 5647509.723065575584769 ], [ 685575.629027472459711, 5647509.723065575584769 ], [ 685575.629027472459711, 5646859.223065575584769 ], [ 685016.029027472366579, 5646859.223065575584769 ] ] ] ] } },
{ "type": "Feature", "properties": { }, "geometry": { "type": "MultiPolygon", "coordinates": [ [ [ [ 685575.629027472343296, 5646859.223065575584769 ], [ 685575.629027472343296, 5647509.723065575584769 ], [ 686135.229027472436428, 5647509.723065575584769 ], [ 686135.229027472436428, 5646859.223065575584769 ], [ 685575.629027472343296, 5646859.223065575584769 ] ] ] ] } },
{ "type": "Feature", "properties": { }, "geometry": { "type": "MultiPolygon", "coordinates": [ [ [ [ 686135.229027472436428, 5646859.223065575584769 ], [ 686135.229027472436428, 5647509.723065575584769 ], [ 686694.82902747252956, 5647509.723065575584769 ], [ 686694.82902747252956, 5646859.223065575584769 ], [ 686135.229027472436428, 5646859.223065575584769 ] ] ] ] } },
{ "type": "Feature", "properties": { }, "geometry": { "type": "MultiPolygon", "coordinates": [ [ [ [ 686694.829027472413145, 5646859.223065575584769 ], [ 686694.829027472413145, 5647509.723065575584769 ], [ 687254.429027472506277, 5647509.723065575584769 ], [ 687254.429027472506277, 5646859.223065575584769 ], [ 686694.829027472413145, 5646859.223065575584769 ] ] ] ] } },
{ "type": "Feature", "properties": { }, "geometry": { "type": "MultiPolygon", "coordinates": [ [ [ [ 687254.429027472389862, 5646859.223065575584769 ], [ 687254.429027472389862, 5647509.723065575584769 ], [ 687814.029027472482994, 5647509.723065575584769 ], [ 687814.029027472482994, 5646859.223065575584769 ], [ 687254.429027472389862, 5646859.223065575584769 ] ] ] ] } },
{ "type": "Feature", "properties": { }, "geometry": { "type": "MultiPolygon", "coordinates": [ [ [ [ 687814.029027472366579, 5646859.223065575584769 ], [ 687814.029027472366579, 5647509.723065575584769 ], [ 688373.629027472459711, 5647509.723065575584769 ], [ 688373.629027472459711, 5646859.223065575584769 ], [ 687814.029027472366579, 5646859.223065575584769 ] ] ] ] } },
{ "type": "Feature", "properties": { }, "geometry": { "type": "MultiPolygon", "coordinates": [ [ [ [ 688373.629027472343296, 5646859.223065575584769 ], [ 688373.629027472343296, 5647509.723065575584769 ], [ 688933.229027472436428, 5647509.723065575584769 ], [ 688933.229027472436428, 5646859.223065575584769 ], [ 688373.629027472343296, 5646859.223065575584769 ] ] ] ] } },
{ "type": "Feature", "properties": { }, "geometry": { "type": "MultiPolygon", "coordinates": [ [ [ [ 688933.229027472436428, 5646859.223065575584769 ], [ 688933.229027472436428, 5647509.723065575584769 ], [ 689492.82902747252956, 5647509.723065575584769 ], [ 689492.82902747252956, 5646859.223065575584769 ], [ 688933.229027472436428, 5646859.223065575584769 ] ] ] ] } },
{ "type": "Feature", "properties": { }, "geometry": { "type": "MultiPolygon", "coordinates": [ [ [ [ 689492.829027472413145, 5646859.223065575584769 ], [ 689492.829027472413145, 5647509.723065575584769 ], [ 690052.429027472506277, 5647509.723065575584769 ], [ 690052.429027472506277, 5646859.223065575584769 ], [ 689492.829027472413145, 5646859.223065575584769 ] ] ] ] } },
{ "type": "Feature", "properties": { }, "geometry": { "type": "MultiPolygon", "coordinates": [ [ [ [ 690052.429027472389862, 5646859.223065575584769 ], [ 690052.429027472389862, 5647509.723065575584769 ], [ 690612.029027472482994, 5647509.723065575584769 ], [ 690612.029027472482994, 5646859.223065575584769 ], [ 690052.429027472389862, 5646859.223065575584769 ] ] ] ] } },
{ "type": "Feature", "properties": { }, "geometry": { "type": "MultiPolygon", "coordinates": [ [ [ [ 690612.029027472366579, 5646859.223065575584769 ], [ 690612.029027472366579, 5647509.723065575584769 ], [ 691171.629027472459711, 5647509.723065575584769 ], [ 691171.629027472459711, 5646859.223065575584769 ], [ 690612.029027472366579, 5646859.223065575584769 ] ] ] ] } },
{ "type": "Feature", "properties": { }, "geometry": { "type": "MultiPolygon", "coordinates": [ [ [ [ 691171.629027472343296, 5646859.223065575584769 ], [ 691171.629027472343296, 5647509.723065575584769 ], [ 691731.229027472436428, 5647509.723065575584769 ], [ 691731.229027472436428, 5646859.223065575584769 ], [ 691171.629027472343296, 5646859.223065575584769 ] ] ] ] } },
{ "type": "Feature", "properties": { }, "geometry": { "type": "MultiPolygon", "coordinates": [ [ [ [ 677741.229027472436428, 5646208.723065575584769 ], [ 677741.229027472436428, 5646859.223065575584769 ], [ 678300.82902747252956, 5646859.223065575584769 ], [ 678300.82902747252956, 5646208.723065575584769 ], [ 677741.229027472436428, 5646208.723065575584769 ] ] ] ] } },
{ "type": "Feature", "properties": { }, "geometry": { "type": "MultiPolygon", "coordinates": [ [ [ [ 678300.829027472413145, 5646208.723065575584769 ], [ 678300.829027472413145, 5646859.223065575584769 ], [ 678860.429027472506277, 5646859.223065575584769 ], [ 678860.429027472506277, 5646208.723065575584769 ], [ 678300.829027472413145, 5646208.723065575584769 ] ] ] ] } },
{ "type": "Feature", "properties": { }, "geometry": { "type": "MultiPolygon", "coordinates": [ [ [ [ 678860.429027472389862, 5646208.723065575584769 ], [ 678860.429027472389862, 5646859.223065575584769 ], [ 679420.029027472482994, 5646859.223065575584769 ], [ 679420.029027472482994, 5646208.723065575584769 ], [ 678860.429027472389862, 5646208.723065575584769 ] ] ] ] } },
{ "type": "Feature", "properties": { }, "geometry": { "type": "MultiPolygon", "coordinates": [ [ [ [ 679420.029027472366579, 5646208.723065575584769 ], [ 679420.029027472366579, 5646859.223065575584769 ], [ 679979.629027472459711, 5646859.223065575584769 ], [ 679979.629027472459711, 5646208.723065575584769 ], [ 679420.029027472366579, 5646208.723065575584769 ] ] ] ] } },
{ "type": "Feature", "properties": { }, "geometry": { "type": "MultiPolygon", "coordinates": [ [ [ [ 679979.629027472343296, 5646208.723065575584769 ], [ 679979.629027472343296, 5646859.223065575584769 ], [ 680539.229027472436428, 5646859.223065575584769 ], [ 680539.229027472436428, 5646208.723065575584769 ], [ 679979.629027472343296, 5646208.723065575584769 ] ] ] ] } },
{ "type": "Feature", "properties": { }, "geometry": { "type": "MultiPolygon", "coordinates": [ [ [ [ 680539.229027472436428, 5646208.723065575584769 ], [ 680539.229027472436428, 5646859.223065575584769 ], [ 681098.82902747252956, 5646859.223065575584769 ], [ 681098.82902747252956, 5646208.723065575584769 ], [ 680539.229027472436428, 5646208.723065575584769 ] ] ] ] } },
{ "type": "Feature", "properties": { }, "geometry": { "type": "MultiPolygon", "coordinates": [ [ [ [ 681098.829027472413145, 5646208.723065575584769 ], [ 681098.829027472413145, 5646859.223065575584769 ], [ 681658.429027472506277, 5646859.223065575584769 ], [ 681658.429027472506277, 5646208.723065575584769 ], [ 681098.829027472413145, 5646208.723065575584769 ] ] ] ] } },
{ "type": "Feature", "properties": { }, "geometry": { "type": "MultiPolygon", "coordinates": [ [ [ [ 681658.429027472389862, 5646208.723065575584769 ], [ 681658.429027472389862, 5646859.223065575584769 ], [ 682218.029027472482994, 5646859.223065575584769 ], [ 682218.029027472482994, 5646208.723065575584769 ], [ 681658.429027472389862, 5646208.723065575584769 ] ] ] ] } },
{ "type": "Feature", "properties": { }, "geometry": { "type": "MultiPolygon", "coordinates": [ [ [ [ 682218.029027472366579, 5646208.723065575584769 ], [ 682218.029027472366579, 5646859.223065575584769 ], [ 682777.629027472459711, 5646859.223065575584769 ], [ 682777.629027472459711, 5646208.723065575584769 ], [ 682218.029027472366579, 5646208.723065575584769 ] ] ] ] } },
{ "type": "Feature", "properties": { }, "geometry": { "type": "MultiPolygon", "coordinates": [ [ [ [ 682777.629027472343296, 5646208.723065575584769 ], [ 682777.629027472343296, 5646859.223065575584769 ], [ 683337.229027472436428, 5646859.223065575584769 ], [ 683337.229027472436428, 5646208.723065575584769 ], [ 682777.629027472343296, 5646208.723065575584769 ] ] ] ] } },
{ "type": "Feature", "properties": { }, "geometry": { "type": "MultiPolygon", "coordinates": [ [ [ [ 683337.229027472436428, 5646208.723065575584769 ], [ 683337.229027472436428, 5646859.223065575584769 ], [ 683896.82902747252956, 5646859.223065575584769 ], [ 683896.82902747252956, 5646208.723065575584769 ], [ 683337.229027472436428, 5646208.723065575584769 ] ] ] ] } },
{ "type": "Feature", "properties": { }, "geometry": { "type": "MultiPolygon", "coordinates": [ [ [ [ 683896.829027472413145, 5646208.723065575584769 ], [ 683896.829027472413145, 5646859.223065575584769 ], [ 684456.429027472506277, 5646859.223065575584769 ], [ 684456.429027472506277, 5646208.723065575584769 ], [ 683896.829027472413145, 5646208.723065575584769 ] ] ] ] } },
{ "type": "Feature", "properties": { }, "geometry": { "type": "MultiPolygon", "coordinates": [ [ [ [ 684456.429027472389862, 5646208.723065575584769 ], [ 684456.429027472389862, 5646859.223065575584769 ], [ 685016.029027472482994, 5646859.223065575584769 ], [ 685016.029027472482994, 5646208.723065575584769 ], [ 684456.429027472389862, 5646208.723065575584769 ] ] ] ] } },
{ "type": "Feature", "properties": { }, "geometry": { "type": "MultiPolygon", "coordinates": [ [ [ [ 685016.029027472366579, 5646208.723065575584769 ], [ 685016.029027472366579, 5646859.223065575584769 ], [ 685575.629027472459711, 5646859.223065575584769 ], [ 685575.629027472459711, 5646208.723065575584769 ], [ 685016.029027472366579, 5646208.723065575584769 ] ] ] ] } },
{ "type": "Feature", "properties": { }, "geometry": { "type": "MultiPolygon", "coordinates": [ [ [ [ 685575.629027472343296, 5646208.723065575584769 ], [ 685575.629027472343296, 5646859.223065575584769 ], [ 686135.229027472436428, 5646859.223065575584769 ], [ 686135.229027472436428, 5646208.723065575584769 ], [ 685575.629027472343296, 5646208.723065575584769 ] ] ] ] } },
{ "type": "Feature", "properties": { }, "geometry": { "type": "MultiPolygon", "coordinates": [ [ [ [ 686135.229027472436428, 5646208.723065575584769 ], [ 686135.229027472436428, 5646859.223065575584769 ], [ 686694.82902747252956, 5646859.223065575584769 ], [ 686694.82902747252956, 5646208.723065575584769 ], [ 686135.229027472436428, 5646208.723065575584769 ] ] ] ] } },
{ "type": "Feature", "properties": { }, "geometry": { "type": "MultiPolygon", "coordinates": [ [ [ [ 686694.829027472413145, 5646208.723065575584769 ], [ 686694.829027472413145, 5646859.223065575584769 ], [ 687254.429027472506277, 5646859.223065575584769 ], [ 687254.429027472506277, 5646208.723065575584769 ], [ 686694.829027472413145, 5646208.723065575584769 ] ] ] ] } },
{ "type": "Feature", "properties": { }, "geometry": { "type": "MultiPolygon", "coordinates": [ [ [ [ 687254.429027472389862, 5646208.723065575584769 ], [ 687254.429027472389862, 5646859.223065575584769 ], [ 687814.029027472482994, 5646859.223065575584769 ], [ 687814.029027472482994, 5646208.723065575584769 ], [ 687254.429027472389862, 5646208.723065575584769 ] ] ] ] } },
{ "type": "Feature", "properties": { }, "geometry": { "type": "MultiPolygon", "coordinates": [ [ [ [ 687814.029027472366579, 5646208.723065575584769 ], [ 687814.029027472366579, 5646859.223065575584769 ], [ 688373.629027472459711, 5646859.223065575584769 ], [ 688373.629027472459711, 5646208.723065575584769 ], [ 687814.029027472366579, 5646208.723065575584769 ] ] ] ] } },
{ "type": "Feature", "properties": { }, "geometry": { "type": "MultiPolygon", "coordinates": [ [ [ [ 688373.629027472343296, 5646208.723065575584769 ], [ 688373.629027472343296, 5646859.223065575584769 ], [ 688933.229027472436428, 5646859.223065575584769 ], [ 688933.229027472436428, 5646208.723065575584769 ], [ 688373.629027472343296, 5646208.723065575584769 ] ] ] ] } },
{ "type": "Feature", "properties": { }, "geometry": { "type": "MultiPolygon", "coordinates": [ [ [ [ 688933.229027472436428, 5646208.723065575584769 ], [ 688933.229027472436428, 5646859.223065575584769 ], [ 689492.82902747252956, 5646859.223065575584769 ], [ 689492.82902747252956, 5646208.723065575584769 ], [ 688933.229027472436428, 5646208.723065575584769 ] ] ] ] } },
{ "type": "Feature", "properties": { }, "geometry": { "type": "MultiPolygon", "coordinates": [ [ [ [ 689492.829027472413145, 5646208.723065575584769 ], [ 689492.829027472413145, 5646859.223065575584769 ], [ 690052.429027472506277, 5646859.223065575584769 ], [ 690052.429027472506277, 5646208.723065575584769 ], [ 689492.829027472413145, 5646208.723065575584769 ] ] ] ] } },
{ "type": "Feature", "properties": { }, "geometry": { "type": "MultiPolygon", "coordinates": [ [ [ [ 690052.429027472389862, 5646208.723065575584769 ], [ 690052.429027472389862, 5646859.223065575584769 ], [ 690612.029027472482994, 5646859.223065575584769 ], [ 690612.029027472482994, 5646208.723065575584769 ], [ 690052.429027472389862, 5646208.723065575584769 ] ] ] ] } },
{ "type": "Feature", "properties": { }, "geometry": { "type": "MultiPolygon", "coordinates": [ [ [ [ 690612.029027472366579, 5646208.723065575584769 ], [ 690612.029027472366579, 5646859.223065575584769 ], [ 691171.629027472459711, 5646859.223065575584769 ], [ 691171.629027472459711, 5646208.723065575584769 ], [ 690612.029027472366579, 5646208.723065575584769 ] ] ] ] } },
{ "type": "Feature", "properties": { }, "geometry": { "type": "MultiPolygon", "coordinates": [ [ [ [ 691171.629027472343296, 5646208.723065575584769 ], [ 691171.629027472343296, 5646859.223065575584769 ], [ 691731.229027472436428, 5646859.223065575584769 ], [ 691731.229027472436428, 5646208.723065575584769 ], [ 691171.629027472343296, 5646208.723065575584769 ] ] ] ] } },
{ "type": "Feature", "properties": { }, "geometry": { "type": "MultiPolygon", "coordinates": [ [ [ [ 677741.229027472436428, 5645558.223065575584769 ], [ 677741.229027472436428, 5646208.723065575584769 ], [ 678300.82902747252956, 5646208.723065575584769 ], [ 678300.82902747252956, 5645558.223065575584769 ], [ 677741.229027472436428, 5645558.223065575584769 ] ] ] ] } },
{ "type": "Feature", "properties": { }, "geometry": { "type": "MultiPolygon", "coordinates": [ [ [ [ 678300.829027472413145, 5645558.223065575584769 ], [ 678300.829027472413145, 5646208.723065575584769 ], [ 678860.429027472506277, 5646208.723065575584769 ], [ 678860.429027472506277, 5645558.223065575584769 ], [ 678300.829027472413145, 5645558.223065575584769 ] ] ] ] } },
{ "type": "Feature", "properties": { }, "geometry": { "type": "MultiPolygon", "coordinates": [ [ [ [ 678860.429027472389862, 5645558.223065575584769 ], [ 678860.429027472389862, 5646208.723065575584769 ], [ 679420.029027472482994, 5646208.723065575584769 ], [ 679420.029027472482994, 5645558.223065575584769 ], [ 678860.429027472389862, 5645558.223065575584769 ] ] ] ] } },
{ "type": "Feature", "properties": { }, "geometry": { "type": "MultiPolygon", "coordinates": [ [ [ [ 679420.029027472366579, 5645558.223065575584769 ], [ 679420.029027472366579, 5646208.723065575584769 ], [ 679979.629027472459711, 5646208.723065575584769 ], [ 679979.629027472459711, 5645558.223065575584769 ], [ 679420.029027472366579, 5645558.223065575584769 ] ] ] ] } },
{ "type": "Feature", "properties": { }, "geometry": { "type": "MultiPolygon", "coordinates": [ [ [ [ 679979.629027472343296, 5645558.223065575584769 ], [ 679979.629027472343296, 5646208.723065575584769 ], [ 680539.229027472436428, 5646208.723065575584769 ], [ 680539.229027472436428, 5645558.223065575584769 ], [ 679979.629027472343296, 5645558.223065575584769 ] ] ] ] } },
{ "type": "Feature", "properties": { }, "geometry": { "type": "MultiPolygon", "coordinates": [ [ [ [ 680539.229027472436428, 5645558.223065575584769 ], [ 680539.229027472436428, 5646208.723065575584769 ], [ 681098.82902747252956, 5646208.723065575584769 ], [ 681098.82902747252956, 5645558.223065575584769 ], [ 680539.229027472436428, 5645558.223065575584769 ] ] ] ] } },
{ "type": "Feature", "properties": { }, "geometry": { "type": "MultiPolygon", "coordinates": [ [ [ [ 681098.829027472413145, 5645558.223065575584769 ], [ 681098.829027472413145, 5646208.723065575584769 ], [ 681658.429027472506277, 5646208.723065575584769 ], [ 681658.429027472506277, 5645558.223065575584769 ], [ 681098.829027472413145, 5645558.223065575584769 ] ] ] ] } },
{ "type": "Feature", "properties": { }, "geometry": { "type": "MultiPolygon", "coordinates": [ [ [ [ 681658.429027472389862, 5645558.223065575584769 ], [ 681658.429027472389862, 5646208.723065575584769 ], [ 682218.029027472482994, 5646208.723065575584769 ], [ 682218.029027472482994, 5645558.223065575584769 ], [ 681658.429027472389862, 5645558.223065575584769 ] ] ] ] } },
{ "type": "Feature", "properties": { }, "geometry": { "type": "MultiPolygon", "coordinates": [ [ [ [ 682218.029027472366579, 5645558.223065575584769 ], [ 682218.029027472366579, 5646208.723065575584769 ], [ 682777.629027472459711, 5646208.723065575584769 ], [ 682777.629027472459711, 5645558.223065575584769 ], [ 682218.029027472366579, 5645558.223065575584769 ] ] ] ] } },
{ "type": "Feature", "properties": { }, "geometry": { "type": "MultiPolygon", "coordinates": [ [ [ [ 682777.629027472343296, 5645558.223065575584769 ], [ 682777.629027472343296, 5646208.723065575584769 ], [ 683337.229027472436428, 5646208.723065575584769 ], [ 683337.229027472436428, 5645558.223065575584769 ], [ 682777.629027472343296, 5645558.223065575584769 ] ] ] ] } },
{ "type": "Feature", "properties": { }, "geometry": { "type": "MultiPolygon", "coordinates": [ [ [ [ 683337.229027472436428, 5645558.223065575584769 ], [ 683337.229027472436428, 5646208.723065575584769 ], [ 683896.82902747252956, 5646208.723065575584769 ], [ 683896.82902747252956, 5645558.223065575584769 ], [ 683337.229027472436428, 5645558.223065575584769 ] ] ] ] } },
{ "type": "Feature", "properties": { }, "geometry": { "type": "MultiPolygon", "coordinates": [ [ [ [ 683896.829027472413145, 5645558.223065575584769 ], [ 683896.829027472413145, 5646208.723065575584769 ], [ 684456.429027472506277, 5646208.723065575584769 ], [ 684456.429027472506277, 5645558.223065575584769 ], [ 683896.829027472413145, 5645558.223065575584769 ] ] ] ] } },
{ "type": "Feature", "properties": { }, "geometry": { "type": "MultiPolygon", "coordinates": [ [ [ [ 684456.429027472389862, 5645558.223065575584769 ], [ 684456.429027472389862, 5646208.723065575584769 ], [ 685016.029027472482994, 5646208.723065575584769 ], [ 685016.029027472482994, 5645558.223065575584769 ], [ 684456.429027472389862, 5645558.223065575584769 ] ] ] ] } },
{ "type": "Feature", "properties": { }, "geometry": { "type": "MultiPolygon", "coordinates": [ [ [ [ 685016.029027472366579, 5645558.223065575584769 ], [ 685016.029027472366579, 5646208.723065575584769 ], [ 685575.629027472459711, 5646208.723065575584769 ], [ 685575.629027472459711, 5645558.223065575584769 ], [ 685016.029027472366579, 5645558.223065575584769 ] ] ] ] } },
{ "type": "Feature", "properties": { }, "geometry": { "type": "MultiPolygon", "coordinates": [ [ [ [ 685575.629027472343296, 5645558.223065575584769 ], [ 685575.629027472343296, 5646208.723065575584769 ], [ 686135.229027472436428, 5646208.723065575584769 ], [ 686135.229027472436428, 5645558.223065575584769 ], [ 685575.629027472343296, 5645558.223065575584769 ] ] ] ] } },
{ "type": "Feature", "properties": { }, "geometry": { "type": "MultiPolygon", "coordinates": [ [ [ [ 686135.229027472436428, 5645558.223065575584769 ], [ 686135.229027472436428, 5646208.723065575584769 ], [ 686694.82902747252956, 5646208.723065575584769 ], [ 686694.82902747252956, 5645558.223065575584769 ], [ 686135.229027472436428, 5645558.223065575584769 ] ] ] ] } },
{ "type": "Feature", "properties": { }, "geometry": { "type": "MultiPolygon", "coordinates": [ [ [ [ 686694.829027472413145, 5645558.223065575584769 ], [ 686694.829027472413145, 5646208.723065575584769 ], [ 687254.429027472506277, 5646208.723065575584769 ], [ 687254.429027472506277, 5645558.223065575584769 ], [ 686694.829027472413145, 5645558.223065575584769 ] ] ] ] } },
{ "type": "Feature", "properties": { }, "geometry": { "type": "MultiPolygon", "coordinates": [ [ [ [ 687254.429027472389862, 5645558.223065575584769 ], [ 687254.429027472389862, 5646208.723065575584769 ], [ 687814.029027472482994, 5646208.723065575584769 ], [ 687814.029027472482994, 5645558.223065575584769 ], [ 687254.429027472389862, 5645558.223065575584769 ] ] ] ] } },
{ "type": "Feature", "properties": { }, "geometry": { "type": "MultiPolygon", "coordinates": [ [ [ [ 687814.029027472366579, 5645558.223065575584769 ], [ 687814.029027472366579, 5646208.723065575584769 ], [ 688373.629027472459711, 5646208.723065575584769 ], [ 688373.629027472459711, 5645558.223065575584769 ], [ 687814.029027472366579, 5645558.223065575584769 ] ] ] ] } },
{ "type": "Feature", "properties": { }, "geometry": { "type": "MultiPolygon", "coordinates": [ [ [ [ 688373.629027472343296, 5645558.223065575584769 ], [ 688373.629027472343296, 5646208.723065575584769 ], [ 688933.229027472436428, 5646208.723065575584769 ], [ 688933.229027472436428, 5645558.223065575584769 ], [ 688373.629027472343296, 5645558.223065575584769 ] ] ] ] } },
{ "type": "Feature", "properties": { }, "geometry": { "type": "MultiPolygon", "coordinates": [ [ [ [ 688933.229027472436428, 5645558.223065575584769 ], [ 688933.229027472436428, 5646208.723065575584769 ], [ 689492.82902747252956, 5646208.723065575584769 ], [ 689492.82902747252956, 5645558.223065575584769 ], [ 688933.229027472436428, 5645558.223065575584769 ] ] ] ] } },
{ "type": "Feature", "properties": { }, "geometry": { "type": "MultiPolygon", "coordinates": [ [ [ [ 689492.829027472413145, 5645558.223065575584769 ], [ 689492.829027472413145, 5646208.723065575584769 ], [ 690052.429027472506277, 5646208.723065575584769 ], [ 690052.429027472506277, 5645558.223065575584769 ], [ 689492.829027472413145, 5645558.223065575584769 ] ] ] ] } },
{ "type": "Feature", "properties": { }, "geometry": { "type": "MultiPolygon", "coordinates": [ [ [ [ 690052.429027472389862, 5645558.223065575584769 ], [ 690052.429027472389862, 5646208.723065575584769 ], [ 690612.029027472482994, 5646208.723065575584769 ], [ 690612.029027472482994, 5645558.223065575584769 ], [ 690052.429027472389862, 5645558.223065575584769 ] ] ] ] } },
{ "type": "Feature", "properties": { }, "geometry": { "type": "MultiPolygon", "coordinates": [ [ [ [ 690612.029027472366579, 5645558.223065575584769 ], [ 690612.029027472366579, 5646208.723065575584769 ], [ 691171.629027472459711, 5646208.723065575584769 ], [ 691171.629027472459711, 5645558.223065575584769 ], [ 690612.029027472366579, 5645558.223065575584769 ] ] ] ] } },
{ "type": "Feature", "properties": { }, "geometry": { "type": "MultiPolygon", "coordinates": [ [ [ [ 691171.629027472343296, 5645558.223065575584769 ], [ 691171.629027472343296, 5646208.723065575584769 ], [ 691731.229027472436428, 5646208.723065575584769 ], [ 691731.229027472436428, 5645558.223065575584769 ], [ 691171.629027472343296, 5645558.223065575584769 ] ] ] ] } },
{ "type": "Feature", "properties": { }, "geometry": { "type": "MultiPolygon", "coordinates": [ [ [ [ 677741.229027472436428, 5644907.723065575584769 ], [ 677741.229027472436428, 5645558.223065575584769 ], [ 678300.82902747252956, 5645558.223065575584769 ], [ 678300.82902747252956, 5644907.723065575584769 ], [ 677741.229027472436428, 5644907.723065575584769 ] ] ] ] } },
{ "type": "Feature", "properties": { }, "geometry": { "type": "MultiPolygon", "coordinates": [ [ [ [ 678300.829027472413145, 5644907.723065575584769 ], [ 678300.829027472413145, 5645558.223065575584769 ], [ 678860.429027472506277, 5645558.223065575584769 ], [ 678860.429027472506277, 5644907.723065575584769 ], [ 678300.829027472413145, 5644907.723065575584769 ] ] ] ] } },
{ "type": "Feature", "properties": { }, "geometry": { "type": "MultiPolygon", "coordinates": [ [ [ [ 678860.429027472389862, 5644907.723065575584769 ], [ 678860.429027472389862, 5645558.223065575584769 ], [ 679420.029027472482994, 5645558.223065575584769 ], [ 679420.029027472482994, 5644907.723065575584769 ], [ 678860.429027472389862, 5644907.723065575584769 ] ] ] ] } },
{ "type": "Feature", "properties": { }, "geometry": { "type": "MultiPolygon", "coordinates": [ [ [ [ 679420.029027472366579, 5644907.723065575584769 ], [ 679420.029027472366579, 5645558.223065575584769 ], [ 679979.629027472459711, 5645558.223065575584769 ], [ 679979.629027472459711, 5644907.723065575584769 ], [ 679420.029027472366579, 5644907.723065575584769 ] ] ] ] } },
{ "type": "Feature", "properties": { }, "geometry": { "type": "MultiPolygon", "coordinates": [ [ [ [ 679979.629027472343296, 5644907.723065575584769 ], [ 679979.629027472343296, 5645558.223065575584769 ], [ 680539.229027472436428, 5645558.223065575584769 ], [ 680539.229027472436428, 5644907.723065575584769 ], [ 679979.629027472343296, 5644907.723065575584769 ] ] ] ] } },
{ "type": "Feature", "properties": { }, "geometry": { "type": "MultiPolygon", "coordinates": [ [ [ [ 680539.229027472436428, 5644907.723065575584769 ], [ 680539.229027472436428, 5645558.223065575584769 ], [ 681098.82902747252956, 5645558.223065575584769 ], [ 681098.82902747252956, 5644907.723065575584769 ], [ 680539.229027472436428, 5644907.723065575584769 ] ] ] ] } },
{ "type": "Feature", "properties": { }, "geometry": { "type": "MultiPolygon", "coordinates": [ [ [ [ 681098.829027472413145, 5644907.723065575584769 ], [ 681098.829027472413145, 5645558.223065575584769 ], [ 681658.429027472506277, 5645558.223065575584769 ], [ 681658.429027472506277, 5644907.723065575584769 ], [ 681098.829027472413145, 5644907.723065575584769 ] ] ] ] } },
{ "type": "Feature", "properties": { }, "geometry": { "type": "MultiPolygon", "coordinates": [ [ [ [ 681658.429027472389862, 5644907.723065575584769 ], [ 681658.429027472389862, 5645558.223065575584769 ], [ 682218.029027472482994, 5645558.223065575584769 ], [ 682218.029027472482994, 5644907.723065575584769 ], [ 681658.429027472389862, 5644907.723065575584769 ] ] ] ] } },
{ "type": "Feature", "properties": { }, "geometry": { "type": "MultiPolygon", "coordinates": [ [ [ [ 682218.029027472366579, 5644907.723065575584769 ], [ 682218.029027472366579, 5645558.223065575584769 ], [ 682777.629027472459711, 5645558.223065575584769 ], [ 682777.629027472459711, 5644907.723065575584769 ], [ 682218.029027472366579, 5644907.723065575584769 ] ] ] ] } },
{ "type": "Feature", "properties": { }, "geometry": { "type": "MultiPolygon", "coordinates": [ [ [ [ 682777.629027472343296, 5644907.723065575584769 ], [ 682777.629027472343296, 5645558.223065575584769 ], [ 683337.229027472436428, 5645558.223065575584769 ], [ 683337.229027472436428, 5644907.723065575584769 ], [ 682777.629027472343296, 5644907.723065575584769 ] ] ] ] } },
{ "type": "Feature", "properties": { }, "geometry": { "type": "MultiPolygon", "coordinates": [ [ [ [ 683337.229027472436428, 5644907.723065575584769 ], [ 683337.229027472436428, 5645558.223065575584769 ], [ 683896.82902747252956, 5645558.223065575584769 ], [ 683896.82902747252956, 5644907.723065575584769 ], [ 683337.229027472436428, 5644907.723065575584769 ] ] ] ] } },
{ "type": "Feature", "properties": { }, "geometry": { "type": "MultiPolygon", "coordinates": [ [ [ [ 683896.829027472413145, 5644907.723065575584769 ], [ 683896.829027472413145, 5645558.223065575584769 ], [ 684456.429027472506277, 5645558.223065575584769 ], [ 684456.429027472506277, 5644907.723065575584769 ], [ 683896.829027472413145, 5644907.723065575584769 ] ] ] ] } },
{ "type": "Feature", "properties": { }, "geometry": { "type": "MultiPolygon", "coordinates": [ [ [ [ 684456.429027472389862, 5644907.723065575584769 ], [ 684456.429027472389862, 5645558.223065575584769 ], [ 685016.029027472482994, 5645558.223065575584769 ], [ 685016.029027472482994, 5644907.723065575584769 ], [ 684456.429027472389862, 5644907.723065575584769 ] ] ] ] } },
{ "type": "Feature", "properties": { }, "geometry": { "type": "MultiPolygon", "coordinates": [ [ [ [ 685016.029027472366579, 5644907.723065575584769 ], [ 685016.029027472366579, 5645558.223065575584769 ], [ 685575.629027472459711, 5645558.223065575584769 ], [ 685575.629027472459711, 5644907.723065575584769 ], [ 685016.029027472366579, 5644907.723065575584769 ] ] ] ] } },
{ "type": "Feature", "properties": { }, "geometry": { "type": "MultiPolygon", "coordinates": [ [ [ [ 685575.629027472343296, 5644907.723065575584769 ], [ 685575.629027472343296, 5645558.223065575584769 ], [ 686135.229027472436428, 5645558.223065575584769 ], [ 686135.229027472436428, 5644907.723065575584769 ], [ 685575.629027472343296, 5644907.723065575584769 ] ] ] ] } },
{ "type": "Feature", "properties": { }, "geometry": { "type": "MultiPolygon", "coordinates": [ [ [ [ 686135.229027472436428, 5644907.723065575584769 ], [ 686135.229027472436428, 5645558.223065575584769 ], [ 686694.82902747252956, 5645558.223065575584769 ], [ 686694.82902747252956, 5644907.723065575584769 ], [ 686135.229027472436428, 5644907.723065575584769 ] ] ] ] } },
{ "type": "Feature", "properties": { }, "geometry": { "type": "MultiPolygon", "coordinates": [ [ [ [ 686694.829027472413145, 5644907.723065575584769 ], [ 686694.829027472413145, 5645558.223065575584769 ], [ 687254.429027472506277, 5645558.223065575584769 ], [ 687254.429027472506277, 5644907.723065575584769 ], [ 686694.829027472413145, 5644907.723065575584769 ] ] ] ] } },
{ "type": "Feature", "properties": { }, "geometry": { "type": "MultiPolygon", "coordinates": [ [ [ [ 687254.429027472389862, 5644907.723065575584769 ], [ 687254.429027472389862, 5645558.223065575584769 ], [ 687814.029027472482994, 5645558.223065575584769 ], [ 687814.029027472482994, 5644907.723065575584769 ], [ 687254.429027472389862, 5644907.723065575584769 ] ] ] ] } },
{ "type": "Feature", "properties": { }, "geometry": { "type": "MultiPolygon", "coordinates": [ [ [ [ 687814.029027472366579, 5644907.723065575584769 ], [ 687814.029027472366579, 5645558.223065575584769 ], [ 688373.629027472459711, 5645558.223065575584769 ], [ 688373.629027472459711, 5644907.723065575584769 ], [ 687814.029027472366579, 5644907.723065575584769 ] ] ] ] } },
{ "type": "Feature", "properties": { }, "geometry": { "type": "MultiPolygon", "coordinates": [ [ [ [ 688373.629027472343296, 5644907.723065575584769 ], [ 688373.629027472343296, 5645558.223065575584769 ], [ 688933.229027472436428, 5645558.223065575584769 ], [ 688933.229027472436428, 5644907.723065575584769 ], [ 688373.629027472343296, 5644907.723065575584769 ] ] ] ] } },
{ "type": "Feature", "properties": { }, "geometry": { "type": "MultiPolygon", "coordinates": [ [ [ [ 688933.229027472436428, 5644907.723065575584769 ], [ 688933.229027472436428, 5645558.223065575584769 ], [ 689492.82902747252956, 5645558.223065575584769 ], [ 689492.82902747252956, 5644907.723065575584769 ], [ 688933.229027472436428, 5644907.723065575584769 ] ] ] ] } },
{ "type": "Feature", "properties": { }, "geometry": { "type": "MultiPolygon", "coordinates": [ [ [ [ 689492.829027472413145, 5644907.723065575584769 ], [ 689492.829027472413145, 5645558.223065575584769 ], [ 690052.429027472506277, 5645558.223065575584769 ], [ 690052.429027472506277, 5644907.723065575584769 ], [ 689492.829027472413145, 5644907.723065575584769 ] ] ] ] } },
{ "type": "Feature", "properties": { }, "geometry": { "type": "MultiPolygon", "coordinates": [ [ [ [ 690052.429027472389862, 5644907.723065575584769 ], [ 690052.429027472389862, 5645558.223065575584769 ], [ 690612.029027472482994, 5645558.223065575584769 ], [ 690612.029027472482994, 5644907.723065575584769 ], [ 690052.429027472389862, 5644907.723065575584769 ] ] ] ] } },
{ "type": "Feature", "properties": { }, "geometry": { "type": "MultiPolygon", "coordinates": [ [ [ [ 690612.029027472366579, 5644907.723065575584769 ], [ 690612.029027472366579, 5645558.223065575584769 ], [ 691171.629027472459711, 5645558.223065575584769 ], [ 691171.629027472459711, 5644907.723065575584769 ], [ 690612.029027472366579, 5644907.723065575584769 ] ] ] ] } },
{ "type": "Feature", "properties": { }, "geometry": { "type": "MultiPolygon", "coordinates": [ [ [ [ 691171.629027472343296, 5644907.723065575584769 ], [ 691171.629027472343296, 5645558.223065575584769 ], [ 691731.229027472436428, 5645558.223065575584769 ], [ 691731.229027472436428, 5644907.723065575584769 ], [ 691171.629027472343296, 5644907.723065575584769 ] ] ] ] } },
{ "type": "Feature", "properties": { }, "geometry": { "type": "MultiPolygon", "coordinates": [ [ [ [ 677741.229027472436428, 5644257.223065575584769 ], [ 677741.229027472436428, 5644907.723065575584769 ], [ 678300.82902747252956, 5644907.723065575584769 ], [ 678300.82902747252956, 5644257.223065575584769 ], [ 677741.229027472436428, 5644257.223065575584769 ] ] ] ] } },
{ "type": "Feature", "properties": { }, "geometry": { "type": "MultiPolygon", "coordinates": [ [ [ [ 678300.829027472413145, 5644257.223065575584769 ], [ 678300.829027472413145, 5644907.723065575584769 ], [ 678860.429027472506277, 5644907.723065575584769 ], [ 678860.429027472506277, 5644257.223065575584769 ], [ 678300.829027472413145, 5644257.223065575584769 ] ] ] ] } },
{ "type": "Feature", "properties": { }, "geometry": { "type": "MultiPolygon", "coordinates": [ [ [ [ 678860.429027472389862, 5644257.223065575584769 ], [ 678860.429027472389862, 5644907.723065575584769 ], [ 679420.029027472482994, 5644907.723065575584769 ], [ 679420.029027472482994, 5644257.223065575584769 ], [ 678860.429027472389862, 5644257.223065575584769 ] ] ] ] } },
{ "type": "Feature", "properties": { }, "geometry": { "type": "MultiPolygon", "coordinates": [ [ [ [ 679420.029027472366579, 5644257.223065575584769 ], [ 679420.029027472366579, 5644907.723065575584769 ], [ 679979.629027472459711, 5644907.723065575584769 ], [ 679979.629027472459711, 5644257.223065575584769 ], [ 679420.029027472366579, 5644257.223065575584769 ] ] ] ] } },
{ "type": "Feature", "properties": { }, "geometry": { "type": "MultiPolygon", "coordinates": [ [ [ [ 679979.629027472343296, 5644257.223065575584769 ], [ 679979.629027472343296, 5644907.723065575584769 ], [ 680539.229027472436428, 5644907.723065575584769 ], [ 680539.229027472436428, 5644257.223065575584769 ], [ 679979.629027472343296, 5644257.223065575584769 ] ] ] ] } },
{ "type": "Feature", "properties": { }, "geometry": { "type": "MultiPolygon", "coordinates": [ [ [ [ 680539.229027472436428, 5644257.223065575584769 ], [ 680539.229027472436428, 5644907.723065575584769 ], [ 681098.82902747252956, 5644907.723065575584769 ], [ 681098.82902747252956, 5644257.223065575584769 ], [ 680539.229027472436428, 5644257.223065575584769 ] ] ] ] } },
{ "type": "Feature", "properties": { }, "geometry": { "type": "MultiPolygon", "coordinates": [ [ [ [ 681098.829027472413145, 5644257.223065575584769 ], [ 681098.829027472413145, 5644907.723065575584769 ], [ 681658.429027472506277, 5644907.723065575584769 ], [ 681658.429027472506277, 5644257.223065575584769 ], [ 681098.829027472413145, 5644257.223065575584769 ] ] ] ] } },
{ "type": "Feature", "properties": { }, "geometry": { "type": "MultiPolygon", "coordinates": [ [ [ [ 681658.429027472389862, 5644257.223065575584769 ], [ 681658.429027472389862, 5644907.723065575584769 ], [ 682218.029027472482994, 5644907.723065575584769 ], [ 682218.029027472482994, 5644257.223065575584769 ], [ 681658.429027472389862, 5644257.223065575584769 ] ] ] ] } },
{ "type": "Feature", "properties": { }, "geometry": { "type": "MultiPolygon", "coordinates": [ [ [ [ 682218.029027472366579, 5644257.223065575584769 ], [ 682218.029027472366579, 5644907.723065575584769 ], [ 682777.629027472459711, 5644907.723065575584769 ], [ 682777.629027472459711, 5644257.223065575584769 ], [ 682218.029027472366579, 5644257.223065575584769 ] ] ] ] } },
{ "type": "Feature", "properties": { }, "geometry": { "type": "MultiPolygon", "coordinates": [ [ [ [ 682777.629027472343296, 5644257.223065575584769 ], [ 682777.629027472343296, 5644907.723065575584769 ], [ 683337.229027472436428, 5644907.723065575584769 ], [ 683337.229027472436428, 5644257.223065575584769 ], [ 682777.629027472343296, 5644257.223065575584769 ] ] ] ] } },
{ "type": "Feature", "properties": { }, "geometry": { "type": "MultiPolygon", "coordinates": [ [ [ [ 683337.229027472436428, 5644257.223065575584769 ], [ 683337.229027472436428, 5644907.723065575584769 ], [ 683896.82902747252956, 5644907.723065575584769 ], [ 683896.82902747252956, 5644257.223065575584769 ], [ 683337.229027472436428, 5644257.223065575584769 ] ] ] ] } },
{ "type": "Feature", "properties": { }, "geometry": { "type": "MultiPolygon", "coordinates": [ [ [ [ 683896.829027472413145, 5644257.223065575584769 ], [ 683896.829027472413145, 5644907.723065575584769 ], [ 684456.429027472506277, 5644907.723065575584769 ], [ 684456.429027472506277, 5644257.223065575584769 ], [ 683896.829027472413145, 5644257.223065575584769 ] ] ] ] } },
{ "type": "Feature", "properties": { }, "geometry": { "type": "MultiPolygon", "coordinates": [ [ [ [ 684456.429027472389862, 5644257.223065575584769 ], [ 684456.429027472389862, 5644907.723065575584769 ], [ 685016.029027472482994, 5644907.723065575584769 ], [ 685016.029027472482994, 5644257.223065575584769 ], [ 684456.429027472389862, 5644257.223065575584769 ] ] ] ] } },
{ "type": "Feature", "properties": { }, "geometry": { "type": "MultiPolygon", "coordinates": [ [ [ [ 685016.029027472366579, 5644257.223065575584769 ], [ 685016.029027472366579, 5644907.723065575584769 ], [ 685575.629027472459711, 5644907.723065575584769 ], [ 685575.629027472459711, 5644257.223065575584769 ], [ 685016.029027472366579, 5644257.223065575584769 ] ] ] ] } },
{ "type": "Feature", "properties": { }, "geometry": { "type": "MultiPolygon", "coordinates": [ [ [ [ 685575.629027472343296, 5644257.223065575584769 ], [ 685575.629027472343296, 5644907.723065575584769 ], [ 686135.229027472436428, 5644907.723065575584769 ], [ 686135.229027472436428, 5644257.223065575584769 ], [ 685575.629027472343296, 5644257.223065575584769 ] ] ] ] } },
{ "type": "Feature", "properties": { }, "geometry": { "type": "MultiPolygon", "coordinates": [ [ [ [ 686135.229027472436428, 5644257.223065575584769 ], [ 686135.229027472436428, 5644907.723065575584769 ], [ 686694.82902747252956, 5644907.723065575584769 ], [ 686694.82902747252956, 5644257.223065575584769 ], [ 686135.229027472436428, 5644257.223065575584769 ] ] ] ] } },
{ "type": "Feature", "properties": { }, "geometry": { "type": "MultiPolygon", "coordinates": [ [ [ [ 686694.829027472413145, 5644257.223065575584769 ], [ 686694.829027472413145, 5644907.723065575584769 ], [ 687254.429027472506277, 5644907.723065575584769 ], [ 687254.429027472506277, 5644257.223065575584769 ], [ 686694.829027472413145, 5644257.223065575584769 ] ] ] ] } },
{ "type": "Feature", "properties": { }, "geometry": { "type": "MultiPolygon", "coordinates": [ [ [ [ 687254.429027472389862, 5644257.223065575584769 ], [ 687254.429027472389862, 5644907.723065575584769 ], [ 687814.029027472482994, 5644907.723065575584769 ], [ 687814.029027472482994, 5644257.223065575584769 ], [ 687254.429027472389862, 5644257.223065575584769 ] ] ] ] } },
{ "type": "Feature", "properties": { }, "geometry": { "type": "MultiPolygon", "coordinates": [ [ [ [ 687814.029027472366579, 5644257.223065575584769 ], [ 687814.029027472366579, 5644907.723065575584769 ], [ 688373.629027472459711, 5644907.723065575584769 ], [ 688373.629027472459711, 5644257.223065575584769 ], [ 687814.029027472366579, 5644257.223065575584769 ] ] ] ] } },
{ "type": "Feature", "properties": { }, "geometry": { "type": "MultiPolygon", "coordinates": [ [ [ [ 688373.629027472343296, 5644257.223065575584769 ], [ 688373.629027472343296, 5644907.723065575584769 ], [ 688933.229027472436428, 5644907.723065575584769 ], [ 688933.229027472436428, 5644257.223065575584769 ], [ 688373.629027472343296, 5644257.223065575584769 ] ] ] ] } },
{ "type": "Feature", "properties": { }, "geometry": { "type": "MultiPolygon", "coordinates": [ [ [ [ 688933.229027472436428, 5644257.223065575584769 ], [ 688933.229027472436428, 5644907.723065575584769 ], [ 689492.82902747252956, 5644907.723065575584769 ], [ 689492.82902747252956, 5644257.223065575584769 ], [ 688933.229027472436428, 5644257.223065575584769 ] ] ] ] } },
{ "type": "Feature", "properties": { }, "geometry": { "type": "MultiPolygon", "coordinates": [ [ [ [ 689492.829027472413145, 5644257.223065575584769 ], [ 689492.829027472413145, 5644907.723065575584769 ], [ 690052.429027472506277, 5644907.723065575584769 ], [ 690052.429027472506277, 5644257.223065575584769 ], [ 689492.829027472413145, 5644257.223065575584769 ] ] ] ] } },
{ "type": "Feature", "properties": { }, "geometry": { "type": "MultiPolygon", "coordinates": [ [ [ [ 690052.429027472389862, 5644257.223065575584769 ], [ 690052.429027472389862, 5644907.723065575584769 ], [ 690612.029027472482994, 5644907.723065575584769 ], [ 690612.029027472482994, 5644257.223065575584769 ], [ 690052.429027472389862, 5644257.223065575584769 ] ] ] ] } },
{ "type": "Feature", "properties": { }, "geometry": { "type": "MultiPolygon", "coordinates": [ [ [ [ 690612.029027472366579, 5644257.223065575584769 ], [ 690612.029027472366579, 5644907.723065575584769 ], [ 691171.629027472459711, 5644907.723065575584769 ], [ 691171.629027472459711, 5644257.223065575584769 ], [ 690612.029027472366579, 5644257.223065575584769 ] ] ] ] } },
{ "type": "Feature", "properties": { }, "geometry": { "type": "MultiPolygon", "coordinates": [ [ [ [ 691171.629027472343296, 5644257.223065575584769 ], [ 691171.629027472343296, 5644907.723065575584769 ], [ 691731.229027472436428, 5644907.723065575584769 ], [ 691731.229027472436428, 5644257.223065575584769 ], [ 691171.629027472343296, 5644257.223065575584769 ] ] ] ] } },
{ "type": "Feature", "properties": { }, "geometry": { "type": "MultiPolygon", "coordinates": [ [ [ [ 677741.229027472436428, 5643606.723065575584769 ], [ 677741.229027472436428, 5644257.223065575584769 ], [ 678300.82902747252956, 5644257.223065575584769 ], [ 678300.82902747252956, 5643606.723065575584769 ], [ 677741.229027472436428, 5643606.723065575584769 ] ] ] ] } },
{ "type": "Feature", "properties": { }, "geometry": { "type": "MultiPolygon", "coordinates": [ [ [ [ 678300.829027472413145, 5643606.723065575584769 ], [ 678300.829027472413145, 5644257.223065575584769 ], [ 678860.429027472506277, 5644257.223065575584769 ], [ 678860.429027472506277, 5643606.723065575584769 ], [ 678300.829027472413145, 5643606.723065575584769 ] ] ] ] } },
{ "type": "Feature", "properties": { }, "geometry": { "type": "MultiPolygon", "coordinates": [ [ [ [ 678860.429027472389862, 5643606.723065575584769 ], [ 678860.429027472389862, 5644257.223065575584769 ], [ 679420.029027472482994, 5644257.223065575584769 ], [ 679420.029027472482994, 5643606.723065575584769 ], [ 678860.429027472389862, 5643606.723065575584769 ] ] ] ] } },
{ "type": "Feature", "properties": { }, "geometry": { "type": "MultiPolygon", "coordinates": [ [ [ [ 679420.029027472366579, 5643606.723065575584769 ], [ 679420.029027472366579, 5644257.223065575584769 ], [ 679979.629027472459711, 5644257.223065575584769 ], [ 679979.629027472459711, 5643606.723065575584769 ], [ 679420.029027472366579, 5643606.723065575584769 ] ] ] ] } },
{ "type": "Feature", "properties": { }, "geometry": { "type": "MultiPolygon", "coordinates": [ [ [ [ 679979.629027472343296, 5643606.723065575584769 ], [ 679979.629027472343296, 5644257.223065575584769 ], [ 680539.229027472436428, 5644257.223065575584769 ], [ 680539.229027472436428, 5643606.723065575584769 ], [ 679979.629027472343296, 5643606.723065575584769 ] ] ] ] } },
{ "type": "Feature", "properties": { }, "geometry": { "type": "MultiPolygon", "coordinates": [ [ [ [ 680539.229027472436428, 5643606.723065575584769 ], [ 680539.229027472436428, 5644257.223065575584769 ], [ 681098.82902747252956, 5644257.223065575584769 ], [ 681098.82902747252956, 5643606.723065575584769 ], [ 680539.229027472436428, 5643606.723065575584769 ] ] ] ] } },
{ "type": "Feature", "properties": { }, "geometry": { "type": "MultiPolygon", "coordinates": [ [ [ [ 681098.829027472413145, 5643606.723065575584769 ], [ 681098.829027472413145, 5644257.223065575584769 ], [ 681658.429027472506277, 5644257.223065575584769 ], [ 681658.429027472506277, 5643606.723065575584769 ], [ 681098.829027472413145, 5643606.723065575584769 ] ] ] ] } },
{ "type": "Feature", "properties": { }, "geometry": { "type": "MultiPolygon", "coordinates": [ [ [ [ 681658.429027472389862, 5643606.723065575584769 ], [ 681658.429027472389862, 5644257.223065575584769 ], [ 682218.029027472482994, 5644257.223065575584769 ], [ 682218.029027472482994, 5643606.723065575584769 ], [ 681658.429027472389862, 5643606.723065575584769 ] ] ] ] } },
{ "type": "Feature", "properties": { }, "geometry": { "type": "MultiPolygon", "coordinates": [ [ [ [ 682218.029027472366579, 5643606.723065575584769 ], [ 682218.029027472366579, 5644257.223065575584769 ], [ 682777.629027472459711, 5644257.223065575584769 ], [ 682777.629027472459711, 5643606.723065575584769 ], [ 682218.029027472366579, 5643606.723065575584769 ] ] ] ] } },
{ "type": "Feature", "properties": { }, "geometry": { "type": "MultiPolygon", "coordinates": [ [ [ [ 682777.629027472343296, 5643606.723065575584769 ], [ 682777.629027472343296, 5644257.223065575584769 ], [ 683337.229027472436428, 5644257.223065575584769 ], [ 683337.229027472436428, 5643606.723065575584769 ], [ 682777.629027472343296, 5643606.723065575584769 ] ] ] ] } },
{ "type": "Feature", "properties": { }, "geometry": { "type": "MultiPolygon", "coordinates": [ [ [ [ 683337.229027472436428, 5643606.723065575584769 ], [ 683337.229027472436428, 5644257.223065575584769 ], [ 683896.82902747252956, 5644257.223065575584769 ], [ 683896.82902747252956, 5643606.723065575584769 ], [ 683337.229027472436428, 5643606.723065575584769 ] ] ] ] } },
{ "type": "Feature", "properties": { }, "geometry": { "type": "MultiPolygon", "coordinates": [ [ [ [ 683896.829027472413145, 5643606.723065575584769 ], [ 683896.829027472413145, 5644257.223065575584769 ], [ 684456.429027472506277, 5644257.223065575584769 ], [ 684456.429027472506277, 5643606.723065575584769 ], [ 683896.829027472413145, 5643606.723065575584769 ] ] ] ] } },
{ "type": "Feature", "properties": { }, "geometry": { "type": "MultiPolygon", "coordinates": [ [ [ [ 684456.429027472389862, 5643606.723065575584769 ], [ 684456.429027472389862, 5644257.223065575584769 ], [ 685016.029027472482994, 5644257.223065575584769 ], [ 685016.029027472482994, 5643606.723065575584769 ], [ 684456.429027472389862, 5643606.723065575584769 ] ] ] ] } },
{ "type": "Feature", "properties": { }, "geometry": { "type": "MultiPolygon", "coordinates": [ [ [ [ 685016.029027472366579, 5643606.723065575584769 ], [ 685016.029027472366579, 5644257.223065575584769 ], [ 685575.629027472459711, 5644257.223065575584769 ], [ 685575.629027472459711, 5643606.723065575584769 ], [ 685016.029027472366579, 5643606.723065575584769 ] ] ] ] } },
{ "type": "Feature", "properties": { }, "geometry": { "type": "MultiPolygon", "coordinates": [ [ [ [ 685575.629027472343296, 5643606.723065575584769 ], [ 685575.629027472343296, 5644257.223065575584769 ], [ 686135.229027472436428, 5644257.223065575584769 ], [ 686135.229027472436428, 5643606.723065575584769 ], [ 685575.629027472343296, 5643606.723065575584769 ] ] ] ] } },
{ "type": "Feature", "properties": { }, "geometry": { "type": "MultiPolygon", "coordinates": [ [ [ [ 686135.229027472436428, 5643606.723065575584769 ], [ 686135.229027472436428, 5644257.223065575584769 ], [ 686694.82902747252956, 5644257.223065575584769 ], [ 686694.82902747252956, 5643606.723065575584769 ], [ 686135.229027472436428, 5643606.723065575584769 ] ] ] ] } },
{ "type": "Feature", "properties": { }, "geometry": { "type": "MultiPolygon", "coordinates": [ [ [ [ 686694.829027472413145, 5643606.723065575584769 ], [ 686694.829027472413145, 5644257.223065575584769 ], [ 687254.429027472506277, 5644257.223065575584769 ], [ 687254.429027472506277, 5643606.723065575584769 ], [ 686694.829027472413145, 5643606.723065575584769 ] ] ] ] } },
{ "type": "Feature", "properties": { }, "geometry": { "type": "MultiPolygon", "coordinates": [ [ [ [ 687254.429027472389862, 5643606.723065575584769 ], [ 687254.429027472389862, 5644257.223065575584769 ], [ 687814.029027472482994, 5644257.223065575584769 ], [ 687814.029027472482994, 5643606.723065575584769 ], [ 687254.429027472389862, 5643606.723065575584769 ] ] ] ] } },
{ "type": "Feature", "properties": { }, "geometry": { "type": "MultiPolygon", "coordinates": [ [ [ [ 687814.029027472366579, 5643606.723065575584769 ], [ 687814.029027472366579, 5644257.223065575584769 ], [ 688373.629027472459711, 5644257.223065575584769 ], [ 688373.629027472459711, 5643606.723065575584769 ], [ 687814.029027472366579, 5643606.723065575584769 ] ] ] ] } },
{ "type": "Feature", "properties": { }, "geometry": { "type": "MultiPolygon", "coordinates": [ [ [ [ 688373.629027472343296, 5643606.723065575584769 ], [ 688373.629027472343296, 5644257.223065575584769 ], [ 688933.229027472436428, 5644257.223065575584769 ], [ 688933.229027472436428, 5643606.723065575584769 ], [ 688373.629027472343296, 5643606.723065575584769 ] ] ] ] } },
{ "type": "Feature", "properties": { }, "geometry": { "type": "MultiPolygon", "coordinates": [ [ [ [ 688933.229027472436428, 5643606.723065575584769 ], [ 688933.229027472436428, 5644257.223065575584769 ], [ 689492.82902747252956, 5644257.223065575584769 ], [ 689492.82902747252956, 5643606.723065575584769 ], [ 688933.229027472436428, 5643606.723065575584769 ] ] ] ] } },
{ "type": "Feature", "properties": { }, "geometry": { "type": "MultiPolygon", "coordinates": [ [ [ [ 689492.829027472413145, 5643606.723065575584769 ], [ 689492.829027472413145, 5644257.223065575584769 ], [ 690052.429027472506277, 5644257.223065575584769 ], [ 690052.429027472506277, 5643606.723065575584769 ], [ 689492.829027472413145, 5643606.723065575584769 ] ] ] ] } },
{ "type": "Feature", "properties": { }, "geometry": { "type": "MultiPolygon", "coordinates": [ [ [ [ 690052.429027472389862, 5643606.723065575584769 ], [ 690052.429027472389862, 5644257.223065575584769 ], [ 690612.029027472482994, 5644257.223065575584769 ], [ 690612.029027472482994, 5643606.723065575584769 ], [ 690052.429027472389862, 5643606.723065575584769 ] ] ] ] } },
{ "type": "Feature", "properties": { }, "geometry": { "type": "MultiPolygon", "coordinates": [ [ [ [ 690612.029027472366579, 5643606.723065575584769 ], [ 690612.029027472366579, 5644257.223065575584769 ], [ 691171.629027472459711, 5644257.223065575584769 ], [ 691171.629027472459711, 5643606.723065575584769 ], [ 690612.029027472366579, 5643606.723065575584769 ] ] ] ] } },
{ "type": "Feature", "properties": { }, "geometry": { "type": "MultiPolygon", "coordinates": [ [ [ [ 691171.629027472343296, 5643606.723065575584769 ], [ 691171.629027472343296, 5644257.223065575584769 ], [ 691731.229027472436428, 5644257.223065575584769 ], [ 691731.229027472436428, 5643606.723065575584769 ], [ 691171.629027472343296, 5643606.723065575584769 ] ] ] ] } }
]
}
