{
"type": "FeatureCollection",
"name": "Knepp_Tiling_Grid_2017",
"crs": { "type": "name", "properties": { "name": "urn:ogc:def:crs:OGC:1.3:CRS84" } },
"features": [
{ "type": "Feature", "properties": { }, "geometry": { "type": "MultiPolygon", "coordinates": [ [ [ [ -0.4680981042153, 51.026927463422872 ], [ -0.4680981042153, 51.032827332250285 ], [ -0.460077367508756, 51.032827332250285 ], [ -0.460077367508756, 51.026927463422872 ], [ -0.4680981042153, 51.026927463422872 ] ] ] ] } },
{ "type": "Feature", "properties": { }, "geometry": { "type": "MultiPolygon", "coordinates": [ [ [ [ -0.460077367508756, 51.026927463422872 ], [ -0.460077367508756, 51.032827332250285 ], [ -0.452056630802213, 51.032827332250285 ], [ -0.452056630802213, 51.026927463422872 ], [ -0.460077367508756, 51.026927463422872 ] ] ] ] } },
{ "type": "Feature", "properties": { }, "geometry": { "type": "MultiPolygon", "coordinates": [ [ [ [ -0.452056630802213, 51.026927463422872 ], [ -0.452056630802213, 51.032827332250285 ], [ -0.444035894095669, 51.032827332250285 ], [ -0.444035894095669, 51.026927463422872 ], [ -0.452056630802213, 51.026927463422872 ] ] ] ] } },
{ "type": "Feature", "properties": { }, "geometry": { "type": "MultiPolygon", "coordinates": [ [ [ [ -0.444035894095669, 51.026927463422872 ], [ -0.444035894095669, 51.032827332250285 ], [ -0.436015157389125, 51.032827332250285 ], [ -0.436015157389125, 51.026927463422872 ], [ -0.444035894095669, 51.026927463422872 ] ] ] ] } },
{ "type": "Feature", "properties": { }, "geometry": { "type": "MultiPolygon", "coordinates": [ [ [ [ -0.436015157389125, 51.026927463422872 ], [ -0.436015157389125, 51.032827332250285 ], [ -0.427994420682582, 51.032827332250285 ], [ -0.427994420682582, 51.026927463422872 ], [ -0.436015157389125, 51.026927463422872 ] ] ] ] } },
{ "type": "Feature", "properties": { }, "geometry": { "type": "MultiPolygon", "coordinates": [ [ [ [ -0.427994420682582, 51.026927463422872 ], [ -0.427994420682582, 51.032827332250285 ], [ -0.419973683976038, 51.032827332250285 ], [ -0.419973683976038, 51.026927463422872 ], [ -0.427994420682582, 51.026927463422872 ] ] ] ] } },
{ "type": "Feature", "properties": { }, "geometry": { "type": "MultiPolygon", "coordinates": [ [ [ [ -0.419973683976038, 51.026927463422872 ], [ -0.419973683976038, 51.032827332250285 ], [ -0.411952947269494, 51.032827332250285 ], [ -0.411952947269494, 51.026927463422872 ], [ -0.419973683976038, 51.026927463422872 ] ] ] ] } },
{ "type": "Feature", "properties": { }, "geometry": { "type": "MultiPolygon", "coordinates": [ [ [ [ -0.411952947269494, 51.026927463422872 ], [ -0.411952947269494, 51.032827332250285 ], [ -0.403932210562951, 51.032827332250285 ], [ -0.403932210562951, 51.026927463422872 ], [ -0.411952947269494, 51.026927463422872 ] ] ] ] } },
{ "type": "Feature", "properties": { }, "geometry": { "type": "MultiPolygon", "coordinates": [ [ [ [ -0.403932210562951, 51.026927463422872 ], [ -0.403932210562951, 51.032827332250285 ], [ -0.395911473856407, 51.032827332250285 ], [ -0.395911473856407, 51.026927463422872 ], [ -0.403932210562951, 51.026927463422872 ] ] ] ] } },
{ "type": "Feature", "properties": { }, "geometry": { "type": "MultiPolygon", "coordinates": [ [ [ [ -0.395911473856407, 51.026927463422872 ], [ -0.395911473856407, 51.032827332250285 ], [ -0.387890737149863, 51.032827332250285 ], [ -0.387890737149863, 51.026927463422872 ], [ -0.395911473856407, 51.026927463422872 ] ] ] ] } },
{ "type": "Feature", "properties": { }, "geometry": { "type": "MultiPolygon", "coordinates": [ [ [ [ -0.387890737149863, 51.026927463422872 ], [ -0.387890737149863, 51.032827332250285 ], [ -0.37987000044332, 51.032827332250285 ], [ -0.37987000044332, 51.026927463422872 ], [ -0.387890737149863, 51.026927463422872 ] ] ] ] } },
{ "type": "Feature", "properties": { }, "geometry": { "type": "MultiPolygon", "coordinates": [ [ [ [ -0.37987000044332, 51.026927463422872 ], [ -0.37987000044332, 51.032827332250285 ], [ -0.371849263736776, 51.032827332250285 ], [ -0.371849263736776, 51.026927463422872 ], [ -0.37987000044332, 51.026927463422872 ] ] ] ] } },
{ "type": "Feature", "properties": { }, "geometry": { "type": "MultiPolygon", "coordinates": [ [ [ [ -0.371849263736776, 51.026927463422872 ], [ -0.371849263736776, 51.032827332250285 ], [ -0.363828527030232, 51.032827332250285 ], [ -0.363828527030232, 51.026927463422872 ], [ -0.371849263736776, 51.026927463422872 ] ] ] ] } },
{ "type": "Feature", "properties": { }, "geometry": { "type": "MultiPolygon", "coordinates": [ [ [ [ -0.363828527030232, 51.026927463422872 ], [ -0.363828527030232, 51.032827332250285 ], [ -0.355807790323688, 51.032827332250285 ], [ -0.355807790323688, 51.026927463422872 ], [ -0.363828527030232, 51.026927463422872 ] ] ] ] } },
{ "type": "Feature", "properties": { }, "geometry": { "type": "MultiPolygon", "coordinates": [ [ [ [ -0.355807790323688, 51.026927463422872 ], [ -0.355807790323688, 51.032827332250285 ], [ -0.347787053617145, 51.032827332250285 ], [ -0.347787053617145, 51.026927463422872 ], [ -0.355807790323688, 51.026927463422872 ] ] ] ] } },
{ "type": "Feature", "properties": { }, "geometry": { "type": "MultiPolygon", "coordinates": [ [ [ [ -0.347787053617145, 51.026927463422872 ], [ -0.347787053617145, 51.032827332250285 ], [ -0.339766316910601, 51.032827332250285 ], [ -0.339766316910601, 51.026927463422872 ], [ -0.347787053617145, 51.026927463422872 ] ] ] ] } },
{ "type": "Feature", "properties": { }, "geometry": { "type": "MultiPolygon", "coordinates": [ [ [ [ -0.339766316910601, 51.026927463422872 ], [ -0.339766316910601, 51.032827332250285 ], [ -0.331745580204057, 51.032827332250285 ], [ -0.331745580204057, 51.026927463422872 ], [ -0.339766316910601, 51.026927463422872 ] ] ] ] } },
{ "type": "Feature", "properties": { }, "geometry": { "type": "MultiPolygon", "coordinates": [ [ [ [ -0.331745580204057, 51.026927463422872 ], [ -0.331745580204057, 51.032827332250285 ], [ -0.323724843497514, 51.032827332250285 ], [ -0.323724843497514, 51.026927463422872 ], [ -0.331745580204057, 51.026927463422872 ] ] ] ] } },
{ "type": "Feature", "properties": { }, "geometry": { "type": "MultiPolygon", "coordinates": [ [ [ [ -0.323724843497514, 51.026927463422872 ], [ -0.323724843497514, 51.032827332250285 ], [ -0.31570410679097, 51.032827332250285 ], [ -0.31570410679097, 51.026927463422872 ], [ -0.323724843497514, 51.026927463422872 ] ] ] ] } },
{ "type": "Feature", "properties": { }, "geometry": { "type": "MultiPolygon", "coordinates": [ [ [ [ -0.31570410679097, 51.026927463422872 ], [ -0.31570410679097, 51.032827332250285 ], [ -0.307683370084426, 51.032827332250285 ], [ -0.307683370084426, 51.026927463422872 ], [ -0.31570410679097, 51.026927463422872 ] ] ] ] } },
{ "type": "Feature", "properties": { }, "geometry": { "type": "MultiPolygon", "coordinates": [ [ [ [ -0.307683370084426, 51.026927463422872 ], [ -0.307683370084426, 51.032827332250285 ], [ -0.299662633377883, 51.032827332250285 ], [ -0.299662633377883, 51.026927463422872 ], [ -0.307683370084426, 51.026927463422872 ] ] ] ] } },
{ "type": "Feature", "properties": { }, "geometry": { "type": "MultiPolygon", "coordinates": [ [ [ [ -0.299662633377883, 51.026927463422872 ], [ -0.299662633377883, 51.032827332250285 ], [ -0.291641896671339, 51.032827332250285 ], [ -0.291641896671339, 51.026927463422872 ], [ -0.299662633377883, 51.026927463422872 ] ] ] ] } },
{ "type": "Feature", "properties": { }, "geometry": { "type": "MultiPolygon", "coordinates": [ [ [ [ -0.291641896671339, 51.026927463422872 ], [ -0.291641896671339, 51.032827332250285 ], [ -0.283621159964795, 51.032827332250285 ], [ -0.283621159964795, 51.026927463422872 ], [ -0.291641896671339, 51.026927463422872 ] ] ] ] } },
{ "type": "Feature", "properties": { }, "geometry": { "type": "MultiPolygon", "coordinates": [ [ [ [ -0.283621159964795, 51.026927463422872 ], [ -0.283621159964795, 51.032827332250285 ], [ -0.275600423258252, 51.032827332250285 ], [ -0.275600423258252, 51.026927463422872 ], [ -0.283621159964795, 51.026927463422872 ] ] ] ] } },
{ "type": "Feature", "properties": { }, "geometry": { "type": "MultiPolygon", "coordinates": [ [ [ [ -0.275600423258252, 51.026927463422872 ], [ -0.275600423258252, 51.032827332250285 ], [ -0.267579686551708, 51.032827332250285 ], [ -0.267579686551708, 51.026927463422872 ], [ -0.275600423258252, 51.026927463422872 ] ] ] ] } },
{ "type": "Feature", "properties": { }, "geometry": { "type": "MultiPolygon", "coordinates": [ [ [ [ -0.4680981042153, 51.021027594595466 ], [ -0.4680981042153, 51.026927463422879 ], [ -0.460077367508756, 51.026927463422879 ], [ -0.460077367508756, 51.021027594595466 ], [ -0.4680981042153, 51.021027594595466 ] ] ] ] } },
{ "type": "Feature", "properties": { }, "geometry": { "type": "MultiPolygon", "coordinates": [ [ [ [ -0.460077367508756, 51.021027594595466 ], [ -0.460077367508756, 51.026927463422879 ], [ -0.452056630802213, 51.026927463422879 ], [ -0.452056630802213, 51.021027594595466 ], [ -0.460077367508756, 51.021027594595466 ] ] ] ] } },
{ "type": "Feature", "properties": { }, "geometry": { "type": "MultiPolygon", "coordinates": [ [ [ [ -0.452056630802213, 51.021027594595466 ], [ -0.452056630802213, 51.026927463422879 ], [ -0.444035894095669, 51.026927463422879 ], [ -0.444035894095669, 51.021027594595466 ], [ -0.452056630802213, 51.021027594595466 ] ] ] ] } },
{ "type": "Feature", "properties": { }, "geometry": { "type": "MultiPolygon", "coordinates": [ [ [ [ -0.444035894095669, 51.021027594595466 ], [ -0.444035894095669, 51.026927463422879 ], [ -0.436015157389125, 51.026927463422879 ], [ -0.436015157389125, 51.021027594595466 ], [ -0.444035894095669, 51.021027594595466 ] ] ] ] } },
{ "type": "Feature", "properties": { }, "geometry": { "type": "MultiPolygon", "coordinates": [ [ [ [ -0.436015157389125, 51.021027594595466 ], [ -0.436015157389125, 51.026927463422879 ], [ -0.427994420682582, 51.026927463422879 ], [ -0.427994420682582, 51.021027594595466 ], [ -0.436015157389125, 51.021027594595466 ] ] ] ] } },
{ "type": "Feature", "properties": { }, "geometry": { "type": "MultiPolygon", "coordinates": [ [ [ [ -0.427994420682582, 51.021027594595466 ], [ -0.427994420682582, 51.026927463422879 ], [ -0.419973683976038, 51.026927463422879 ], [ -0.419973683976038, 51.021027594595466 ], [ -0.427994420682582, 51.021027594595466 ] ] ] ] } },
{ "type": "Feature", "properties": { }, "geometry": { "type": "MultiPolygon", "coordinates": [ [ [ [ -0.419973683976038, 51.021027594595466 ], [ -0.419973683976038, 51.026927463422879 ], [ -0.411952947269494, 51.026927463422879 ], [ -0.411952947269494, 51.021027594595466 ], [ -0.419973683976038, 51.021027594595466 ] ] ] ] } },
{ "type": "Feature", "properties": { }, "geometry": { "type": "MultiPolygon", "coordinates": [ [ [ [ -0.411952947269494, 51.021027594595466 ], [ -0.411952947269494, 51.026927463422879 ], [ -0.403932210562951, 51.026927463422879 ], [ -0.403932210562951, 51.021027594595466 ], [ -0.411952947269494, 51.021027594595466 ] ] ] ] } },
{ "type": "Feature", "properties": { }, "geometry": { "type": "MultiPolygon", "coordinates": [ [ [ [ -0.403932210562951, 51.021027594595466 ], [ -0.403932210562951, 51.026927463422879 ], [ -0.395911473856407, 51.026927463422879 ], [ -0.395911473856407, 51.021027594595466 ], [ -0.403932210562951, 51.021027594595466 ] ] ] ] } },
{ "type": "Feature", "properties": { }, "geometry": { "type": "MultiPolygon", "coordinates": [ [ [ [ -0.395911473856407, 51.021027594595466 ], [ -0.395911473856407, 51.026927463422879 ], [ -0.387890737149863, 51.026927463422879 ], [ -0.387890737149863, 51.021027594595466 ], [ -0.395911473856407, 51.021027594595466 ] ] ] ] } },
{ "type": "Feature", "properties": { }, "geometry": { "type": "MultiPolygon", "coordinates": [ [ [ [ -0.387890737149863, 51.021027594595466 ], [ -0.387890737149863, 51.026927463422879 ], [ -0.37987000044332, 51.026927463422879 ], [ -0.37987000044332, 51.021027594595466 ], [ -0.387890737149863, 51.021027594595466 ] ] ] ] } },
{ "type": "Feature", "properties": { }, "geometry": { "type": "MultiPolygon", "coordinates": [ [ [ [ -0.37987000044332, 51.021027594595466 ], [ -0.37987000044332, 51.026927463422879 ], [ -0.371849263736776, 51.026927463422879 ], [ -0.371849263736776, 51.021027594595466 ], [ -0.37987000044332, 51.021027594595466 ] ] ] ] } },
{ "type": "Feature", "properties": { }, "geometry": { "type": "MultiPolygon", "coordinates": [ [ [ [ -0.371849263736776, 51.021027594595466 ], [ -0.371849263736776, 51.026927463422879 ], [ -0.363828527030232, 51.026927463422879 ], [ -0.363828527030232, 51.021027594595466 ], [ -0.371849263736776, 51.021027594595466 ] ] ] ] } },
{ "type": "Feature", "properties": { }, "geometry": { "type": "MultiPolygon", "coordinates": [ [ [ [ -0.363828527030232, 51.021027594595466 ], [ -0.363828527030232, 51.026927463422879 ], [ -0.355807790323688, 51.026927463422879 ], [ -0.355807790323688, 51.021027594595466 ], [ -0.363828527030232, 51.021027594595466 ] ] ] ] } },
{ "type": "Feature", "properties": { }, "geometry": { "type": "MultiPolygon", "coordinates": [ [ [ [ -0.355807790323688, 51.021027594595466 ], [ -0.355807790323688, 51.026927463422879 ], [ -0.347787053617145, 51.026927463422879 ], [ -0.347787053617145, 51.021027594595466 ], [ -0.355807790323688, 51.021027594595466 ] ] ] ] } },
{ "type": "Feature", "properties": { }, "geometry": { "type": "MultiPolygon", "coordinates": [ [ [ [ -0.347787053617145, 51.021027594595466 ], [ -0.347787053617145, 51.026927463422879 ], [ -0.339766316910601, 51.026927463422879 ], [ -0.339766316910601, 51.021027594595466 ], [ -0.347787053617145, 51.021027594595466 ] ] ] ] } },
{ "type": "Feature", "properties": { }, "geometry": { "type": "MultiPolygon", "coordinates": [ [ [ [ -0.339766316910601, 51.021027594595466 ], [ -0.339766316910601, 51.026927463422879 ], [ -0.331745580204057, 51.026927463422879 ], [ -0.331745580204057, 51.021027594595466 ], [ -0.339766316910601, 51.021027594595466 ] ] ] ] } },
{ "type": "Feature", "properties": { }, "geometry": { "type": "MultiPolygon", "coordinates": [ [ [ [ -0.331745580204057, 51.021027594595466 ], [ -0.331745580204057, 51.026927463422879 ], [ -0.323724843497514, 51.026927463422879 ], [ -0.323724843497514, 51.021027594595466 ], [ -0.331745580204057, 51.021027594595466 ] ] ] ] } },
{ "type": "Feature", "properties": { }, "geometry": { "type": "MultiPolygon", "coordinates": [ [ [ [ -0.323724843497514, 51.021027594595466 ], [ -0.323724843497514, 51.026927463422879 ], [ -0.31570410679097, 51.026927463422879 ], [ -0.31570410679097, 51.021027594595466 ], [ -0.323724843497514, 51.021027594595466 ] ] ] ] } },
{ "type": "Feature", "properties": { }, "geometry": { "type": "MultiPolygon", "coordinates": [ [ [ [ -0.31570410679097, 51.021027594595466 ], [ -0.31570410679097, 51.026927463422879 ], [ -0.307683370084426, 51.026927463422879 ], [ -0.307683370084426, 51.021027594595466 ], [ -0.31570410679097, 51.021027594595466 ] ] ] ] } },
{ "type": "Feature", "properties": { }, "geometry": { "type": "MultiPolygon", "coordinates": [ [ [ [ -0.307683370084426, 51.021027594595466 ], [ -0.307683370084426, 51.026927463422879 ], [ -0.299662633377883, 51.026927463422879 ], [ -0.299662633377883, 51.021027594595466 ], [ -0.307683370084426, 51.021027594595466 ] ] ] ] } },
{ "type": "Feature", "properties": { }, "geometry": { "type": "MultiPolygon", "coordinates": [ [ [ [ -0.299662633377883, 51.021027594595466 ], [ -0.299662633377883, 51.026927463422879 ], [ -0.291641896671339, 51.026927463422879 ], [ -0.291641896671339, 51.021027594595466 ], [ -0.299662633377883, 51.021027594595466 ] ] ] ] } },
{ "type": "Feature", "properties": { }, "geometry": { "type": "MultiPolygon", "coordinates": [ [ [ [ -0.291641896671339, 51.021027594595466 ], [ -0.291641896671339, 51.026927463422879 ], [ -0.283621159964795, 51.026927463422879 ], [ -0.283621159964795, 51.021027594595466 ], [ -0.291641896671339, 51.021027594595466 ] ] ] ] } },
{ "type": "Feature", "properties": { }, "geometry": { "type": "MultiPolygon", "coordinates": [ [ [ [ -0.283621159964795, 51.021027594595466 ], [ -0.283621159964795, 51.026927463422879 ], [ -0.275600423258252, 51.026927463422879 ], [ -0.275600423258252, 51.021027594595466 ], [ -0.283621159964795, 51.021027594595466 ] ] ] ] } },
{ "type": "Feature", "properties": { }, "geometry": { "type": "MultiPolygon", "coordinates": [ [ [ [ -0.275600423258252, 51.021027594595466 ], [ -0.275600423258252, 51.026927463422879 ], [ -0.267579686551708, 51.026927463422879 ], [ -0.267579686551708, 51.021027594595466 ], [ -0.275600423258252, 51.021027594595466 ] ] ] ] } },
{ "type": "Feature", "properties": { }, "geometry": { "type": "MultiPolygon", "coordinates": [ [ [ [ -0.4680981042153, 51.015127725768053 ], [ -0.4680981042153, 51.021027594595466 ], [ -0.460077367508756, 51.021027594595466 ], [ -0.460077367508756, 51.015127725768053 ], [ -0.4680981042153, 51.015127725768053 ] ] ] ] } },
{ "type": "Feature", "properties": { }, "geometry": { "type": "MultiPolygon", "coordinates": [ [ [ [ -0.460077367508756, 51.015127725768053 ], [ -0.460077367508756, 51.021027594595466 ], [ -0.452056630802213, 51.021027594595466 ], [ -0.452056630802213, 51.015127725768053 ], [ -0.460077367508756, 51.015127725768053 ] ] ] ] } },
{ "type": "Feature", "properties": { }, "geometry": { "type": "MultiPolygon", "coordinates": [ [ [ [ -0.452056630802213, 51.015127725768053 ], [ -0.452056630802213, 51.021027594595466 ], [ -0.444035894095669, 51.021027594595466 ], [ -0.444035894095669, 51.015127725768053 ], [ -0.452056630802213, 51.015127725768053 ] ] ] ] } },
{ "type": "Feature", "properties": { }, "geometry": { "type": "MultiPolygon", "coordinates": [ [ [ [ -0.444035894095669, 51.015127725768053 ], [ -0.444035894095669, 51.021027594595466 ], [ -0.436015157389125, 51.021027594595466 ], [ -0.436015157389125, 51.015127725768053 ], [ -0.444035894095669, 51.015127725768053 ] ] ] ] } },
{ "type": "Feature", "properties": { }, "geometry": { "type": "MultiPolygon", "coordinates": [ [ [ [ -0.436015157389125, 51.015127725768053 ], [ -0.436015157389125, 51.021027594595466 ], [ -0.427994420682582, 51.021027594595466 ], [ -0.427994420682582, 51.015127725768053 ], [ -0.436015157389125, 51.015127725768053 ] ] ] ] } },
{ "type": "Feature", "properties": { }, "geometry": { "type": "MultiPolygon", "coordinates": [ [ [ [ -0.427994420682582, 51.015127725768053 ], [ -0.427994420682582, 51.021027594595466 ], [ -0.419973683976038, 51.021027594595466 ], [ -0.419973683976038, 51.015127725768053 ], [ -0.427994420682582, 51.015127725768053 ] ] ] ] } },
{ "type": "Feature", "properties": { }, "geometry": { "type": "MultiPolygon", "coordinates": [ [ [ [ -0.419973683976038, 51.015127725768053 ], [ -0.419973683976038, 51.021027594595466 ], [ -0.411952947269494, 51.021027594595466 ], [ -0.411952947269494, 51.015127725768053 ], [ -0.419973683976038, 51.015127725768053 ] ] ] ] } },
{ "type": "Feature", "properties": { }, "geometry": { "type": "MultiPolygon", "coordinates": [ [ [ [ -0.411952947269494, 51.015127725768053 ], [ -0.411952947269494, 51.021027594595466 ], [ -0.403932210562951, 51.021027594595466 ], [ -0.403932210562951, 51.015127725768053 ], [ -0.411952947269494, 51.015127725768053 ] ] ] ] } },
{ "type": "Feature", "properties": { }, "geometry": { "type": "MultiPolygon", "coordinates": [ [ [ [ -0.403932210562951, 51.015127725768053 ], [ -0.403932210562951, 51.021027594595466 ], [ -0.395911473856407, 51.021027594595466 ], [ -0.395911473856407, 51.015127725768053 ], [ -0.403932210562951, 51.015127725768053 ] ] ] ] } },
{ "type": "Feature", "properties": { }, "geometry": { "type": "MultiPolygon", "coordinates": [ [ [ [ -0.395911473856407, 51.015127725768053 ], [ -0.395911473856407, 51.021027594595466 ], [ -0.387890737149863, 51.021027594595466 ], [ -0.387890737149863, 51.015127725768053 ], [ -0.395911473856407, 51.015127725768053 ] ] ] ] } },
{ "type": "Feature", "properties": { }, "geometry": { "type": "MultiPolygon", "coordinates": [ [ [ [ -0.387890737149863, 51.015127725768053 ], [ -0.387890737149863, 51.021027594595466 ], [ -0.37987000044332, 51.021027594595466 ], [ -0.37987000044332, 51.015127725768053 ], [ -0.387890737149863, 51.015127725768053 ] ] ] ] } },
{ "type": "Feature", "properties": { }, "geometry": { "type": "MultiPolygon", "coordinates": [ [ [ [ -0.37987000044332, 51.015127725768053 ], [ -0.37987000044332, 51.021027594595466 ], [ -0.371849263736776, 51.021027594595466 ], [ -0.371849263736776, 51.015127725768053 ], [ -0.37987000044332, 51.015127725768053 ] ] ] ] } },
{ "type": "Feature", "properties": { }, "geometry": { "type": "MultiPolygon", "coordinates": [ [ [ [ -0.371849263736776, 51.015127725768053 ], [ -0.371849263736776, 51.021027594595466 ], [ -0.363828527030232, 51.021027594595466 ], [ -0.363828527030232, 51.015127725768053 ], [ -0.371849263736776, 51.015127725768053 ] ] ] ] } },
{ "type": "Feature", "properties": { }, "geometry": { "type": "MultiPolygon", "coordinates": [ [ [ [ -0.363828527030232, 51.015127725768053 ], [ -0.363828527030232, 51.021027594595466 ], [ -0.355807790323688, 51.021027594595466 ], [ -0.355807790323688, 51.015127725768053 ], [ -0.363828527030232, 51.015127725768053 ] ] ] ] } },
{ "type": "Feature", "properties": { }, "geometry": { "type": "MultiPolygon", "coordinates": [ [ [ [ -0.355807790323688, 51.015127725768053 ], [ -0.355807790323688, 51.021027594595466 ], [ -0.347787053617145, 51.021027594595466 ], [ -0.347787053617145, 51.015127725768053 ], [ -0.355807790323688, 51.015127725768053 ] ] ] ] } },
{ "type": "Feature", "properties": { }, "geometry": { "type": "MultiPolygon", "coordinates": [ [ [ [ -0.347787053617145, 51.015127725768053 ], [ -0.347787053617145, 51.021027594595466 ], [ -0.339766316910601, 51.021027594595466 ], [ -0.339766316910601, 51.015127725768053 ], [ -0.347787053617145, 51.015127725768053 ] ] ] ] } },
{ "type": "Feature", "properties": { }, "geometry": { "type": "MultiPolygon", "coordinates": [ [ [ [ -0.339766316910601, 51.015127725768053 ], [ -0.339766316910601, 51.021027594595466 ], [ -0.331745580204057, 51.021027594595466 ], [ -0.331745580204057, 51.015127725768053 ], [ -0.339766316910601, 51.015127725768053 ] ] ] ] } },
{ "type": "Feature", "properties": { }, "geometry": { "type": "MultiPolygon", "coordinates": [ [ [ [ -0.331745580204057, 51.015127725768053 ], [ -0.331745580204057, 51.021027594595466 ], [ -0.323724843497514, 51.021027594595466 ], [ -0.323724843497514, 51.015127725768053 ], [ -0.331745580204057, 51.015127725768053 ] ] ] ] } },
{ "type": "Feature", "properties": { }, "geometry": { "type": "MultiPolygon", "coordinates": [ [ [ [ -0.323724843497514, 51.015127725768053 ], [ -0.323724843497514, 51.021027594595466 ], [ -0.31570410679097, 51.021027594595466 ], [ -0.31570410679097, 51.015127725768053 ], [ -0.323724843497514, 51.015127725768053 ] ] ] ] } },
{ "type": "Feature", "properties": { }, "geometry": { "type": "MultiPolygon", "coordinates": [ [ [ [ -0.31570410679097, 51.015127725768053 ], [ -0.31570410679097, 51.021027594595466 ], [ -0.307683370084426, 51.021027594595466 ], [ -0.307683370084426, 51.015127725768053 ], [ -0.31570410679097, 51.015127725768053 ] ] ] ] } },
{ "type": "Feature", "properties": { }, "geometry": { "type": "MultiPolygon", "coordinates": [ [ [ [ -0.307683370084426, 51.015127725768053 ], [ -0.307683370084426, 51.021027594595466 ], [ -0.299662633377883, 51.021027594595466 ], [ -0.299662633377883, 51.015127725768053 ], [ -0.307683370084426, 51.015127725768053 ] ] ] ] } },
{ "type": "Feature", "properties": { }, "geometry": { "type": "MultiPolygon", "coordinates": [ [ [ [ -0.299662633377883, 51.015127725768053 ], [ -0.299662633377883, 51.021027594595466 ], [ -0.291641896671339, 51.021027594595466 ], [ -0.291641896671339, 51.015127725768053 ], [ -0.299662633377883, 51.015127725768053 ] ] ] ] } },
{ "type": "Feature", "properties": { }, "geometry": { "type": "MultiPolygon", "coordinates": [ [ [ [ -0.291641896671339, 51.015127725768053 ], [ -0.291641896671339, 51.021027594595466 ], [ -0.283621159964795, 51.021027594595466 ], [ -0.283621159964795, 51.015127725768053 ], [ -0.291641896671339, 51.015127725768053 ] ] ] ] } },
{ "type": "Feature", "properties": { }, "geometry": { "type": "MultiPolygon", "coordinates": [ [ [ [ -0.283621159964795, 51.015127725768053 ], [ -0.283621159964795, 51.021027594595466 ], [ -0.275600423258252, 51.021027594595466 ], [ -0.275600423258252, 51.015127725768053 ], [ -0.283621159964795, 51.015127725768053 ] ] ] ] } },
{ "type": "Feature", "properties": { }, "geometry": { "type": "MultiPolygon", "coordinates": [ [ [ [ -0.275600423258252, 51.015127725768053 ], [ -0.275600423258252, 51.021027594595466 ], [ -0.267579686551708, 51.021027594595466 ], [ -0.267579686551708, 51.015127725768053 ], [ -0.275600423258252, 51.015127725768053 ] ] ] ] } },
{ "type": "Feature", "properties": { }, "geometry": { "type": "MultiPolygon", "coordinates": [ [ [ [ -0.4680981042153, 51.009227856940647 ], [ -0.4680981042153, 51.01512772576806 ], [ -0.460077367508756, 51.01512772576806 ], [ -0.460077367508756, 51.009227856940647 ], [ -0.4680981042153, 51.009227856940647 ] ] ] ] } },
{ "type": "Feature", "properties": { }, "geometry": { "type": "MultiPolygon", "coordinates": [ [ [ [ -0.460077367508756, 51.009227856940647 ], [ -0.460077367508756, 51.01512772576806 ], [ -0.452056630802213, 51.01512772576806 ], [ -0.452056630802213, 51.009227856940647 ], [ -0.460077367508756, 51.009227856940647 ] ] ] ] } },
{ "type": "Feature", "properties": { }, "geometry": { "type": "MultiPolygon", "coordinates": [ [ [ [ -0.452056630802213, 51.009227856940647 ], [ -0.452056630802213, 51.01512772576806 ], [ -0.444035894095669, 51.01512772576806 ], [ -0.444035894095669, 51.009227856940647 ], [ -0.452056630802213, 51.009227856940647 ] ] ] ] } },
{ "type": "Feature", "properties": { }, "geometry": { "type": "MultiPolygon", "coordinates": [ [ [ [ -0.444035894095669, 51.009227856940647 ], [ -0.444035894095669, 51.01512772576806 ], [ -0.436015157389125, 51.01512772576806 ], [ -0.436015157389125, 51.009227856940647 ], [ -0.444035894095669, 51.009227856940647 ] ] ] ] } },
{ "type": "Feature", "properties": { }, "geometry": { "type": "MultiPolygon", "coordinates": [ [ [ [ -0.436015157389125, 51.009227856940647 ], [ -0.436015157389125, 51.01512772576806 ], [ -0.427994420682582, 51.01512772576806 ], [ -0.427994420682582, 51.009227856940647 ], [ -0.436015157389125, 51.009227856940647 ] ] ] ] } },
{ "type": "Feature", "properties": { }, "geometry": { "type": "MultiPolygon", "coordinates": [ [ [ [ -0.427994420682582, 51.009227856940647 ], [ -0.427994420682582, 51.01512772576806 ], [ -0.419973683976038, 51.01512772576806 ], [ -0.419973683976038, 51.009227856940647 ], [ -0.427994420682582, 51.009227856940647 ] ] ] ] } },
{ "type": "Feature", "properties": { }, "geometry": { "type": "MultiPolygon", "coordinates": [ [ [ [ -0.419973683976038, 51.009227856940647 ], [ -0.419973683976038, 51.01512772576806 ], [ -0.411952947269494, 51.01512772576806 ], [ -0.411952947269494, 51.009227856940647 ], [ -0.419973683976038, 51.009227856940647 ] ] ] ] } },
{ "type": "Feature", "properties": { }, "geometry": { "type": "MultiPolygon", "coordinates": [ [ [ [ -0.411952947269494, 51.009227856940647 ], [ -0.411952947269494, 51.01512772576806 ], [ -0.403932210562951, 51.01512772576806 ], [ -0.403932210562951, 51.009227856940647 ], [ -0.411952947269494, 51.009227856940647 ] ] ] ] } },
{ "type": "Feature", "properties": { }, "geometry": { "type": "MultiPolygon", "coordinates": [ [ [ [ -0.403932210562951, 51.009227856940647 ], [ -0.403932210562951, 51.01512772576806 ], [ -0.395911473856407, 51.01512772576806 ], [ -0.395911473856407, 51.009227856940647 ], [ -0.403932210562951, 51.009227856940647 ] ] ] ] } },
{ "type": "Feature", "properties": { }, "geometry": { "type": "MultiPolygon", "coordinates": [ [ [ [ -0.395911473856407, 51.009227856940647 ], [ -0.395911473856407, 51.01512772576806 ], [ -0.387890737149863, 51.01512772576806 ], [ -0.387890737149863, 51.009227856940647 ], [ -0.395911473856407, 51.009227856940647 ] ] ] ] } },
{ "type": "Feature", "properties": { }, "geometry": { "type": "MultiPolygon", "coordinates": [ [ [ [ -0.387890737149863, 51.009227856940647 ], [ -0.387890737149863, 51.01512772576806 ], [ -0.37987000044332, 51.01512772576806 ], [ -0.37987000044332, 51.009227856940647 ], [ -0.387890737149863, 51.009227856940647 ] ] ] ] } },
{ "type": "Feature", "properties": { }, "geometry": { "type": "MultiPolygon", "coordinates": [ [ [ [ -0.37987000044332, 51.009227856940647 ], [ -0.37987000044332, 51.01512772576806 ], [ -0.371849263736776, 51.01512772576806 ], [ -0.371849263736776, 51.009227856940647 ], [ -0.37987000044332, 51.009227856940647 ] ] ] ] } },
{ "type": "Feature", "properties": { }, "geometry": { "type": "MultiPolygon", "coordinates": [ [ [ [ -0.371849263736776, 51.009227856940647 ], [ -0.371849263736776, 51.01512772576806 ], [ -0.363828527030232, 51.01512772576806 ], [ -0.363828527030232, 51.009227856940647 ], [ -0.371849263736776, 51.009227856940647 ] ] ] ] } },
{ "type": "Feature", "properties": { }, "geometry": { "type": "MultiPolygon", "coordinates": [ [ [ [ -0.363828527030232, 51.009227856940647 ], [ -0.363828527030232, 51.01512772576806 ], [ -0.355807790323688, 51.01512772576806 ], [ -0.355807790323688, 51.009227856940647 ], [ -0.363828527030232, 51.009227856940647 ] ] ] ] } },
{ "type": "Feature", "properties": { }, "geometry": { "type": "MultiPolygon", "coordinates": [ [ [ [ -0.355807790323688, 51.009227856940647 ], [ -0.355807790323688, 51.01512772576806 ], [ -0.347787053617145, 51.01512772576806 ], [ -0.347787053617145, 51.009227856940647 ], [ -0.355807790323688, 51.009227856940647 ] ] ] ] } },
{ "type": "Feature", "properties": { }, "geometry": { "type": "MultiPolygon", "coordinates": [ [ [ [ -0.347787053617145, 51.009227856940647 ], [ -0.347787053617145, 51.01512772576806 ], [ -0.339766316910601, 51.01512772576806 ], [ -0.339766316910601, 51.009227856940647 ], [ -0.347787053617145, 51.009227856940647 ] ] ] ] } },
{ "type": "Feature", "properties": { }, "geometry": { "type": "MultiPolygon", "coordinates": [ [ [ [ -0.339766316910601, 51.009227856940647 ], [ -0.339766316910601, 51.01512772576806 ], [ -0.331745580204057, 51.01512772576806 ], [ -0.331745580204057, 51.009227856940647 ], [ -0.339766316910601, 51.009227856940647 ] ] ] ] } },
{ "type": "Feature", "properties": { }, "geometry": { "type": "MultiPolygon", "coordinates": [ [ [ [ -0.331745580204057, 51.009227856940647 ], [ -0.331745580204057, 51.01512772576806 ], [ -0.323724843497514, 51.01512772576806 ], [ -0.323724843497514, 51.009227856940647 ], [ -0.331745580204057, 51.009227856940647 ] ] ] ] } },
{ "type": "Feature", "properties": { }, "geometry": { "type": "MultiPolygon", "coordinates": [ [ [ [ -0.323724843497514, 51.009227856940647 ], [ -0.323724843497514, 51.01512772576806 ], [ -0.31570410679097, 51.01512772576806 ], [ -0.31570410679097, 51.009227856940647 ], [ -0.323724843497514, 51.009227856940647 ] ] ] ] } },
{ "type": "Feature", "properties": { }, "geometry": { "type": "MultiPolygon", "coordinates": [ [ [ [ -0.31570410679097, 51.009227856940647 ], [ -0.31570410679097, 51.01512772576806 ], [ -0.307683370084426, 51.01512772576806 ], [ -0.307683370084426, 51.009227856940647 ], [ -0.31570410679097, 51.009227856940647 ] ] ] ] } },
{ "type": "Feature", "properties": { }, "geometry": { "type": "MultiPolygon", "coordinates": [ [ [ [ -0.307683370084426, 51.009227856940647 ], [ -0.307683370084426, 51.01512772576806 ], [ -0.299662633377883, 51.01512772576806 ], [ -0.299662633377883, 51.009227856940647 ], [ -0.307683370084426, 51.009227856940647 ] ] ] ] } },
{ "type": "Feature", "properties": { }, "geometry": { "type": "MultiPolygon", "coordinates": [ [ [ [ -0.299662633377883, 51.009227856940647 ], [ -0.299662633377883, 51.01512772576806 ], [ -0.291641896671339, 51.01512772576806 ], [ -0.291641896671339, 51.009227856940647 ], [ -0.299662633377883, 51.009227856940647 ] ] ] ] } },
{ "type": "Feature", "properties": { }, "geometry": { "type": "MultiPolygon", "coordinates": [ [ [ [ -0.291641896671339, 51.009227856940647 ], [ -0.291641896671339, 51.01512772576806 ], [ -0.283621159964795, 51.01512772576806 ], [ -0.283621159964795, 51.009227856940647 ], [ -0.291641896671339, 51.009227856940647 ] ] ] ] } },
{ "type": "Feature", "properties": { }, "geometry": { "type": "MultiPolygon", "coordinates": [ [ [ [ -0.283621159964795, 51.009227856940647 ], [ -0.283621159964795, 51.01512772576806 ], [ -0.275600423258252, 51.01512772576806 ], [ -0.275600423258252, 51.009227856940647 ], [ -0.283621159964795, 51.009227856940647 ] ] ] ] } },
{ "type": "Feature", "properties": { }, "geometry": { "type": "MultiPolygon", "coordinates": [ [ [ [ -0.275600423258252, 51.009227856940647 ], [ -0.275600423258252, 51.01512772576806 ], [ -0.267579686551708, 51.01512772576806 ], [ -0.267579686551708, 51.009227856940647 ], [ -0.275600423258252, 51.009227856940647 ] ] ] ] } },
{ "type": "Feature", "properties": { }, "geometry": { "type": "MultiPolygon", "coordinates": [ [ [ [ -0.4680981042153, 51.003327988113234 ], [ -0.4680981042153, 51.009227856940647 ], [ -0.460077367508756, 51.009227856940647 ], [ -0.460077367508756, 51.003327988113234 ], [ -0.4680981042153, 51.003327988113234 ] ] ] ] } },
{ "type": "Feature", "properties": { }, "geometry": { "type": "MultiPolygon", "coordinates": [ [ [ [ -0.460077367508756, 51.003327988113234 ], [ -0.460077367508756, 51.009227856940647 ], [ -0.452056630802213, 51.009227856940647 ], [ -0.452056630802213, 51.003327988113234 ], [ -0.460077367508756, 51.003327988113234 ] ] ] ] } },
{ "type": "Feature", "properties": { }, "geometry": { "type": "MultiPolygon", "coordinates": [ [ [ [ -0.452056630802213, 51.003327988113234 ], [ -0.452056630802213, 51.009227856940647 ], [ -0.444035894095669, 51.009227856940647 ], [ -0.444035894095669, 51.003327988113234 ], [ -0.452056630802213, 51.003327988113234 ] ] ] ] } },
{ "type": "Feature", "properties": { }, "geometry": { "type": "MultiPolygon", "coordinates": [ [ [ [ -0.444035894095669, 51.003327988113234 ], [ -0.444035894095669, 51.009227856940647 ], [ -0.436015157389125, 51.009227856940647 ], [ -0.436015157389125, 51.003327988113234 ], [ -0.444035894095669, 51.003327988113234 ] ] ] ] } },
{ "type": "Feature", "properties": { }, "geometry": { "type": "MultiPolygon", "coordinates": [ [ [ [ -0.436015157389125, 51.003327988113234 ], [ -0.436015157389125, 51.009227856940647 ], [ -0.427994420682582, 51.009227856940647 ], [ -0.427994420682582, 51.003327988113234 ], [ -0.436015157389125, 51.003327988113234 ] ] ] ] } },
{ "type": "Feature", "properties": { }, "geometry": { "type": "MultiPolygon", "coordinates": [ [ [ [ -0.427994420682582, 51.003327988113234 ], [ -0.427994420682582, 51.009227856940647 ], [ -0.419973683976038, 51.009227856940647 ], [ -0.419973683976038, 51.003327988113234 ], [ -0.427994420682582, 51.003327988113234 ] ] ] ] } },
{ "type": "Feature", "properties": { }, "geometry": { "type": "MultiPolygon", "coordinates": [ [ [ [ -0.419973683976038, 51.003327988113234 ], [ -0.419973683976038, 51.009227856940647 ], [ -0.411952947269494, 51.009227856940647 ], [ -0.411952947269494, 51.003327988113234 ], [ -0.419973683976038, 51.003327988113234 ] ] ] ] } },
{ "type": "Feature", "properties": { }, "geometry": { "type": "MultiPolygon", "coordinates": [ [ [ [ -0.411952947269494, 51.003327988113234 ], [ -0.411952947269494, 51.009227856940647 ], [ -0.403932210562951, 51.009227856940647 ], [ -0.403932210562951, 51.003327988113234 ], [ -0.411952947269494, 51.003327988113234 ] ] ] ] } },
{ "type": "Feature", "properties": { }, "geometry": { "type": "MultiPolygon", "coordinates": [ [ [ [ -0.403932210562951, 51.003327988113234 ], [ -0.403932210562951, 51.009227856940647 ], [ -0.395911473856407, 51.009227856940647 ], [ -0.395911473856407, 51.003327988113234 ], [ -0.403932210562951, 51.003327988113234 ] ] ] ] } },
{ "type": "Feature", "properties": { }, "geometry": { "type": "MultiPolygon", "coordinates": [ [ [ [ -0.395911473856407, 51.003327988113234 ], [ -0.395911473856407, 51.009227856940647 ], [ -0.387890737149863, 51.009227856940647 ], [ -0.387890737149863, 51.003327988113234 ], [ -0.395911473856407, 51.003327988113234 ] ] ] ] } },
{ "type": "Feature", "properties": { }, "geometry": { "type": "MultiPolygon", "coordinates": [ [ [ [ -0.387890737149863, 51.003327988113234 ], [ -0.387890737149863, 51.009227856940647 ], [ -0.37987000044332, 51.009227856940647 ], [ -0.37987000044332, 51.003327988113234 ], [ -0.387890737149863, 51.003327988113234 ] ] ] ] } },
{ "type": "Feature", "properties": { }, "geometry": { "type": "MultiPolygon", "coordinates": [ [ [ [ -0.37987000044332, 51.003327988113234 ], [ -0.37987000044332, 51.009227856940647 ], [ -0.371849263736776, 51.009227856940647 ], [ -0.371849263736776, 51.003327988113234 ], [ -0.37987000044332, 51.003327988113234 ] ] ] ] } },
{ "type": "Feature", "properties": { }, "geometry": { "type": "MultiPolygon", "coordinates": [ [ [ [ -0.371849263736776, 51.003327988113234 ], [ -0.371849263736776, 51.009227856940647 ], [ -0.363828527030232, 51.009227856940647 ], [ -0.363828527030232, 51.003327988113234 ], [ -0.371849263736776, 51.003327988113234 ] ] ] ] } },
{ "type": "Feature", "properties": { }, "geometry": { "type": "MultiPolygon", "coordinates": [ [ [ [ -0.363828527030232, 51.003327988113234 ], [ -0.363828527030232, 51.009227856940647 ], [ -0.355807790323688, 51.009227856940647 ], [ -0.355807790323688, 51.003327988113234 ], [ -0.363828527030232, 51.003327988113234 ] ] ] ] } },
{ "type": "Feature", "properties": { }, "geometry": { "type": "MultiPolygon", "coordinates": [ [ [ [ -0.355807790323688, 51.003327988113234 ], [ -0.355807790323688, 51.009227856940647 ], [ -0.347787053617145, 51.009227856940647 ], [ -0.347787053617145, 51.003327988113234 ], [ -0.355807790323688, 51.003327988113234 ] ] ] ] } },
{ "type": "Feature", "properties": { }, "geometry": { "type": "MultiPolygon", "coordinates": [ [ [ [ -0.347787053617145, 51.003327988113234 ], [ -0.347787053617145, 51.009227856940647 ], [ -0.339766316910601, 51.009227856940647 ], [ -0.339766316910601, 51.003327988113234 ], [ -0.347787053617145, 51.003327988113234 ] ] ] ] } },
{ "type": "Feature", "properties": { }, "geometry": { "type": "MultiPolygon", "coordinates": [ [ [ [ -0.339766316910601, 51.003327988113234 ], [ -0.339766316910601, 51.009227856940647 ], [ -0.331745580204057, 51.009227856940647 ], [ -0.331745580204057, 51.003327988113234 ], [ -0.339766316910601, 51.003327988113234 ] ] ] ] } },
{ "type": "Feature", "properties": { }, "geometry": { "type": "MultiPolygon", "coordinates": [ [ [ [ -0.331745580204057, 51.003327988113234 ], [ -0.331745580204057, 51.009227856940647 ], [ -0.323724843497514, 51.009227856940647 ], [ -0.323724843497514, 51.003327988113234 ], [ -0.331745580204057, 51.003327988113234 ] ] ] ] } },
{ "type": "Feature", "properties": { }, "geometry": { "type": "MultiPolygon", "coordinates": [ [ [ [ -0.323724843497514, 51.003327988113234 ], [ -0.323724843497514, 51.009227856940647 ], [ -0.31570410679097, 51.009227856940647 ], [ -0.31570410679097, 51.003327988113234 ], [ -0.323724843497514, 51.003327988113234 ] ] ] ] } },
{ "type": "Feature", "properties": { }, "geometry": { "type": "MultiPolygon", "coordinates": [ [ [ [ -0.31570410679097, 51.003327988113234 ], [ -0.31570410679097, 51.009227856940647 ], [ -0.307683370084426, 51.009227856940647 ], [ -0.307683370084426, 51.003327988113234 ], [ -0.31570410679097, 51.003327988113234 ] ] ] ] } },
{ "type": "Feature", "properties": { }, "geometry": { "type": "MultiPolygon", "coordinates": [ [ [ [ -0.307683370084426, 51.003327988113234 ], [ -0.307683370084426, 51.009227856940647 ], [ -0.299662633377883, 51.009227856940647 ], [ -0.299662633377883, 51.003327988113234 ], [ -0.307683370084426, 51.003327988113234 ] ] ] ] } },
{ "type": "Feature", "properties": { }, "geometry": { "type": "MultiPolygon", "coordinates": [ [ [ [ -0.299662633377883, 51.003327988113234 ], [ -0.299662633377883, 51.009227856940647 ], [ -0.291641896671339, 51.009227856940647 ], [ -0.291641896671339, 51.003327988113234 ], [ -0.299662633377883, 51.003327988113234 ] ] ] ] } },
{ "type": "Feature", "properties": { }, "geometry": { "type": "MultiPolygon", "coordinates": [ [ [ [ -0.291641896671339, 51.003327988113234 ], [ -0.291641896671339, 51.009227856940647 ], [ -0.283621159964795, 51.009227856940647 ], [ -0.283621159964795, 51.003327988113234 ], [ -0.291641896671339, 51.003327988113234 ] ] ] ] } },
{ "type": "Feature", "properties": { }, "geometry": { "type": "MultiPolygon", "coordinates": [ [ [ [ -0.283621159964795, 51.003327988113234 ], [ -0.283621159964795, 51.009227856940647 ], [ -0.275600423258252, 51.009227856940647 ], [ -0.275600423258252, 51.003327988113234 ], [ -0.283621159964795, 51.003327988113234 ] ] ] ] } },
{ "type": "Feature", "properties": { }, "geometry": { "type": "MultiPolygon", "coordinates": [ [ [ [ -0.275600423258252, 51.003327988113234 ], [ -0.275600423258252, 51.009227856940647 ], [ -0.267579686551708, 51.009227856940647 ], [ -0.267579686551708, 51.003327988113234 ], [ -0.275600423258252, 51.003327988113234 ] ] ] ] } },
{ "type": "Feature", "properties": { }, "geometry": { "type": "MultiPolygon", "coordinates": [ [ [ [ -0.4680981042153, 50.997428119285829 ], [ -0.4680981042153, 51.003327988113242 ], [ -0.460077367508756, 51.003327988113242 ], [ -0.460077367508756, 50.997428119285829 ], [ -0.4680981042153, 50.997428119285829 ] ] ] ] } },
{ "type": "Feature", "properties": { }, "geometry": { "type": "MultiPolygon", "coordinates": [ [ [ [ -0.460077367508756, 50.997428119285829 ], [ -0.460077367508756, 51.003327988113242 ], [ -0.452056630802213, 51.003327988113242 ], [ -0.452056630802213, 50.997428119285829 ], [ -0.460077367508756, 50.997428119285829 ] ] ] ] } },
{ "type": "Feature", "properties": { }, "geometry": { "type": "MultiPolygon", "coordinates": [ [ [ [ -0.452056630802213, 50.997428119285829 ], [ -0.452056630802213, 51.003327988113242 ], [ -0.444035894095669, 51.003327988113242 ], [ -0.444035894095669, 50.997428119285829 ], [ -0.452056630802213, 50.997428119285829 ] ] ] ] } },
{ "type": "Feature", "properties": { }, "geometry": { "type": "MultiPolygon", "coordinates": [ [ [ [ -0.444035894095669, 50.997428119285829 ], [ -0.444035894095669, 51.003327988113242 ], [ -0.436015157389125, 51.003327988113242 ], [ -0.436015157389125, 50.997428119285829 ], [ -0.444035894095669, 50.997428119285829 ] ] ] ] } },
{ "type": "Feature", "properties": { }, "geometry": { "type": "MultiPolygon", "coordinates": [ [ [ [ -0.436015157389125, 50.997428119285829 ], [ -0.436015157389125, 51.003327988113242 ], [ -0.427994420682582, 51.003327988113242 ], [ -0.427994420682582, 50.997428119285829 ], [ -0.436015157389125, 50.997428119285829 ] ] ] ] } },
{ "type": "Feature", "properties": { }, "geometry": { "type": "MultiPolygon", "coordinates": [ [ [ [ -0.427994420682582, 50.997428119285829 ], [ -0.427994420682582, 51.003327988113242 ], [ -0.419973683976038, 51.003327988113242 ], [ -0.419973683976038, 50.997428119285829 ], [ -0.427994420682582, 50.997428119285829 ] ] ] ] } },
{ "type": "Feature", "properties": { }, "geometry": { "type": "MultiPolygon", "coordinates": [ [ [ [ -0.419973683976038, 50.997428119285829 ], [ -0.419973683976038, 51.003327988113242 ], [ -0.411952947269494, 51.003327988113242 ], [ -0.411952947269494, 50.997428119285829 ], [ -0.419973683976038, 50.997428119285829 ] ] ] ] } },
{ "type": "Feature", "properties": { }, "geometry": { "type": "MultiPolygon", "coordinates": [ [ [ [ -0.411952947269494, 50.997428119285829 ], [ -0.411952947269494, 51.003327988113242 ], [ -0.403932210562951, 51.003327988113242 ], [ -0.403932210562951, 50.997428119285829 ], [ -0.411952947269494, 50.997428119285829 ] ] ] ] } },
{ "type": "Feature", "properties": { }, "geometry": { "type": "MultiPolygon", "coordinates": [ [ [ [ -0.403932210562951, 50.997428119285829 ], [ -0.403932210562951, 51.003327988113242 ], [ -0.395911473856407, 51.003327988113242 ], [ -0.395911473856407, 50.997428119285829 ], [ -0.403932210562951, 50.997428119285829 ] ] ] ] } },
{ "type": "Feature", "properties": { }, "geometry": { "type": "MultiPolygon", "coordinates": [ [ [ [ -0.395911473856407, 50.997428119285829 ], [ -0.395911473856407, 51.003327988113242 ], [ -0.387890737149863, 51.003327988113242 ], [ -0.387890737149863, 50.997428119285829 ], [ -0.395911473856407, 50.997428119285829 ] ] ] ] } },
{ "type": "Feature", "properties": { }, "geometry": { "type": "MultiPolygon", "coordinates": [ [ [ [ -0.387890737149863, 50.997428119285829 ], [ -0.387890737149863, 51.003327988113242 ], [ -0.37987000044332, 51.003327988113242 ], [ -0.37987000044332, 50.997428119285829 ], [ -0.387890737149863, 50.997428119285829 ] ] ] ] } },
{ "type": "Feature", "properties": { }, "geometry": { "type": "MultiPolygon", "coordinates": [ [ [ [ -0.37987000044332, 50.997428119285829 ], [ -0.37987000044332, 51.003327988113242 ], [ -0.371849263736776, 51.003327988113242 ], [ -0.371849263736776, 50.997428119285829 ], [ -0.37987000044332, 50.997428119285829 ] ] ] ] } },
{ "type": "Feature", "properties": { }, "geometry": { "type": "MultiPolygon", "coordinates": [ [ [ [ -0.371849263736776, 50.997428119285829 ], [ -0.371849263736776, 51.003327988113242 ], [ -0.363828527030232, 51.003327988113242 ], [ -0.363828527030232, 50.997428119285829 ], [ -0.371849263736776, 50.997428119285829 ] ] ] ] } },
{ "type": "Feature", "properties": { }, "geometry": { "type": "MultiPolygon", "coordinates": [ [ [ [ -0.363828527030232, 50.997428119285829 ], [ -0.363828527030232, 51.003327988113242 ], [ -0.355807790323688, 51.003327988113242 ], [ -0.355807790323688, 50.997428119285829 ], [ -0.363828527030232, 50.997428119285829 ] ] ] ] } },
{ "type": "Feature", "properties": { }, "geometry": { "type": "MultiPolygon", "coordinates": [ [ [ [ -0.355807790323688, 50.997428119285829 ], [ -0.355807790323688, 51.003327988113242 ], [ -0.347787053617145, 51.003327988113242 ], [ -0.347787053617145, 50.997428119285829 ], [ -0.355807790323688, 50.997428119285829 ] ] ] ] } },
{ "type": "Feature", "properties": { }, "geometry": { "type": "MultiPolygon", "coordinates": [ [ [ [ -0.347787053617145, 50.997428119285829 ], [ -0.347787053617145, 51.003327988113242 ], [ -0.339766316910601, 51.003327988113242 ], [ -0.339766316910601, 50.997428119285829 ], [ -0.347787053617145, 50.997428119285829 ] ] ] ] } },
{ "type": "Feature", "properties": { }, "geometry": { "type": "MultiPolygon", "coordinates": [ [ [ [ -0.339766316910601, 50.997428119285829 ], [ -0.339766316910601, 51.003327988113242 ], [ -0.331745580204057, 51.003327988113242 ], [ -0.331745580204057, 50.997428119285829 ], [ -0.339766316910601, 50.997428119285829 ] ] ] ] } },
{ "type": "Feature", "properties": { }, "geometry": { "type": "MultiPolygon", "coordinates": [ [ [ [ -0.331745580204057, 50.997428119285829 ], [ -0.331745580204057, 51.003327988113242 ], [ -0.323724843497514, 51.003327988113242 ], [ -0.323724843497514, 50.997428119285829 ], [ -0.331745580204057, 50.997428119285829 ] ] ] ] } },
{ "type": "Feature", "properties": { }, "geometry": { "type": "MultiPolygon", "coordinates": [ [ [ [ -0.323724843497514, 50.997428119285829 ], [ -0.323724843497514, 51.003327988113242 ], [ -0.31570410679097, 51.003327988113242 ], [ -0.31570410679097, 50.997428119285829 ], [ -0.323724843497514, 50.997428119285829 ] ] ] ] } },
{ "type": "Feature", "properties": { }, "geometry": { "type": "MultiPolygon", "coordinates": [ [ [ [ -0.31570410679097, 50.997428119285829 ], [ -0.31570410679097, 51.003327988113242 ], [ -0.307683370084426, 51.003327988113242 ], [ -0.307683370084426, 50.997428119285829 ], [ -0.31570410679097, 50.997428119285829 ] ] ] ] } },
{ "type": "Feature", "properties": { }, "geometry": { "type": "MultiPolygon", "coordinates": [ [ [ [ -0.307683370084426, 50.997428119285829 ], [ -0.307683370084426, 51.003327988113242 ], [ -0.299662633377883, 51.003327988113242 ], [ -0.299662633377883, 50.997428119285829 ], [ -0.307683370084426, 50.997428119285829 ] ] ] ] } },
{ "type": "Feature", "properties": { }, "geometry": { "type": "MultiPolygon", "coordinates": [ [ [ [ -0.299662633377883, 50.997428119285829 ], [ -0.299662633377883, 51.003327988113242 ], [ -0.291641896671339, 51.003327988113242 ], [ -0.291641896671339, 50.997428119285829 ], [ -0.299662633377883, 50.997428119285829 ] ] ] ] } },
{ "type": "Feature", "properties": { }, "geometry": { "type": "MultiPolygon", "coordinates": [ [ [ [ -0.291641896671339, 50.997428119285829 ], [ -0.291641896671339, 51.003327988113242 ], [ -0.283621159964795, 51.003327988113242 ], [ -0.283621159964795, 50.997428119285829 ], [ -0.291641896671339, 50.997428119285829 ] ] ] ] } },
{ "type": "Feature", "properties": { }, "geometry": { "type": "MultiPolygon", "coordinates": [ [ [ [ -0.283621159964795, 50.997428119285829 ], [ -0.283621159964795, 51.003327988113242 ], [ -0.275600423258252, 51.003327988113242 ], [ -0.275600423258252, 50.997428119285829 ], [ -0.283621159964795, 50.997428119285829 ] ] ] ] } },
{ "type": "Feature", "properties": { }, "geometry": { "type": "MultiPolygon", "coordinates": [ [ [ [ -0.275600423258252, 50.997428119285829 ], [ -0.275600423258252, 51.003327988113242 ], [ -0.267579686551708, 51.003327988113242 ], [ -0.267579686551708, 50.997428119285829 ], [ -0.275600423258252, 50.997428119285829 ] ] ] ] } },
{ "type": "Feature", "properties": { }, "geometry": { "type": "MultiPolygon", "coordinates": [ [ [ [ -0.4680981042153, 50.991528250458416 ], [ -0.4680981042153, 50.997428119285829 ], [ -0.460077367508756, 50.997428119285829 ], [ -0.460077367508756, 50.991528250458416 ], [ -0.4680981042153, 50.991528250458416 ] ] ] ] } },
{ "type": "Feature", "properties": { }, "geometry": { "type": "MultiPolygon", "coordinates": [ [ [ [ -0.460077367508756, 50.991528250458416 ], [ -0.460077367508756, 50.997428119285829 ], [ -0.452056630802213, 50.997428119285829 ], [ -0.452056630802213, 50.991528250458416 ], [ -0.460077367508756, 50.991528250458416 ] ] ] ] } },
{ "type": "Feature", "properties": { }, "geometry": { "type": "MultiPolygon", "coordinates": [ [ [ [ -0.452056630802213, 50.991528250458416 ], [ -0.452056630802213, 50.997428119285829 ], [ -0.444035894095669, 50.997428119285829 ], [ -0.444035894095669, 50.991528250458416 ], [ -0.452056630802213, 50.991528250458416 ] ] ] ] } },
{ "type": "Feature", "properties": { }, "geometry": { "type": "MultiPolygon", "coordinates": [ [ [ [ -0.444035894095669, 50.991528250458416 ], [ -0.444035894095669, 50.997428119285829 ], [ -0.436015157389125, 50.997428119285829 ], [ -0.436015157389125, 50.991528250458416 ], [ -0.444035894095669, 50.991528250458416 ] ] ] ] } },
{ "type": "Feature", "properties": { }, "geometry": { "type": "MultiPolygon", "coordinates": [ [ [ [ -0.436015157389125, 50.991528250458416 ], [ -0.436015157389125, 50.997428119285829 ], [ -0.427994420682582, 50.997428119285829 ], [ -0.427994420682582, 50.991528250458416 ], [ -0.436015157389125, 50.991528250458416 ] ] ] ] } },
{ "type": "Feature", "properties": { }, "geometry": { "type": "MultiPolygon", "coordinates": [ [ [ [ -0.427994420682582, 50.991528250458416 ], [ -0.427994420682582, 50.997428119285829 ], [ -0.419973683976038, 50.997428119285829 ], [ -0.419973683976038, 50.991528250458416 ], [ -0.427994420682582, 50.991528250458416 ] ] ] ] } },
{ "type": "Feature", "properties": { }, "geometry": { "type": "MultiPolygon", "coordinates": [ [ [ [ -0.419973683976038, 50.991528250458416 ], [ -0.419973683976038, 50.997428119285829 ], [ -0.411952947269494, 50.997428119285829 ], [ -0.411952947269494, 50.991528250458416 ], [ -0.419973683976038, 50.991528250458416 ] ] ] ] } },
{ "type": "Feature", "properties": { }, "geometry": { "type": "MultiPolygon", "coordinates": [ [ [ [ -0.411952947269494, 50.991528250458416 ], [ -0.411952947269494, 50.997428119285829 ], [ -0.403932210562951, 50.997428119285829 ], [ -0.403932210562951, 50.991528250458416 ], [ -0.411952947269494, 50.991528250458416 ] ] ] ] } },
{ "type": "Feature", "properties": { }, "geometry": { "type": "MultiPolygon", "coordinates": [ [ [ [ -0.403932210562951, 50.991528250458416 ], [ -0.403932210562951, 50.997428119285829 ], [ -0.395911473856407, 50.997428119285829 ], [ -0.395911473856407, 50.991528250458416 ], [ -0.403932210562951, 50.991528250458416 ] ] ] ] } },
{ "type": "Feature", "properties": { }, "geometry": { "type": "MultiPolygon", "coordinates": [ [ [ [ -0.395911473856407, 50.991528250458416 ], [ -0.395911473856407, 50.997428119285829 ], [ -0.387890737149863, 50.997428119285829 ], [ -0.387890737149863, 50.991528250458416 ], [ -0.395911473856407, 50.991528250458416 ] ] ] ] } },
{ "type": "Feature", "properties": { }, "geometry": { "type": "MultiPolygon", "coordinates": [ [ [ [ -0.387890737149863, 50.991528250458416 ], [ -0.387890737149863, 50.997428119285829 ], [ -0.37987000044332, 50.997428119285829 ], [ -0.37987000044332, 50.991528250458416 ], [ -0.387890737149863, 50.991528250458416 ] ] ] ] } },
{ "type": "Feature", "properties": { }, "geometry": { "type": "MultiPolygon", "coordinates": [ [ [ [ -0.37987000044332, 50.991528250458416 ], [ -0.37987000044332, 50.997428119285829 ], [ -0.371849263736776, 50.997428119285829 ], [ -0.371849263736776, 50.991528250458416 ], [ -0.37987000044332, 50.991528250458416 ] ] ] ] } },
{ "type": "Feature", "properties": { }, "geometry": { "type": "MultiPolygon", "coordinates": [ [ [ [ -0.371849263736776, 50.991528250458416 ], [ -0.371849263736776, 50.997428119285829 ], [ -0.363828527030232, 50.997428119285829 ], [ -0.363828527030232, 50.991528250458416 ], [ -0.371849263736776, 50.991528250458416 ] ] ] ] } },
{ "type": "Feature", "properties": { }, "geometry": { "type": "MultiPolygon", "coordinates": [ [ [ [ -0.363828527030232, 50.991528250458416 ], [ -0.363828527030232, 50.997428119285829 ], [ -0.355807790323688, 50.997428119285829 ], [ -0.355807790323688, 50.991528250458416 ], [ -0.363828527030232, 50.991528250458416 ] ] ] ] } },
{ "type": "Feature", "properties": { }, "geometry": { "type": "MultiPolygon", "coordinates": [ [ [ [ -0.355807790323688, 50.991528250458416 ], [ -0.355807790323688, 50.997428119285829 ], [ -0.347787053617145, 50.997428119285829 ], [ -0.347787053617145, 50.991528250458416 ], [ -0.355807790323688, 50.991528250458416 ] ] ] ] } },
{ "type": "Feature", "properties": { }, "geometry": { "type": "MultiPolygon", "coordinates": [ [ [ [ -0.347787053617145, 50.991528250458416 ], [ -0.347787053617145, 50.997428119285829 ], [ -0.339766316910601, 50.997428119285829 ], [ -0.339766316910601, 50.991528250458416 ], [ -0.347787053617145, 50.991528250458416 ] ] ] ] } },
{ "type": "Feature", "properties": { }, "geometry": { "type": "MultiPolygon", "coordinates": [ [ [ [ -0.339766316910601, 50.991528250458416 ], [ -0.339766316910601, 50.997428119285829 ], [ -0.331745580204057, 50.997428119285829 ], [ -0.331745580204057, 50.991528250458416 ], [ -0.339766316910601, 50.991528250458416 ] ] ] ] } },
{ "type": "Feature", "properties": { }, "geometry": { "type": "MultiPolygon", "coordinates": [ [ [ [ -0.331745580204057, 50.991528250458416 ], [ -0.331745580204057, 50.997428119285829 ], [ -0.323724843497514, 50.997428119285829 ], [ -0.323724843497514, 50.991528250458416 ], [ -0.331745580204057, 50.991528250458416 ] ] ] ] } },
{ "type": "Feature", "properties": { }, "geometry": { "type": "MultiPolygon", "coordinates": [ [ [ [ -0.323724843497514, 50.991528250458416 ], [ -0.323724843497514, 50.997428119285829 ], [ -0.31570410679097, 50.997428119285829 ], [ -0.31570410679097, 50.991528250458416 ], [ -0.323724843497514, 50.991528250458416 ] ] ] ] } },
{ "type": "Feature", "properties": { }, "geometry": { "type": "MultiPolygon", "coordinates": [ [ [ [ -0.31570410679097, 50.991528250458416 ], [ -0.31570410679097, 50.997428119285829 ], [ -0.307683370084426, 50.997428119285829 ], [ -0.307683370084426, 50.991528250458416 ], [ -0.31570410679097, 50.991528250458416 ] ] ] ] } },
{ "type": "Feature", "properties": { }, "geometry": { "type": "MultiPolygon", "coordinates": [ [ [ [ -0.307683370084426, 50.991528250458416 ], [ -0.307683370084426, 50.997428119285829 ], [ -0.299662633377883, 50.997428119285829 ], [ -0.299662633377883, 50.991528250458416 ], [ -0.307683370084426, 50.991528250458416 ] ] ] ] } },
{ "type": "Feature", "properties": { }, "geometry": { "type": "MultiPolygon", "coordinates": [ [ [ [ -0.299662633377883, 50.991528250458416 ], [ -0.299662633377883, 50.997428119285829 ], [ -0.291641896671339, 50.997428119285829 ], [ -0.291641896671339, 50.991528250458416 ], [ -0.299662633377883, 50.991528250458416 ] ] ] ] } },
{ "type": "Feature", "properties": { }, "geometry": { "type": "MultiPolygon", "coordinates": [ [ [ [ -0.291641896671339, 50.991528250458416 ], [ -0.291641896671339, 50.997428119285829 ], [ -0.283621159964795, 50.997428119285829 ], [ -0.283621159964795, 50.991528250458416 ], [ -0.291641896671339, 50.991528250458416 ] ] ] ] } },
{ "type": "Feature", "properties": { }, "geometry": { "type": "MultiPolygon", "coordinates": [ [ [ [ -0.283621159964795, 50.991528250458416 ], [ -0.283621159964795, 50.997428119285829 ], [ -0.275600423258252, 50.997428119285829 ], [ -0.275600423258252, 50.991528250458416 ], [ -0.283621159964795, 50.991528250458416 ] ] ] ] } },
{ "type": "Feature", "properties": { }, "geometry": { "type": "MultiPolygon", "coordinates": [ [ [ [ -0.275600423258252, 50.991528250458416 ], [ -0.275600423258252, 50.997428119285829 ], [ -0.267579686551708, 50.997428119285829 ], [ -0.267579686551708, 50.991528250458416 ], [ -0.275600423258252, 50.991528250458416 ] ] ] ] } },
{ "type": "Feature", "properties": { }, "geometry": { "type": "MultiPolygon", "coordinates": [ [ [ [ -0.4680981042153, 50.98562838163101 ], [ -0.4680981042153, 50.991528250458423 ], [ -0.460077367508756, 50.991528250458423 ], [ -0.460077367508756, 50.98562838163101 ], [ -0.4680981042153, 50.98562838163101 ] ] ] ] } },
{ "type": "Feature", "properties": { }, "geometry": { "type": "MultiPolygon", "coordinates": [ [ [ [ -0.460077367508756, 50.98562838163101 ], [ -0.460077367508756, 50.991528250458423 ], [ -0.452056630802213, 50.991528250458423 ], [ -0.452056630802213, 50.98562838163101 ], [ -0.460077367508756, 50.98562838163101 ] ] ] ] } },
{ "type": "Feature", "properties": { }, "geometry": { "type": "MultiPolygon", "coordinates": [ [ [ [ -0.452056630802213, 50.98562838163101 ], [ -0.452056630802213, 50.991528250458423 ], [ -0.444035894095669, 50.991528250458423 ], [ -0.444035894095669, 50.98562838163101 ], [ -0.452056630802213, 50.98562838163101 ] ] ] ] } },
{ "type": "Feature", "properties": { }, "geometry": { "type": "MultiPolygon", "coordinates": [ [ [ [ -0.444035894095669, 50.98562838163101 ], [ -0.444035894095669, 50.991528250458423 ], [ -0.436015157389125, 50.991528250458423 ], [ -0.436015157389125, 50.98562838163101 ], [ -0.444035894095669, 50.98562838163101 ] ] ] ] } },
{ "type": "Feature", "properties": { }, "geometry": { "type": "MultiPolygon", "coordinates": [ [ [ [ -0.436015157389125, 50.98562838163101 ], [ -0.436015157389125, 50.991528250458423 ], [ -0.427994420682582, 50.991528250458423 ], [ -0.427994420682582, 50.98562838163101 ], [ -0.436015157389125, 50.98562838163101 ] ] ] ] } },
{ "type": "Feature", "properties": { }, "geometry": { "type": "MultiPolygon", "coordinates": [ [ [ [ -0.427994420682582, 50.98562838163101 ], [ -0.427994420682582, 50.991528250458423 ], [ -0.419973683976038, 50.991528250458423 ], [ -0.419973683976038, 50.98562838163101 ], [ -0.427994420682582, 50.98562838163101 ] ] ] ] } },
{ "type": "Feature", "properties": { }, "geometry": { "type": "MultiPolygon", "coordinates": [ [ [ [ -0.419973683976038, 50.98562838163101 ], [ -0.419973683976038, 50.991528250458423 ], [ -0.411952947269494, 50.991528250458423 ], [ -0.411952947269494, 50.98562838163101 ], [ -0.419973683976038, 50.98562838163101 ] ] ] ] } },
{ "type": "Feature", "properties": { }, "geometry": { "type": "MultiPolygon", "coordinates": [ [ [ [ -0.411952947269494, 50.98562838163101 ], [ -0.411952947269494, 50.991528250458423 ], [ -0.403932210562951, 50.991528250458423 ], [ -0.403932210562951, 50.98562838163101 ], [ -0.411952947269494, 50.98562838163101 ] ] ] ] } },
{ "type": "Feature", "properties": { }, "geometry": { "type": "MultiPolygon", "coordinates": [ [ [ [ -0.403932210562951, 50.98562838163101 ], [ -0.403932210562951, 50.991528250458423 ], [ -0.395911473856407, 50.991528250458423 ], [ -0.395911473856407, 50.98562838163101 ], [ -0.403932210562951, 50.98562838163101 ] ] ] ] } },
{ "type": "Feature", "properties": { }, "geometry": { "type": "MultiPolygon", "coordinates": [ [ [ [ -0.395911473856407, 50.98562838163101 ], [ -0.395911473856407, 50.991528250458423 ], [ -0.387890737149863, 50.991528250458423 ], [ -0.387890737149863, 50.98562838163101 ], [ -0.395911473856407, 50.98562838163101 ] ] ] ] } },
{ "type": "Feature", "properties": { }, "geometry": { "type": "MultiPolygon", "coordinates": [ [ [ [ -0.387890737149863, 50.98562838163101 ], [ -0.387890737149863, 50.991528250458423 ], [ -0.37987000044332, 50.991528250458423 ], [ -0.37987000044332, 50.98562838163101 ], [ -0.387890737149863, 50.98562838163101 ] ] ] ] } },
{ "type": "Feature", "properties": { }, "geometry": { "type": "MultiPolygon", "coordinates": [ [ [ [ -0.37987000044332, 50.98562838163101 ], [ -0.37987000044332, 50.991528250458423 ], [ -0.371849263736776, 50.991528250458423 ], [ -0.371849263736776, 50.98562838163101 ], [ -0.37987000044332, 50.98562838163101 ] ] ] ] } },
{ "type": "Feature", "properties": { }, "geometry": { "type": "MultiPolygon", "coordinates": [ [ [ [ -0.371849263736776, 50.98562838163101 ], [ -0.371849263736776, 50.991528250458423 ], [ -0.363828527030232, 50.991528250458423 ], [ -0.363828527030232, 50.98562838163101 ], [ -0.371849263736776, 50.98562838163101 ] ] ] ] } },
{ "type": "Feature", "properties": { }, "geometry": { "type": "MultiPolygon", "coordinates": [ [ [ [ -0.363828527030232, 50.98562838163101 ], [ -0.363828527030232, 50.991528250458423 ], [ -0.355807790323688, 50.991528250458423 ], [ -0.355807790323688, 50.98562838163101 ], [ -0.363828527030232, 50.98562838163101 ] ] ] ] } },
{ "type": "Feature", "properties": { }, "geometry": { "type": "MultiPolygon", "coordinates": [ [ [ [ -0.355807790323688, 50.98562838163101 ], [ -0.355807790323688, 50.991528250458423 ], [ -0.347787053617145, 50.991528250458423 ], [ -0.347787053617145, 50.98562838163101 ], [ -0.355807790323688, 50.98562838163101 ] ] ] ] } },
{ "type": "Feature", "properties": { }, "geometry": { "type": "MultiPolygon", "coordinates": [ [ [ [ -0.347787053617145, 50.98562838163101 ], [ -0.347787053617145, 50.991528250458423 ], [ -0.339766316910601, 50.991528250458423 ], [ -0.339766316910601, 50.98562838163101 ], [ -0.347787053617145, 50.98562838163101 ] ] ] ] } },
{ "type": "Feature", "properties": { }, "geometry": { "type": "MultiPolygon", "coordinates": [ [ [ [ -0.339766316910601, 50.98562838163101 ], [ -0.339766316910601, 50.991528250458423 ], [ -0.331745580204057, 50.991528250458423 ], [ -0.331745580204057, 50.98562838163101 ], [ -0.339766316910601, 50.98562838163101 ] ] ] ] } },
{ "type": "Feature", "properties": { }, "geometry": { "type": "MultiPolygon", "coordinates": [ [ [ [ -0.331745580204057, 50.98562838163101 ], [ -0.331745580204057, 50.991528250458423 ], [ -0.323724843497514, 50.991528250458423 ], [ -0.323724843497514, 50.98562838163101 ], [ -0.331745580204057, 50.98562838163101 ] ] ] ] } },
{ "type": "Feature", "properties": { }, "geometry": { "type": "MultiPolygon", "coordinates": [ [ [ [ -0.323724843497514, 50.98562838163101 ], [ -0.323724843497514, 50.991528250458423 ], [ -0.31570410679097, 50.991528250458423 ], [ -0.31570410679097, 50.98562838163101 ], [ -0.323724843497514, 50.98562838163101 ] ] ] ] } },
{ "type": "Feature", "properties": { }, "geometry": { "type": "MultiPolygon", "coordinates": [ [ [ [ -0.31570410679097, 50.98562838163101 ], [ -0.31570410679097, 50.991528250458423 ], [ -0.307683370084426, 50.991528250458423 ], [ -0.307683370084426, 50.98562838163101 ], [ -0.31570410679097, 50.98562838163101 ] ] ] ] } },
{ "type": "Feature", "properties": { }, "geometry": { "type": "MultiPolygon", "coordinates": [ [ [ [ -0.307683370084426, 50.98562838163101 ], [ -0.307683370084426, 50.991528250458423 ], [ -0.299662633377883, 50.991528250458423 ], [ -0.299662633377883, 50.98562838163101 ], [ -0.307683370084426, 50.98562838163101 ] ] ] ] } },
{ "type": "Feature", "properties": { }, "geometry": { "type": "MultiPolygon", "coordinates": [ [ [ [ -0.299662633377883, 50.98562838163101 ], [ -0.299662633377883, 50.991528250458423 ], [ -0.291641896671339, 50.991528250458423 ], [ -0.291641896671339, 50.98562838163101 ], [ -0.299662633377883, 50.98562838163101 ] ] ] ] } },
{ "type": "Feature", "properties": { }, "geometry": { "type": "MultiPolygon", "coordinates": [ [ [ [ -0.291641896671339, 50.98562838163101 ], [ -0.291641896671339, 50.991528250458423 ], [ -0.283621159964795, 50.991528250458423 ], [ -0.283621159964795, 50.98562838163101 ], [ -0.291641896671339, 50.98562838163101 ] ] ] ] } },
{ "type": "Feature", "properties": { }, "geometry": { "type": "MultiPolygon", "coordinates": [ [ [ [ -0.283621159964795, 50.98562838163101 ], [ -0.283621159964795, 50.991528250458423 ], [ -0.275600423258252, 50.991528250458423 ], [ -0.275600423258252, 50.98562838163101 ], [ -0.283621159964795, 50.98562838163101 ] ] ] ] } },
{ "type": "Feature", "properties": { }, "geometry": { "type": "MultiPolygon", "coordinates": [ [ [ [ -0.275600423258252, 50.98562838163101 ], [ -0.275600423258252, 50.991528250458423 ], [ -0.267579686551708, 50.991528250458423 ], [ -0.267579686551708, 50.98562838163101 ], [ -0.275600423258252, 50.98562838163101 ] ] ] ] } },
{ "type": "Feature", "properties": { }, "geometry": { "type": "MultiPolygon", "coordinates": [ [ [ [ -0.4680981042153, 50.979728512803597 ], [ -0.4680981042153, 50.98562838163101 ], [ -0.460077367508756, 50.98562838163101 ], [ -0.460077367508756, 50.979728512803597 ], [ -0.4680981042153, 50.979728512803597 ] ] ] ] } },
{ "type": "Feature", "properties": { }, "geometry": { "type": "MultiPolygon", "coordinates": [ [ [ [ -0.460077367508756, 50.979728512803597 ], [ -0.460077367508756, 50.98562838163101 ], [ -0.452056630802213, 50.98562838163101 ], [ -0.452056630802213, 50.979728512803597 ], [ -0.460077367508756, 50.979728512803597 ] ] ] ] } },
{ "type": "Feature", "properties": { }, "geometry": { "type": "MultiPolygon", "coordinates": [ [ [ [ -0.452056630802213, 50.979728512803597 ], [ -0.452056630802213, 50.98562838163101 ], [ -0.444035894095669, 50.98562838163101 ], [ -0.444035894095669, 50.979728512803597 ], [ -0.452056630802213, 50.979728512803597 ] ] ] ] } },
{ "type": "Feature", "properties": { }, "geometry": { "type": "MultiPolygon", "coordinates": [ [ [ [ -0.444035894095669, 50.979728512803597 ], [ -0.444035894095669, 50.98562838163101 ], [ -0.436015157389125, 50.98562838163101 ], [ -0.436015157389125, 50.979728512803597 ], [ -0.444035894095669, 50.979728512803597 ] ] ] ] } },
{ "type": "Feature", "properties": { }, "geometry": { "type": "MultiPolygon", "coordinates": [ [ [ [ -0.436015157389125, 50.979728512803597 ], [ -0.436015157389125, 50.98562838163101 ], [ -0.427994420682582, 50.98562838163101 ], [ -0.427994420682582, 50.979728512803597 ], [ -0.436015157389125, 50.979728512803597 ] ] ] ] } },
{ "type": "Feature", "properties": { }, "geometry": { "type": "MultiPolygon", "coordinates": [ [ [ [ -0.427994420682582, 50.979728512803597 ], [ -0.427994420682582, 50.98562838163101 ], [ -0.419973683976038, 50.98562838163101 ], [ -0.419973683976038, 50.979728512803597 ], [ -0.427994420682582, 50.979728512803597 ] ] ] ] } },
{ "type": "Feature", "properties": { }, "geometry": { "type": "MultiPolygon", "coordinates": [ [ [ [ -0.419973683976038, 50.979728512803597 ], [ -0.419973683976038, 50.98562838163101 ], [ -0.411952947269494, 50.98562838163101 ], [ -0.411952947269494, 50.979728512803597 ], [ -0.419973683976038, 50.979728512803597 ] ] ] ] } },
{ "type": "Feature", "properties": { }, "geometry": { "type": "MultiPolygon", "coordinates": [ [ [ [ -0.411952947269494, 50.979728512803597 ], [ -0.411952947269494, 50.98562838163101 ], [ -0.403932210562951, 50.98562838163101 ], [ -0.403932210562951, 50.979728512803597 ], [ -0.411952947269494, 50.979728512803597 ] ] ] ] } },
{ "type": "Feature", "properties": { }, "geometry": { "type": "MultiPolygon", "coordinates": [ [ [ [ -0.403932210562951, 50.979728512803597 ], [ -0.403932210562951, 50.98562838163101 ], [ -0.395911473856407, 50.98562838163101 ], [ -0.395911473856407, 50.979728512803597 ], [ -0.403932210562951, 50.979728512803597 ] ] ] ] } },
{ "type": "Feature", "properties": { }, "geometry": { "type": "MultiPolygon", "coordinates": [ [ [ [ -0.395911473856407, 50.979728512803597 ], [ -0.395911473856407, 50.98562838163101 ], [ -0.387890737149863, 50.98562838163101 ], [ -0.387890737149863, 50.979728512803597 ], [ -0.395911473856407, 50.979728512803597 ] ] ] ] } },
{ "type": "Feature", "properties": { }, "geometry": { "type": "MultiPolygon", "coordinates": [ [ [ [ -0.387890737149863, 50.979728512803597 ], [ -0.387890737149863, 50.98562838163101 ], [ -0.37987000044332, 50.98562838163101 ], [ -0.37987000044332, 50.979728512803597 ], [ -0.387890737149863, 50.979728512803597 ] ] ] ] } },
{ "type": "Feature", "properties": { }, "geometry": { "type": "MultiPolygon", "coordinates": [ [ [ [ -0.37987000044332, 50.979728512803597 ], [ -0.37987000044332, 50.98562838163101 ], [ -0.371849263736776, 50.98562838163101 ], [ -0.371849263736776, 50.979728512803597 ], [ -0.37987000044332, 50.979728512803597 ] ] ] ] } },
{ "type": "Feature", "properties": { }, "geometry": { "type": "MultiPolygon", "coordinates": [ [ [ [ -0.371849263736776, 50.979728512803597 ], [ -0.371849263736776, 50.98562838163101 ], [ -0.363828527030232, 50.98562838163101 ], [ -0.363828527030232, 50.979728512803597 ], [ -0.371849263736776, 50.979728512803597 ] ] ] ] } },
{ "type": "Feature", "properties": { }, "geometry": { "type": "MultiPolygon", "coordinates": [ [ [ [ -0.363828527030232, 50.979728512803597 ], [ -0.363828527030232, 50.98562838163101 ], [ -0.355807790323688, 50.98562838163101 ], [ -0.355807790323688, 50.979728512803597 ], [ -0.363828527030232, 50.979728512803597 ] ] ] ] } },
{ "type": "Feature", "properties": { }, "geometry": { "type": "MultiPolygon", "coordinates": [ [ [ [ -0.355807790323688, 50.979728512803597 ], [ -0.355807790323688, 50.98562838163101 ], [ -0.347787053617145, 50.98562838163101 ], [ -0.347787053617145, 50.979728512803597 ], [ -0.355807790323688, 50.979728512803597 ] ] ] ] } },
{ "type": "Feature", "properties": { }, "geometry": { "type": "MultiPolygon", "coordinates": [ [ [ [ -0.347787053617145, 50.979728512803597 ], [ -0.347787053617145, 50.98562838163101 ], [ -0.339766316910601, 50.98562838163101 ], [ -0.339766316910601, 50.979728512803597 ], [ -0.347787053617145, 50.979728512803597 ] ] ] ] } },
{ "type": "Feature", "properties": { }, "geometry": { "type": "MultiPolygon", "coordinates": [ [ [ [ -0.339766316910601, 50.979728512803597 ], [ -0.339766316910601, 50.98562838163101 ], [ -0.331745580204057, 50.98562838163101 ], [ -0.331745580204057, 50.979728512803597 ], [ -0.339766316910601, 50.979728512803597 ] ] ] ] } },
{ "type": "Feature", "properties": { }, "geometry": { "type": "MultiPolygon", "coordinates": [ [ [ [ -0.331745580204057, 50.979728512803597 ], [ -0.331745580204057, 50.98562838163101 ], [ -0.323724843497514, 50.98562838163101 ], [ -0.323724843497514, 50.979728512803597 ], [ -0.331745580204057, 50.979728512803597 ] ] ] ] } },
{ "type": "Feature", "properties": { }, "geometry": { "type": "MultiPolygon", "coordinates": [ [ [ [ -0.323724843497514, 50.979728512803597 ], [ -0.323724843497514, 50.98562838163101 ], [ -0.31570410679097, 50.98562838163101 ], [ -0.31570410679097, 50.979728512803597 ], [ -0.323724843497514, 50.979728512803597 ] ] ] ] } },
{ "type": "Feature", "properties": { }, "geometry": { "type": "MultiPolygon", "coordinates": [ [ [ [ -0.31570410679097, 50.979728512803597 ], [ -0.31570410679097, 50.98562838163101 ], [ -0.307683370084426, 50.98562838163101 ], [ -0.307683370084426, 50.979728512803597 ], [ -0.31570410679097, 50.979728512803597 ] ] ] ] } },
{ "type": "Feature", "properties": { }, "geometry": { "type": "MultiPolygon", "coordinates": [ [ [ [ -0.307683370084426, 50.979728512803597 ], [ -0.307683370084426, 50.98562838163101 ], [ -0.299662633377883, 50.98562838163101 ], [ -0.299662633377883, 50.979728512803597 ], [ -0.307683370084426, 50.979728512803597 ] ] ] ] } },
{ "type": "Feature", "properties": { }, "geometry": { "type": "MultiPolygon", "coordinates": [ [ [ [ -0.299662633377883, 50.979728512803597 ], [ -0.299662633377883, 50.98562838163101 ], [ -0.291641896671339, 50.98562838163101 ], [ -0.291641896671339, 50.979728512803597 ], [ -0.299662633377883, 50.979728512803597 ] ] ] ] } },
{ "type": "Feature", "properties": { }, "geometry": { "type": "MultiPolygon", "coordinates": [ [ [ [ -0.291641896671339, 50.979728512803597 ], [ -0.291641896671339, 50.98562838163101 ], [ -0.283621159964795, 50.98562838163101 ], [ -0.283621159964795, 50.979728512803597 ], [ -0.291641896671339, 50.979728512803597 ] ] ] ] } },
{ "type": "Feature", "properties": { }, "geometry": { "type": "MultiPolygon", "coordinates": [ [ [ [ -0.283621159964795, 50.979728512803597 ], [ -0.283621159964795, 50.98562838163101 ], [ -0.275600423258252, 50.98562838163101 ], [ -0.275600423258252, 50.979728512803597 ], [ -0.283621159964795, 50.979728512803597 ] ] ] ] } },
{ "type": "Feature", "properties": { }, "geometry": { "type": "MultiPolygon", "coordinates": [ [ [ [ -0.275600423258252, 50.979728512803597 ], [ -0.275600423258252, 50.98562838163101 ], [ -0.267579686551708, 50.98562838163101 ], [ -0.267579686551708, 50.979728512803597 ], [ -0.275600423258252, 50.979728512803597 ] ] ] ] } },
{ "type": "Feature", "properties": { }, "geometry": { "type": "MultiPolygon", "coordinates": [ [ [ [ -0.4680981042153, 50.973828643976191 ], [ -0.4680981042153, 50.979728512803604 ], [ -0.460077367508756, 50.979728512803604 ], [ -0.460077367508756, 50.973828643976191 ], [ -0.4680981042153, 50.973828643976191 ] ] ] ] } },
{ "type": "Feature", "properties": { }, "geometry": { "type": "MultiPolygon", "coordinates": [ [ [ [ -0.460077367508756, 50.973828643976191 ], [ -0.460077367508756, 50.979728512803604 ], [ -0.452056630802213, 50.979728512803604 ], [ -0.452056630802213, 50.973828643976191 ], [ -0.460077367508756, 50.973828643976191 ] ] ] ] } },
{ "type": "Feature", "properties": { }, "geometry": { "type": "MultiPolygon", "coordinates": [ [ [ [ -0.452056630802213, 50.973828643976191 ], [ -0.452056630802213, 50.979728512803604 ], [ -0.444035894095669, 50.979728512803604 ], [ -0.444035894095669, 50.973828643976191 ], [ -0.452056630802213, 50.973828643976191 ] ] ] ] } },
{ "type": "Feature", "properties": { }, "geometry": { "type": "MultiPolygon", "coordinates": [ [ [ [ -0.444035894095669, 50.973828643976191 ], [ -0.444035894095669, 50.979728512803604 ], [ -0.436015157389125, 50.979728512803604 ], [ -0.436015157389125, 50.973828643976191 ], [ -0.444035894095669, 50.973828643976191 ] ] ] ] } },
{ "type": "Feature", "properties": { }, "geometry": { "type": "MultiPolygon", "coordinates": [ [ [ [ -0.436015157389125, 50.973828643976191 ], [ -0.436015157389125, 50.979728512803604 ], [ -0.427994420682582, 50.979728512803604 ], [ -0.427994420682582, 50.973828643976191 ], [ -0.436015157389125, 50.973828643976191 ] ] ] ] } },
{ "type": "Feature", "properties": { }, "geometry": { "type": "MultiPolygon", "coordinates": [ [ [ [ -0.427994420682582, 50.973828643976191 ], [ -0.427994420682582, 50.979728512803604 ], [ -0.419973683976038, 50.979728512803604 ], [ -0.419973683976038, 50.973828643976191 ], [ -0.427994420682582, 50.973828643976191 ] ] ] ] } },
{ "type": "Feature", "properties": { }, "geometry": { "type": "MultiPolygon", "coordinates": [ [ [ [ -0.419973683976038, 50.973828643976191 ], [ -0.419973683976038, 50.979728512803604 ], [ -0.411952947269494, 50.979728512803604 ], [ -0.411952947269494, 50.973828643976191 ], [ -0.419973683976038, 50.973828643976191 ] ] ] ] } },
{ "type": "Feature", "properties": { }, "geometry": { "type": "MultiPolygon", "coordinates": [ [ [ [ -0.411952947269494, 50.973828643976191 ], [ -0.411952947269494, 50.979728512803604 ], [ -0.403932210562951, 50.979728512803604 ], [ -0.403932210562951, 50.973828643976191 ], [ -0.411952947269494, 50.973828643976191 ] ] ] ] } },
{ "type": "Feature", "properties": { }, "geometry": { "type": "MultiPolygon", "coordinates": [ [ [ [ -0.403932210562951, 50.973828643976191 ], [ -0.403932210562951, 50.979728512803604 ], [ -0.395911473856407, 50.979728512803604 ], [ -0.395911473856407, 50.973828643976191 ], [ -0.403932210562951, 50.973828643976191 ] ] ] ] } },
{ "type": "Feature", "properties": { }, "geometry": { "type": "MultiPolygon", "coordinates": [ [ [ [ -0.395911473856407, 50.973828643976191 ], [ -0.395911473856407, 50.979728512803604 ], [ -0.387890737149863, 50.979728512803604 ], [ -0.387890737149863, 50.973828643976191 ], [ -0.395911473856407, 50.973828643976191 ] ] ] ] } },
{ "type": "Feature", "properties": { }, "geometry": { "type": "MultiPolygon", "coordinates": [ [ [ [ -0.387890737149863, 50.973828643976191 ], [ -0.387890737149863, 50.979728512803604 ], [ -0.37987000044332, 50.979728512803604 ], [ -0.37987000044332, 50.973828643976191 ], [ -0.387890737149863, 50.973828643976191 ] ] ] ] } },
{ "type": "Feature", "properties": { }, "geometry": { "type": "MultiPolygon", "coordinates": [ [ [ [ -0.37987000044332, 50.973828643976191 ], [ -0.37987000044332, 50.979728512803604 ], [ -0.371849263736776, 50.979728512803604 ], [ -0.371849263736776, 50.973828643976191 ], [ -0.37987000044332, 50.973828643976191 ] ] ] ] } },
{ "type": "Feature", "properties": { }, "geometry": { "type": "MultiPolygon", "coordinates": [ [ [ [ -0.371849263736776, 50.973828643976191 ], [ -0.371849263736776, 50.979728512803604 ], [ -0.363828527030232, 50.979728512803604 ], [ -0.363828527030232, 50.973828643976191 ], [ -0.371849263736776, 50.973828643976191 ] ] ] ] } },
{ "type": "Feature", "properties": { }, "geometry": { "type": "MultiPolygon", "coordinates": [ [ [ [ -0.363828527030232, 50.973828643976191 ], [ -0.363828527030232, 50.979728512803604 ], [ -0.355807790323688, 50.979728512803604 ], [ -0.355807790323688, 50.973828643976191 ], [ -0.363828527030232, 50.973828643976191 ] ] ] ] } },
{ "type": "Feature", "properties": { }, "geometry": { "type": "MultiPolygon", "coordinates": [ [ [ [ -0.355807790323688, 50.973828643976191 ], [ -0.355807790323688, 50.979728512803604 ], [ -0.347787053617145, 50.979728512803604 ], [ -0.347787053617145, 50.973828643976191 ], [ -0.355807790323688, 50.973828643976191 ] ] ] ] } },
{ "type": "Feature", "properties": { }, "geometry": { "type": "MultiPolygon", "coordinates": [ [ [ [ -0.347787053617145, 50.973828643976191 ], [ -0.347787053617145, 50.979728512803604 ], [ -0.339766316910601, 50.979728512803604 ], [ -0.339766316910601, 50.973828643976191 ], [ -0.347787053617145, 50.973828643976191 ] ] ] ] } },
{ "type": "Feature", "properties": { }, "geometry": { "type": "MultiPolygon", "coordinates": [ [ [ [ -0.339766316910601, 50.973828643976191 ], [ -0.339766316910601, 50.979728512803604 ], [ -0.331745580204057, 50.979728512803604 ], [ -0.331745580204057, 50.973828643976191 ], [ -0.339766316910601, 50.973828643976191 ] ] ] ] } },
{ "type": "Feature", "properties": { }, "geometry": { "type": "MultiPolygon", "coordinates": [ [ [ [ -0.331745580204057, 50.973828643976191 ], [ -0.331745580204057, 50.979728512803604 ], [ -0.323724843497514, 50.979728512803604 ], [ -0.323724843497514, 50.973828643976191 ], [ -0.331745580204057, 50.973828643976191 ] ] ] ] } },
{ "type": "Feature", "properties": { }, "geometry": { "type": "MultiPolygon", "coordinates": [ [ [ [ -0.323724843497514, 50.973828643976191 ], [ -0.323724843497514, 50.979728512803604 ], [ -0.31570410679097, 50.979728512803604 ], [ -0.31570410679097, 50.973828643976191 ], [ -0.323724843497514, 50.973828643976191 ] ] ] ] } },
{ "type": "Feature", "properties": { }, "geometry": { "type": "MultiPolygon", "coordinates": [ [ [ [ -0.31570410679097, 50.973828643976191 ], [ -0.31570410679097, 50.979728512803604 ], [ -0.307683370084426, 50.979728512803604 ], [ -0.307683370084426, 50.973828643976191 ], [ -0.31570410679097, 50.973828643976191 ] ] ] ] } },
{ "type": "Feature", "properties": { }, "geometry": { "type": "MultiPolygon", "coordinates": [ [ [ [ -0.307683370084426, 50.973828643976191 ], [ -0.307683370084426, 50.979728512803604 ], [ -0.299662633377883, 50.979728512803604 ], [ -0.299662633377883, 50.973828643976191 ], [ -0.307683370084426, 50.973828643976191 ] ] ] ] } },
{ "type": "Feature", "properties": { }, "geometry": { "type": "MultiPolygon", "coordinates": [ [ [ [ -0.299662633377883, 50.973828643976191 ], [ -0.299662633377883, 50.979728512803604 ], [ -0.291641896671339, 50.979728512803604 ], [ -0.291641896671339, 50.973828643976191 ], [ -0.299662633377883, 50.973828643976191 ] ] ] ] } },
{ "type": "Feature", "properties": { }, "geometry": { "type": "MultiPolygon", "coordinates": [ [ [ [ -0.291641896671339, 50.973828643976191 ], [ -0.291641896671339, 50.979728512803604 ], [ -0.283621159964795, 50.979728512803604 ], [ -0.283621159964795, 50.973828643976191 ], [ -0.291641896671339, 50.973828643976191 ] ] ] ] } },
{ "type": "Feature", "properties": { }, "geometry": { "type": "MultiPolygon", "coordinates": [ [ [ [ -0.283621159964795, 50.973828643976191 ], [ -0.283621159964795, 50.979728512803604 ], [ -0.275600423258252, 50.979728512803604 ], [ -0.275600423258252, 50.973828643976191 ], [ -0.283621159964795, 50.973828643976191 ] ] ] ] } },
{ "type": "Feature", "properties": { }, "geometry": { "type": "MultiPolygon", "coordinates": [ [ [ [ -0.275600423258252, 50.973828643976191 ], [ -0.275600423258252, 50.979728512803604 ], [ -0.267579686551708, 50.979728512803604 ], [ -0.267579686551708, 50.973828643976191 ], [ -0.275600423258252, 50.973828643976191 ] ] ] ] } },
{ "type": "Feature", "properties": { }, "geometry": { "type": "MultiPolygon", "coordinates": [ [ [ [ -0.4680981042153, 50.967928775148778 ], [ -0.4680981042153, 50.973828643976191 ], [ -0.460077367508756, 50.973828643976191 ], [ -0.460077367508756, 50.967928775148778 ], [ -0.4680981042153, 50.967928775148778 ] ] ] ] } },
{ "type": "Feature", "properties": { }, "geometry": { "type": "MultiPolygon", "coordinates": [ [ [ [ -0.460077367508756, 50.967928775148778 ], [ -0.460077367508756, 50.973828643976191 ], [ -0.452056630802213, 50.973828643976191 ], [ -0.452056630802213, 50.967928775148778 ], [ -0.460077367508756, 50.967928775148778 ] ] ] ] } },
{ "type": "Feature", "properties": { }, "geometry": { "type": "MultiPolygon", "coordinates": [ [ [ [ -0.452056630802213, 50.967928775148778 ], [ -0.452056630802213, 50.973828643976191 ], [ -0.444035894095669, 50.973828643976191 ], [ -0.444035894095669, 50.967928775148778 ], [ -0.452056630802213, 50.967928775148778 ] ] ] ] } },
{ "type": "Feature", "properties": { }, "geometry": { "type": "MultiPolygon", "coordinates": [ [ [ [ -0.444035894095669, 50.967928775148778 ], [ -0.444035894095669, 50.973828643976191 ], [ -0.436015157389125, 50.973828643976191 ], [ -0.436015157389125, 50.967928775148778 ], [ -0.444035894095669, 50.967928775148778 ] ] ] ] } },
{ "type": "Feature", "properties": { }, "geometry": { "type": "MultiPolygon", "coordinates": [ [ [ [ -0.436015157389125, 50.967928775148778 ], [ -0.436015157389125, 50.973828643976191 ], [ -0.427994420682582, 50.973828643976191 ], [ -0.427994420682582, 50.967928775148778 ], [ -0.436015157389125, 50.967928775148778 ] ] ] ] } },
{ "type": "Feature", "properties": { }, "geometry": { "type": "MultiPolygon", "coordinates": [ [ [ [ -0.427994420682582, 50.967928775148778 ], [ -0.427994420682582, 50.973828643976191 ], [ -0.419973683976038, 50.973828643976191 ], [ -0.419973683976038, 50.967928775148778 ], [ -0.427994420682582, 50.967928775148778 ] ] ] ] } },
{ "type": "Feature", "properties": { }, "geometry": { "type": "MultiPolygon", "coordinates": [ [ [ [ -0.419973683976038, 50.967928775148778 ], [ -0.419973683976038, 50.973828643976191 ], [ -0.411952947269494, 50.973828643976191 ], [ -0.411952947269494, 50.967928775148778 ], [ -0.419973683976038, 50.967928775148778 ] ] ] ] } },
{ "type": "Feature", "properties": { }, "geometry": { "type": "MultiPolygon", "coordinates": [ [ [ [ -0.411952947269494, 50.967928775148778 ], [ -0.411952947269494, 50.973828643976191 ], [ -0.403932210562951, 50.973828643976191 ], [ -0.403932210562951, 50.967928775148778 ], [ -0.411952947269494, 50.967928775148778 ] ] ] ] } },
{ "type": "Feature", "properties": { }, "geometry": { "type": "MultiPolygon", "coordinates": [ [ [ [ -0.403932210562951, 50.967928775148778 ], [ -0.403932210562951, 50.973828643976191 ], [ -0.395911473856407, 50.973828643976191 ], [ -0.395911473856407, 50.967928775148778 ], [ -0.403932210562951, 50.967928775148778 ] ] ] ] } },
{ "type": "Feature", "properties": { }, "geometry": { "type": "MultiPolygon", "coordinates": [ [ [ [ -0.395911473856407, 50.967928775148778 ], [ -0.395911473856407, 50.973828643976191 ], [ -0.387890737149863, 50.973828643976191 ], [ -0.387890737149863, 50.967928775148778 ], [ -0.395911473856407, 50.967928775148778 ] ] ] ] } },
{ "type": "Feature", "properties": { }, "geometry": { "type": "MultiPolygon", "coordinates": [ [ [ [ -0.387890737149863, 50.967928775148778 ], [ -0.387890737149863, 50.973828643976191 ], [ -0.37987000044332, 50.973828643976191 ], [ -0.37987000044332, 50.967928775148778 ], [ -0.387890737149863, 50.967928775148778 ] ] ] ] } },
{ "type": "Feature", "properties": { }, "geometry": { "type": "MultiPolygon", "coordinates": [ [ [ [ -0.37987000044332, 50.967928775148778 ], [ -0.37987000044332, 50.973828643976191 ], [ -0.371849263736776, 50.973828643976191 ], [ -0.371849263736776, 50.967928775148778 ], [ -0.37987000044332, 50.967928775148778 ] ] ] ] } },
{ "type": "Feature", "properties": { }, "geometry": { "type": "MultiPolygon", "coordinates": [ [ [ [ -0.371849263736776, 50.967928775148778 ], [ -0.371849263736776, 50.973828643976191 ], [ -0.363828527030232, 50.973828643976191 ], [ -0.363828527030232, 50.967928775148778 ], [ -0.371849263736776, 50.967928775148778 ] ] ] ] } },
{ "type": "Feature", "properties": { }, "geometry": { "type": "MultiPolygon", "coordinates": [ [ [ [ -0.363828527030232, 50.967928775148778 ], [ -0.363828527030232, 50.973828643976191 ], [ -0.355807790323688, 50.973828643976191 ], [ -0.355807790323688, 50.967928775148778 ], [ -0.363828527030232, 50.967928775148778 ] ] ] ] } },
{ "type": "Feature", "properties": { }, "geometry": { "type": "MultiPolygon", "coordinates": [ [ [ [ -0.355807790323688, 50.967928775148778 ], [ -0.355807790323688, 50.973828643976191 ], [ -0.347787053617145, 50.973828643976191 ], [ -0.347787053617145, 50.967928775148778 ], [ -0.355807790323688, 50.967928775148778 ] ] ] ] } },
{ "type": "Feature", "properties": { }, "geometry": { "type": "MultiPolygon", "coordinates": [ [ [ [ -0.347787053617145, 50.967928775148778 ], [ -0.347787053617145, 50.973828643976191 ], [ -0.339766316910601, 50.973828643976191 ], [ -0.339766316910601, 50.967928775148778 ], [ -0.347787053617145, 50.967928775148778 ] ] ] ] } },
{ "type": "Feature", "properties": { }, "geometry": { "type": "MultiPolygon", "coordinates": [ [ [ [ -0.339766316910601, 50.967928775148778 ], [ -0.339766316910601, 50.973828643976191 ], [ -0.331745580204057, 50.973828643976191 ], [ -0.331745580204057, 50.967928775148778 ], [ -0.339766316910601, 50.967928775148778 ] ] ] ] } },
{ "type": "Feature", "properties": { }, "geometry": { "type": "MultiPolygon", "coordinates": [ [ [ [ -0.331745580204057, 50.967928775148778 ], [ -0.331745580204057, 50.973828643976191 ], [ -0.323724843497514, 50.973828643976191 ], [ -0.323724843497514, 50.967928775148778 ], [ -0.331745580204057, 50.967928775148778 ] ] ] ] } },
{ "type": "Feature", "properties": { }, "geometry": { "type": "MultiPolygon", "coordinates": [ [ [ [ -0.323724843497514, 50.967928775148778 ], [ -0.323724843497514, 50.973828643976191 ], [ -0.31570410679097, 50.973828643976191 ], [ -0.31570410679097, 50.967928775148778 ], [ -0.323724843497514, 50.967928775148778 ] ] ] ] } },
{ "type": "Feature", "properties": { }, "geometry": { "type": "MultiPolygon", "coordinates": [ [ [ [ -0.31570410679097, 50.967928775148778 ], [ -0.31570410679097, 50.973828643976191 ], [ -0.307683370084426, 50.973828643976191 ], [ -0.307683370084426, 50.967928775148778 ], [ -0.31570410679097, 50.967928775148778 ] ] ] ] } },
{ "type": "Feature", "properties": { }, "geometry": { "type": "MultiPolygon", "coordinates": [ [ [ [ -0.307683370084426, 50.967928775148778 ], [ -0.307683370084426, 50.973828643976191 ], [ -0.299662633377883, 50.973828643976191 ], [ -0.299662633377883, 50.967928775148778 ], [ -0.307683370084426, 50.967928775148778 ] ] ] ] } },
{ "type": "Feature", "properties": { }, "geometry": { "type": "MultiPolygon", "coordinates": [ [ [ [ -0.299662633377883, 50.967928775148778 ], [ -0.299662633377883, 50.973828643976191 ], [ -0.291641896671339, 50.973828643976191 ], [ -0.291641896671339, 50.967928775148778 ], [ -0.299662633377883, 50.967928775148778 ] ] ] ] } },
{ "type": "Feature", "properties": { }, "geometry": { "type": "MultiPolygon", "coordinates": [ [ [ [ -0.291641896671339, 50.967928775148778 ], [ -0.291641896671339, 50.973828643976191 ], [ -0.283621159964795, 50.973828643976191 ], [ -0.283621159964795, 50.967928775148778 ], [ -0.291641896671339, 50.967928775148778 ] ] ] ] } },
{ "type": "Feature", "properties": { }, "geometry": { "type": "MultiPolygon", "coordinates": [ [ [ [ -0.283621159964795, 50.967928775148778 ], [ -0.283621159964795, 50.973828643976191 ], [ -0.275600423258252, 50.973828643976191 ], [ -0.275600423258252, 50.967928775148778 ], [ -0.283621159964795, 50.967928775148778 ] ] ] ] } },
{ "type": "Feature", "properties": { }, "geometry": { "type": "MultiPolygon", "coordinates": [ [ [ [ -0.275600423258252, 50.967928775148778 ], [ -0.275600423258252, 50.973828643976191 ], [ -0.267579686551708, 50.973828643976191 ], [ -0.267579686551708, 50.967928775148778 ], [ -0.275600423258252, 50.967928775148778 ] ] ] ] } },
{ "type": "Feature", "properties": { }, "geometry": { "type": "MultiPolygon", "coordinates": [ [ [ [ -0.4680981042153, 50.962028906321372 ], [ -0.4680981042153, 50.967928775148785 ], [ -0.460077367508756, 50.967928775148785 ], [ -0.460077367508756, 50.962028906321372 ], [ -0.4680981042153, 50.962028906321372 ] ] ] ] } },
{ "type": "Feature", "properties": { }, "geometry": { "type": "MultiPolygon", "coordinates": [ [ [ [ -0.460077367508756, 50.962028906321372 ], [ -0.460077367508756, 50.967928775148785 ], [ -0.452056630802213, 50.967928775148785 ], [ -0.452056630802213, 50.962028906321372 ], [ -0.460077367508756, 50.962028906321372 ] ] ] ] } },
{ "type": "Feature", "properties": { }, "geometry": { "type": "MultiPolygon", "coordinates": [ [ [ [ -0.452056630802213, 50.962028906321372 ], [ -0.452056630802213, 50.967928775148785 ], [ -0.444035894095669, 50.967928775148785 ], [ -0.444035894095669, 50.962028906321372 ], [ -0.452056630802213, 50.962028906321372 ] ] ] ] } },
{ "type": "Feature", "properties": { }, "geometry": { "type": "MultiPolygon", "coordinates": [ [ [ [ -0.444035894095669, 50.962028906321372 ], [ -0.444035894095669, 50.967928775148785 ], [ -0.436015157389125, 50.967928775148785 ], [ -0.436015157389125, 50.962028906321372 ], [ -0.444035894095669, 50.962028906321372 ] ] ] ] } },
{ "type": "Feature", "properties": { }, "geometry": { "type": "MultiPolygon", "coordinates": [ [ [ [ -0.436015157389125, 50.962028906321372 ], [ -0.436015157389125, 50.967928775148785 ], [ -0.427994420682582, 50.967928775148785 ], [ -0.427994420682582, 50.962028906321372 ], [ -0.436015157389125, 50.962028906321372 ] ] ] ] } },
{ "type": "Feature", "properties": { }, "geometry": { "type": "MultiPolygon", "coordinates": [ [ [ [ -0.427994420682582, 50.962028906321372 ], [ -0.427994420682582, 50.967928775148785 ], [ -0.419973683976038, 50.967928775148785 ], [ -0.419973683976038, 50.962028906321372 ], [ -0.427994420682582, 50.962028906321372 ] ] ] ] } },
{ "type": "Feature", "properties": { }, "geometry": { "type": "MultiPolygon", "coordinates": [ [ [ [ -0.419973683976038, 50.962028906321372 ], [ -0.419973683976038, 50.967928775148785 ], [ -0.411952947269494, 50.967928775148785 ], [ -0.411952947269494, 50.962028906321372 ], [ -0.419973683976038, 50.962028906321372 ] ] ] ] } },
{ "type": "Feature", "properties": { }, "geometry": { "type": "MultiPolygon", "coordinates": [ [ [ [ -0.411952947269494, 50.962028906321372 ], [ -0.411952947269494, 50.967928775148785 ], [ -0.403932210562951, 50.967928775148785 ], [ -0.403932210562951, 50.962028906321372 ], [ -0.411952947269494, 50.962028906321372 ] ] ] ] } },
{ "type": "Feature", "properties": { }, "geometry": { "type": "MultiPolygon", "coordinates": [ [ [ [ -0.403932210562951, 50.962028906321372 ], [ -0.403932210562951, 50.967928775148785 ], [ -0.395911473856407, 50.967928775148785 ], [ -0.395911473856407, 50.962028906321372 ], [ -0.403932210562951, 50.962028906321372 ] ] ] ] } },
{ "type": "Feature", "properties": { }, "geometry": { "type": "MultiPolygon", "coordinates": [ [ [ [ -0.395911473856407, 50.962028906321372 ], [ -0.395911473856407, 50.967928775148785 ], [ -0.387890737149863, 50.967928775148785 ], [ -0.387890737149863, 50.962028906321372 ], [ -0.395911473856407, 50.962028906321372 ] ] ] ] } },
{ "type": "Feature", "properties": { }, "geometry": { "type": "MultiPolygon", "coordinates": [ [ [ [ -0.387890737149863, 50.962028906321372 ], [ -0.387890737149863, 50.967928775148785 ], [ -0.37987000044332, 50.967928775148785 ], [ -0.37987000044332, 50.962028906321372 ], [ -0.387890737149863, 50.962028906321372 ] ] ] ] } },
{ "type": "Feature", "properties": { }, "geometry": { "type": "MultiPolygon", "coordinates": [ [ [ [ -0.37987000044332, 50.962028906321372 ], [ -0.37987000044332, 50.967928775148785 ], [ -0.371849263736776, 50.967928775148785 ], [ -0.371849263736776, 50.962028906321372 ], [ -0.37987000044332, 50.962028906321372 ] ] ] ] } },
{ "type": "Feature", "properties": { }, "geometry": { "type": "MultiPolygon", "coordinates": [ [ [ [ -0.371849263736776, 50.962028906321372 ], [ -0.371849263736776, 50.967928775148785 ], [ -0.363828527030232, 50.967928775148785 ], [ -0.363828527030232, 50.962028906321372 ], [ -0.371849263736776, 50.962028906321372 ] ] ] ] } },
{ "type": "Feature", "properties": { }, "geometry": { "type": "MultiPolygon", "coordinates": [ [ [ [ -0.363828527030232, 50.962028906321372 ], [ -0.363828527030232, 50.967928775148785 ], [ -0.355807790323688, 50.967928775148785 ], [ -0.355807790323688, 50.962028906321372 ], [ -0.363828527030232, 50.962028906321372 ] ] ] ] } },
{ "type": "Feature", "properties": { }, "geometry": { "type": "MultiPolygon", "coordinates": [ [ [ [ -0.355807790323688, 50.962028906321372 ], [ -0.355807790323688, 50.967928775148785 ], [ -0.347787053617145, 50.967928775148785 ], [ -0.347787053617145, 50.962028906321372 ], [ -0.355807790323688, 50.962028906321372 ] ] ] ] } },
{ "type": "Feature", "properties": { }, "geometry": { "type": "MultiPolygon", "coordinates": [ [ [ [ -0.347787053617145, 50.962028906321372 ], [ -0.347787053617145, 50.967928775148785 ], [ -0.339766316910601, 50.967928775148785 ], [ -0.339766316910601, 50.962028906321372 ], [ -0.347787053617145, 50.962028906321372 ] ] ] ] } },
{ "type": "Feature", "properties": { }, "geometry": { "type": "MultiPolygon", "coordinates": [ [ [ [ -0.339766316910601, 50.962028906321372 ], [ -0.339766316910601, 50.967928775148785 ], [ -0.331745580204057, 50.967928775148785 ], [ -0.331745580204057, 50.962028906321372 ], [ -0.339766316910601, 50.962028906321372 ] ] ] ] } },
{ "type": "Feature", "properties": { }, "geometry": { "type": "MultiPolygon", "coordinates": [ [ [ [ -0.331745580204057, 50.962028906321372 ], [ -0.331745580204057, 50.967928775148785 ], [ -0.323724843497514, 50.967928775148785 ], [ -0.323724843497514, 50.962028906321372 ], [ -0.331745580204057, 50.962028906321372 ] ] ] ] } },
{ "type": "Feature", "properties": { }, "geometry": { "type": "MultiPolygon", "coordinates": [ [ [ [ -0.323724843497514, 50.962028906321372 ], [ -0.323724843497514, 50.967928775148785 ], [ -0.31570410679097, 50.967928775148785 ], [ -0.31570410679097, 50.962028906321372 ], [ -0.323724843497514, 50.962028906321372 ] ] ] ] } },
{ "type": "Feature", "properties": { }, "geometry": { "type": "MultiPolygon", "coordinates": [ [ [ [ -0.31570410679097, 50.962028906321372 ], [ -0.31570410679097, 50.967928775148785 ], [ -0.307683370084426, 50.967928775148785 ], [ -0.307683370084426, 50.962028906321372 ], [ -0.31570410679097, 50.962028906321372 ] ] ] ] } },
{ "type": "Feature", "properties": { }, "geometry": { "type": "MultiPolygon", "coordinates": [ [ [ [ -0.307683370084426, 50.962028906321372 ], [ -0.307683370084426, 50.967928775148785 ], [ -0.299662633377883, 50.967928775148785 ], [ -0.299662633377883, 50.962028906321372 ], [ -0.307683370084426, 50.962028906321372 ] ] ] ] } },
{ "type": "Feature", "properties": { }, "geometry": { "type": "MultiPolygon", "coordinates": [ [ [ [ -0.299662633377883, 50.962028906321372 ], [ -0.299662633377883, 50.967928775148785 ], [ -0.291641896671339, 50.967928775148785 ], [ -0.291641896671339, 50.962028906321372 ], [ -0.299662633377883, 50.962028906321372 ] ] ] ] } },
{ "type": "Feature", "properties": { }, "geometry": { "type": "MultiPolygon", "coordinates": [ [ [ [ -0.291641896671339, 50.962028906321372 ], [ -0.291641896671339, 50.967928775148785 ], [ -0.283621159964795, 50.967928775148785 ], [ -0.283621159964795, 50.962028906321372 ], [ -0.291641896671339, 50.962028906321372 ] ] ] ] } },
{ "type": "Feature", "properties": { }, "geometry": { "type": "MultiPolygon", "coordinates": [ [ [ [ -0.283621159964795, 50.962028906321372 ], [ -0.283621159964795, 50.967928775148785 ], [ -0.275600423258252, 50.967928775148785 ], [ -0.275600423258252, 50.962028906321372 ], [ -0.283621159964795, 50.962028906321372 ] ] ] ] } },
{ "type": "Feature", "properties": { }, "geometry": { "type": "MultiPolygon", "coordinates": [ [ [ [ -0.275600423258252, 50.962028906321372 ], [ -0.275600423258252, 50.967928775148785 ], [ -0.267579686551708, 50.967928775148785 ], [ -0.267579686551708, 50.962028906321372 ], [ -0.275600423258252, 50.962028906321372 ] ] ] ] } },
{ "type": "Feature", "properties": { }, "geometry": { "type": "MultiPolygon", "coordinates": [ [ [ [ -0.4680981042153, 50.956129037493959 ], [ -0.4680981042153, 50.962028906321372 ], [ -0.460077367508756, 50.962028906321372 ], [ -0.460077367508756, 50.956129037493959 ], [ -0.4680981042153, 50.956129037493959 ] ] ] ] } },
{ "type": "Feature", "properties": { }, "geometry": { "type": "MultiPolygon", "coordinates": [ [ [ [ -0.460077367508756, 50.956129037493959 ], [ -0.460077367508756, 50.962028906321372 ], [ -0.452056630802213, 50.962028906321372 ], [ -0.452056630802213, 50.956129037493959 ], [ -0.460077367508756, 50.956129037493959 ] ] ] ] } },
{ "type": "Feature", "properties": { }, "geometry": { "type": "MultiPolygon", "coordinates": [ [ [ [ -0.452056630802213, 50.956129037493959 ], [ -0.452056630802213, 50.962028906321372 ], [ -0.444035894095669, 50.962028906321372 ], [ -0.444035894095669, 50.956129037493959 ], [ -0.452056630802213, 50.956129037493959 ] ] ] ] } },
{ "type": "Feature", "properties": { }, "geometry": { "type": "MultiPolygon", "coordinates": [ [ [ [ -0.444035894095669, 50.956129037493959 ], [ -0.444035894095669, 50.962028906321372 ], [ -0.436015157389125, 50.962028906321372 ], [ -0.436015157389125, 50.956129037493959 ], [ -0.444035894095669, 50.956129037493959 ] ] ] ] } },
{ "type": "Feature", "properties": { }, "geometry": { "type": "MultiPolygon", "coordinates": [ [ [ [ -0.436015157389125, 50.956129037493959 ], [ -0.436015157389125, 50.962028906321372 ], [ -0.427994420682582, 50.962028906321372 ], [ -0.427994420682582, 50.956129037493959 ], [ -0.436015157389125, 50.956129037493959 ] ] ] ] } },
{ "type": "Feature", "properties": { }, "geometry": { "type": "MultiPolygon", "coordinates": [ [ [ [ -0.427994420682582, 50.956129037493959 ], [ -0.427994420682582, 50.962028906321372 ], [ -0.419973683976038, 50.962028906321372 ], [ -0.419973683976038, 50.956129037493959 ], [ -0.427994420682582, 50.956129037493959 ] ] ] ] } },
{ "type": "Feature", "properties": { }, "geometry": { "type": "MultiPolygon", "coordinates": [ [ [ [ -0.419973683976038, 50.956129037493959 ], [ -0.419973683976038, 50.962028906321372 ], [ -0.411952947269494, 50.962028906321372 ], [ -0.411952947269494, 50.956129037493959 ], [ -0.419973683976038, 50.956129037493959 ] ] ] ] } },
{ "type": "Feature", "properties": { }, "geometry": { "type": "MultiPolygon", "coordinates": [ [ [ [ -0.411952947269494, 50.956129037493959 ], [ -0.411952947269494, 50.962028906321372 ], [ -0.403932210562951, 50.962028906321372 ], [ -0.403932210562951, 50.956129037493959 ], [ -0.411952947269494, 50.956129037493959 ] ] ] ] } },
{ "type": "Feature", "properties": { }, "geometry": { "type": "MultiPolygon", "coordinates": [ [ [ [ -0.403932210562951, 50.956129037493959 ], [ -0.403932210562951, 50.962028906321372 ], [ -0.395911473856407, 50.962028906321372 ], [ -0.395911473856407, 50.956129037493959 ], [ -0.403932210562951, 50.956129037493959 ] ] ] ] } },
{ "type": "Feature", "properties": { }, "geometry": { "type": "MultiPolygon", "coordinates": [ [ [ [ -0.395911473856407, 50.956129037493959 ], [ -0.395911473856407, 50.962028906321372 ], [ -0.387890737149863, 50.962028906321372 ], [ -0.387890737149863, 50.956129037493959 ], [ -0.395911473856407, 50.956129037493959 ] ] ] ] } },
{ "type": "Feature", "properties": { }, "geometry": { "type": "MultiPolygon", "coordinates": [ [ [ [ -0.387890737149863, 50.956129037493959 ], [ -0.387890737149863, 50.962028906321372 ], [ -0.37987000044332, 50.962028906321372 ], [ -0.37987000044332, 50.956129037493959 ], [ -0.387890737149863, 50.956129037493959 ] ] ] ] } },
{ "type": "Feature", "properties": { }, "geometry": { "type": "MultiPolygon", "coordinates": [ [ [ [ -0.37987000044332, 50.956129037493959 ], [ -0.37987000044332, 50.962028906321372 ], [ -0.371849263736776, 50.962028906321372 ], [ -0.371849263736776, 50.956129037493959 ], [ -0.37987000044332, 50.956129037493959 ] ] ] ] } },
{ "type": "Feature", "properties": { }, "geometry": { "type": "MultiPolygon", "coordinates": [ [ [ [ -0.371849263736776, 50.956129037493959 ], [ -0.371849263736776, 50.962028906321372 ], [ -0.363828527030232, 50.962028906321372 ], [ -0.363828527030232, 50.956129037493959 ], [ -0.371849263736776, 50.956129037493959 ] ] ] ] } },
{ "type": "Feature", "properties": { }, "geometry": { "type": "MultiPolygon", "coordinates": [ [ [ [ -0.363828527030232, 50.956129037493959 ], [ -0.363828527030232, 50.962028906321372 ], [ -0.355807790323688, 50.962028906321372 ], [ -0.355807790323688, 50.956129037493959 ], [ -0.363828527030232, 50.956129037493959 ] ] ] ] } },
{ "type": "Feature", "properties": { }, "geometry": { "type": "MultiPolygon", "coordinates": [ [ [ [ -0.355807790323688, 50.956129037493959 ], [ -0.355807790323688, 50.962028906321372 ], [ -0.347787053617145, 50.962028906321372 ], [ -0.347787053617145, 50.956129037493959 ], [ -0.355807790323688, 50.956129037493959 ] ] ] ] } },
{ "type": "Feature", "properties": { }, "geometry": { "type": "MultiPolygon", "coordinates": [ [ [ [ -0.347787053617145, 50.956129037493959 ], [ -0.347787053617145, 50.962028906321372 ], [ -0.339766316910601, 50.962028906321372 ], [ -0.339766316910601, 50.956129037493959 ], [ -0.347787053617145, 50.956129037493959 ] ] ] ] } },
{ "type": "Feature", "properties": { }, "geometry": { "type": "MultiPolygon", "coordinates": [ [ [ [ -0.339766316910601, 50.956129037493959 ], [ -0.339766316910601, 50.962028906321372 ], [ -0.331745580204057, 50.962028906321372 ], [ -0.331745580204057, 50.956129037493959 ], [ -0.339766316910601, 50.956129037493959 ] ] ] ] } },
{ "type": "Feature", "properties": { }, "geometry": { "type": "MultiPolygon", "coordinates": [ [ [ [ -0.331745580204057, 50.956129037493959 ], [ -0.331745580204057, 50.962028906321372 ], [ -0.323724843497514, 50.962028906321372 ], [ -0.323724843497514, 50.956129037493959 ], [ -0.331745580204057, 50.956129037493959 ] ] ] ] } },
{ "type": "Feature", "properties": { }, "geometry": { "type": "MultiPolygon", "coordinates": [ [ [ [ -0.323724843497514, 50.956129037493959 ], [ -0.323724843497514, 50.962028906321372 ], [ -0.31570410679097, 50.962028906321372 ], [ -0.31570410679097, 50.956129037493959 ], [ -0.323724843497514, 50.956129037493959 ] ] ] ] } },
{ "type": "Feature", "properties": { }, "geometry": { "type": "MultiPolygon", "coordinates": [ [ [ [ -0.31570410679097, 50.956129037493959 ], [ -0.31570410679097, 50.962028906321372 ], [ -0.307683370084426, 50.962028906321372 ], [ -0.307683370084426, 50.956129037493959 ], [ -0.31570410679097, 50.956129037493959 ] ] ] ] } },
{ "type": "Feature", "properties": { }, "geometry": { "type": "MultiPolygon", "coordinates": [ [ [ [ -0.307683370084426, 50.956129037493959 ], [ -0.307683370084426, 50.962028906321372 ], [ -0.299662633377883, 50.962028906321372 ], [ -0.299662633377883, 50.956129037493959 ], [ -0.307683370084426, 50.956129037493959 ] ] ] ] } },
{ "type": "Feature", "properties": { }, "geometry": { "type": "MultiPolygon", "coordinates": [ [ [ [ -0.299662633377883, 50.956129037493959 ], [ -0.299662633377883, 50.962028906321372 ], [ -0.291641896671339, 50.962028906321372 ], [ -0.291641896671339, 50.956129037493959 ], [ -0.299662633377883, 50.956129037493959 ] ] ] ] } },
{ "type": "Feature", "properties": { }, "geometry": { "type": "MultiPolygon", "coordinates": [ [ [ [ -0.291641896671339, 50.956129037493959 ], [ -0.291641896671339, 50.962028906321372 ], [ -0.283621159964795, 50.962028906321372 ], [ -0.283621159964795, 50.956129037493959 ], [ -0.291641896671339, 50.956129037493959 ] ] ] ] } },
{ "type": "Feature", "properties": { }, "geometry": { "type": "MultiPolygon", "coordinates": [ [ [ [ -0.283621159964795, 50.956129037493959 ], [ -0.283621159964795, 50.962028906321372 ], [ -0.275600423258252, 50.962028906321372 ], [ -0.275600423258252, 50.956129037493959 ], [ -0.283621159964795, 50.956129037493959 ] ] ] ] } },
{ "type": "Feature", "properties": { }, "geometry": { "type": "MultiPolygon", "coordinates": [ [ [ [ -0.275600423258252, 50.956129037493959 ], [ -0.275600423258252, 50.962028906321372 ], [ -0.267579686551708, 50.962028906321372 ], [ -0.267579686551708, 50.956129037493959 ], [ -0.275600423258252, 50.956129037493959 ] ] ] ] } },
{ "type": "Feature", "properties": { }, "geometry": { "type": "MultiPolygon", "coordinates": [ [ [ [ -0.4680981042153, 50.950229168666553 ], [ -0.4680981042153, 50.956129037493966 ], [ -0.460077367508756, 50.956129037493966 ], [ -0.460077367508756, 50.950229168666553 ], [ -0.4680981042153, 50.950229168666553 ] ] ] ] } },
{ "type": "Feature", "properties": { }, "geometry": { "type": "MultiPolygon", "coordinates": [ [ [ [ -0.460077367508756, 50.950229168666553 ], [ -0.460077367508756, 50.956129037493966 ], [ -0.452056630802213, 50.956129037493966 ], [ -0.452056630802213, 50.950229168666553 ], [ -0.460077367508756, 50.950229168666553 ] ] ] ] } },
{ "type": "Feature", "properties": { }, "geometry": { "type": "MultiPolygon", "coordinates": [ [ [ [ -0.452056630802213, 50.950229168666553 ], [ -0.452056630802213, 50.956129037493966 ], [ -0.444035894095669, 50.956129037493966 ], [ -0.444035894095669, 50.950229168666553 ], [ -0.452056630802213, 50.950229168666553 ] ] ] ] } },
{ "type": "Feature", "properties": { }, "geometry": { "type": "MultiPolygon", "coordinates": [ [ [ [ -0.444035894095669, 50.950229168666553 ], [ -0.444035894095669, 50.956129037493966 ], [ -0.436015157389125, 50.956129037493966 ], [ -0.436015157389125, 50.950229168666553 ], [ -0.444035894095669, 50.950229168666553 ] ] ] ] } },
{ "type": "Feature", "properties": { }, "geometry": { "type": "MultiPolygon", "coordinates": [ [ [ [ -0.436015157389125, 50.950229168666553 ], [ -0.436015157389125, 50.956129037493966 ], [ -0.427994420682582, 50.956129037493966 ], [ -0.427994420682582, 50.950229168666553 ], [ -0.436015157389125, 50.950229168666553 ] ] ] ] } },
{ "type": "Feature", "properties": { }, "geometry": { "type": "MultiPolygon", "coordinates": [ [ [ [ -0.427994420682582, 50.950229168666553 ], [ -0.427994420682582, 50.956129037493966 ], [ -0.419973683976038, 50.956129037493966 ], [ -0.419973683976038, 50.950229168666553 ], [ -0.427994420682582, 50.950229168666553 ] ] ] ] } },
{ "type": "Feature", "properties": { }, "geometry": { "type": "MultiPolygon", "coordinates": [ [ [ [ -0.419973683976038, 50.950229168666553 ], [ -0.419973683976038, 50.956129037493966 ], [ -0.411952947269494, 50.956129037493966 ], [ -0.411952947269494, 50.950229168666553 ], [ -0.419973683976038, 50.950229168666553 ] ] ] ] } },
{ "type": "Feature", "properties": { }, "geometry": { "type": "MultiPolygon", "coordinates": [ [ [ [ -0.411952947269494, 50.950229168666553 ], [ -0.411952947269494, 50.956129037493966 ], [ -0.403932210562951, 50.956129037493966 ], [ -0.403932210562951, 50.950229168666553 ], [ -0.411952947269494, 50.950229168666553 ] ] ] ] } },
{ "type": "Feature", "properties": { }, "geometry": { "type": "MultiPolygon", "coordinates": [ [ [ [ -0.403932210562951, 50.950229168666553 ], [ -0.403932210562951, 50.956129037493966 ], [ -0.395911473856407, 50.956129037493966 ], [ -0.395911473856407, 50.950229168666553 ], [ -0.403932210562951, 50.950229168666553 ] ] ] ] } },
{ "type": "Feature", "properties": { }, "geometry": { "type": "MultiPolygon", "coordinates": [ [ [ [ -0.395911473856407, 50.950229168666553 ], [ -0.395911473856407, 50.956129037493966 ], [ -0.387890737149863, 50.956129037493966 ], [ -0.387890737149863, 50.950229168666553 ], [ -0.395911473856407, 50.950229168666553 ] ] ] ] } },
{ "type": "Feature", "properties": { }, "geometry": { "type": "MultiPolygon", "coordinates": [ [ [ [ -0.387890737149863, 50.950229168666553 ], [ -0.387890737149863, 50.956129037493966 ], [ -0.37987000044332, 50.956129037493966 ], [ -0.37987000044332, 50.950229168666553 ], [ -0.387890737149863, 50.950229168666553 ] ] ] ] } },
{ "type": "Feature", "properties": { }, "geometry": { "type": "MultiPolygon", "coordinates": [ [ [ [ -0.37987000044332, 50.950229168666553 ], [ -0.37987000044332, 50.956129037493966 ], [ -0.371849263736776, 50.956129037493966 ], [ -0.371849263736776, 50.950229168666553 ], [ -0.37987000044332, 50.950229168666553 ] ] ] ] } },
{ "type": "Feature", "properties": { }, "geometry": { "type": "MultiPolygon", "coordinates": [ [ [ [ -0.371849263736776, 50.950229168666553 ], [ -0.371849263736776, 50.956129037493966 ], [ -0.363828527030232, 50.956129037493966 ], [ -0.363828527030232, 50.950229168666553 ], [ -0.371849263736776, 50.950229168666553 ] ] ] ] } },
{ "type": "Feature", "properties": { }, "geometry": { "type": "MultiPolygon", "coordinates": [ [ [ [ -0.363828527030232, 50.950229168666553 ], [ -0.363828527030232, 50.956129037493966 ], [ -0.355807790323688, 50.956129037493966 ], [ -0.355807790323688, 50.950229168666553 ], [ -0.363828527030232, 50.950229168666553 ] ] ] ] } },
{ "type": "Feature", "properties": { }, "geometry": { "type": "MultiPolygon", "coordinates": [ [ [ [ -0.355807790323688, 50.950229168666553 ], [ -0.355807790323688, 50.956129037493966 ], [ -0.347787053617145, 50.956129037493966 ], [ -0.347787053617145, 50.950229168666553 ], [ -0.355807790323688, 50.950229168666553 ] ] ] ] } },
{ "type": "Feature", "properties": { }, "geometry": { "type": "MultiPolygon", "coordinates": [ [ [ [ -0.347787053617145, 50.950229168666553 ], [ -0.347787053617145, 50.956129037493966 ], [ -0.339766316910601, 50.956129037493966 ], [ -0.339766316910601, 50.950229168666553 ], [ -0.347787053617145, 50.950229168666553 ] ] ] ] } },
{ "type": "Feature", "properties": { }, "geometry": { "type": "MultiPolygon", "coordinates": [ [ [ [ -0.339766316910601, 50.950229168666553 ], [ -0.339766316910601, 50.956129037493966 ], [ -0.331745580204057, 50.956129037493966 ], [ -0.331745580204057, 50.950229168666553 ], [ -0.339766316910601, 50.950229168666553 ] ] ] ] } },
{ "type": "Feature", "properties": { }, "geometry": { "type": "MultiPolygon", "coordinates": [ [ [ [ -0.331745580204057, 50.950229168666553 ], [ -0.331745580204057, 50.956129037493966 ], [ -0.323724843497514, 50.956129037493966 ], [ -0.323724843497514, 50.950229168666553 ], [ -0.331745580204057, 50.950229168666553 ] ] ] ] } },
{ "type": "Feature", "properties": { }, "geometry": { "type": "MultiPolygon", "coordinates": [ [ [ [ -0.323724843497514, 50.950229168666553 ], [ -0.323724843497514, 50.956129037493966 ], [ -0.31570410679097, 50.956129037493966 ], [ -0.31570410679097, 50.950229168666553 ], [ -0.323724843497514, 50.950229168666553 ] ] ] ] } },
{ "type": "Feature", "properties": { }, "geometry": { "type": "MultiPolygon", "coordinates": [ [ [ [ -0.31570410679097, 50.950229168666553 ], [ -0.31570410679097, 50.956129037493966 ], [ -0.307683370084426, 50.956129037493966 ], [ -0.307683370084426, 50.950229168666553 ], [ -0.31570410679097, 50.950229168666553 ] ] ] ] } },
{ "type": "Feature", "properties": { }, "geometry": { "type": "MultiPolygon", "coordinates": [ [ [ [ -0.307683370084426, 50.950229168666553 ], [ -0.307683370084426, 50.956129037493966 ], [ -0.299662633377883, 50.956129037493966 ], [ -0.299662633377883, 50.950229168666553 ], [ -0.307683370084426, 50.950229168666553 ] ] ] ] } },
{ "type": "Feature", "properties": { }, "geometry": { "type": "MultiPolygon", "coordinates": [ [ [ [ -0.299662633377883, 50.950229168666553 ], [ -0.299662633377883, 50.956129037493966 ], [ -0.291641896671339, 50.956129037493966 ], [ -0.291641896671339, 50.950229168666553 ], [ -0.299662633377883, 50.950229168666553 ] ] ] ] } },
{ "type": "Feature", "properties": { }, "geometry": { "type": "MultiPolygon", "coordinates": [ [ [ [ -0.291641896671339, 50.950229168666553 ], [ -0.291641896671339, 50.956129037493966 ], [ -0.283621159964795, 50.956129037493966 ], [ -0.283621159964795, 50.950229168666553 ], [ -0.291641896671339, 50.950229168666553 ] ] ] ] } },
{ "type": "Feature", "properties": { }, "geometry": { "type": "MultiPolygon", "coordinates": [ [ [ [ -0.283621159964795, 50.950229168666553 ], [ -0.283621159964795, 50.956129037493966 ], [ -0.275600423258252, 50.956129037493966 ], [ -0.275600423258252, 50.950229168666553 ], [ -0.283621159964795, 50.950229168666553 ] ] ] ] } },
{ "type": "Feature", "properties": { }, "geometry": { "type": "MultiPolygon", "coordinates": [ [ [ [ -0.275600423258252, 50.950229168666553 ], [ -0.275600423258252, 50.956129037493966 ], [ -0.267579686551708, 50.956129037493966 ], [ -0.267579686551708, 50.950229168666553 ], [ -0.275600423258252, 50.950229168666553 ] ] ] ] } },
{ "type": "Feature", "properties": { }, "geometry": { "type": "MultiPolygon", "coordinates": [ [ [ [ -0.4680981042153, 50.94432929983914 ], [ -0.4680981042153, 50.950229168666553 ], [ -0.460077367508756, 50.950229168666553 ], [ -0.460077367508756, 50.94432929983914 ], [ -0.4680981042153, 50.94432929983914 ] ] ] ] } },
{ "type": "Feature", "properties": { }, "geometry": { "type": "MultiPolygon", "coordinates": [ [ [ [ -0.460077367508756, 50.94432929983914 ], [ -0.460077367508756, 50.950229168666553 ], [ -0.452056630802213, 50.950229168666553 ], [ -0.452056630802213, 50.94432929983914 ], [ -0.460077367508756, 50.94432929983914 ] ] ] ] } },
{ "type": "Feature", "properties": { }, "geometry": { "type": "MultiPolygon", "coordinates": [ [ [ [ -0.452056630802213, 50.94432929983914 ], [ -0.452056630802213, 50.950229168666553 ], [ -0.444035894095669, 50.950229168666553 ], [ -0.444035894095669, 50.94432929983914 ], [ -0.452056630802213, 50.94432929983914 ] ] ] ] } },
{ "type": "Feature", "properties": { }, "geometry": { "type": "MultiPolygon", "coordinates": [ [ [ [ -0.444035894095669, 50.94432929983914 ], [ -0.444035894095669, 50.950229168666553 ], [ -0.436015157389125, 50.950229168666553 ], [ -0.436015157389125, 50.94432929983914 ], [ -0.444035894095669, 50.94432929983914 ] ] ] ] } },
{ "type": "Feature", "properties": { }, "geometry": { "type": "MultiPolygon", "coordinates": [ [ [ [ -0.436015157389125, 50.94432929983914 ], [ -0.436015157389125, 50.950229168666553 ], [ -0.427994420682582, 50.950229168666553 ], [ -0.427994420682582, 50.94432929983914 ], [ -0.436015157389125, 50.94432929983914 ] ] ] ] } },
{ "type": "Feature", "properties": { }, "geometry": { "type": "MultiPolygon", "coordinates": [ [ [ [ -0.427994420682582, 50.94432929983914 ], [ -0.427994420682582, 50.950229168666553 ], [ -0.419973683976038, 50.950229168666553 ], [ -0.419973683976038, 50.94432929983914 ], [ -0.427994420682582, 50.94432929983914 ] ] ] ] } },
{ "type": "Feature", "properties": { }, "geometry": { "type": "MultiPolygon", "coordinates": [ [ [ [ -0.419973683976038, 50.94432929983914 ], [ -0.419973683976038, 50.950229168666553 ], [ -0.411952947269494, 50.950229168666553 ], [ -0.411952947269494, 50.94432929983914 ], [ -0.419973683976038, 50.94432929983914 ] ] ] ] } },
{ "type": "Feature", "properties": { }, "geometry": { "type": "MultiPolygon", "coordinates": [ [ [ [ -0.411952947269494, 50.94432929983914 ], [ -0.411952947269494, 50.950229168666553 ], [ -0.403932210562951, 50.950229168666553 ], [ -0.403932210562951, 50.94432929983914 ], [ -0.411952947269494, 50.94432929983914 ] ] ] ] } },
{ "type": "Feature", "properties": { }, "geometry": { "type": "MultiPolygon", "coordinates": [ [ [ [ -0.403932210562951, 50.94432929983914 ], [ -0.403932210562951, 50.950229168666553 ], [ -0.395911473856407, 50.950229168666553 ], [ -0.395911473856407, 50.94432929983914 ], [ -0.403932210562951, 50.94432929983914 ] ] ] ] } },
{ "type": "Feature", "properties": { }, "geometry": { "type": "MultiPolygon", "coordinates": [ [ [ [ -0.395911473856407, 50.94432929983914 ], [ -0.395911473856407, 50.950229168666553 ], [ -0.387890737149863, 50.950229168666553 ], [ -0.387890737149863, 50.94432929983914 ], [ -0.395911473856407, 50.94432929983914 ] ] ] ] } },
{ "type": "Feature", "properties": { }, "geometry": { "type": "MultiPolygon", "coordinates": [ [ [ [ -0.387890737149863, 50.94432929983914 ], [ -0.387890737149863, 50.950229168666553 ], [ -0.37987000044332, 50.950229168666553 ], [ -0.37987000044332, 50.94432929983914 ], [ -0.387890737149863, 50.94432929983914 ] ] ] ] } },
{ "type": "Feature", "properties": { }, "geometry": { "type": "MultiPolygon", "coordinates": [ [ [ [ -0.37987000044332, 50.94432929983914 ], [ -0.37987000044332, 50.950229168666553 ], [ -0.371849263736776, 50.950229168666553 ], [ -0.371849263736776, 50.94432929983914 ], [ -0.37987000044332, 50.94432929983914 ] ] ] ] } },
{ "type": "Feature", "properties": { }, "geometry": { "type": "MultiPolygon", "coordinates": [ [ [ [ -0.371849263736776, 50.94432929983914 ], [ -0.371849263736776, 50.950229168666553 ], [ -0.363828527030232, 50.950229168666553 ], [ -0.363828527030232, 50.94432929983914 ], [ -0.371849263736776, 50.94432929983914 ] ] ] ] } },
{ "type": "Feature", "properties": { }, "geometry": { "type": "MultiPolygon", "coordinates": [ [ [ [ -0.363828527030232, 50.94432929983914 ], [ -0.363828527030232, 50.950229168666553 ], [ -0.355807790323688, 50.950229168666553 ], [ -0.355807790323688, 50.94432929983914 ], [ -0.363828527030232, 50.94432929983914 ] ] ] ] } },
{ "type": "Feature", "properties": { }, "geometry": { "type": "MultiPolygon", "coordinates": [ [ [ [ -0.355807790323688, 50.94432929983914 ], [ -0.355807790323688, 50.950229168666553 ], [ -0.347787053617145, 50.950229168666553 ], [ -0.347787053617145, 50.94432929983914 ], [ -0.355807790323688, 50.94432929983914 ] ] ] ] } },
{ "type": "Feature", "properties": { }, "geometry": { "type": "MultiPolygon", "coordinates": [ [ [ [ -0.347787053617145, 50.94432929983914 ], [ -0.347787053617145, 50.950229168666553 ], [ -0.339766316910601, 50.950229168666553 ], [ -0.339766316910601, 50.94432929983914 ], [ -0.347787053617145, 50.94432929983914 ] ] ] ] } },
{ "type": "Feature", "properties": { }, "geometry": { "type": "MultiPolygon", "coordinates": [ [ [ [ -0.339766316910601, 50.94432929983914 ], [ -0.339766316910601, 50.950229168666553 ], [ -0.331745580204057, 50.950229168666553 ], [ -0.331745580204057, 50.94432929983914 ], [ -0.339766316910601, 50.94432929983914 ] ] ] ] } },
{ "type": "Feature", "properties": { }, "geometry": { "type": "MultiPolygon", "coordinates": [ [ [ [ -0.331745580204057, 50.94432929983914 ], [ -0.331745580204057, 50.950229168666553 ], [ -0.323724843497514, 50.950229168666553 ], [ -0.323724843497514, 50.94432929983914 ], [ -0.331745580204057, 50.94432929983914 ] ] ] ] } },
{ "type": "Feature", "properties": { }, "geometry": { "type": "MultiPolygon", "coordinates": [ [ [ [ -0.323724843497514, 50.94432929983914 ], [ -0.323724843497514, 50.950229168666553 ], [ -0.31570410679097, 50.950229168666553 ], [ -0.31570410679097, 50.94432929983914 ], [ -0.323724843497514, 50.94432929983914 ] ] ] ] } },
{ "type": "Feature", "properties": { }, "geometry": { "type": "MultiPolygon", "coordinates": [ [ [ [ -0.31570410679097, 50.94432929983914 ], [ -0.31570410679097, 50.950229168666553 ], [ -0.307683370084426, 50.950229168666553 ], [ -0.307683370084426, 50.94432929983914 ], [ -0.31570410679097, 50.94432929983914 ] ] ] ] } },
{ "type": "Feature", "properties": { }, "geometry": { "type": "MultiPolygon", "coordinates": [ [ [ [ -0.307683370084426, 50.94432929983914 ], [ -0.307683370084426, 50.950229168666553 ], [ -0.299662633377883, 50.950229168666553 ], [ -0.299662633377883, 50.94432929983914 ], [ -0.307683370084426, 50.94432929983914 ] ] ] ] } },
{ "type": "Feature", "properties": { }, "geometry": { "type": "MultiPolygon", "coordinates": [ [ [ [ -0.299662633377883, 50.94432929983914 ], [ -0.299662633377883, 50.950229168666553 ], [ -0.291641896671339, 50.950229168666553 ], [ -0.291641896671339, 50.94432929983914 ], [ -0.299662633377883, 50.94432929983914 ] ] ] ] } },
{ "type": "Feature", "properties": { }, "geometry": { "type": "MultiPolygon", "coordinates": [ [ [ [ -0.291641896671339, 50.94432929983914 ], [ -0.291641896671339, 50.950229168666553 ], [ -0.283621159964795, 50.950229168666553 ], [ -0.283621159964795, 50.94432929983914 ], [ -0.291641896671339, 50.94432929983914 ] ] ] ] } },
{ "type": "Feature", "properties": { }, "geometry": { "type": "MultiPolygon", "coordinates": [ [ [ [ -0.283621159964795, 50.94432929983914 ], [ -0.283621159964795, 50.950229168666553 ], [ -0.275600423258252, 50.950229168666553 ], [ -0.275600423258252, 50.94432929983914 ], [ -0.283621159964795, 50.94432929983914 ] ] ] ] } },
{ "type": "Feature", "properties": { }, "geometry": { "type": "MultiPolygon", "coordinates": [ [ [ [ -0.275600423258252, 50.94432929983914 ], [ -0.275600423258252, 50.950229168666553 ], [ -0.267579686551708, 50.950229168666553 ], [ -0.267579686551708, 50.94432929983914 ], [ -0.275600423258252, 50.94432929983914 ] ] ] ] } },
{ "type": "Feature", "properties": { }, "geometry": { "type": "MultiPolygon", "coordinates": [ [ [ [ -0.4680981042153, 50.938429431011734 ], [ -0.4680981042153, 50.944329299839147 ], [ -0.460077367508756, 50.944329299839147 ], [ -0.460077367508756, 50.938429431011734 ], [ -0.4680981042153, 50.938429431011734 ] ] ] ] } },
{ "type": "Feature", "properties": { }, "geometry": { "type": "MultiPolygon", "coordinates": [ [ [ [ -0.460077367508756, 50.938429431011734 ], [ -0.460077367508756, 50.944329299839147 ], [ -0.452056630802213, 50.944329299839147 ], [ -0.452056630802213, 50.938429431011734 ], [ -0.460077367508756, 50.938429431011734 ] ] ] ] } },
{ "type": "Feature", "properties": { }, "geometry": { "type": "MultiPolygon", "coordinates": [ [ [ [ -0.452056630802213, 50.938429431011734 ], [ -0.452056630802213, 50.944329299839147 ], [ -0.444035894095669, 50.944329299839147 ], [ -0.444035894095669, 50.938429431011734 ], [ -0.452056630802213, 50.938429431011734 ] ] ] ] } },
{ "type": "Feature", "properties": { }, "geometry": { "type": "MultiPolygon", "coordinates": [ [ [ [ -0.444035894095669, 50.938429431011734 ], [ -0.444035894095669, 50.944329299839147 ], [ -0.436015157389125, 50.944329299839147 ], [ -0.436015157389125, 50.938429431011734 ], [ -0.444035894095669, 50.938429431011734 ] ] ] ] } },
{ "type": "Feature", "properties": { }, "geometry": { "type": "MultiPolygon", "coordinates": [ [ [ [ -0.436015157389125, 50.938429431011734 ], [ -0.436015157389125, 50.944329299839147 ], [ -0.427994420682582, 50.944329299839147 ], [ -0.427994420682582, 50.938429431011734 ], [ -0.436015157389125, 50.938429431011734 ] ] ] ] } },
{ "type": "Feature", "properties": { }, "geometry": { "type": "MultiPolygon", "coordinates": [ [ [ [ -0.427994420682582, 50.938429431011734 ], [ -0.427994420682582, 50.944329299839147 ], [ -0.419973683976038, 50.944329299839147 ], [ -0.419973683976038, 50.938429431011734 ], [ -0.427994420682582, 50.938429431011734 ] ] ] ] } },
{ "type": "Feature", "properties": { }, "geometry": { "type": "MultiPolygon", "coordinates": [ [ [ [ -0.419973683976038, 50.938429431011734 ], [ -0.419973683976038, 50.944329299839147 ], [ -0.411952947269494, 50.944329299839147 ], [ -0.411952947269494, 50.938429431011734 ], [ -0.419973683976038, 50.938429431011734 ] ] ] ] } },
{ "type": "Feature", "properties": { }, "geometry": { "type": "MultiPolygon", "coordinates": [ [ [ [ -0.411952947269494, 50.938429431011734 ], [ -0.411952947269494, 50.944329299839147 ], [ -0.403932210562951, 50.944329299839147 ], [ -0.403932210562951, 50.938429431011734 ], [ -0.411952947269494, 50.938429431011734 ] ] ] ] } },
{ "type": "Feature", "properties": { }, "geometry": { "type": "MultiPolygon", "coordinates": [ [ [ [ -0.403932210562951, 50.938429431011734 ], [ -0.403932210562951, 50.944329299839147 ], [ -0.395911473856407, 50.944329299839147 ], [ -0.395911473856407, 50.938429431011734 ], [ -0.403932210562951, 50.938429431011734 ] ] ] ] } },
{ "type": "Feature", "properties": { }, "geometry": { "type": "MultiPolygon", "coordinates": [ [ [ [ -0.395911473856407, 50.938429431011734 ], [ -0.395911473856407, 50.944329299839147 ], [ -0.387890737149863, 50.944329299839147 ], [ -0.387890737149863, 50.938429431011734 ], [ -0.395911473856407, 50.938429431011734 ] ] ] ] } },
{ "type": "Feature", "properties": { }, "geometry": { "type": "MultiPolygon", "coordinates": [ [ [ [ -0.387890737149863, 50.938429431011734 ], [ -0.387890737149863, 50.944329299839147 ], [ -0.37987000044332, 50.944329299839147 ], [ -0.37987000044332, 50.938429431011734 ], [ -0.387890737149863, 50.938429431011734 ] ] ] ] } },
{ "type": "Feature", "properties": { }, "geometry": { "type": "MultiPolygon", "coordinates": [ [ [ [ -0.37987000044332, 50.938429431011734 ], [ -0.37987000044332, 50.944329299839147 ], [ -0.371849263736776, 50.944329299839147 ], [ -0.371849263736776, 50.938429431011734 ], [ -0.37987000044332, 50.938429431011734 ] ] ] ] } },
{ "type": "Feature", "properties": { }, "geometry": { "type": "MultiPolygon", "coordinates": [ [ [ [ -0.371849263736776, 50.938429431011734 ], [ -0.371849263736776, 50.944329299839147 ], [ -0.363828527030232, 50.944329299839147 ], [ -0.363828527030232, 50.938429431011734 ], [ -0.371849263736776, 50.938429431011734 ] ] ] ] } },
{ "type": "Feature", "properties": { }, "geometry": { "type": "MultiPolygon", "coordinates": [ [ [ [ -0.363828527030232, 50.938429431011734 ], [ -0.363828527030232, 50.944329299839147 ], [ -0.355807790323688, 50.944329299839147 ], [ -0.355807790323688, 50.938429431011734 ], [ -0.363828527030232, 50.938429431011734 ] ] ] ] } },
{ "type": "Feature", "properties": { }, "geometry": { "type": "MultiPolygon", "coordinates": [ [ [ [ -0.355807790323688, 50.938429431011734 ], [ -0.355807790323688, 50.944329299839147 ], [ -0.347787053617145, 50.944329299839147 ], [ -0.347787053617145, 50.938429431011734 ], [ -0.355807790323688, 50.938429431011734 ] ] ] ] } },
{ "type": "Feature", "properties": { }, "geometry": { "type": "MultiPolygon", "coordinates": [ [ [ [ -0.347787053617145, 50.938429431011734 ], [ -0.347787053617145, 50.944329299839147 ], [ -0.339766316910601, 50.944329299839147 ], [ -0.339766316910601, 50.938429431011734 ], [ -0.347787053617145, 50.938429431011734 ] ] ] ] } },
{ "type": "Feature", "properties": { }, "geometry": { "type": "MultiPolygon", "coordinates": [ [ [ [ -0.339766316910601, 50.938429431011734 ], [ -0.339766316910601, 50.944329299839147 ], [ -0.331745580204057, 50.944329299839147 ], [ -0.331745580204057, 50.938429431011734 ], [ -0.339766316910601, 50.938429431011734 ] ] ] ] } },
{ "type": "Feature", "properties": { }, "geometry": { "type": "MultiPolygon", "coordinates": [ [ [ [ -0.331745580204057, 50.938429431011734 ], [ -0.331745580204057, 50.944329299839147 ], [ -0.323724843497514, 50.944329299839147 ], [ -0.323724843497514, 50.938429431011734 ], [ -0.331745580204057, 50.938429431011734 ] ] ] ] } },
{ "type": "Feature", "properties": { }, "geometry": { "type": "MultiPolygon", "coordinates": [ [ [ [ -0.323724843497514, 50.938429431011734 ], [ -0.323724843497514, 50.944329299839147 ], [ -0.31570410679097, 50.944329299839147 ], [ -0.31570410679097, 50.938429431011734 ], [ -0.323724843497514, 50.938429431011734 ] ] ] ] } },
{ "type": "Feature", "properties": { }, "geometry": { "type": "MultiPolygon", "coordinates": [ [ [ [ -0.31570410679097, 50.938429431011734 ], [ -0.31570410679097, 50.944329299839147 ], [ -0.307683370084426, 50.944329299839147 ], [ -0.307683370084426, 50.938429431011734 ], [ -0.31570410679097, 50.938429431011734 ] ] ] ] } },
{ "type": "Feature", "properties": { }, "geometry": { "type": "MultiPolygon", "coordinates": [ [ [ [ -0.307683370084426, 50.938429431011734 ], [ -0.307683370084426, 50.944329299839147 ], [ -0.299662633377883, 50.944329299839147 ], [ -0.299662633377883, 50.938429431011734 ], [ -0.307683370084426, 50.938429431011734 ] ] ] ] } },
{ "type": "Feature", "properties": { }, "geometry": { "type": "MultiPolygon", "coordinates": [ [ [ [ -0.299662633377883, 50.938429431011734 ], [ -0.299662633377883, 50.944329299839147 ], [ -0.291641896671339, 50.944329299839147 ], [ -0.291641896671339, 50.938429431011734 ], [ -0.299662633377883, 50.938429431011734 ] ] ] ] } },
{ "type": "Feature", "properties": { }, "geometry": { "type": "MultiPolygon", "coordinates": [ [ [ [ -0.291641896671339, 50.938429431011734 ], [ -0.291641896671339, 50.944329299839147 ], [ -0.283621159964795, 50.944329299839147 ], [ -0.283621159964795, 50.938429431011734 ], [ -0.291641896671339, 50.938429431011734 ] ] ] ] } },
{ "type": "Feature", "properties": { }, "geometry": { "type": "MultiPolygon", "coordinates": [ [ [ [ -0.283621159964795, 50.938429431011734 ], [ -0.283621159964795, 50.944329299839147 ], [ -0.275600423258252, 50.944329299839147 ], [ -0.275600423258252, 50.938429431011734 ], [ -0.283621159964795, 50.938429431011734 ] ] ] ] } },
{ "type": "Feature", "properties": { }, "geometry": { "type": "MultiPolygon", "coordinates": [ [ [ [ -0.275600423258252, 50.938429431011734 ], [ -0.275600423258252, 50.944329299839147 ], [ -0.267579686551708, 50.944329299839147 ], [ -0.267579686551708, 50.938429431011734 ], [ -0.275600423258252, 50.938429431011734 ] ] ] ] } },
{ "type": "Feature", "properties": { }, "geometry": { "type": "MultiPolygon", "coordinates": [ [ [ [ -0.4680981042153, 50.932529562184321 ], [ -0.4680981042153, 50.938429431011734 ], [ -0.460077367508756, 50.938429431011734 ], [ -0.460077367508756, 50.932529562184321 ], [ -0.4680981042153, 50.932529562184321 ] ] ] ] } },
{ "type": "Feature", "properties": { }, "geometry": { "type": "MultiPolygon", "coordinates": [ [ [ [ -0.460077367508756, 50.932529562184321 ], [ -0.460077367508756, 50.938429431011734 ], [ -0.452056630802213, 50.938429431011734 ], [ -0.452056630802213, 50.932529562184321 ], [ -0.460077367508756, 50.932529562184321 ] ] ] ] } },
{ "type": "Feature", "properties": { }, "geometry": { "type": "MultiPolygon", "coordinates": [ [ [ [ -0.452056630802213, 50.932529562184321 ], [ -0.452056630802213, 50.938429431011734 ], [ -0.444035894095669, 50.938429431011734 ], [ -0.444035894095669, 50.932529562184321 ], [ -0.452056630802213, 50.932529562184321 ] ] ] ] } },
{ "type": "Feature", "properties": { }, "geometry": { "type": "MultiPolygon", "coordinates": [ [ [ [ -0.444035894095669, 50.932529562184321 ], [ -0.444035894095669, 50.938429431011734 ], [ -0.436015157389125, 50.938429431011734 ], [ -0.436015157389125, 50.932529562184321 ], [ -0.444035894095669, 50.932529562184321 ] ] ] ] } },
{ "type": "Feature", "properties": { }, "geometry": { "type": "MultiPolygon", "coordinates": [ [ [ [ -0.436015157389125, 50.932529562184321 ], [ -0.436015157389125, 50.938429431011734 ], [ -0.427994420682582, 50.938429431011734 ], [ -0.427994420682582, 50.932529562184321 ], [ -0.436015157389125, 50.932529562184321 ] ] ] ] } },
{ "type": "Feature", "properties": { }, "geometry": { "type": "MultiPolygon", "coordinates": [ [ [ [ -0.427994420682582, 50.932529562184321 ], [ -0.427994420682582, 50.938429431011734 ], [ -0.419973683976038, 50.938429431011734 ], [ -0.419973683976038, 50.932529562184321 ], [ -0.427994420682582, 50.932529562184321 ] ] ] ] } },
{ "type": "Feature", "properties": { }, "geometry": { "type": "MultiPolygon", "coordinates": [ [ [ [ -0.419973683976038, 50.932529562184321 ], [ -0.419973683976038, 50.938429431011734 ], [ -0.411952947269494, 50.938429431011734 ], [ -0.411952947269494, 50.932529562184321 ], [ -0.419973683976038, 50.932529562184321 ] ] ] ] } },
{ "type": "Feature", "properties": { }, "geometry": { "type": "MultiPolygon", "coordinates": [ [ [ [ -0.411952947269494, 50.932529562184321 ], [ -0.411952947269494, 50.938429431011734 ], [ -0.403932210562951, 50.938429431011734 ], [ -0.403932210562951, 50.932529562184321 ], [ -0.411952947269494, 50.932529562184321 ] ] ] ] } },
{ "type": "Feature", "properties": { }, "geometry": { "type": "MultiPolygon", "coordinates": [ [ [ [ -0.403932210562951, 50.932529562184321 ], [ -0.403932210562951, 50.938429431011734 ], [ -0.395911473856407, 50.938429431011734 ], [ -0.395911473856407, 50.932529562184321 ], [ -0.403932210562951, 50.932529562184321 ] ] ] ] } },
{ "type": "Feature", "properties": { }, "geometry": { "type": "MultiPolygon", "coordinates": [ [ [ [ -0.395911473856407, 50.932529562184321 ], [ -0.395911473856407, 50.938429431011734 ], [ -0.387890737149863, 50.938429431011734 ], [ -0.387890737149863, 50.932529562184321 ], [ -0.395911473856407, 50.932529562184321 ] ] ] ] } },
{ "type": "Feature", "properties": { }, "geometry": { "type": "MultiPolygon", "coordinates": [ [ [ [ -0.387890737149863, 50.932529562184321 ], [ -0.387890737149863, 50.938429431011734 ], [ -0.37987000044332, 50.938429431011734 ], [ -0.37987000044332, 50.932529562184321 ], [ -0.387890737149863, 50.932529562184321 ] ] ] ] } },
{ "type": "Feature", "properties": { }, "geometry": { "type": "MultiPolygon", "coordinates": [ [ [ [ -0.37987000044332, 50.932529562184321 ], [ -0.37987000044332, 50.938429431011734 ], [ -0.371849263736776, 50.938429431011734 ], [ -0.371849263736776, 50.932529562184321 ], [ -0.37987000044332, 50.932529562184321 ] ] ] ] } },
{ "type": "Feature", "properties": { }, "geometry": { "type": "MultiPolygon", "coordinates": [ [ [ [ -0.371849263736776, 50.932529562184321 ], [ -0.371849263736776, 50.938429431011734 ], [ -0.363828527030232, 50.938429431011734 ], [ -0.363828527030232, 50.932529562184321 ], [ -0.371849263736776, 50.932529562184321 ] ] ] ] } },
{ "type": "Feature", "properties": { }, "geometry": { "type": "MultiPolygon", "coordinates": [ [ [ [ -0.363828527030232, 50.932529562184321 ], [ -0.363828527030232, 50.938429431011734 ], [ -0.355807790323688, 50.938429431011734 ], [ -0.355807790323688, 50.932529562184321 ], [ -0.363828527030232, 50.932529562184321 ] ] ] ] } },
{ "type": "Feature", "properties": { }, "geometry": { "type": "MultiPolygon", "coordinates": [ [ [ [ -0.355807790323688, 50.932529562184321 ], [ -0.355807790323688, 50.938429431011734 ], [ -0.347787053617145, 50.938429431011734 ], [ -0.347787053617145, 50.932529562184321 ], [ -0.355807790323688, 50.932529562184321 ] ] ] ] } },
{ "type": "Feature", "properties": { }, "geometry": { "type": "MultiPolygon", "coordinates": [ [ [ [ -0.347787053617145, 50.932529562184321 ], [ -0.347787053617145, 50.938429431011734 ], [ -0.339766316910601, 50.938429431011734 ], [ -0.339766316910601, 50.932529562184321 ], [ -0.347787053617145, 50.932529562184321 ] ] ] ] } },
{ "type": "Feature", "properties": { }, "geometry": { "type": "MultiPolygon", "coordinates": [ [ [ [ -0.339766316910601, 50.932529562184321 ], [ -0.339766316910601, 50.938429431011734 ], [ -0.331745580204057, 50.938429431011734 ], [ -0.331745580204057, 50.932529562184321 ], [ -0.339766316910601, 50.932529562184321 ] ] ] ] } },
{ "type": "Feature", "properties": { }, "geometry": { "type": "MultiPolygon", "coordinates": [ [ [ [ -0.331745580204057, 50.932529562184321 ], [ -0.331745580204057, 50.938429431011734 ], [ -0.323724843497514, 50.938429431011734 ], [ -0.323724843497514, 50.932529562184321 ], [ -0.331745580204057, 50.932529562184321 ] ] ] ] } },
{ "type": "Feature", "properties": { }, "geometry": { "type": "MultiPolygon", "coordinates": [ [ [ [ -0.323724843497514, 50.932529562184321 ], [ -0.323724843497514, 50.938429431011734 ], [ -0.31570410679097, 50.938429431011734 ], [ -0.31570410679097, 50.932529562184321 ], [ -0.323724843497514, 50.932529562184321 ] ] ] ] } },
{ "type": "Feature", "properties": { }, "geometry": { "type": "MultiPolygon", "coordinates": [ [ [ [ -0.31570410679097, 50.932529562184321 ], [ -0.31570410679097, 50.938429431011734 ], [ -0.307683370084426, 50.938429431011734 ], [ -0.307683370084426, 50.932529562184321 ], [ -0.31570410679097, 50.932529562184321 ] ] ] ] } },
{ "type": "Feature", "properties": { }, "geometry": { "type": "MultiPolygon", "coordinates": [ [ [ [ -0.307683370084426, 50.932529562184321 ], [ -0.307683370084426, 50.938429431011734 ], [ -0.299662633377883, 50.938429431011734 ], [ -0.299662633377883, 50.932529562184321 ], [ -0.307683370084426, 50.932529562184321 ] ] ] ] } },
{ "type": "Feature", "properties": { }, "geometry": { "type": "MultiPolygon", "coordinates": [ [ [ [ -0.299662633377883, 50.932529562184321 ], [ -0.299662633377883, 50.938429431011734 ], [ -0.291641896671339, 50.938429431011734 ], [ -0.291641896671339, 50.932529562184321 ], [ -0.299662633377883, 50.932529562184321 ] ] ] ] } },
{ "type": "Feature", "properties": { }, "geometry": { "type": "MultiPolygon", "coordinates": [ [ [ [ -0.291641896671339, 50.932529562184321 ], [ -0.291641896671339, 50.938429431011734 ], [ -0.283621159964795, 50.938429431011734 ], [ -0.283621159964795, 50.932529562184321 ], [ -0.291641896671339, 50.932529562184321 ] ] ] ] } },
{ "type": "Feature", "properties": { }, "geometry": { "type": "MultiPolygon", "coordinates": [ [ [ [ -0.283621159964795, 50.932529562184321 ], [ -0.283621159964795, 50.938429431011734 ], [ -0.275600423258252, 50.938429431011734 ], [ -0.275600423258252, 50.932529562184321 ], [ -0.283621159964795, 50.932529562184321 ] ] ] ] } },
{ "type": "Feature", "properties": { }, "geometry": { "type": "MultiPolygon", "coordinates": [ [ [ [ -0.275600423258252, 50.932529562184321 ], [ -0.275600423258252, 50.938429431011734 ], [ -0.267579686551708, 50.938429431011734 ], [ -0.267579686551708, 50.932529562184321 ], [ -0.275600423258252, 50.932529562184321 ] ] ] ] } },
{ "type": "Feature", "properties": { }, "geometry": { "type": "MultiPolygon", "coordinates": [ [ [ [ -0.4680981042153, 50.926629693356915 ], [ -0.4680981042153, 50.932529562184328 ], [ -0.460077367508756, 50.932529562184328 ], [ -0.460077367508756, 50.926629693356915 ], [ -0.4680981042153, 50.926629693356915 ] ] ] ] } },
{ "type": "Feature", "properties": { }, "geometry": { "type": "MultiPolygon", "coordinates": [ [ [ [ -0.460077367508756, 50.926629693356915 ], [ -0.460077367508756, 50.932529562184328 ], [ -0.452056630802213, 50.932529562184328 ], [ -0.452056630802213, 50.926629693356915 ], [ -0.460077367508756, 50.926629693356915 ] ] ] ] } },
{ "type": "Feature", "properties": { }, "geometry": { "type": "MultiPolygon", "coordinates": [ [ [ [ -0.452056630802213, 50.926629693356915 ], [ -0.452056630802213, 50.932529562184328 ], [ -0.444035894095669, 50.932529562184328 ], [ -0.444035894095669, 50.926629693356915 ], [ -0.452056630802213, 50.926629693356915 ] ] ] ] } },
{ "type": "Feature", "properties": { }, "geometry": { "type": "MultiPolygon", "coordinates": [ [ [ [ -0.444035894095669, 50.926629693356915 ], [ -0.444035894095669, 50.932529562184328 ], [ -0.436015157389125, 50.932529562184328 ], [ -0.436015157389125, 50.926629693356915 ], [ -0.444035894095669, 50.926629693356915 ] ] ] ] } },
{ "type": "Feature", "properties": { }, "geometry": { "type": "MultiPolygon", "coordinates": [ [ [ [ -0.436015157389125, 50.926629693356915 ], [ -0.436015157389125, 50.932529562184328 ], [ -0.427994420682582, 50.932529562184328 ], [ -0.427994420682582, 50.926629693356915 ], [ -0.436015157389125, 50.926629693356915 ] ] ] ] } },
{ "type": "Feature", "properties": { }, "geometry": { "type": "MultiPolygon", "coordinates": [ [ [ [ -0.427994420682582, 50.926629693356915 ], [ -0.427994420682582, 50.932529562184328 ], [ -0.419973683976038, 50.932529562184328 ], [ -0.419973683976038, 50.926629693356915 ], [ -0.427994420682582, 50.926629693356915 ] ] ] ] } },
{ "type": "Feature", "properties": { }, "geometry": { "type": "MultiPolygon", "coordinates": [ [ [ [ -0.419973683976038, 50.926629693356915 ], [ -0.419973683976038, 50.932529562184328 ], [ -0.411952947269494, 50.932529562184328 ], [ -0.411952947269494, 50.926629693356915 ], [ -0.419973683976038, 50.926629693356915 ] ] ] ] } },
{ "type": "Feature", "properties": { }, "geometry": { "type": "MultiPolygon", "coordinates": [ [ [ [ -0.411952947269494, 50.926629693356915 ], [ -0.411952947269494, 50.932529562184328 ], [ -0.403932210562951, 50.932529562184328 ], [ -0.403932210562951, 50.926629693356915 ], [ -0.411952947269494, 50.926629693356915 ] ] ] ] } },
{ "type": "Feature", "properties": { }, "geometry": { "type": "MultiPolygon", "coordinates": [ [ [ [ -0.403932210562951, 50.926629693356915 ], [ -0.403932210562951, 50.932529562184328 ], [ -0.395911473856407, 50.932529562184328 ], [ -0.395911473856407, 50.926629693356915 ], [ -0.403932210562951, 50.926629693356915 ] ] ] ] } },
{ "type": "Feature", "properties": { }, "geometry": { "type": "MultiPolygon", "coordinates": [ [ [ [ -0.395911473856407, 50.926629693356915 ], [ -0.395911473856407, 50.932529562184328 ], [ -0.387890737149863, 50.932529562184328 ], [ -0.387890737149863, 50.926629693356915 ], [ -0.395911473856407, 50.926629693356915 ] ] ] ] } },
{ "type": "Feature", "properties": { }, "geometry": { "type": "MultiPolygon", "coordinates": [ [ [ [ -0.387890737149863, 50.926629693356915 ], [ -0.387890737149863, 50.932529562184328 ], [ -0.37987000044332, 50.932529562184328 ], [ -0.37987000044332, 50.926629693356915 ], [ -0.387890737149863, 50.926629693356915 ] ] ] ] } },
{ "type": "Feature", "properties": { }, "geometry": { "type": "MultiPolygon", "coordinates": [ [ [ [ -0.37987000044332, 50.926629693356915 ], [ -0.37987000044332, 50.932529562184328 ], [ -0.371849263736776, 50.932529562184328 ], [ -0.371849263736776, 50.926629693356915 ], [ -0.37987000044332, 50.926629693356915 ] ] ] ] } },
{ "type": "Feature", "properties": { }, "geometry": { "type": "MultiPolygon", "coordinates": [ [ [ [ -0.371849263736776, 50.926629693356915 ], [ -0.371849263736776, 50.932529562184328 ], [ -0.363828527030232, 50.932529562184328 ], [ -0.363828527030232, 50.926629693356915 ], [ -0.371849263736776, 50.926629693356915 ] ] ] ] } },
{ "type": "Feature", "properties": { }, "geometry": { "type": "MultiPolygon", "coordinates": [ [ [ [ -0.363828527030232, 50.926629693356915 ], [ -0.363828527030232, 50.932529562184328 ], [ -0.355807790323688, 50.932529562184328 ], [ -0.355807790323688, 50.926629693356915 ], [ -0.363828527030232, 50.926629693356915 ] ] ] ] } },
{ "type": "Feature", "properties": { }, "geometry": { "type": "MultiPolygon", "coordinates": [ [ [ [ -0.355807790323688, 50.926629693356915 ], [ -0.355807790323688, 50.932529562184328 ], [ -0.347787053617145, 50.932529562184328 ], [ -0.347787053617145, 50.926629693356915 ], [ -0.355807790323688, 50.926629693356915 ] ] ] ] } },
{ "type": "Feature", "properties": { }, "geometry": { "type": "MultiPolygon", "coordinates": [ [ [ [ -0.347787053617145, 50.926629693356915 ], [ -0.347787053617145, 50.932529562184328 ], [ -0.339766316910601, 50.932529562184328 ], [ -0.339766316910601, 50.926629693356915 ], [ -0.347787053617145, 50.926629693356915 ] ] ] ] } },
{ "type": "Feature", "properties": { }, "geometry": { "type": "MultiPolygon", "coordinates": [ [ [ [ -0.339766316910601, 50.926629693356915 ], [ -0.339766316910601, 50.932529562184328 ], [ -0.331745580204057, 50.932529562184328 ], [ -0.331745580204057, 50.926629693356915 ], [ -0.339766316910601, 50.926629693356915 ] ] ] ] } },
{ "type": "Feature", "properties": { }, "geometry": { "type": "MultiPolygon", "coordinates": [ [ [ [ -0.331745580204057, 50.926629693356915 ], [ -0.331745580204057, 50.932529562184328 ], [ -0.323724843497514, 50.932529562184328 ], [ -0.323724843497514, 50.926629693356915 ], [ -0.331745580204057, 50.926629693356915 ] ] ] ] } },
{ "type": "Feature", "properties": { }, "geometry": { "type": "MultiPolygon", "coordinates": [ [ [ [ -0.323724843497514, 50.926629693356915 ], [ -0.323724843497514, 50.932529562184328 ], [ -0.31570410679097, 50.932529562184328 ], [ -0.31570410679097, 50.926629693356915 ], [ -0.323724843497514, 50.926629693356915 ] ] ] ] } },
{ "type": "Feature", "properties": { }, "geometry": { "type": "MultiPolygon", "coordinates": [ [ [ [ -0.31570410679097, 50.926629693356915 ], [ -0.31570410679097, 50.932529562184328 ], [ -0.307683370084426, 50.932529562184328 ], [ -0.307683370084426, 50.926629693356915 ], [ -0.31570410679097, 50.926629693356915 ] ] ] ] } },
{ "type": "Feature", "properties": { }, "geometry": { "type": "MultiPolygon", "coordinates": [ [ [ [ -0.307683370084426, 50.926629693356915 ], [ -0.307683370084426, 50.932529562184328 ], [ -0.299662633377883, 50.932529562184328 ], [ -0.299662633377883, 50.926629693356915 ], [ -0.307683370084426, 50.926629693356915 ] ] ] ] } },
{ "type": "Feature", "properties": { }, "geometry": { "type": "MultiPolygon", "coordinates": [ [ [ [ -0.299662633377883, 50.926629693356915 ], [ -0.299662633377883, 50.932529562184328 ], [ -0.291641896671339, 50.932529562184328 ], [ -0.291641896671339, 50.926629693356915 ], [ -0.299662633377883, 50.926629693356915 ] ] ] ] } },
{ "type": "Feature", "properties": { }, "geometry": { "type": "MultiPolygon", "coordinates": [ [ [ [ -0.291641896671339, 50.926629693356915 ], [ -0.291641896671339, 50.932529562184328 ], [ -0.283621159964795, 50.932529562184328 ], [ -0.283621159964795, 50.926629693356915 ], [ -0.291641896671339, 50.926629693356915 ] ] ] ] } },
{ "type": "Feature", "properties": { }, "geometry": { "type": "MultiPolygon", "coordinates": [ [ [ [ -0.283621159964795, 50.926629693356915 ], [ -0.283621159964795, 50.932529562184328 ], [ -0.275600423258252, 50.932529562184328 ], [ -0.275600423258252, 50.926629693356915 ], [ -0.283621159964795, 50.926629693356915 ] ] ] ] } },
{ "type": "Feature", "properties": { }, "geometry": { "type": "MultiPolygon", "coordinates": [ [ [ [ -0.275600423258252, 50.926629693356915 ], [ -0.275600423258252, 50.932529562184328 ], [ -0.267579686551708, 50.932529562184328 ], [ -0.267579686551708, 50.926629693356915 ], [ -0.275600423258252, 50.926629693356915 ] ] ] ] } },
{ "type": "Feature", "properties": { }, "geometry": { "type": "MultiPolygon", "coordinates": [ [ [ [ -0.4680981042153, 50.920729824529502 ], [ -0.4680981042153, 50.926629693356915 ], [ -0.460077367508756, 50.926629693356915 ], [ -0.460077367508756, 50.920729824529502 ], [ -0.4680981042153, 50.920729824529502 ] ] ] ] } },
{ "type": "Feature", "properties": { }, "geometry": { "type": "MultiPolygon", "coordinates": [ [ [ [ -0.460077367508756, 50.920729824529502 ], [ -0.460077367508756, 50.926629693356915 ], [ -0.452056630802213, 50.926629693356915 ], [ -0.452056630802213, 50.920729824529502 ], [ -0.460077367508756, 50.920729824529502 ] ] ] ] } },
{ "type": "Feature", "properties": { }, "geometry": { "type": "MultiPolygon", "coordinates": [ [ [ [ -0.452056630802213, 50.920729824529502 ], [ -0.452056630802213, 50.926629693356915 ], [ -0.444035894095669, 50.926629693356915 ], [ -0.444035894095669, 50.920729824529502 ], [ -0.452056630802213, 50.920729824529502 ] ] ] ] } },
{ "type": "Feature", "properties": { }, "geometry": { "type": "MultiPolygon", "coordinates": [ [ [ [ -0.444035894095669, 50.920729824529502 ], [ -0.444035894095669, 50.926629693356915 ], [ -0.436015157389125, 50.926629693356915 ], [ -0.436015157389125, 50.920729824529502 ], [ -0.444035894095669, 50.920729824529502 ] ] ] ] } },
{ "type": "Feature", "properties": { }, "geometry": { "type": "MultiPolygon", "coordinates": [ [ [ [ -0.436015157389125, 50.920729824529502 ], [ -0.436015157389125, 50.926629693356915 ], [ -0.427994420682582, 50.926629693356915 ], [ -0.427994420682582, 50.920729824529502 ], [ -0.436015157389125, 50.920729824529502 ] ] ] ] } },
{ "type": "Feature", "properties": { }, "geometry": { "type": "MultiPolygon", "coordinates": [ [ [ [ -0.427994420682582, 50.920729824529502 ], [ -0.427994420682582, 50.926629693356915 ], [ -0.419973683976038, 50.926629693356915 ], [ -0.419973683976038, 50.920729824529502 ], [ -0.427994420682582, 50.920729824529502 ] ] ] ] } },
{ "type": "Feature", "properties": { }, "geometry": { "type": "MultiPolygon", "coordinates": [ [ [ [ -0.419973683976038, 50.920729824529502 ], [ -0.419973683976038, 50.926629693356915 ], [ -0.411952947269494, 50.926629693356915 ], [ -0.411952947269494, 50.920729824529502 ], [ -0.419973683976038, 50.920729824529502 ] ] ] ] } },
{ "type": "Feature", "properties": { }, "geometry": { "type": "MultiPolygon", "coordinates": [ [ [ [ -0.411952947269494, 50.920729824529502 ], [ -0.411952947269494, 50.926629693356915 ], [ -0.403932210562951, 50.926629693356915 ], [ -0.403932210562951, 50.920729824529502 ], [ -0.411952947269494, 50.920729824529502 ] ] ] ] } },
{ "type": "Feature", "properties": { }, "geometry": { "type": "MultiPolygon", "coordinates": [ [ [ [ -0.403932210562951, 50.920729824529502 ], [ -0.403932210562951, 50.926629693356915 ], [ -0.395911473856407, 50.926629693356915 ], [ -0.395911473856407, 50.920729824529502 ], [ -0.403932210562951, 50.920729824529502 ] ] ] ] } },
{ "type": "Feature", "properties": { }, "geometry": { "type": "MultiPolygon", "coordinates": [ [ [ [ -0.395911473856407, 50.920729824529502 ], [ -0.395911473856407, 50.926629693356915 ], [ -0.387890737149863, 50.926629693356915 ], [ -0.387890737149863, 50.920729824529502 ], [ -0.395911473856407, 50.920729824529502 ] ] ] ] } },
{ "type": "Feature", "properties": { }, "geometry": { "type": "MultiPolygon", "coordinates": [ [ [ [ -0.387890737149863, 50.920729824529502 ], [ -0.387890737149863, 50.926629693356915 ], [ -0.37987000044332, 50.926629693356915 ], [ -0.37987000044332, 50.920729824529502 ], [ -0.387890737149863, 50.920729824529502 ] ] ] ] } },
{ "type": "Feature", "properties": { }, "geometry": { "type": "MultiPolygon", "coordinates": [ [ [ [ -0.37987000044332, 50.920729824529502 ], [ -0.37987000044332, 50.926629693356915 ], [ -0.371849263736776, 50.926629693356915 ], [ -0.371849263736776, 50.920729824529502 ], [ -0.37987000044332, 50.920729824529502 ] ] ] ] } },
{ "type": "Feature", "properties": { }, "geometry": { "type": "MultiPolygon", "coordinates": [ [ [ [ -0.371849263736776, 50.920729824529502 ], [ -0.371849263736776, 50.926629693356915 ], [ -0.363828527030232, 50.926629693356915 ], [ -0.363828527030232, 50.920729824529502 ], [ -0.371849263736776, 50.920729824529502 ] ] ] ] } },
{ "type": "Feature", "properties": { }, "geometry": { "type": "MultiPolygon", "coordinates": [ [ [ [ -0.363828527030232, 50.920729824529502 ], [ -0.363828527030232, 50.926629693356915 ], [ -0.355807790323688, 50.926629693356915 ], [ -0.355807790323688, 50.920729824529502 ], [ -0.363828527030232, 50.920729824529502 ] ] ] ] } },
{ "type": "Feature", "properties": { }, "geometry": { "type": "MultiPolygon", "coordinates": [ [ [ [ -0.355807790323688, 50.920729824529502 ], [ -0.355807790323688, 50.926629693356915 ], [ -0.347787053617145, 50.926629693356915 ], [ -0.347787053617145, 50.920729824529502 ], [ -0.355807790323688, 50.920729824529502 ] ] ] ] } },
{ "type": "Feature", "properties": { }, "geometry": { "type": "MultiPolygon", "coordinates": [ [ [ [ -0.347787053617145, 50.920729824529502 ], [ -0.347787053617145, 50.926629693356915 ], [ -0.339766316910601, 50.926629693356915 ], [ -0.339766316910601, 50.920729824529502 ], [ -0.347787053617145, 50.920729824529502 ] ] ] ] } },
{ "type": "Feature", "properties": { }, "geometry": { "type": "MultiPolygon", "coordinates": [ [ [ [ -0.339766316910601, 50.920729824529502 ], [ -0.339766316910601, 50.926629693356915 ], [ -0.331745580204057, 50.926629693356915 ], [ -0.331745580204057, 50.920729824529502 ], [ -0.339766316910601, 50.920729824529502 ] ] ] ] } },
{ "type": "Feature", "properties": { }, "geometry": { "type": "MultiPolygon", "coordinates": [ [ [ [ -0.331745580204057, 50.920729824529502 ], [ -0.331745580204057, 50.926629693356915 ], [ -0.323724843497514, 50.926629693356915 ], [ -0.323724843497514, 50.920729824529502 ], [ -0.331745580204057, 50.920729824529502 ] ] ] ] } },
{ "type": "Feature", "properties": { }, "geometry": { "type": "MultiPolygon", "coordinates": [ [ [ [ -0.323724843497514, 50.920729824529502 ], [ -0.323724843497514, 50.926629693356915 ], [ -0.31570410679097, 50.926629693356915 ], [ -0.31570410679097, 50.920729824529502 ], [ -0.323724843497514, 50.920729824529502 ] ] ] ] } },
{ "type": "Feature", "properties": { }, "geometry": { "type": "MultiPolygon", "coordinates": [ [ [ [ -0.31570410679097, 50.920729824529502 ], [ -0.31570410679097, 50.926629693356915 ], [ -0.307683370084426, 50.926629693356915 ], [ -0.307683370084426, 50.920729824529502 ], [ -0.31570410679097, 50.920729824529502 ] ] ] ] } },
{ "type": "Feature", "properties": { }, "geometry": { "type": "MultiPolygon", "coordinates": [ [ [ [ -0.307683370084426, 50.920729824529502 ], [ -0.307683370084426, 50.926629693356915 ], [ -0.299662633377883, 50.926629693356915 ], [ -0.299662633377883, 50.920729824529502 ], [ -0.307683370084426, 50.920729824529502 ] ] ] ] } },
{ "type": "Feature", "properties": { }, "geometry": { "type": "MultiPolygon", "coordinates": [ [ [ [ -0.299662633377883, 50.920729824529502 ], [ -0.299662633377883, 50.926629693356915 ], [ -0.291641896671339, 50.926629693356915 ], [ -0.291641896671339, 50.920729824529502 ], [ -0.299662633377883, 50.920729824529502 ] ] ] ] } },
{ "type": "Feature", "properties": { }, "geometry": { "type": "MultiPolygon", "coordinates": [ [ [ [ -0.291641896671339, 50.920729824529502 ], [ -0.291641896671339, 50.926629693356915 ], [ -0.283621159964795, 50.926629693356915 ], [ -0.283621159964795, 50.920729824529502 ], [ -0.291641896671339, 50.920729824529502 ] ] ] ] } },
{ "type": "Feature", "properties": { }, "geometry": { "type": "MultiPolygon", "coordinates": [ [ [ [ -0.283621159964795, 50.920729824529502 ], [ -0.283621159964795, 50.926629693356915 ], [ -0.275600423258252, 50.926629693356915 ], [ -0.275600423258252, 50.920729824529502 ], [ -0.283621159964795, 50.920729824529502 ] ] ] ] } },
{ "type": "Feature", "properties": { }, "geometry": { "type": "MultiPolygon", "coordinates": [ [ [ [ -0.275600423258252, 50.920729824529502 ], [ -0.275600423258252, 50.926629693356915 ], [ -0.267579686551708, 50.926629693356915 ], [ -0.267579686551708, 50.920729824529502 ], [ -0.275600423258252, 50.920729824529502 ] ] ] ] } },
{ "type": "Feature", "properties": { }, "geometry": { "type": "MultiPolygon", "coordinates": [ [ [ [ -0.4680981042153, 50.914829955702096 ], [ -0.4680981042153, 50.920729824529509 ], [ -0.460077367508756, 50.920729824529509 ], [ -0.460077367508756, 50.914829955702096 ], [ -0.4680981042153, 50.914829955702096 ] ] ] ] } },
{ "type": "Feature", "properties": { }, "geometry": { "type": "MultiPolygon", "coordinates": [ [ [ [ -0.460077367508756, 50.914829955702096 ], [ -0.460077367508756, 50.920729824529509 ], [ -0.452056630802213, 50.920729824529509 ], [ -0.452056630802213, 50.914829955702096 ], [ -0.460077367508756, 50.914829955702096 ] ] ] ] } },
{ "type": "Feature", "properties": { }, "geometry": { "type": "MultiPolygon", "coordinates": [ [ [ [ -0.452056630802213, 50.914829955702096 ], [ -0.452056630802213, 50.920729824529509 ], [ -0.444035894095669, 50.920729824529509 ], [ -0.444035894095669, 50.914829955702096 ], [ -0.452056630802213, 50.914829955702096 ] ] ] ] } },
{ "type": "Feature", "properties": { }, "geometry": { "type": "MultiPolygon", "coordinates": [ [ [ [ -0.444035894095669, 50.914829955702096 ], [ -0.444035894095669, 50.920729824529509 ], [ -0.436015157389125, 50.920729824529509 ], [ -0.436015157389125, 50.914829955702096 ], [ -0.444035894095669, 50.914829955702096 ] ] ] ] } },
{ "type": "Feature", "properties": { }, "geometry": { "type": "MultiPolygon", "coordinates": [ [ [ [ -0.436015157389125, 50.914829955702096 ], [ -0.436015157389125, 50.920729824529509 ], [ -0.427994420682582, 50.920729824529509 ], [ -0.427994420682582, 50.914829955702096 ], [ -0.436015157389125, 50.914829955702096 ] ] ] ] } },
{ "type": "Feature", "properties": { }, "geometry": { "type": "MultiPolygon", "coordinates": [ [ [ [ -0.427994420682582, 50.914829955702096 ], [ -0.427994420682582, 50.920729824529509 ], [ -0.419973683976038, 50.920729824529509 ], [ -0.419973683976038, 50.914829955702096 ], [ -0.427994420682582, 50.914829955702096 ] ] ] ] } },
{ "type": "Feature", "properties": { }, "geometry": { "type": "MultiPolygon", "coordinates": [ [ [ [ -0.419973683976038, 50.914829955702096 ], [ -0.419973683976038, 50.920729824529509 ], [ -0.411952947269494, 50.920729824529509 ], [ -0.411952947269494, 50.914829955702096 ], [ -0.419973683976038, 50.914829955702096 ] ] ] ] } },
{ "type": "Feature", "properties": { }, "geometry": { "type": "MultiPolygon", "coordinates": [ [ [ [ -0.411952947269494, 50.914829955702096 ], [ -0.411952947269494, 50.920729824529509 ], [ -0.403932210562951, 50.920729824529509 ], [ -0.403932210562951, 50.914829955702096 ], [ -0.411952947269494, 50.914829955702096 ] ] ] ] } },
{ "type": "Feature", "properties": { }, "geometry": { "type": "MultiPolygon", "coordinates": [ [ [ [ -0.403932210562951, 50.914829955702096 ], [ -0.403932210562951, 50.920729824529509 ], [ -0.395911473856407, 50.920729824529509 ], [ -0.395911473856407, 50.914829955702096 ], [ -0.403932210562951, 50.914829955702096 ] ] ] ] } },
{ "type": "Feature", "properties": { }, "geometry": { "type": "MultiPolygon", "coordinates": [ [ [ [ -0.395911473856407, 50.914829955702096 ], [ -0.395911473856407, 50.920729824529509 ], [ -0.387890737149863, 50.920729824529509 ], [ -0.387890737149863, 50.914829955702096 ], [ -0.395911473856407, 50.914829955702096 ] ] ] ] } },
{ "type": "Feature", "properties": { }, "geometry": { "type": "MultiPolygon", "coordinates": [ [ [ [ -0.387890737149863, 50.914829955702096 ], [ -0.387890737149863, 50.920729824529509 ], [ -0.37987000044332, 50.920729824529509 ], [ -0.37987000044332, 50.914829955702096 ], [ -0.387890737149863, 50.914829955702096 ] ] ] ] } },
{ "type": "Feature", "properties": { }, "geometry": { "type": "MultiPolygon", "coordinates": [ [ [ [ -0.37987000044332, 50.914829955702096 ], [ -0.37987000044332, 50.920729824529509 ], [ -0.371849263736776, 50.920729824529509 ], [ -0.371849263736776, 50.914829955702096 ], [ -0.37987000044332, 50.914829955702096 ] ] ] ] } },
{ "type": "Feature", "properties": { }, "geometry": { "type": "MultiPolygon", "coordinates": [ [ [ [ -0.371849263736776, 50.914829955702096 ], [ -0.371849263736776, 50.920729824529509 ], [ -0.363828527030232, 50.920729824529509 ], [ -0.363828527030232, 50.914829955702096 ], [ -0.371849263736776, 50.914829955702096 ] ] ] ] } },
{ "type": "Feature", "properties": { }, "geometry": { "type": "MultiPolygon", "coordinates": [ [ [ [ -0.363828527030232, 50.914829955702096 ], [ -0.363828527030232, 50.920729824529509 ], [ -0.355807790323688, 50.920729824529509 ], [ -0.355807790323688, 50.914829955702096 ], [ -0.363828527030232, 50.914829955702096 ] ] ] ] } },
{ "type": "Feature", "properties": { }, "geometry": { "type": "MultiPolygon", "coordinates": [ [ [ [ -0.355807790323688, 50.914829955702096 ], [ -0.355807790323688, 50.920729824529509 ], [ -0.347787053617145, 50.920729824529509 ], [ -0.347787053617145, 50.914829955702096 ], [ -0.355807790323688, 50.914829955702096 ] ] ] ] } },
{ "type": "Feature", "properties": { }, "geometry": { "type": "MultiPolygon", "coordinates": [ [ [ [ -0.347787053617145, 50.914829955702096 ], [ -0.347787053617145, 50.920729824529509 ], [ -0.339766316910601, 50.920729824529509 ], [ -0.339766316910601, 50.914829955702096 ], [ -0.347787053617145, 50.914829955702096 ] ] ] ] } },
{ "type": "Feature", "properties": { }, "geometry": { "type": "MultiPolygon", "coordinates": [ [ [ [ -0.339766316910601, 50.914829955702096 ], [ -0.339766316910601, 50.920729824529509 ], [ -0.331745580204057, 50.920729824529509 ], [ -0.331745580204057, 50.914829955702096 ], [ -0.339766316910601, 50.914829955702096 ] ] ] ] } },
{ "type": "Feature", "properties": { }, "geometry": { "type": "MultiPolygon", "coordinates": [ [ [ [ -0.331745580204057, 50.914829955702096 ], [ -0.331745580204057, 50.920729824529509 ], [ -0.323724843497514, 50.920729824529509 ], [ -0.323724843497514, 50.914829955702096 ], [ -0.331745580204057, 50.914829955702096 ] ] ] ] } },
{ "type": "Feature", "properties": { }, "geometry": { "type": "MultiPolygon", "coordinates": [ [ [ [ -0.323724843497514, 50.914829955702096 ], [ -0.323724843497514, 50.920729824529509 ], [ -0.31570410679097, 50.920729824529509 ], [ -0.31570410679097, 50.914829955702096 ], [ -0.323724843497514, 50.914829955702096 ] ] ] ] } },
{ "type": "Feature", "properties": { }, "geometry": { "type": "MultiPolygon", "coordinates": [ [ [ [ -0.31570410679097, 50.914829955702096 ], [ -0.31570410679097, 50.920729824529509 ], [ -0.307683370084426, 50.920729824529509 ], [ -0.307683370084426, 50.914829955702096 ], [ -0.31570410679097, 50.914829955702096 ] ] ] ] } },
{ "type": "Feature", "properties": { }, "geometry": { "type": "MultiPolygon", "coordinates": [ [ [ [ -0.307683370084426, 50.914829955702096 ], [ -0.307683370084426, 50.920729824529509 ], [ -0.299662633377883, 50.920729824529509 ], [ -0.299662633377883, 50.914829955702096 ], [ -0.307683370084426, 50.914829955702096 ] ] ] ] } },
{ "type": "Feature", "properties": { }, "geometry": { "type": "MultiPolygon", "coordinates": [ [ [ [ -0.299662633377883, 50.914829955702096 ], [ -0.299662633377883, 50.920729824529509 ], [ -0.291641896671339, 50.920729824529509 ], [ -0.291641896671339, 50.914829955702096 ], [ -0.299662633377883, 50.914829955702096 ] ] ] ] } },
{ "type": "Feature", "properties": { }, "geometry": { "type": "MultiPolygon", "coordinates": [ [ [ [ -0.291641896671339, 50.914829955702096 ], [ -0.291641896671339, 50.920729824529509 ], [ -0.283621159964795, 50.920729824529509 ], [ -0.283621159964795, 50.914829955702096 ], [ -0.291641896671339, 50.914829955702096 ] ] ] ] } },
{ "type": "Feature", "properties": { }, "geometry": { "type": "MultiPolygon", "coordinates": [ [ [ [ -0.283621159964795, 50.914829955702096 ], [ -0.283621159964795, 50.920729824529509 ], [ -0.275600423258252, 50.920729824529509 ], [ -0.275600423258252, 50.914829955702096 ], [ -0.283621159964795, 50.914829955702096 ] ] ] ] } },
{ "type": "Feature", "properties": { }, "geometry": { "type": "MultiPolygon", "coordinates": [ [ [ [ -0.275600423258252, 50.914829955702096 ], [ -0.275600423258252, 50.920729824529509 ], [ -0.267579686551708, 50.920729824529509 ], [ -0.267579686551708, 50.914829955702096 ], [ -0.275600423258252, 50.914829955702096 ] ] ] ] } }
]
}
