{
"type": "FeatureCollection",
"name": "Knepp_Tiling_Grid_2020",
"crs": { "type": "name", "properties": { "name": "urn:ogc:def:crs:EPSG::32630" } },
"features": [
{ "type": "Feature", "properties": { }, "geometry": { "type": "MultiPolygon", "coordinates": [ [ [ [ 679637.295857405290008, 5657549.604771845042706 ], [ 679637.295857405290008, 5658107.158440995961428 ], [ 680242.473902462981641, 5658107.158440995961428 ], [ 680242.473902462981641, 5657549.604771845042706 ], [ 679637.295857405290008, 5657549.604771845042706 ] ] ] ] } },
{ "type": "Feature", "properties": { }, "geometry": { "type": "MultiPolygon", "coordinates": [ [ [ [ 680242.473902462865226, 5657549.604771845042706 ], [ 680242.473902462865226, 5658107.158440995961428 ], [ 680847.65194752055686, 5658107.158440995961428 ], [ 680847.65194752055686, 5657549.604771845042706 ], [ 680242.473902462865226, 5657549.604771845042706 ] ] ] ] } },
{ "type": "Feature", "properties": { }, "geometry": { "type": "MultiPolygon", "coordinates": [ [ [ [ 680847.651947520440444, 5657549.604771845042706 ], [ 680847.651947520440444, 5658107.158440995961428 ], [ 681452.829992578132078, 5658107.158440995961428 ], [ 681452.829992578132078, 5657549.604771845042706 ], [ 680847.651947520440444, 5657549.604771845042706 ] ] ] ] } },
{ "type": "Feature", "properties": { }, "geometry": { "type": "MultiPolygon", "coordinates": [ [ [ [ 681452.829992578015663, 5657549.604771845042706 ], [ 681452.829992578015663, 5658107.158440995961428 ], [ 682058.008037635707296, 5658107.158440995961428 ], [ 682058.008037635707296, 5657549.604771845042706 ], [ 681452.829992578015663, 5657549.604771845042706 ] ] ] ] } },
{ "type": "Feature", "properties": { }, "geometry": { "type": "MultiPolygon", "coordinates": [ [ [ [ 682058.008037635590881, 5657549.604771845042706 ], [ 682058.008037635590881, 5658107.158440995961428 ], [ 682663.186082693282515, 5658107.158440995961428 ], [ 682663.186082693282515, 5657549.604771845042706 ], [ 682058.008037635590881, 5657549.604771845042706 ] ] ] ] } },
{ "type": "Feature", "properties": { }, "geometry": { "type": "MultiPolygon", "coordinates": [ [ [ [ 682663.186082693166099, 5657549.604771845042706 ], [ 682663.186082693166099, 5658107.158440995961428 ], [ 683268.364127750857733, 5658107.158440995961428 ], [ 683268.364127750857733, 5657549.604771845042706 ], [ 682663.186082693166099, 5657549.604771845042706 ] ] ] ] } },
{ "type": "Feature", "properties": { }, "geometry": { "type": "MultiPolygon", "coordinates": [ [ [ [ 683268.364127750741318, 5657549.604771845042706 ], [ 683268.364127750741318, 5658107.158440995961428 ], [ 683873.542172808432952, 5658107.158440995961428 ], [ 683873.542172808432952, 5657549.604771845042706 ], [ 683268.364127750741318, 5657549.604771845042706 ] ] ] ] } },
{ "type": "Feature", "properties": { }, "geometry": { "type": "MultiPolygon", "coordinates": [ [ [ [ 683873.542172808316536, 5657549.604771845042706 ], [ 683873.542172808316536, 5658107.158440995961428 ], [ 684478.72021786600817, 5658107.158440995961428 ], [ 684478.72021786600817, 5657549.604771845042706 ], [ 683873.542172808316536, 5657549.604771845042706 ] ] ] ] } },
{ "type": "Feature", "properties": { }, "geometry": { "type": "MultiPolygon", "coordinates": [ [ [ [ 684478.720217865891755, 5657549.604771845042706 ], [ 684478.720217865891755, 5658107.158440995961428 ], [ 685083.898262923583388, 5658107.158440995961428 ], [ 685083.898262923583388, 5657549.604771845042706 ], [ 684478.720217865891755, 5657549.604771845042706 ] ] ] ] } },
{ "type": "Feature", "properties": { }, "geometry": { "type": "MultiPolygon", "coordinates": [ [ [ [ 685083.898262923466973, 5657549.604771845042706 ], [ 685083.898262923466973, 5658107.158440995961428 ], [ 685689.076307981158607, 5658107.158440995961428 ], [ 685689.076307981158607, 5657549.604771845042706 ], [ 685083.898262923466973, 5657549.604771845042706 ] ] ] ] } },
{ "type": "Feature", "properties": { }, "geometry": { "type": "MultiPolygon", "coordinates": [ [ [ [ 685689.076307981158607, 5657549.604771845042706 ], [ 685689.076307981158607, 5658107.158440995961428 ], [ 686294.25435303885024, 5658107.158440995961428 ], [ 686294.25435303885024, 5657549.604771845042706 ], [ 685689.076307981158607, 5657549.604771845042706 ] ] ] ] } },
{ "type": "Feature", "properties": { }, "geometry": { "type": "MultiPolygon", "coordinates": [ [ [ [ 686294.254353038733825, 5657549.604771845042706 ], [ 686294.254353038733825, 5658107.158440995961428 ], [ 686899.432398096425459, 5658107.158440995961428 ], [ 686899.432398096425459, 5657549.604771845042706 ], [ 686294.254353038733825, 5657549.604771845042706 ] ] ] ] } },
{ "type": "Feature", "properties": { }, "geometry": { "type": "MultiPolygon", "coordinates": [ [ [ [ 686899.432398096309043, 5657549.604771845042706 ], [ 686899.432398096309043, 5658107.158440995961428 ], [ 687504.610443154000677, 5658107.158440995961428 ], [ 687504.610443154000677, 5657549.604771845042706 ], [ 686899.432398096309043, 5657549.604771845042706 ] ] ] ] } },
{ "type": "Feature", "properties": { }, "geometry": { "type": "MultiPolygon", "coordinates": [ [ [ [ 687504.610443153884262, 5657549.604771845042706 ], [ 687504.610443153884262, 5658107.158440995961428 ], [ 688109.788488211575896, 5658107.158440995961428 ], [ 688109.788488211575896, 5657549.604771845042706 ], [ 687504.610443153884262, 5657549.604771845042706 ] ] ] ] } },
{ "type": "Feature", "properties": { }, "geometry": { "type": "MultiPolygon", "coordinates": [ [ [ [ 688109.78848821145948, 5657549.604771845042706 ], [ 688109.78848821145948, 5658107.158440995961428 ], [ 688714.966533269151114, 5658107.158440995961428 ], [ 688714.966533269151114, 5657549.604771845042706 ], [ 688109.78848821145948, 5657549.604771845042706 ] ] ] ] } },
{ "type": "Feature", "properties": { }, "geometry": { "type": "MultiPolygon", "coordinates": [ [ [ [ 688714.966533269034699, 5657549.604771845042706 ], [ 688714.966533269034699, 5658107.158440995961428 ], [ 689320.144578326726332, 5658107.158440995961428 ], [ 689320.144578326726332, 5657549.604771845042706 ], [ 688714.966533269034699, 5657549.604771845042706 ] ] ] ] } },
{ "type": "Feature", "properties": { }, "geometry": { "type": "MultiPolygon", "coordinates": [ [ [ [ 689320.144578326609917, 5657549.604771845042706 ], [ 689320.144578326609917, 5658107.158440995961428 ], [ 689925.322623384301551, 5658107.158440995961428 ], [ 689925.322623384301551, 5657549.604771845042706 ], [ 689320.144578326609917, 5657549.604771845042706 ] ] ] ] } },
{ "type": "Feature", "properties": { }, "geometry": { "type": "MultiPolygon", "coordinates": [ [ [ [ 689925.322623384185135, 5657549.604771845042706 ], [ 689925.322623384185135, 5658107.158440995961428 ], [ 690530.500668441876769, 5658107.158440995961428 ], [ 690530.500668441876769, 5657549.604771845042706 ], [ 689925.322623384185135, 5657549.604771845042706 ] ] ] ] } },
{ "type": "Feature", "properties": { }, "geometry": { "type": "MultiPolygon", "coordinates": [ [ [ [ 690530.500668441760354, 5657549.604771845042706 ], [ 690530.500668441760354, 5658107.158440995961428 ], [ 691135.678713499451987, 5658107.158440995961428 ], [ 691135.678713499451987, 5657549.604771845042706 ], [ 690530.500668441760354, 5657549.604771845042706 ] ] ] ] } },
{ "type": "Feature", "properties": { }, "geometry": { "type": "MultiPolygon", "coordinates": [ [ [ [ 691135.678713499335572, 5657549.604771845042706 ], [ 691135.678713499335572, 5658107.158440995961428 ], [ 691740.856758557027206, 5658107.158440995961428 ], [ 691740.856758557027206, 5657549.604771845042706 ], [ 691135.678713499335572, 5657549.604771845042706 ] ] ] ] } },
{ "type": "Feature", "properties": { }, "geometry": { "type": "MultiPolygon", "coordinates": [ [ [ [ 679637.295857405290008, 5656992.051102694123983 ], [ 679637.295857405290008, 5657549.604771845042706 ], [ 680242.473902462981641, 5657549.604771845042706 ], [ 680242.473902462981641, 5656992.051102694123983 ], [ 679637.295857405290008, 5656992.051102694123983 ] ] ] ] } },
{ "type": "Feature", "properties": { }, "geometry": { "type": "MultiPolygon", "coordinates": [ [ [ [ 680242.473902462865226, 5656992.051102694123983 ], [ 680242.473902462865226, 5657549.604771845042706 ], [ 680847.65194752055686, 5657549.604771845042706 ], [ 680847.65194752055686, 5656992.051102694123983 ], [ 680242.473902462865226, 5656992.051102694123983 ] ] ] ] } },
{ "type": "Feature", "properties": { }, "geometry": { "type": "MultiPolygon", "coordinates": [ [ [ [ 680847.651947520440444, 5656992.051102694123983 ], [ 680847.651947520440444, 5657549.604771845042706 ], [ 681452.829992578132078, 5657549.604771845042706 ], [ 681452.829992578132078, 5656992.051102694123983 ], [ 680847.651947520440444, 5656992.051102694123983 ] ] ] ] } },
{ "type": "Feature", "properties": { }, "geometry": { "type": "MultiPolygon", "coordinates": [ [ [ [ 681452.829992578015663, 5656992.051102694123983 ], [ 681452.829992578015663, 5657549.604771845042706 ], [ 682058.008037635707296, 5657549.604771845042706 ], [ 682058.008037635707296, 5656992.051102694123983 ], [ 681452.829992578015663, 5656992.051102694123983 ] ] ] ] } },
{ "type": "Feature", "properties": { }, "geometry": { "type": "MultiPolygon", "coordinates": [ [ [ [ 682058.008037635590881, 5656992.051102694123983 ], [ 682058.008037635590881, 5657549.604771845042706 ], [ 682663.186082693282515, 5657549.604771845042706 ], [ 682663.186082693282515, 5656992.051102694123983 ], [ 682058.008037635590881, 5656992.051102694123983 ] ] ] ] } },
{ "type": "Feature", "properties": { }, "geometry": { "type": "MultiPolygon", "coordinates": [ [ [ [ 682663.186082693166099, 5656992.051102694123983 ], [ 682663.186082693166099, 5657549.604771845042706 ], [ 683268.364127750857733, 5657549.604771845042706 ], [ 683268.364127750857733, 5656992.051102694123983 ], [ 682663.186082693166099, 5656992.051102694123983 ] ] ] ] } },
{ "type": "Feature", "properties": { }, "geometry": { "type": "MultiPolygon", "coordinates": [ [ [ [ 683268.364127750741318, 5656992.051102694123983 ], [ 683268.364127750741318, 5657549.604771845042706 ], [ 683873.542172808432952, 5657549.604771845042706 ], [ 683873.542172808432952, 5656992.051102694123983 ], [ 683268.364127750741318, 5656992.051102694123983 ] ] ] ] } },
{ "type": "Feature", "properties": { }, "geometry": { "type": "MultiPolygon", "coordinates": [ [ [ [ 683873.542172808316536, 5656992.051102694123983 ], [ 683873.542172808316536, 5657549.604771845042706 ], [ 684478.72021786600817, 5657549.604771845042706 ], [ 684478.72021786600817, 5656992.051102694123983 ], [ 683873.542172808316536, 5656992.051102694123983 ] ] ] ] } },
{ "type": "Feature", "properties": { }, "geometry": { "type": "MultiPolygon", "coordinates": [ [ [ [ 684478.720217865891755, 5656992.051102694123983 ], [ 684478.720217865891755, 5657549.604771845042706 ], [ 685083.898262923583388, 5657549.604771845042706 ], [ 685083.898262923583388, 5656992.051102694123983 ], [ 684478.720217865891755, 5656992.051102694123983 ] ] ] ] } },
{ "type": "Feature", "properties": { }, "geometry": { "type": "MultiPolygon", "coordinates": [ [ [ [ 685083.898262923466973, 5656992.051102694123983 ], [ 685083.898262923466973, 5657549.604771845042706 ], [ 685689.076307981158607, 5657549.604771845042706 ], [ 685689.076307981158607, 5656992.051102694123983 ], [ 685083.898262923466973, 5656992.051102694123983 ] ] ] ] } },
{ "type": "Feature", "properties": { }, "geometry": { "type": "MultiPolygon", "coordinates": [ [ [ [ 685689.076307981158607, 5656992.051102694123983 ], [ 685689.076307981158607, 5657549.604771845042706 ], [ 686294.25435303885024, 5657549.604771845042706 ], [ 686294.25435303885024, 5656992.051102694123983 ], [ 685689.076307981158607, 5656992.051102694123983 ] ] ] ] } },
{ "type": "Feature", "properties": { }, "geometry": { "type": "MultiPolygon", "coordinates": [ [ [ [ 686294.254353038733825, 5656992.051102694123983 ], [ 686294.254353038733825, 5657549.604771845042706 ], [ 686899.432398096425459, 5657549.604771845042706 ], [ 686899.432398096425459, 5656992.051102694123983 ], [ 686294.254353038733825, 5656992.051102694123983 ] ] ] ] } },
{ "type": "Feature", "properties": { }, "geometry": { "type": "MultiPolygon", "coordinates": [ [ [ [ 686899.432398096309043, 5656992.051102694123983 ], [ 686899.432398096309043, 5657549.604771845042706 ], [ 687504.610443154000677, 5657549.604771845042706 ], [ 687504.610443154000677, 5656992.051102694123983 ], [ 686899.432398096309043, 5656992.051102694123983 ] ] ] ] } },
{ "type": "Feature", "properties": { }, "geometry": { "type": "MultiPolygon", "coordinates": [ [ [ [ 687504.610443153884262, 5656992.051102694123983 ], [ 687504.610443153884262, 5657549.604771845042706 ], [ 688109.788488211575896, 5657549.604771845042706 ], [ 688109.788488211575896, 5656992.051102694123983 ], [ 687504.610443153884262, 5656992.051102694123983 ] ] ] ] } },
{ "type": "Feature", "properties": { }, "geometry": { "type": "MultiPolygon", "coordinates": [ [ [ [ 688109.78848821145948, 5656992.051102694123983 ], [ 688109.78848821145948, 5657549.604771845042706 ], [ 688714.966533269151114, 5657549.604771845042706 ], [ 688714.966533269151114, 5656992.051102694123983 ], [ 688109.78848821145948, 5656992.051102694123983 ] ] ] ] } },
{ "type": "Feature", "properties": { }, "geometry": { "type": "MultiPolygon", "coordinates": [ [ [ [ 688714.966533269034699, 5656992.051102694123983 ], [ 688714.966533269034699, 5657549.604771845042706 ], [ 689320.144578326726332, 5657549.604771845042706 ], [ 689320.144578326726332, 5656992.051102694123983 ], [ 688714.966533269034699, 5656992.051102694123983 ] ] ] ] } },
{ "type": "Feature", "properties": { }, "geometry": { "type": "MultiPolygon", "coordinates": [ [ [ [ 689320.144578326609917, 5656992.051102694123983 ], [ 689320.144578326609917, 5657549.604771845042706 ], [ 689925.322623384301551, 5657549.604771845042706 ], [ 689925.322623384301551, 5656992.051102694123983 ], [ 689320.144578326609917, 5656992.051102694123983 ] ] ] ] } },
{ "type": "Feature", "properties": { }, "geometry": { "type": "MultiPolygon", "coordinates": [ [ [ [ 689925.322623384185135, 5656992.051102694123983 ], [ 689925.322623384185135, 5657549.604771845042706 ], [ 690530.500668441876769, 5657549.604771845042706 ], [ 690530.500668441876769, 5656992.051102694123983 ], [ 689925.322623384185135, 5656992.051102694123983 ] ] ] ] } },
{ "type": "Feature", "properties": { }, "geometry": { "type": "MultiPolygon", "coordinates": [ [ [ [ 690530.500668441760354, 5656992.051102694123983 ], [ 690530.500668441760354, 5657549.604771845042706 ], [ 691135.678713499451987, 5657549.604771845042706 ], [ 691135.678713499451987, 5656992.051102694123983 ], [ 690530.500668441760354, 5656992.051102694123983 ] ] ] ] } },
{ "type": "Feature", "properties": { }, "geometry": { "type": "MultiPolygon", "coordinates": [ [ [ [ 691135.678713499335572, 5656992.051102694123983 ], [ 691135.678713499335572, 5657549.604771845042706 ], [ 691740.856758557027206, 5657549.604771845042706 ], [ 691740.856758557027206, 5656992.051102694123983 ], [ 691135.678713499335572, 5656992.051102694123983 ] ] ] ] } },
{ "type": "Feature", "properties": { }, "geometry": { "type": "MultiPolygon", "coordinates": [ [ [ [ 679637.295857405290008, 5656434.497433543205261 ], [ 679637.295857405290008, 5656992.051102694123983 ], [ 680242.473902462981641, 5656992.051102694123983 ], [ 680242.473902462981641, 5656434.497433543205261 ], [ 679637.295857405290008, 5656434.497433543205261 ] ] ] ] } },
{ "type": "Feature", "properties": { }, "geometry": { "type": "MultiPolygon", "coordinates": [ [ [ [ 680242.473902462865226, 5656434.497433543205261 ], [ 680242.473902462865226, 5656992.051102694123983 ], [ 680847.65194752055686, 5656992.051102694123983 ], [ 680847.65194752055686, 5656434.497433543205261 ], [ 680242.473902462865226, 5656434.497433543205261 ] ] ] ] } },
{ "type": "Feature", "properties": { }, "geometry": { "type": "MultiPolygon", "coordinates": [ [ [ [ 680847.651947520440444, 5656434.497433543205261 ], [ 680847.651947520440444, 5656992.051102694123983 ], [ 681452.829992578132078, 5656992.051102694123983 ], [ 681452.829992578132078, 5656434.497433543205261 ], [ 680847.651947520440444, 5656434.497433543205261 ] ] ] ] } },
{ "type": "Feature", "properties": { }, "geometry": { "type": "MultiPolygon", "coordinates": [ [ [ [ 681452.829992578015663, 5656434.497433543205261 ], [ 681452.829992578015663, 5656992.051102694123983 ], [ 682058.008037635707296, 5656992.051102694123983 ], [ 682058.008037635707296, 5656434.497433543205261 ], [ 681452.829992578015663, 5656434.497433543205261 ] ] ] ] } },
{ "type": "Feature", "properties": { }, "geometry": { "type": "MultiPolygon", "coordinates": [ [ [ [ 682058.008037635590881, 5656434.497433543205261 ], [ 682058.008037635590881, 5656992.051102694123983 ], [ 682663.186082693282515, 5656992.051102694123983 ], [ 682663.186082693282515, 5656434.497433543205261 ], [ 682058.008037635590881, 5656434.497433543205261 ] ] ] ] } },
{ "type": "Feature", "properties": { }, "geometry": { "type": "MultiPolygon", "coordinates": [ [ [ [ 682663.186082693166099, 5656434.497433543205261 ], [ 682663.186082693166099, 5656992.051102694123983 ], [ 683268.364127750857733, 5656992.051102694123983 ], [ 683268.364127750857733, 5656434.497433543205261 ], [ 682663.186082693166099, 5656434.497433543205261 ] ] ] ] } },
{ "type": "Feature", "properties": { }, "geometry": { "type": "MultiPolygon", "coordinates": [ [ [ [ 683268.364127750741318, 5656434.497433543205261 ], [ 683268.364127750741318, 5656992.051102694123983 ], [ 683873.542172808432952, 5656992.051102694123983 ], [ 683873.542172808432952, 5656434.497433543205261 ], [ 683268.364127750741318, 5656434.497433543205261 ] ] ] ] } },
{ "type": "Feature", "properties": { }, "geometry": { "type": "MultiPolygon", "coordinates": [ [ [ [ 683873.542172808316536, 5656434.497433543205261 ], [ 683873.542172808316536, 5656992.051102694123983 ], [ 684478.72021786600817, 5656992.051102694123983 ], [ 684478.72021786600817, 5656434.497433543205261 ], [ 683873.542172808316536, 5656434.497433543205261 ] ] ] ] } },
{ "type": "Feature", "properties": { }, "geometry": { "type": "MultiPolygon", "coordinates": [ [ [ [ 684478.720217865891755, 5656434.497433543205261 ], [ 684478.720217865891755, 5656992.051102694123983 ], [ 685083.898262923583388, 5656992.051102694123983 ], [ 685083.898262923583388, 5656434.497433543205261 ], [ 684478.720217865891755, 5656434.497433543205261 ] ] ] ] } },
{ "type": "Feature", "properties": { }, "geometry": { "type": "MultiPolygon", "coordinates": [ [ [ [ 685083.898262923466973, 5656434.497433543205261 ], [ 685083.898262923466973, 5656992.051102694123983 ], [ 685689.076307981158607, 5656992.051102694123983 ], [ 685689.076307981158607, 5656434.497433543205261 ], [ 685083.898262923466973, 5656434.497433543205261 ] ] ] ] } },
{ "type": "Feature", "properties": { }, "geometry": { "type": "MultiPolygon", "coordinates": [ [ [ [ 685689.076307981158607, 5656434.497433543205261 ], [ 685689.076307981158607, 5656992.051102694123983 ], [ 686294.25435303885024, 5656992.051102694123983 ], [ 686294.25435303885024, 5656434.497433543205261 ], [ 685689.076307981158607, 5656434.497433543205261 ] ] ] ] } },
{ "type": "Feature", "properties": { }, "geometry": { "type": "MultiPolygon", "coordinates": [ [ [ [ 686294.254353038733825, 5656434.497433543205261 ], [ 686294.254353038733825, 5656992.051102694123983 ], [ 686899.432398096425459, 5656992.051102694123983 ], [ 686899.432398096425459, 5656434.497433543205261 ], [ 686294.254353038733825, 5656434.497433543205261 ] ] ] ] } },
{ "type": "Feature", "properties": { }, "geometry": { "type": "MultiPolygon", "coordinates": [ [ [ [ 686899.432398096309043, 5656434.497433543205261 ], [ 686899.432398096309043, 5656992.051102694123983 ], [ 687504.610443154000677, 5656992.051102694123983 ], [ 687504.610443154000677, 5656434.497433543205261 ], [ 686899.432398096309043, 5656434.497433543205261 ] ] ] ] } },
{ "type": "Feature", "properties": { }, "geometry": { "type": "MultiPolygon", "coordinates": [ [ [ [ 687504.610443153884262, 5656434.497433543205261 ], [ 687504.610443153884262, 5656992.051102694123983 ], [ 688109.788488211575896, 5656992.051102694123983 ], [ 688109.788488211575896, 5656434.497433543205261 ], [ 687504.610443153884262, 5656434.497433543205261 ] ] ] ] } },
{ "type": "Feature", "properties": { }, "geometry": { "type": "MultiPolygon", "coordinates": [ [ [ [ 688109.78848821145948, 5656434.497433543205261 ], [ 688109.78848821145948, 5656992.051102694123983 ], [ 688714.966533269151114, 5656992.051102694123983 ], [ 688714.966533269151114, 5656434.497433543205261 ], [ 688109.78848821145948, 5656434.497433543205261 ] ] ] ] } },
{ "type": "Feature", "properties": { }, "geometry": { "type": "MultiPolygon", "coordinates": [ [ [ [ 688714.966533269034699, 5656434.497433543205261 ], [ 688714.966533269034699, 5656992.051102694123983 ], [ 689320.144578326726332, 5656992.051102694123983 ], [ 689320.144578326726332, 5656434.497433543205261 ], [ 688714.966533269034699, 5656434.497433543205261 ] ] ] ] } },
{ "type": "Feature", "properties": { }, "geometry": { "type": "MultiPolygon", "coordinates": [ [ [ [ 689320.144578326609917, 5656434.497433543205261 ], [ 689320.144578326609917, 5656992.051102694123983 ], [ 689925.322623384301551, 5656992.051102694123983 ], [ 689925.322623384301551, 5656434.497433543205261 ], [ 689320.144578326609917, 5656434.497433543205261 ] ] ] ] } },
{ "type": "Feature", "properties": { }, "geometry": { "type": "MultiPolygon", "coordinates": [ [ [ [ 689925.322623384185135, 5656434.497433543205261 ], [ 689925.322623384185135, 5656992.051102694123983 ], [ 690530.500668441876769, 5656992.051102694123983 ], [ 690530.500668441876769, 5656434.497433543205261 ], [ 689925.322623384185135, 5656434.497433543205261 ] ] ] ] } },
{ "type": "Feature", "properties": { }, "geometry": { "type": "MultiPolygon", "coordinates": [ [ [ [ 690530.500668441760354, 5656434.497433543205261 ], [ 690530.500668441760354, 5656992.051102694123983 ], [ 691135.678713499451987, 5656992.051102694123983 ], [ 691135.678713499451987, 5656434.497433543205261 ], [ 690530.500668441760354, 5656434.497433543205261 ] ] ] ] } },
{ "type": "Feature", "properties": { }, "geometry": { "type": "MultiPolygon", "coordinates": [ [ [ [ 691135.678713499335572, 5656434.497433543205261 ], [ 691135.678713499335572, 5656992.051102694123983 ], [ 691740.856758557027206, 5656992.051102694123983 ], [ 691740.856758557027206, 5656434.497433543205261 ], [ 691135.678713499335572, 5656434.497433543205261 ] ] ] ] } },
{ "type": "Feature", "properties": { }, "geometry": { "type": "MultiPolygon", "coordinates": [ [ [ [ 679637.295857405290008, 5655876.943764392286539 ], [ 679637.295857405290008, 5656434.497433543205261 ], [ 680242.473902462981641, 5656434.497433543205261 ], [ 680242.473902462981641, 5655876.943764392286539 ], [ 679637.295857405290008, 5655876.943764392286539 ] ] ] ] } },
{ "type": "Feature", "properties": { }, "geometry": { "type": "MultiPolygon", "coordinates": [ [ [ [ 680242.473902462865226, 5655876.943764392286539 ], [ 680242.473902462865226, 5656434.497433543205261 ], [ 680847.65194752055686, 5656434.497433543205261 ], [ 680847.65194752055686, 5655876.943764392286539 ], [ 680242.473902462865226, 5655876.943764392286539 ] ] ] ] } },
{ "type": "Feature", "properties": { }, "geometry": { "type": "MultiPolygon", "coordinates": [ [ [ [ 680847.651947520440444, 5655876.943764392286539 ], [ 680847.651947520440444, 5656434.497433543205261 ], [ 681452.829992578132078, 5656434.497433543205261 ], [ 681452.829992578132078, 5655876.943764392286539 ], [ 680847.651947520440444, 5655876.943764392286539 ] ] ] ] } },
{ "type": "Feature", "properties": { }, "geometry": { "type": "MultiPolygon", "coordinates": [ [ [ [ 681452.829992578015663, 5655876.943764392286539 ], [ 681452.829992578015663, 5656434.497433543205261 ], [ 682058.008037635707296, 5656434.497433543205261 ], [ 682058.008037635707296, 5655876.943764392286539 ], [ 681452.829992578015663, 5655876.943764392286539 ] ] ] ] } },
{ "type": "Feature", "properties": { }, "geometry": { "type": "MultiPolygon", "coordinates": [ [ [ [ 682058.008037635590881, 5655876.943764392286539 ], [ 682058.008037635590881, 5656434.497433543205261 ], [ 682663.186082693282515, 5656434.497433543205261 ], [ 682663.186082693282515, 5655876.943764392286539 ], [ 682058.008037635590881, 5655876.943764392286539 ] ] ] ] } },
{ "type": "Feature", "properties": { }, "geometry": { "type": "MultiPolygon", "coordinates": [ [ [ [ 682663.186082693166099, 5655876.943764392286539 ], [ 682663.186082693166099, 5656434.497433543205261 ], [ 683268.364127750857733, 5656434.497433543205261 ], [ 683268.364127750857733, 5655876.943764392286539 ], [ 682663.186082693166099, 5655876.943764392286539 ] ] ] ] } },
{ "type": "Feature", "properties": { }, "geometry": { "type": "MultiPolygon", "coordinates": [ [ [ [ 683268.364127750741318, 5655876.943764392286539 ], [ 683268.364127750741318, 5656434.497433543205261 ], [ 683873.542172808432952, 5656434.497433543205261 ], [ 683873.542172808432952, 5655876.943764392286539 ], [ 683268.364127750741318, 5655876.943764392286539 ] ] ] ] } },
{ "type": "Feature", "properties": { }, "geometry": { "type": "MultiPolygon", "coordinates": [ [ [ [ 683873.542172808316536, 5655876.943764392286539 ], [ 683873.542172808316536, 5656434.497433543205261 ], [ 684478.72021786600817, 5656434.497433543205261 ], [ 684478.72021786600817, 5655876.943764392286539 ], [ 683873.542172808316536, 5655876.943764392286539 ] ] ] ] } },
{ "type": "Feature", "properties": { }, "geometry": { "type": "MultiPolygon", "coordinates": [ [ [ [ 684478.720217865891755, 5655876.943764392286539 ], [ 684478.720217865891755, 5656434.497433543205261 ], [ 685083.898262923583388, 5656434.497433543205261 ], [ 685083.898262923583388, 5655876.943764392286539 ], [ 684478.720217865891755, 5655876.943764392286539 ] ] ] ] } },
{ "type": "Feature", "properties": { }, "geometry": { "type": "MultiPolygon", "coordinates": [ [ [ [ 685083.898262923466973, 5655876.943764392286539 ], [ 685083.898262923466973, 5656434.497433543205261 ], [ 685689.076307981158607, 5656434.497433543205261 ], [ 685689.076307981158607, 5655876.943764392286539 ], [ 685083.898262923466973, 5655876.943764392286539 ] ] ] ] } },
{ "type": "Feature", "properties": { }, "geometry": { "type": "MultiPolygon", "coordinates": [ [ [ [ 685689.076307981158607, 5655876.943764392286539 ], [ 685689.076307981158607, 5656434.497433543205261 ], [ 686294.25435303885024, 5656434.497433543205261 ], [ 686294.25435303885024, 5655876.943764392286539 ], [ 685689.076307981158607, 5655876.943764392286539 ] ] ] ] } },
{ "type": "Feature", "properties": { }, "geometry": { "type": "MultiPolygon", "coordinates": [ [ [ [ 686294.254353038733825, 5655876.943764392286539 ], [ 686294.254353038733825, 5656434.497433543205261 ], [ 686899.432398096425459, 5656434.497433543205261 ], [ 686899.432398096425459, 5655876.943764392286539 ], [ 686294.254353038733825, 5655876.943764392286539 ] ] ] ] } },
{ "type": "Feature", "properties": { }, "geometry": { "type": "MultiPolygon", "coordinates": [ [ [ [ 686899.432398096309043, 5655876.943764392286539 ], [ 686899.432398096309043, 5656434.497433543205261 ], [ 687504.610443154000677, 5656434.497433543205261 ], [ 687504.610443154000677, 5655876.943764392286539 ], [ 686899.432398096309043, 5655876.943764392286539 ] ] ] ] } },
{ "type": "Feature", "properties": { }, "geometry": { "type": "MultiPolygon", "coordinates": [ [ [ [ 687504.610443153884262, 5655876.943764392286539 ], [ 687504.610443153884262, 5656434.497433543205261 ], [ 688109.788488211575896, 5656434.497433543205261 ], [ 688109.788488211575896, 5655876.943764392286539 ], [ 687504.610443153884262, 5655876.943764392286539 ] ] ] ] } },
{ "type": "Feature", "properties": { }, "geometry": { "type": "MultiPolygon", "coordinates": [ [ [ [ 688109.78848821145948, 5655876.943764392286539 ], [ 688109.78848821145948, 5656434.497433543205261 ], [ 688714.966533269151114, 5656434.497433543205261 ], [ 688714.966533269151114, 5655876.943764392286539 ], [ 688109.78848821145948, 5655876.943764392286539 ] ] ] ] } },
{ "type": "Feature", "properties": { }, "geometry": { "type": "MultiPolygon", "coordinates": [ [ [ [ 688714.966533269034699, 5655876.943764392286539 ], [ 688714.966533269034699, 5656434.497433543205261 ], [ 689320.144578326726332, 5656434.497433543205261 ], [ 689320.144578326726332, 5655876.943764392286539 ], [ 688714.966533269034699, 5655876.943764392286539 ] ] ] ] } },
{ "type": "Feature", "properties": { }, "geometry": { "type": "MultiPolygon", "coordinates": [ [ [ [ 689320.144578326609917, 5655876.943764392286539 ], [ 689320.144578326609917, 5656434.497433543205261 ], [ 689925.322623384301551, 5656434.497433543205261 ], [ 689925.322623384301551, 5655876.943764392286539 ], [ 689320.144578326609917, 5655876.943764392286539 ] ] ] ] } },
{ "type": "Feature", "properties": { }, "geometry": { "type": "MultiPolygon", "coordinates": [ [ [ [ 689925.322623384185135, 5655876.943764392286539 ], [ 689925.322623384185135, 5656434.497433543205261 ], [ 690530.500668441876769, 5656434.497433543205261 ], [ 690530.500668441876769, 5655876.943764392286539 ], [ 689925.322623384185135, 5655876.943764392286539 ] ] ] ] } },
{ "type": "Feature", "properties": { }, "geometry": { "type": "MultiPolygon", "coordinates": [ [ [ [ 690530.500668441760354, 5655876.943764392286539 ], [ 690530.500668441760354, 5656434.497433543205261 ], [ 691135.678713499451987, 5656434.497433543205261 ], [ 691135.678713499451987, 5655876.943764392286539 ], [ 690530.500668441760354, 5655876.943764392286539 ] ] ] ] } },
{ "type": "Feature", "properties": { }, "geometry": { "type": "MultiPolygon", "coordinates": [ [ [ [ 691135.678713499335572, 5655876.943764392286539 ], [ 691135.678713499335572, 5656434.497433543205261 ], [ 691740.856758557027206, 5656434.497433543205261 ], [ 691740.856758557027206, 5655876.943764392286539 ], [ 691135.678713499335572, 5655876.943764392286539 ] ] ] ] } },
{ "type": "Feature", "properties": { }, "geometry": { "type": "MultiPolygon", "coordinates": [ [ [ [ 679637.295857405290008, 5655319.390095241367817 ], [ 679637.295857405290008, 5655876.943764392286539 ], [ 680242.473902462981641, 5655876.943764392286539 ], [ 680242.473902462981641, 5655319.390095241367817 ], [ 679637.295857405290008, 5655319.390095241367817 ] ] ] ] } },
{ "type": "Feature", "properties": { }, "geometry": { "type": "MultiPolygon", "coordinates": [ [ [ [ 680242.473902462865226, 5655319.390095241367817 ], [ 680242.473902462865226, 5655876.943764392286539 ], [ 680847.65194752055686, 5655876.943764392286539 ], [ 680847.65194752055686, 5655319.390095241367817 ], [ 680242.473902462865226, 5655319.390095241367817 ] ] ] ] } },
{ "type": "Feature", "properties": { }, "geometry": { "type": "MultiPolygon", "coordinates": [ [ [ [ 680847.651947520440444, 5655319.390095241367817 ], [ 680847.651947520440444, 5655876.943764392286539 ], [ 681452.829992578132078, 5655876.943764392286539 ], [ 681452.829992578132078, 5655319.390095241367817 ], [ 680847.651947520440444, 5655319.390095241367817 ] ] ] ] } },
{ "type": "Feature", "properties": { }, "geometry": { "type": "MultiPolygon", "coordinates": [ [ [ [ 681452.829992578015663, 5655319.390095241367817 ], [ 681452.829992578015663, 5655876.943764392286539 ], [ 682058.008037635707296, 5655876.943764392286539 ], [ 682058.008037635707296, 5655319.390095241367817 ], [ 681452.829992578015663, 5655319.390095241367817 ] ] ] ] } },
{ "type": "Feature", "properties": { }, "geometry": { "type": "MultiPolygon", "coordinates": [ [ [ [ 682058.008037635590881, 5655319.390095241367817 ], [ 682058.008037635590881, 5655876.943764392286539 ], [ 682663.186082693282515, 5655876.943764392286539 ], [ 682663.186082693282515, 5655319.390095241367817 ], [ 682058.008037635590881, 5655319.390095241367817 ] ] ] ] } },
{ "type": "Feature", "properties": { }, "geometry": { "type": "MultiPolygon", "coordinates": [ [ [ [ 682663.186082693166099, 5655319.390095241367817 ], [ 682663.186082693166099, 5655876.943764392286539 ], [ 683268.364127750857733, 5655876.943764392286539 ], [ 683268.364127750857733, 5655319.390095241367817 ], [ 682663.186082693166099, 5655319.390095241367817 ] ] ] ] } },
{ "type": "Feature", "properties": { }, "geometry": { "type": "MultiPolygon", "coordinates": [ [ [ [ 683268.364127750741318, 5655319.390095241367817 ], [ 683268.364127750741318, 5655876.943764392286539 ], [ 683873.542172808432952, 5655876.943764392286539 ], [ 683873.542172808432952, 5655319.390095241367817 ], [ 683268.364127750741318, 5655319.390095241367817 ] ] ] ] } },
{ "type": "Feature", "properties": { }, "geometry": { "type": "MultiPolygon", "coordinates": [ [ [ [ 683873.542172808316536, 5655319.390095241367817 ], [ 683873.542172808316536, 5655876.943764392286539 ], [ 684478.72021786600817, 5655876.943764392286539 ], [ 684478.72021786600817, 5655319.390095241367817 ], [ 683873.542172808316536, 5655319.390095241367817 ] ] ] ] } },
{ "type": "Feature", "properties": { }, "geometry": { "type": "MultiPolygon", "coordinates": [ [ [ [ 684478.720217865891755, 5655319.390095241367817 ], [ 684478.720217865891755, 5655876.943764392286539 ], [ 685083.898262923583388, 5655876.943764392286539 ], [ 685083.898262923583388, 5655319.390095241367817 ], [ 684478.720217865891755, 5655319.390095241367817 ] ] ] ] } },
{ "type": "Feature", "properties": { }, "geometry": { "type": "MultiPolygon", "coordinates": [ [ [ [ 685083.898262923466973, 5655319.390095241367817 ], [ 685083.898262923466973, 5655876.943764392286539 ], [ 685689.076307981158607, 5655876.943764392286539 ], [ 685689.076307981158607, 5655319.390095241367817 ], [ 685083.898262923466973, 5655319.390095241367817 ] ] ] ] } },
{ "type": "Feature", "properties": { }, "geometry": { "type": "MultiPolygon", "coordinates": [ [ [ [ 685689.076307981158607, 5655319.390095241367817 ], [ 685689.076307981158607, 5655876.943764392286539 ], [ 686294.25435303885024, 5655876.943764392286539 ], [ 686294.25435303885024, 5655319.390095241367817 ], [ 685689.076307981158607, 5655319.390095241367817 ] ] ] ] } },
{ "type": "Feature", "properties": { }, "geometry": { "type": "MultiPolygon", "coordinates": [ [ [ [ 686294.254353038733825, 5655319.390095241367817 ], [ 686294.254353038733825, 5655876.943764392286539 ], [ 686899.432398096425459, 5655876.943764392286539 ], [ 686899.432398096425459, 5655319.390095241367817 ], [ 686294.254353038733825, 5655319.390095241367817 ] ] ] ] } },
{ "type": "Feature", "properties": { }, "geometry": { "type": "MultiPolygon", "coordinates": [ [ [ [ 686899.432398096309043, 5655319.390095241367817 ], [ 686899.432398096309043, 5655876.943764392286539 ], [ 687504.610443154000677, 5655876.943764392286539 ], [ 687504.610443154000677, 5655319.390095241367817 ], [ 686899.432398096309043, 5655319.390095241367817 ] ] ] ] } },
{ "type": "Feature", "properties": { }, "geometry": { "type": "MultiPolygon", "coordinates": [ [ [ [ 687504.610443153884262, 5655319.390095241367817 ], [ 687504.610443153884262, 5655876.943764392286539 ], [ 688109.788488211575896, 5655876.943764392286539 ], [ 688109.788488211575896, 5655319.390095241367817 ], [ 687504.610443153884262, 5655319.390095241367817 ] ] ] ] } },
{ "type": "Feature", "properties": { }, "geometry": { "type": "MultiPolygon", "coordinates": [ [ [ [ 688109.78848821145948, 5655319.390095241367817 ], [ 688109.78848821145948, 5655876.943764392286539 ], [ 688714.966533269151114, 5655876.943764392286539 ], [ 688714.966533269151114, 5655319.390095241367817 ], [ 688109.78848821145948, 5655319.390095241367817 ] ] ] ] } },
{ "type": "Feature", "properties": { }, "geometry": { "type": "MultiPolygon", "coordinates": [ [ [ [ 688714.966533269034699, 5655319.390095241367817 ], [ 688714.966533269034699, 5655876.943764392286539 ], [ 689320.144578326726332, 5655876.943764392286539 ], [ 689320.144578326726332, 5655319.390095241367817 ], [ 688714.966533269034699, 5655319.390095241367817 ] ] ] ] } },
{ "type": "Feature", "properties": { }, "geometry": { "type": "MultiPolygon", "coordinates": [ [ [ [ 689320.144578326609917, 5655319.390095241367817 ], [ 689320.144578326609917, 5655876.943764392286539 ], [ 689925.322623384301551, 5655876.943764392286539 ], [ 689925.322623384301551, 5655319.390095241367817 ], [ 689320.144578326609917, 5655319.390095241367817 ] ] ] ] } },
{ "type": "Feature", "properties": { }, "geometry": { "type": "MultiPolygon", "coordinates": [ [ [ [ 689925.322623384185135, 5655319.390095241367817 ], [ 689925.322623384185135, 5655876.943764392286539 ], [ 690530.500668441876769, 5655876.943764392286539 ], [ 690530.500668441876769, 5655319.390095241367817 ], [ 689925.322623384185135, 5655319.390095241367817 ] ] ] ] } },
{ "type": "Feature", "properties": { }, "geometry": { "type": "MultiPolygon", "coordinates": [ [ [ [ 690530.500668441760354, 5655319.390095241367817 ], [ 690530.500668441760354, 5655876.943764392286539 ], [ 691135.678713499451987, 5655876.943764392286539 ], [ 691135.678713499451987, 5655319.390095241367817 ], [ 690530.500668441760354, 5655319.390095241367817 ] ] ] ] } },
{ "type": "Feature", "properties": { }, "geometry": { "type": "MultiPolygon", "coordinates": [ [ [ [ 691135.678713499335572, 5655319.390095241367817 ], [ 691135.678713499335572, 5655876.943764392286539 ], [ 691740.856758557027206, 5655876.943764392286539 ], [ 691740.856758557027206, 5655319.390095241367817 ], [ 691135.678713499335572, 5655319.390095241367817 ] ] ] ] } },
{ "type": "Feature", "properties": { }, "geometry": { "type": "MultiPolygon", "coordinates": [ [ [ [ 679637.295857405290008, 5654761.836426090449095 ], [ 679637.295857405290008, 5655319.390095241367817 ], [ 680242.473902462981641, 5655319.390095241367817 ], [ 680242.473902462981641, 5654761.836426090449095 ], [ 679637.295857405290008, 5654761.836426090449095 ] ] ] ] } },
{ "type": "Feature", "properties": { }, "geometry": { "type": "MultiPolygon", "coordinates": [ [ [ [ 680242.473902462865226, 5654761.836426090449095 ], [ 680242.473902462865226, 5655319.390095241367817 ], [ 680847.65194752055686, 5655319.390095241367817 ], [ 680847.65194752055686, 5654761.836426090449095 ], [ 680242.473902462865226, 5654761.836426090449095 ] ] ] ] } },
{ "type": "Feature", "properties": { }, "geometry": { "type": "MultiPolygon", "coordinates": [ [ [ [ 680847.651947520440444, 5654761.836426090449095 ], [ 680847.651947520440444, 5655319.390095241367817 ], [ 681452.829992578132078, 5655319.390095241367817 ], [ 681452.829992578132078, 5654761.836426090449095 ], [ 680847.651947520440444, 5654761.836426090449095 ] ] ] ] } },
{ "type": "Feature", "properties": { }, "geometry": { "type": "MultiPolygon", "coordinates": [ [ [ [ 681452.829992578015663, 5654761.836426090449095 ], [ 681452.829992578015663, 5655319.390095241367817 ], [ 682058.008037635707296, 5655319.390095241367817 ], [ 682058.008037635707296, 5654761.836426090449095 ], [ 681452.829992578015663, 5654761.836426090449095 ] ] ] ] } },
{ "type": "Feature", "properties": { }, "geometry": { "type": "MultiPolygon", "coordinates": [ [ [ [ 682058.008037635590881, 5654761.836426090449095 ], [ 682058.008037635590881, 5655319.390095241367817 ], [ 682663.186082693282515, 5655319.390095241367817 ], [ 682663.186082693282515, 5654761.836426090449095 ], [ 682058.008037635590881, 5654761.836426090449095 ] ] ] ] } },
{ "type": "Feature", "properties": { }, "geometry": { "type": "MultiPolygon", "coordinates": [ [ [ [ 682663.186082693166099, 5654761.836426090449095 ], [ 682663.186082693166099, 5655319.390095241367817 ], [ 683268.364127750857733, 5655319.390095241367817 ], [ 683268.364127750857733, 5654761.836426090449095 ], [ 682663.186082693166099, 5654761.836426090449095 ] ] ] ] } },
{ "type": "Feature", "properties": { }, "geometry": { "type": "MultiPolygon", "coordinates": [ [ [ [ 683268.364127750741318, 5654761.836426090449095 ], [ 683268.364127750741318, 5655319.390095241367817 ], [ 683873.542172808432952, 5655319.390095241367817 ], [ 683873.542172808432952, 5654761.836426090449095 ], [ 683268.364127750741318, 5654761.836426090449095 ] ] ] ] } },
{ "type": "Feature", "properties": { }, "geometry": { "type": "MultiPolygon", "coordinates": [ [ [ [ 683873.542172808316536, 5654761.836426090449095 ], [ 683873.542172808316536, 5655319.390095241367817 ], [ 684478.72021786600817, 5655319.390095241367817 ], [ 684478.72021786600817, 5654761.836426090449095 ], [ 683873.542172808316536, 5654761.836426090449095 ] ] ] ] } },
{ "type": "Feature", "properties": { }, "geometry": { "type": "MultiPolygon", "coordinates": [ [ [ [ 684478.720217865891755, 5654761.836426090449095 ], [ 684478.720217865891755, 5655319.390095241367817 ], [ 685083.898262923583388, 5655319.390095241367817 ], [ 685083.898262923583388, 5654761.836426090449095 ], [ 684478.720217865891755, 5654761.836426090449095 ] ] ] ] } },
{ "type": "Feature", "properties": { }, "geometry": { "type": "MultiPolygon", "coordinates": [ [ [ [ 685083.898262923466973, 5654761.836426090449095 ], [ 685083.898262923466973, 5655319.390095241367817 ], [ 685689.076307981158607, 5655319.390095241367817 ], [ 685689.076307981158607, 5654761.836426090449095 ], [ 685083.898262923466973, 5654761.836426090449095 ] ] ] ] } },
{ "type": "Feature", "properties": { }, "geometry": { "type": "MultiPolygon", "coordinates": [ [ [ [ 685689.076307981158607, 5654761.836426090449095 ], [ 685689.076307981158607, 5655319.390095241367817 ], [ 686294.25435303885024, 5655319.390095241367817 ], [ 686294.25435303885024, 5654761.836426090449095 ], [ 685689.076307981158607, 5654761.836426090449095 ] ] ] ] } },
{ "type": "Feature", "properties": { }, "geometry": { "type": "MultiPolygon", "coordinates": [ [ [ [ 686294.254353038733825, 5654761.836426090449095 ], [ 686294.254353038733825, 5655319.390095241367817 ], [ 686899.432398096425459, 5655319.390095241367817 ], [ 686899.432398096425459, 5654761.836426090449095 ], [ 686294.254353038733825, 5654761.836426090449095 ] ] ] ] } },
{ "type": "Feature", "properties": { }, "geometry": { "type": "MultiPolygon", "coordinates": [ [ [ [ 686899.432398096309043, 5654761.836426090449095 ], [ 686899.432398096309043, 5655319.390095241367817 ], [ 687504.610443154000677, 5655319.390095241367817 ], [ 687504.610443154000677, 5654761.836426090449095 ], [ 686899.432398096309043, 5654761.836426090449095 ] ] ] ] } },
{ "type": "Feature", "properties": { }, "geometry": { "type": "MultiPolygon", "coordinates": [ [ [ [ 687504.610443153884262, 5654761.836426090449095 ], [ 687504.610443153884262, 5655319.390095241367817 ], [ 688109.788488211575896, 5655319.390095241367817 ], [ 688109.788488211575896, 5654761.836426090449095 ], [ 687504.610443153884262, 5654761.836426090449095 ] ] ] ] } },
{ "type": "Feature", "properties": { }, "geometry": { "type": "MultiPolygon", "coordinates": [ [ [ [ 688109.78848821145948, 5654761.836426090449095 ], [ 688109.78848821145948, 5655319.390095241367817 ], [ 688714.966533269151114, 5655319.390095241367817 ], [ 688714.966533269151114, 5654761.836426090449095 ], [ 688109.78848821145948, 5654761.836426090449095 ] ] ] ] } },
{ "type": "Feature", "properties": { }, "geometry": { "type": "MultiPolygon", "coordinates": [ [ [ [ 688714.966533269034699, 5654761.836426090449095 ], [ 688714.966533269034699, 5655319.390095241367817 ], [ 689320.144578326726332, 5655319.390095241367817 ], [ 689320.144578326726332, 5654761.836426090449095 ], [ 688714.966533269034699, 5654761.836426090449095 ] ] ] ] } },
{ "type": "Feature", "properties": { }, "geometry": { "type": "MultiPolygon", "coordinates": [ [ [ [ 689320.144578326609917, 5654761.836426090449095 ], [ 689320.144578326609917, 5655319.390095241367817 ], [ 689925.322623384301551, 5655319.390095241367817 ], [ 689925.322623384301551, 5654761.836426090449095 ], [ 689320.144578326609917, 5654761.836426090449095 ] ] ] ] } },
{ "type": "Feature", "properties": { }, "geometry": { "type": "MultiPolygon", "coordinates": [ [ [ [ 689925.322623384185135, 5654761.836426090449095 ], [ 689925.322623384185135, 5655319.390095241367817 ], [ 690530.500668441876769, 5655319.390095241367817 ], [ 690530.500668441876769, 5654761.836426090449095 ], [ 689925.322623384185135, 5654761.836426090449095 ] ] ] ] } },
{ "type": "Feature", "properties": { }, "geometry": { "type": "MultiPolygon", "coordinates": [ [ [ [ 690530.500668441760354, 5654761.836426090449095 ], [ 690530.500668441760354, 5655319.390095241367817 ], [ 691135.678713499451987, 5655319.390095241367817 ], [ 691135.678713499451987, 5654761.836426090449095 ], [ 690530.500668441760354, 5654761.836426090449095 ] ] ] ] } },
{ "type": "Feature", "properties": { }, "geometry": { "type": "MultiPolygon", "coordinates": [ [ [ [ 691135.678713499335572, 5654761.836426090449095 ], [ 691135.678713499335572, 5655319.390095241367817 ], [ 691740.856758557027206, 5655319.390095241367817 ], [ 691740.856758557027206, 5654761.836426090449095 ], [ 691135.678713499335572, 5654761.836426090449095 ] ] ] ] } },
{ "type": "Feature", "properties": { }, "geometry": { "type": "MultiPolygon", "coordinates": [ [ [ [ 679637.295857405290008, 5654204.282756939530373 ], [ 679637.295857405290008, 5654761.836426090449095 ], [ 680242.473902462981641, 5654761.836426090449095 ], [ 680242.473902462981641, 5654204.282756939530373 ], [ 679637.295857405290008, 5654204.282756939530373 ] ] ] ] } },
{ "type": "Feature", "properties": { }, "geometry": { "type": "MultiPolygon", "coordinates": [ [ [ [ 680242.473902462865226, 5654204.282756939530373 ], [ 680242.473902462865226, 5654761.836426090449095 ], [ 680847.65194752055686, 5654761.836426090449095 ], [ 680847.65194752055686, 5654204.282756939530373 ], [ 680242.473902462865226, 5654204.282756939530373 ] ] ] ] } },
{ "type": "Feature", "properties": { }, "geometry": { "type": "MultiPolygon", "coordinates": [ [ [ [ 680847.651947520440444, 5654204.282756939530373 ], [ 680847.651947520440444, 5654761.836426090449095 ], [ 681452.829992578132078, 5654761.836426090449095 ], [ 681452.829992578132078, 5654204.282756939530373 ], [ 680847.651947520440444, 5654204.282756939530373 ] ] ] ] } },
{ "type": "Feature", "properties": { }, "geometry": { "type": "MultiPolygon", "coordinates": [ [ [ [ 681452.829992578015663, 5654204.282756939530373 ], [ 681452.829992578015663, 5654761.836426090449095 ], [ 682058.008037635707296, 5654761.836426090449095 ], [ 682058.008037635707296, 5654204.282756939530373 ], [ 681452.829992578015663, 5654204.282756939530373 ] ] ] ] } },
{ "type": "Feature", "properties": { }, "geometry": { "type": "MultiPolygon", "coordinates": [ [ [ [ 682058.008037635590881, 5654204.282756939530373 ], [ 682058.008037635590881, 5654761.836426090449095 ], [ 682663.186082693282515, 5654761.836426090449095 ], [ 682663.186082693282515, 5654204.282756939530373 ], [ 682058.008037635590881, 5654204.282756939530373 ] ] ] ] } },
{ "type": "Feature", "properties": { }, "geometry": { "type": "MultiPolygon", "coordinates": [ [ [ [ 682663.186082693166099, 5654204.282756939530373 ], [ 682663.186082693166099, 5654761.836426090449095 ], [ 683268.364127750857733, 5654761.836426090449095 ], [ 683268.364127750857733, 5654204.282756939530373 ], [ 682663.186082693166099, 5654204.282756939530373 ] ] ] ] } },
{ "type": "Feature", "properties": { }, "geometry": { "type": "MultiPolygon", "coordinates": [ [ [ [ 683268.364127750741318, 5654204.282756939530373 ], [ 683268.364127750741318, 5654761.836426090449095 ], [ 683873.542172808432952, 5654761.836426090449095 ], [ 683873.542172808432952, 5654204.282756939530373 ], [ 683268.364127750741318, 5654204.282756939530373 ] ] ] ] } },
{ "type": "Feature", "properties": { }, "geometry": { "type": "MultiPolygon", "coordinates": [ [ [ [ 683873.542172808316536, 5654204.282756939530373 ], [ 683873.542172808316536, 5654761.836426090449095 ], [ 684478.72021786600817, 5654761.836426090449095 ], [ 684478.72021786600817, 5654204.282756939530373 ], [ 683873.542172808316536, 5654204.282756939530373 ] ] ] ] } },
{ "type": "Feature", "properties": { }, "geometry": { "type": "MultiPolygon", "coordinates": [ [ [ [ 684478.720217865891755, 5654204.282756939530373 ], [ 684478.720217865891755, 5654761.836426090449095 ], [ 685083.898262923583388, 5654761.836426090449095 ], [ 685083.898262923583388, 5654204.282756939530373 ], [ 684478.720217865891755, 5654204.282756939530373 ] ] ] ] } },
{ "type": "Feature", "properties": { }, "geometry": { "type": "MultiPolygon", "coordinates": [ [ [ [ 685083.898262923466973, 5654204.282756939530373 ], [ 685083.898262923466973, 5654761.836426090449095 ], [ 685689.076307981158607, 5654761.836426090449095 ], [ 685689.076307981158607, 5654204.282756939530373 ], [ 685083.898262923466973, 5654204.282756939530373 ] ] ] ] } },
{ "type": "Feature", "properties": { }, "geometry": { "type": "MultiPolygon", "coordinates": [ [ [ [ 685689.076307981158607, 5654204.282756939530373 ], [ 685689.076307981158607, 5654761.836426090449095 ], [ 686294.25435303885024, 5654761.836426090449095 ], [ 686294.25435303885024, 5654204.282756939530373 ], [ 685689.076307981158607, 5654204.282756939530373 ] ] ] ] } },
{ "type": "Feature", "properties": { }, "geometry": { "type": "MultiPolygon", "coordinates": [ [ [ [ 686294.254353038733825, 5654204.282756939530373 ], [ 686294.254353038733825, 5654761.836426090449095 ], [ 686899.432398096425459, 5654761.836426090449095 ], [ 686899.432398096425459, 5654204.282756939530373 ], [ 686294.254353038733825, 5654204.282756939530373 ] ] ] ] } },
{ "type": "Feature", "properties": { }, "geometry": { "type": "MultiPolygon", "coordinates": [ [ [ [ 686899.432398096309043, 5654204.282756939530373 ], [ 686899.432398096309043, 5654761.836426090449095 ], [ 687504.610443154000677, 5654761.836426090449095 ], [ 687504.610443154000677, 5654204.282756939530373 ], [ 686899.432398096309043, 5654204.282756939530373 ] ] ] ] } },
{ "type": "Feature", "properties": { }, "geometry": { "type": "MultiPolygon", "coordinates": [ [ [ [ 687504.610443153884262, 5654204.282756939530373 ], [ 687504.610443153884262, 5654761.836426090449095 ], [ 688109.788488211575896, 5654761.836426090449095 ], [ 688109.788488211575896, 5654204.282756939530373 ], [ 687504.610443153884262, 5654204.282756939530373 ] ] ] ] } },
{ "type": "Feature", "properties": { }, "geometry": { "type": "MultiPolygon", "coordinates": [ [ [ [ 688109.78848821145948, 5654204.282756939530373 ], [ 688109.78848821145948, 5654761.836426090449095 ], [ 688714.966533269151114, 5654761.836426090449095 ], [ 688714.966533269151114, 5654204.282756939530373 ], [ 688109.78848821145948, 5654204.282756939530373 ] ] ] ] } },
{ "type": "Feature", "properties": { }, "geometry": { "type": "MultiPolygon", "coordinates": [ [ [ [ 688714.966533269034699, 5654204.282756939530373 ], [ 688714.966533269034699, 5654761.836426090449095 ], [ 689320.144578326726332, 5654761.836426090449095 ], [ 689320.144578326726332, 5654204.282756939530373 ], [ 688714.966533269034699, 5654204.282756939530373 ] ] ] ] } },
{ "type": "Feature", "properties": { }, "geometry": { "type": "MultiPolygon", "coordinates": [ [ [ [ 689320.144578326609917, 5654204.282756939530373 ], [ 689320.144578326609917, 5654761.836426090449095 ], [ 689925.322623384301551, 5654761.836426090449095 ], [ 689925.322623384301551, 5654204.282756939530373 ], [ 689320.144578326609917, 5654204.282756939530373 ] ] ] ] } },
{ "type": "Feature", "properties": { }, "geometry": { "type": "MultiPolygon", "coordinates": [ [ [ [ 689925.322623384185135, 5654204.282756939530373 ], [ 689925.322623384185135, 5654761.836426090449095 ], [ 690530.500668441876769, 5654761.836426090449095 ], [ 690530.500668441876769, 5654204.282756939530373 ], [ 689925.322623384185135, 5654204.282756939530373 ] ] ] ] } },
{ "type": "Feature", "properties": { }, "geometry": { "type": "MultiPolygon", "coordinates": [ [ [ [ 690530.500668441760354, 5654204.282756939530373 ], [ 690530.500668441760354, 5654761.836426090449095 ], [ 691135.678713499451987, 5654761.836426090449095 ], [ 691135.678713499451987, 5654204.282756939530373 ], [ 690530.500668441760354, 5654204.282756939530373 ] ] ] ] } },
{ "type": "Feature", "properties": { }, "geometry": { "type": "MultiPolygon", "coordinates": [ [ [ [ 691135.678713499335572, 5654204.282756939530373 ], [ 691135.678713499335572, 5654761.836426090449095 ], [ 691740.856758557027206, 5654761.836426090449095 ], [ 691740.856758557027206, 5654204.282756939530373 ], [ 691135.678713499335572, 5654204.282756939530373 ] ] ] ] } },
{ "type": "Feature", "properties": { }, "geometry": { "type": "MultiPolygon", "coordinates": [ [ [ [ 679637.295857405290008, 5653646.72908778861165 ], [ 679637.295857405290008, 5654204.282756939530373 ], [ 680242.473902462981641, 5654204.282756939530373 ], [ 680242.473902462981641, 5653646.72908778861165 ], [ 679637.295857405290008, 5653646.72908778861165 ] ] ] ] } },
{ "type": "Feature", "properties": { }, "geometry": { "type": "MultiPolygon", "coordinates": [ [ [ [ 680242.473902462865226, 5653646.72908778861165 ], [ 680242.473902462865226, 5654204.282756939530373 ], [ 680847.65194752055686, 5654204.282756939530373 ], [ 680847.65194752055686, 5653646.72908778861165 ], [ 680242.473902462865226, 5653646.72908778861165 ] ] ] ] } },
{ "type": "Feature", "properties": { }, "geometry": { "type": "MultiPolygon", "coordinates": [ [ [ [ 680847.651947520440444, 5653646.72908778861165 ], [ 680847.651947520440444, 5654204.282756939530373 ], [ 681452.829992578132078, 5654204.282756939530373 ], [ 681452.829992578132078, 5653646.72908778861165 ], [ 680847.651947520440444, 5653646.72908778861165 ] ] ] ] } },
{ "type": "Feature", "properties": { }, "geometry": { "type": "MultiPolygon", "coordinates": [ [ [ [ 681452.829992578015663, 5653646.72908778861165 ], [ 681452.829992578015663, 5654204.282756939530373 ], [ 682058.008037635707296, 5654204.282756939530373 ], [ 682058.008037635707296, 5653646.72908778861165 ], [ 681452.829992578015663, 5653646.72908778861165 ] ] ] ] } },
{ "type": "Feature", "properties": { }, "geometry": { "type": "MultiPolygon", "coordinates": [ [ [ [ 682058.008037635590881, 5653646.72908778861165 ], [ 682058.008037635590881, 5654204.282756939530373 ], [ 682663.186082693282515, 5654204.282756939530373 ], [ 682663.186082693282515, 5653646.72908778861165 ], [ 682058.008037635590881, 5653646.72908778861165 ] ] ] ] } },
{ "type": "Feature", "properties": { }, "geometry": { "type": "MultiPolygon", "coordinates": [ [ [ [ 682663.186082693166099, 5653646.72908778861165 ], [ 682663.186082693166099, 5654204.282756939530373 ], [ 683268.364127750857733, 5654204.282756939530373 ], [ 683268.364127750857733, 5653646.72908778861165 ], [ 682663.186082693166099, 5653646.72908778861165 ] ] ] ] } },
{ "type": "Feature", "properties": { }, "geometry": { "type": "MultiPolygon", "coordinates": [ [ [ [ 683268.364127750741318, 5653646.72908778861165 ], [ 683268.364127750741318, 5654204.282756939530373 ], [ 683873.542172808432952, 5654204.282756939530373 ], [ 683873.542172808432952, 5653646.72908778861165 ], [ 683268.364127750741318, 5653646.72908778861165 ] ] ] ] } },
{ "type": "Feature", "properties": { }, "geometry": { "type": "MultiPolygon", "coordinates": [ [ [ [ 683873.542172808316536, 5653646.72908778861165 ], [ 683873.542172808316536, 5654204.282756939530373 ], [ 684478.72021786600817, 5654204.282756939530373 ], [ 684478.72021786600817, 5653646.72908778861165 ], [ 683873.542172808316536, 5653646.72908778861165 ] ] ] ] } },
{ "type": "Feature", "properties": { }, "geometry": { "type": "MultiPolygon", "coordinates": [ [ [ [ 684478.720217865891755, 5653646.72908778861165 ], [ 684478.720217865891755, 5654204.282756939530373 ], [ 685083.898262923583388, 5654204.282756939530373 ], [ 685083.898262923583388, 5653646.72908778861165 ], [ 684478.720217865891755, 5653646.72908778861165 ] ] ] ] } },
{ "type": "Feature", "properties": { }, "geometry": { "type": "MultiPolygon", "coordinates": [ [ [ [ 685083.898262923466973, 5653646.72908778861165 ], [ 685083.898262923466973, 5654204.282756939530373 ], [ 685689.076307981158607, 5654204.282756939530373 ], [ 685689.076307981158607, 5653646.72908778861165 ], [ 685083.898262923466973, 5653646.72908778861165 ] ] ] ] } },
{ "type": "Feature", "properties": { }, "geometry": { "type": "MultiPolygon", "coordinates": [ [ [ [ 685689.076307981158607, 5653646.72908778861165 ], [ 685689.076307981158607, 5654204.282756939530373 ], [ 686294.25435303885024, 5654204.282756939530373 ], [ 686294.25435303885024, 5653646.72908778861165 ], [ 685689.076307981158607, 5653646.72908778861165 ] ] ] ] } },
{ "type": "Feature", "properties": { }, "geometry": { "type": "MultiPolygon", "coordinates": [ [ [ [ 686294.254353038733825, 5653646.72908778861165 ], [ 686294.254353038733825, 5654204.282756939530373 ], [ 686899.432398096425459, 5654204.282756939530373 ], [ 686899.432398096425459, 5653646.72908778861165 ], [ 686294.254353038733825, 5653646.72908778861165 ] ] ] ] } },
{ "type": "Feature", "properties": { }, "geometry": { "type": "MultiPolygon", "coordinates": [ [ [ [ 686899.432398096309043, 5653646.72908778861165 ], [ 686899.432398096309043, 5654204.282756939530373 ], [ 687504.610443154000677, 5654204.282756939530373 ], [ 687504.610443154000677, 5653646.72908778861165 ], [ 686899.432398096309043, 5653646.72908778861165 ] ] ] ] } },
{ "type": "Feature", "properties": { }, "geometry": { "type": "MultiPolygon", "coordinates": [ [ [ [ 687504.610443153884262, 5653646.72908778861165 ], [ 687504.610443153884262, 5654204.282756939530373 ], [ 688109.788488211575896, 5654204.282756939530373 ], [ 688109.788488211575896, 5653646.72908778861165 ], [ 687504.610443153884262, 5653646.72908778861165 ] ] ] ] } },
{ "type": "Feature", "properties": { }, "geometry": { "type": "MultiPolygon", "coordinates": [ [ [ [ 688109.78848821145948, 5653646.72908778861165 ], [ 688109.78848821145948, 5654204.282756939530373 ], [ 688714.966533269151114, 5654204.282756939530373 ], [ 688714.966533269151114, 5653646.72908778861165 ], [ 688109.78848821145948, 5653646.72908778861165 ] ] ] ] } },
{ "type": "Feature", "properties": { }, "geometry": { "type": "MultiPolygon", "coordinates": [ [ [ [ 688714.966533269034699, 5653646.72908778861165 ], [ 688714.966533269034699, 5654204.282756939530373 ], [ 689320.144578326726332, 5654204.282756939530373 ], [ 689320.144578326726332, 5653646.72908778861165 ], [ 688714.966533269034699, 5653646.72908778861165 ] ] ] ] } },
{ "type": "Feature", "properties": { }, "geometry": { "type": "MultiPolygon", "coordinates": [ [ [ [ 689320.144578326609917, 5653646.72908778861165 ], [ 689320.144578326609917, 5654204.282756939530373 ], [ 689925.322623384301551, 5654204.282756939530373 ], [ 689925.322623384301551, 5653646.72908778861165 ], [ 689320.144578326609917, 5653646.72908778861165 ] ] ] ] } },
{ "type": "Feature", "properties": { }, "geometry": { "type": "MultiPolygon", "coordinates": [ [ [ [ 689925.322623384185135, 5653646.72908778861165 ], [ 689925.322623384185135, 5654204.282756939530373 ], [ 690530.500668441876769, 5654204.282756939530373 ], [ 690530.500668441876769, 5653646.72908778861165 ], [ 689925.322623384185135, 5653646.72908778861165 ] ] ] ] } },
{ "type": "Feature", "properties": { }, "geometry": { "type": "MultiPolygon", "coordinates": [ [ [ [ 690530.500668441760354, 5653646.72908778861165 ], [ 690530.500668441760354, 5654204.282756939530373 ], [ 691135.678713499451987, 5654204.282756939530373 ], [ 691135.678713499451987, 5653646.72908778861165 ], [ 690530.500668441760354, 5653646.72908778861165 ] ] ] ] } },
{ "type": "Feature", "properties": { }, "geometry": { "type": "MultiPolygon", "coordinates": [ [ [ [ 691135.678713499335572, 5653646.72908778861165 ], [ 691135.678713499335572, 5654204.282756939530373 ], [ 691740.856758557027206, 5654204.282756939530373 ], [ 691740.856758557027206, 5653646.72908778861165 ], [ 691135.678713499335572, 5653646.72908778861165 ] ] ] ] } },
{ "type": "Feature", "properties": { }, "geometry": { "type": "MultiPolygon", "coordinates": [ [ [ [ 679637.295857405290008, 5653089.175418637692928 ], [ 679637.295857405290008, 5653646.72908778861165 ], [ 680242.473902462981641, 5653646.72908778861165 ], [ 680242.473902462981641, 5653089.175418637692928 ], [ 679637.295857405290008, 5653089.175418637692928 ] ] ] ] } },
{ "type": "Feature", "properties": { }, "geometry": { "type": "MultiPolygon", "coordinates": [ [ [ [ 680242.473902462865226, 5653089.175418637692928 ], [ 680242.473902462865226, 5653646.72908778861165 ], [ 680847.65194752055686, 5653646.72908778861165 ], [ 680847.65194752055686, 5653089.175418637692928 ], [ 680242.473902462865226, 5653089.175418637692928 ] ] ] ] } },
{ "type": "Feature", "properties": { }, "geometry": { "type": "MultiPolygon", "coordinates": [ [ [ [ 680847.651947520440444, 5653089.175418637692928 ], [ 680847.651947520440444, 5653646.72908778861165 ], [ 681452.829992578132078, 5653646.72908778861165 ], [ 681452.829992578132078, 5653089.175418637692928 ], [ 680847.651947520440444, 5653089.175418637692928 ] ] ] ] } },
{ "type": "Feature", "properties": { }, "geometry": { "type": "MultiPolygon", "coordinates": [ [ [ [ 681452.829992578015663, 5653089.175418637692928 ], [ 681452.829992578015663, 5653646.72908778861165 ], [ 682058.008037635707296, 5653646.72908778861165 ], [ 682058.008037635707296, 5653089.175418637692928 ], [ 681452.829992578015663, 5653089.175418637692928 ] ] ] ] } },
{ "type": "Feature", "properties": { }, "geometry": { "type": "MultiPolygon", "coordinates": [ [ [ [ 682058.008037635590881, 5653089.175418637692928 ], [ 682058.008037635590881, 5653646.72908778861165 ], [ 682663.186082693282515, 5653646.72908778861165 ], [ 682663.186082693282515, 5653089.175418637692928 ], [ 682058.008037635590881, 5653089.175418637692928 ] ] ] ] } },
{ "type": "Feature", "properties": { }, "geometry": { "type": "MultiPolygon", "coordinates": [ [ [ [ 682663.186082693166099, 5653089.175418637692928 ], [ 682663.186082693166099, 5653646.72908778861165 ], [ 683268.364127750857733, 5653646.72908778861165 ], [ 683268.364127750857733, 5653089.175418637692928 ], [ 682663.186082693166099, 5653089.175418637692928 ] ] ] ] } },
{ "type": "Feature", "properties": { }, "geometry": { "type": "MultiPolygon", "coordinates": [ [ [ [ 683268.364127750741318, 5653089.175418637692928 ], [ 683268.364127750741318, 5653646.72908778861165 ], [ 683873.542172808432952, 5653646.72908778861165 ], [ 683873.542172808432952, 5653089.175418637692928 ], [ 683268.364127750741318, 5653089.175418637692928 ] ] ] ] } },
{ "type": "Feature", "properties": { }, "geometry": { "type": "MultiPolygon", "coordinates": [ [ [ [ 683873.542172808316536, 5653089.175418637692928 ], [ 683873.542172808316536, 5653646.72908778861165 ], [ 684478.72021786600817, 5653646.72908778861165 ], [ 684478.72021786600817, 5653089.175418637692928 ], [ 683873.542172808316536, 5653089.175418637692928 ] ] ] ] } },
{ "type": "Feature", "properties": { }, "geometry": { "type": "MultiPolygon", "coordinates": [ [ [ [ 684478.720217865891755, 5653089.175418637692928 ], [ 684478.720217865891755, 5653646.72908778861165 ], [ 685083.898262923583388, 5653646.72908778861165 ], [ 685083.898262923583388, 5653089.175418637692928 ], [ 684478.720217865891755, 5653089.175418637692928 ] ] ] ] } },
{ "type": "Feature", "properties": { }, "geometry": { "type": "MultiPolygon", "coordinates": [ [ [ [ 685083.898262923466973, 5653089.175418637692928 ], [ 685083.898262923466973, 5653646.72908778861165 ], [ 685689.076307981158607, 5653646.72908778861165 ], [ 685689.076307981158607, 5653089.175418637692928 ], [ 685083.898262923466973, 5653089.175418637692928 ] ] ] ] } },
{ "type": "Feature", "properties": { }, "geometry": { "type": "MultiPolygon", "coordinates": [ [ [ [ 685689.076307981158607, 5653089.175418637692928 ], [ 685689.076307981158607, 5653646.72908778861165 ], [ 686294.25435303885024, 5653646.72908778861165 ], [ 686294.25435303885024, 5653089.175418637692928 ], [ 685689.076307981158607, 5653089.175418637692928 ] ] ] ] } },
{ "type": "Feature", "properties": { }, "geometry": { "type": "MultiPolygon", "coordinates": [ [ [ [ 686294.254353038733825, 5653089.175418637692928 ], [ 686294.254353038733825, 5653646.72908778861165 ], [ 686899.432398096425459, 5653646.72908778861165 ], [ 686899.432398096425459, 5653089.175418637692928 ], [ 686294.254353038733825, 5653089.175418637692928 ] ] ] ] } },
{ "type": "Feature", "properties": { }, "geometry": { "type": "MultiPolygon", "coordinates": [ [ [ [ 686899.432398096309043, 5653089.175418637692928 ], [ 686899.432398096309043, 5653646.72908778861165 ], [ 687504.610443154000677, 5653646.72908778861165 ], [ 687504.610443154000677, 5653089.175418637692928 ], [ 686899.432398096309043, 5653089.175418637692928 ] ] ] ] } },
{ "type": "Feature", "properties": { }, "geometry": { "type": "MultiPolygon", "coordinates": [ [ [ [ 687504.610443153884262, 5653089.175418637692928 ], [ 687504.610443153884262, 5653646.72908778861165 ], [ 688109.788488211575896, 5653646.72908778861165 ], [ 688109.788488211575896, 5653089.175418637692928 ], [ 687504.610443153884262, 5653089.175418637692928 ] ] ] ] } },
{ "type": "Feature", "properties": { }, "geometry": { "type": "MultiPolygon", "coordinates": [ [ [ [ 688109.78848821145948, 5653089.175418637692928 ], [ 688109.78848821145948, 5653646.72908778861165 ], [ 688714.966533269151114, 5653646.72908778861165 ], [ 688714.966533269151114, 5653089.175418637692928 ], [ 688109.78848821145948, 5653089.175418637692928 ] ] ] ] } },
{ "type": "Feature", "properties": { }, "geometry": { "type": "MultiPolygon", "coordinates": [ [ [ [ 688714.966533269034699, 5653089.175418637692928 ], [ 688714.966533269034699, 5653646.72908778861165 ], [ 689320.144578326726332, 5653646.72908778861165 ], [ 689320.144578326726332, 5653089.175418637692928 ], [ 688714.966533269034699, 5653089.175418637692928 ] ] ] ] } },
{ "type": "Feature", "properties": { }, "geometry": { "type": "MultiPolygon", "coordinates": [ [ [ [ 689320.144578326609917, 5653089.175418637692928 ], [ 689320.144578326609917, 5653646.72908778861165 ], [ 689925.322623384301551, 5653646.72908778861165 ], [ 689925.322623384301551, 5653089.175418637692928 ], [ 689320.144578326609917, 5653089.175418637692928 ] ] ] ] } },
{ "type": "Feature", "properties": { }, "geometry": { "type": "MultiPolygon", "coordinates": [ [ [ [ 689925.322623384185135, 5653089.175418637692928 ], [ 689925.322623384185135, 5653646.72908778861165 ], [ 690530.500668441876769, 5653646.72908778861165 ], [ 690530.500668441876769, 5653089.175418637692928 ], [ 689925.322623384185135, 5653089.175418637692928 ] ] ] ] } },
{ "type": "Feature", "properties": { }, "geometry": { "type": "MultiPolygon", "coordinates": [ [ [ [ 690530.500668441760354, 5653089.175418637692928 ], [ 690530.500668441760354, 5653646.72908778861165 ], [ 691135.678713499451987, 5653646.72908778861165 ], [ 691135.678713499451987, 5653089.175418637692928 ], [ 690530.500668441760354, 5653089.175418637692928 ] ] ] ] } },
{ "type": "Feature", "properties": { }, "geometry": { "type": "MultiPolygon", "coordinates": [ [ [ [ 691135.678713499335572, 5653089.175418637692928 ], [ 691135.678713499335572, 5653646.72908778861165 ], [ 691740.856758557027206, 5653646.72908778861165 ], [ 691740.856758557027206, 5653089.175418637692928 ], [ 691135.678713499335572, 5653089.175418637692928 ] ] ] ] } },
{ "type": "Feature", "properties": { }, "geometry": { "type": "MultiPolygon", "coordinates": [ [ [ [ 679637.295857405290008, 5652531.621749486774206 ], [ 679637.295857405290008, 5653089.175418637692928 ], [ 680242.473902462981641, 5653089.175418637692928 ], [ 680242.473902462981641, 5652531.621749486774206 ], [ 679637.295857405290008, 5652531.621749486774206 ] ] ] ] } },
{ "type": "Feature", "properties": { }, "geometry": { "type": "MultiPolygon", "coordinates": [ [ [ [ 680242.473902462865226, 5652531.621749486774206 ], [ 680242.473902462865226, 5653089.175418637692928 ], [ 680847.65194752055686, 5653089.175418637692928 ], [ 680847.65194752055686, 5652531.621749486774206 ], [ 680242.473902462865226, 5652531.621749486774206 ] ] ] ] } },
{ "type": "Feature", "properties": { }, "geometry": { "type": "MultiPolygon", "coordinates": [ [ [ [ 680847.651947520440444, 5652531.621749486774206 ], [ 680847.651947520440444, 5653089.175418637692928 ], [ 681452.829992578132078, 5653089.175418637692928 ], [ 681452.829992578132078, 5652531.621749486774206 ], [ 680847.651947520440444, 5652531.621749486774206 ] ] ] ] } },
{ "type": "Feature", "properties": { }, "geometry": { "type": "MultiPolygon", "coordinates": [ [ [ [ 681452.829992578015663, 5652531.621749486774206 ], [ 681452.829992578015663, 5653089.175418637692928 ], [ 682058.008037635707296, 5653089.175418637692928 ], [ 682058.008037635707296, 5652531.621749486774206 ], [ 681452.829992578015663, 5652531.621749486774206 ] ] ] ] } },
{ "type": "Feature", "properties": { }, "geometry": { "type": "MultiPolygon", "coordinates": [ [ [ [ 682058.008037635590881, 5652531.621749486774206 ], [ 682058.008037635590881, 5653089.175418637692928 ], [ 682663.186082693282515, 5653089.175418637692928 ], [ 682663.186082693282515, 5652531.621749486774206 ], [ 682058.008037635590881, 5652531.621749486774206 ] ] ] ] } },
{ "type": "Feature", "properties": { }, "geometry": { "type": "MultiPolygon", "coordinates": [ [ [ [ 682663.186082693166099, 5652531.621749486774206 ], [ 682663.186082693166099, 5653089.175418637692928 ], [ 683268.364127750857733, 5653089.175418637692928 ], [ 683268.364127750857733, 5652531.621749486774206 ], [ 682663.186082693166099, 5652531.621749486774206 ] ] ] ] } },
{ "type": "Feature", "properties": { }, "geometry": { "type": "MultiPolygon", "coordinates": [ [ [ [ 683268.364127750741318, 5652531.621749486774206 ], [ 683268.364127750741318, 5653089.175418637692928 ], [ 683873.542172808432952, 5653089.175418637692928 ], [ 683873.542172808432952, 5652531.621749486774206 ], [ 683268.364127750741318, 5652531.621749486774206 ] ] ] ] } },
{ "type": "Feature", "properties": { }, "geometry": { "type": "MultiPolygon", "coordinates": [ [ [ [ 683873.542172808316536, 5652531.621749486774206 ], [ 683873.542172808316536, 5653089.175418637692928 ], [ 684478.72021786600817, 5653089.175418637692928 ], [ 684478.72021786600817, 5652531.621749486774206 ], [ 683873.542172808316536, 5652531.621749486774206 ] ] ] ] } },
{ "type": "Feature", "properties": { }, "geometry": { "type": "MultiPolygon", "coordinates": [ [ [ [ 684478.720217865891755, 5652531.621749486774206 ], [ 684478.720217865891755, 5653089.175418637692928 ], [ 685083.898262923583388, 5653089.175418637692928 ], [ 685083.898262923583388, 5652531.621749486774206 ], [ 684478.720217865891755, 5652531.621749486774206 ] ] ] ] } },
{ "type": "Feature", "properties": { }, "geometry": { "type": "MultiPolygon", "coordinates": [ [ [ [ 685083.898262923466973, 5652531.621749486774206 ], [ 685083.898262923466973, 5653089.175418637692928 ], [ 685689.076307981158607, 5653089.175418637692928 ], [ 685689.076307981158607, 5652531.621749486774206 ], [ 685083.898262923466973, 5652531.621749486774206 ] ] ] ] } },
{ "type": "Feature", "properties": { }, "geometry": { "type": "MultiPolygon", "coordinates": [ [ [ [ 685689.076307981158607, 5652531.621749486774206 ], [ 685689.076307981158607, 5653089.175418637692928 ], [ 686294.25435303885024, 5653089.175418637692928 ], [ 686294.25435303885024, 5652531.621749486774206 ], [ 685689.076307981158607, 5652531.621749486774206 ] ] ] ] } },
{ "type": "Feature", "properties": { }, "geometry": { "type": "MultiPolygon", "coordinates": [ [ [ [ 686294.254353038733825, 5652531.621749486774206 ], [ 686294.254353038733825, 5653089.175418637692928 ], [ 686899.432398096425459, 5653089.175418637692928 ], [ 686899.432398096425459, 5652531.621749486774206 ], [ 686294.254353038733825, 5652531.621749486774206 ] ] ] ] } },
{ "type": "Feature", "properties": { }, "geometry": { "type": "MultiPolygon", "coordinates": [ [ [ [ 686899.432398096309043, 5652531.621749486774206 ], [ 686899.432398096309043, 5653089.175418637692928 ], [ 687504.610443154000677, 5653089.175418637692928 ], [ 687504.610443154000677, 5652531.621749486774206 ], [ 686899.432398096309043, 5652531.621749486774206 ] ] ] ] } },
{ "type": "Feature", "properties": { }, "geometry": { "type": "MultiPolygon", "coordinates": [ [ [ [ 687504.610443153884262, 5652531.621749486774206 ], [ 687504.610443153884262, 5653089.175418637692928 ], [ 688109.788488211575896, 5653089.175418637692928 ], [ 688109.788488211575896, 5652531.621749486774206 ], [ 687504.610443153884262, 5652531.621749486774206 ] ] ] ] } },
{ "type": "Feature", "properties": { }, "geometry": { "type": "MultiPolygon", "coordinates": [ [ [ [ 688109.78848821145948, 5652531.621749486774206 ], [ 688109.78848821145948, 5653089.175418637692928 ], [ 688714.966533269151114, 5653089.175418637692928 ], [ 688714.966533269151114, 5652531.621749486774206 ], [ 688109.78848821145948, 5652531.621749486774206 ] ] ] ] } },
{ "type": "Feature", "properties": { }, "geometry": { "type": "MultiPolygon", "coordinates": [ [ [ [ 688714.966533269034699, 5652531.621749486774206 ], [ 688714.966533269034699, 5653089.175418637692928 ], [ 689320.144578326726332, 5653089.175418637692928 ], [ 689320.144578326726332, 5652531.621749486774206 ], [ 688714.966533269034699, 5652531.621749486774206 ] ] ] ] } },
{ "type": "Feature", "properties": { }, "geometry": { "type": "MultiPolygon", "coordinates": [ [ [ [ 689320.144578326609917, 5652531.621749486774206 ], [ 689320.144578326609917, 5653089.175418637692928 ], [ 689925.322623384301551, 5653089.175418637692928 ], [ 689925.322623384301551, 5652531.621749486774206 ], [ 689320.144578326609917, 5652531.621749486774206 ] ] ] ] } },
{ "type": "Feature", "properties": { }, "geometry": { "type": "MultiPolygon", "coordinates": [ [ [ [ 689925.322623384185135, 5652531.621749486774206 ], [ 689925.322623384185135, 5653089.175418637692928 ], [ 690530.500668441876769, 5653089.175418637692928 ], [ 690530.500668441876769, 5652531.621749486774206 ], [ 689925.322623384185135, 5652531.621749486774206 ] ] ] ] } },
{ "type": "Feature", "properties": { }, "geometry": { "type": "MultiPolygon", "coordinates": [ [ [ [ 690530.500668441760354, 5652531.621749486774206 ], [ 690530.500668441760354, 5653089.175418637692928 ], [ 691135.678713499451987, 5653089.175418637692928 ], [ 691135.678713499451987, 5652531.621749486774206 ], [ 690530.500668441760354, 5652531.621749486774206 ] ] ] ] } },
{ "type": "Feature", "properties": { }, "geometry": { "type": "MultiPolygon", "coordinates": [ [ [ [ 691135.678713499335572, 5652531.621749486774206 ], [ 691135.678713499335572, 5653089.175418637692928 ], [ 691740.856758557027206, 5653089.175418637692928 ], [ 691740.856758557027206, 5652531.621749486774206 ], [ 691135.678713499335572, 5652531.621749486774206 ] ] ] ] } },
{ "type": "Feature", "properties": { }, "geometry": { "type": "MultiPolygon", "coordinates": [ [ [ [ 679637.295857405290008, 5651974.068080335855484 ], [ 679637.295857405290008, 5652531.621749486774206 ], [ 680242.473902462981641, 5652531.621749486774206 ], [ 680242.473902462981641, 5651974.068080335855484 ], [ 679637.295857405290008, 5651974.068080335855484 ] ] ] ] } },
{ "type": "Feature", "properties": { }, "geometry": { "type": "MultiPolygon", "coordinates": [ [ [ [ 680242.473902462865226, 5651974.068080335855484 ], [ 680242.473902462865226, 5652531.621749486774206 ], [ 680847.65194752055686, 5652531.621749486774206 ], [ 680847.65194752055686, 5651974.068080335855484 ], [ 680242.473902462865226, 5651974.068080335855484 ] ] ] ] } },
{ "type": "Feature", "properties": { }, "geometry": { "type": "MultiPolygon", "coordinates": [ [ [ [ 680847.651947520440444, 5651974.068080335855484 ], [ 680847.651947520440444, 5652531.621749486774206 ], [ 681452.829992578132078, 5652531.621749486774206 ], [ 681452.829992578132078, 5651974.068080335855484 ], [ 680847.651947520440444, 5651974.068080335855484 ] ] ] ] } },
{ "type": "Feature", "properties": { }, "geometry": { "type": "MultiPolygon", "coordinates": [ [ [ [ 681452.829992578015663, 5651974.068080335855484 ], [ 681452.829992578015663, 5652531.621749486774206 ], [ 682058.008037635707296, 5652531.621749486774206 ], [ 682058.008037635707296, 5651974.068080335855484 ], [ 681452.829992578015663, 5651974.068080335855484 ] ] ] ] } },
{ "type": "Feature", "properties": { }, "geometry": { "type": "MultiPolygon", "coordinates": [ [ [ [ 682058.008037635590881, 5651974.068080335855484 ], [ 682058.008037635590881, 5652531.621749486774206 ], [ 682663.186082693282515, 5652531.621749486774206 ], [ 682663.186082693282515, 5651974.068080335855484 ], [ 682058.008037635590881, 5651974.068080335855484 ] ] ] ] } },
{ "type": "Feature", "properties": { }, "geometry": { "type": "MultiPolygon", "coordinates": [ [ [ [ 682663.186082693166099, 5651974.068080335855484 ], [ 682663.186082693166099, 5652531.621749486774206 ], [ 683268.364127750857733, 5652531.621749486774206 ], [ 683268.364127750857733, 5651974.068080335855484 ], [ 682663.186082693166099, 5651974.068080335855484 ] ] ] ] } },
{ "type": "Feature", "properties": { }, "geometry": { "type": "MultiPolygon", "coordinates": [ [ [ [ 683268.364127750741318, 5651974.068080335855484 ], [ 683268.364127750741318, 5652531.621749486774206 ], [ 683873.542172808432952, 5652531.621749486774206 ], [ 683873.542172808432952, 5651974.068080335855484 ], [ 683268.364127750741318, 5651974.068080335855484 ] ] ] ] } },
{ "type": "Feature", "properties": { }, "geometry": { "type": "MultiPolygon", "coordinates": [ [ [ [ 683873.542172808316536, 5651974.068080335855484 ], [ 683873.542172808316536, 5652531.621749486774206 ], [ 684478.72021786600817, 5652531.621749486774206 ], [ 684478.72021786600817, 5651974.068080335855484 ], [ 683873.542172808316536, 5651974.068080335855484 ] ] ] ] } },
{ "type": "Feature", "properties": { }, "geometry": { "type": "MultiPolygon", "coordinates": [ [ [ [ 684478.720217865891755, 5651974.068080335855484 ], [ 684478.720217865891755, 5652531.621749486774206 ], [ 685083.898262923583388, 5652531.621749486774206 ], [ 685083.898262923583388, 5651974.068080335855484 ], [ 684478.720217865891755, 5651974.068080335855484 ] ] ] ] } },
{ "type": "Feature", "properties": { }, "geometry": { "type": "MultiPolygon", "coordinates": [ [ [ [ 685083.898262923466973, 5651974.068080335855484 ], [ 685083.898262923466973, 5652531.621749486774206 ], [ 685689.076307981158607, 5652531.621749486774206 ], [ 685689.076307981158607, 5651974.068080335855484 ], [ 685083.898262923466973, 5651974.068080335855484 ] ] ] ] } },
{ "type": "Feature", "properties": { }, "geometry": { "type": "MultiPolygon", "coordinates": [ [ [ [ 685689.076307981158607, 5651974.068080335855484 ], [ 685689.076307981158607, 5652531.621749486774206 ], [ 686294.25435303885024, 5652531.621749486774206 ], [ 686294.25435303885024, 5651974.068080335855484 ], [ 685689.076307981158607, 5651974.068080335855484 ] ] ] ] } },
{ "type": "Feature", "properties": { }, "geometry": { "type": "MultiPolygon", "coordinates": [ [ [ [ 686294.254353038733825, 5651974.068080335855484 ], [ 686294.254353038733825, 5652531.621749486774206 ], [ 686899.432398096425459, 5652531.621749486774206 ], [ 686899.432398096425459, 5651974.068080335855484 ], [ 686294.254353038733825, 5651974.068080335855484 ] ] ] ] } },
{ "type": "Feature", "properties": { }, "geometry": { "type": "MultiPolygon", "coordinates": [ [ [ [ 686899.432398096309043, 5651974.068080335855484 ], [ 686899.432398096309043, 5652531.621749486774206 ], [ 687504.610443154000677, 5652531.621749486774206 ], [ 687504.610443154000677, 5651974.068080335855484 ], [ 686899.432398096309043, 5651974.068080335855484 ] ] ] ] } },
{ "type": "Feature", "properties": { }, "geometry": { "type": "MultiPolygon", "coordinates": [ [ [ [ 687504.610443153884262, 5651974.068080335855484 ], [ 687504.610443153884262, 5652531.621749486774206 ], [ 688109.788488211575896, 5652531.621749486774206 ], [ 688109.788488211575896, 5651974.068080335855484 ], [ 687504.610443153884262, 5651974.068080335855484 ] ] ] ] } },
{ "type": "Feature", "properties": { }, "geometry": { "type": "MultiPolygon", "coordinates": [ [ [ [ 688109.78848821145948, 5651974.068080335855484 ], [ 688109.78848821145948, 5652531.621749486774206 ], [ 688714.966533269151114, 5652531.621749486774206 ], [ 688714.966533269151114, 5651974.068080335855484 ], [ 688109.78848821145948, 5651974.068080335855484 ] ] ] ] } },
{ "type": "Feature", "properties": { }, "geometry": { "type": "MultiPolygon", "coordinates": [ [ [ [ 688714.966533269034699, 5651974.068080335855484 ], [ 688714.966533269034699, 5652531.621749486774206 ], [ 689320.144578326726332, 5652531.621749486774206 ], [ 689320.144578326726332, 5651974.068080335855484 ], [ 688714.966533269034699, 5651974.068080335855484 ] ] ] ] } },
{ "type": "Feature", "properties": { }, "geometry": { "type": "MultiPolygon", "coordinates": [ [ [ [ 689320.144578326609917, 5651974.068080335855484 ], [ 689320.144578326609917, 5652531.621749486774206 ], [ 689925.322623384301551, 5652531.621749486774206 ], [ 689925.322623384301551, 5651974.068080335855484 ], [ 689320.144578326609917, 5651974.068080335855484 ] ] ] ] } },
{ "type": "Feature", "properties": { }, "geometry": { "type": "MultiPolygon", "coordinates": [ [ [ [ 689925.322623384185135, 5651974.068080335855484 ], [ 689925.322623384185135, 5652531.621749486774206 ], [ 690530.500668441876769, 5652531.621749486774206 ], [ 690530.500668441876769, 5651974.068080335855484 ], [ 689925.322623384185135, 5651974.068080335855484 ] ] ] ] } },
{ "type": "Feature", "properties": { }, "geometry": { "type": "MultiPolygon", "coordinates": [ [ [ [ 690530.500668441760354, 5651974.068080335855484 ], [ 690530.500668441760354, 5652531.621749486774206 ], [ 691135.678713499451987, 5652531.621749486774206 ], [ 691135.678713499451987, 5651974.068080335855484 ], [ 690530.500668441760354, 5651974.068080335855484 ] ] ] ] } },
{ "type": "Feature", "properties": { }, "geometry": { "type": "MultiPolygon", "coordinates": [ [ [ [ 691135.678713499335572, 5651974.068080335855484 ], [ 691135.678713499335572, 5652531.621749486774206 ], [ 691740.856758557027206, 5652531.621749486774206 ], [ 691740.856758557027206, 5651974.068080335855484 ], [ 691135.678713499335572, 5651974.068080335855484 ] ] ] ] } },
{ "type": "Feature", "properties": { }, "geometry": { "type": "MultiPolygon", "coordinates": [ [ [ [ 679637.295857405290008, 5651416.514411184936762 ], [ 679637.295857405290008, 5651974.068080335855484 ], [ 680242.473902462981641, 5651974.068080335855484 ], [ 680242.473902462981641, 5651416.514411184936762 ], [ 679637.295857405290008, 5651416.514411184936762 ] ] ] ] } },
{ "type": "Feature", "properties": { }, "geometry": { "type": "MultiPolygon", "coordinates": [ [ [ [ 680242.473902462865226, 5651416.514411184936762 ], [ 680242.473902462865226, 5651974.068080335855484 ], [ 680847.65194752055686, 5651974.068080335855484 ], [ 680847.65194752055686, 5651416.514411184936762 ], [ 680242.473902462865226, 5651416.514411184936762 ] ] ] ] } },
{ "type": "Feature", "properties": { }, "geometry": { "type": "MultiPolygon", "coordinates": [ [ [ [ 680847.651947520440444, 5651416.514411184936762 ], [ 680847.651947520440444, 5651974.068080335855484 ], [ 681452.829992578132078, 5651974.068080335855484 ], [ 681452.829992578132078, 5651416.514411184936762 ], [ 680847.651947520440444, 5651416.514411184936762 ] ] ] ] } },
{ "type": "Feature", "properties": { }, "geometry": { "type": "MultiPolygon", "coordinates": [ [ [ [ 681452.829992578015663, 5651416.514411184936762 ], [ 681452.829992578015663, 5651974.068080335855484 ], [ 682058.008037635707296, 5651974.068080335855484 ], [ 682058.008037635707296, 5651416.514411184936762 ], [ 681452.829992578015663, 5651416.514411184936762 ] ] ] ] } },
{ "type": "Feature", "properties": { }, "geometry": { "type": "MultiPolygon", "coordinates": [ [ [ [ 682058.008037635590881, 5651416.514411184936762 ], [ 682058.008037635590881, 5651974.068080335855484 ], [ 682663.186082693282515, 5651974.068080335855484 ], [ 682663.186082693282515, 5651416.514411184936762 ], [ 682058.008037635590881, 5651416.514411184936762 ] ] ] ] } },
{ "type": "Feature", "properties": { }, "geometry": { "type": "MultiPolygon", "coordinates": [ [ [ [ 682663.186082693166099, 5651416.514411184936762 ], [ 682663.186082693166099, 5651974.068080335855484 ], [ 683268.364127750857733, 5651974.068080335855484 ], [ 683268.364127750857733, 5651416.514411184936762 ], [ 682663.186082693166099, 5651416.514411184936762 ] ] ] ] } },
{ "type": "Feature", "properties": { }, "geometry": { "type": "MultiPolygon", "coordinates": [ [ [ [ 683268.364127750741318, 5651416.514411184936762 ], [ 683268.364127750741318, 5651974.068080335855484 ], [ 683873.542172808432952, 5651974.068080335855484 ], [ 683873.542172808432952, 5651416.514411184936762 ], [ 683268.364127750741318, 5651416.514411184936762 ] ] ] ] } },
{ "type": "Feature", "properties": { }, "geometry": { "type": "MultiPolygon", "coordinates": [ [ [ [ 683873.542172808316536, 5651416.514411184936762 ], [ 683873.542172808316536, 5651974.068080335855484 ], [ 684478.72021786600817, 5651974.068080335855484 ], [ 684478.72021786600817, 5651416.514411184936762 ], [ 683873.542172808316536, 5651416.514411184936762 ] ] ] ] } },
{ "type": "Feature", "properties": { }, "geometry": { "type": "MultiPolygon", "coordinates": [ [ [ [ 684478.720217865891755, 5651416.514411184936762 ], [ 684478.720217865891755, 5651974.068080335855484 ], [ 685083.898262923583388, 5651974.068080335855484 ], [ 685083.898262923583388, 5651416.514411184936762 ], [ 684478.720217865891755, 5651416.514411184936762 ] ] ] ] } },
{ "type": "Feature", "properties": { }, "geometry": { "type": "MultiPolygon", "coordinates": [ [ [ [ 685083.898262923466973, 5651416.514411184936762 ], [ 685083.898262923466973, 5651974.068080335855484 ], [ 685689.076307981158607, 5651974.068080335855484 ], [ 685689.076307981158607, 5651416.514411184936762 ], [ 685083.898262923466973, 5651416.514411184936762 ] ] ] ] } },
{ "type": "Feature", "properties": { }, "geometry": { "type": "MultiPolygon", "coordinates": [ [ [ [ 685689.076307981158607, 5651416.514411184936762 ], [ 685689.076307981158607, 5651974.068080335855484 ], [ 686294.25435303885024, 5651974.068080335855484 ], [ 686294.25435303885024, 5651416.514411184936762 ], [ 685689.076307981158607, 5651416.514411184936762 ] ] ] ] } },
{ "type": "Feature", "properties": { }, "geometry": { "type": "MultiPolygon", "coordinates": [ [ [ [ 686294.254353038733825, 5651416.514411184936762 ], [ 686294.254353038733825, 5651974.068080335855484 ], [ 686899.432398096425459, 5651974.068080335855484 ], [ 686899.432398096425459, 5651416.514411184936762 ], [ 686294.254353038733825, 5651416.514411184936762 ] ] ] ] } },
{ "type": "Feature", "properties": { }, "geometry": { "type": "MultiPolygon", "coordinates": [ [ [ [ 686899.432398096309043, 5651416.514411184936762 ], [ 686899.432398096309043, 5651974.068080335855484 ], [ 687504.610443154000677, 5651974.068080335855484 ], [ 687504.610443154000677, 5651416.514411184936762 ], [ 686899.432398096309043, 5651416.514411184936762 ] ] ] ] } },
{ "type": "Feature", "properties": { }, "geometry": { "type": "MultiPolygon", "coordinates": [ [ [ [ 687504.610443153884262, 5651416.514411184936762 ], [ 687504.610443153884262, 5651974.068080335855484 ], [ 688109.788488211575896, 5651974.068080335855484 ], [ 688109.788488211575896, 5651416.514411184936762 ], [ 687504.610443153884262, 5651416.514411184936762 ] ] ] ] } },
{ "type": "Feature", "properties": { }, "geometry": { "type": "MultiPolygon", "coordinates": [ [ [ [ 688109.78848821145948, 5651416.514411184936762 ], [ 688109.78848821145948, 5651974.068080335855484 ], [ 688714.966533269151114, 5651974.068080335855484 ], [ 688714.966533269151114, 5651416.514411184936762 ], [ 688109.78848821145948, 5651416.514411184936762 ] ] ] ] } },
{ "type": "Feature", "properties": { }, "geometry": { "type": "MultiPolygon", "coordinates": [ [ [ [ 688714.966533269034699, 5651416.514411184936762 ], [ 688714.966533269034699, 5651974.068080335855484 ], [ 689320.144578326726332, 5651974.068080335855484 ], [ 689320.144578326726332, 5651416.514411184936762 ], [ 688714.966533269034699, 5651416.514411184936762 ] ] ] ] } },
{ "type": "Feature", "properties": { }, "geometry": { "type": "MultiPolygon", "coordinates": [ [ [ [ 689320.144578326609917, 5651416.514411184936762 ], [ 689320.144578326609917, 5651974.068080335855484 ], [ 689925.322623384301551, 5651974.068080335855484 ], [ 689925.322623384301551, 5651416.514411184936762 ], [ 689320.144578326609917, 5651416.514411184936762 ] ] ] ] } },
{ "type": "Feature", "properties": { }, "geometry": { "type": "MultiPolygon", "coordinates": [ [ [ [ 689925.322623384185135, 5651416.514411184936762 ], [ 689925.322623384185135, 5651974.068080335855484 ], [ 690530.500668441876769, 5651974.068080335855484 ], [ 690530.500668441876769, 5651416.514411184936762 ], [ 689925.322623384185135, 5651416.514411184936762 ] ] ] ] } },
{ "type": "Feature", "properties": { }, "geometry": { "type": "MultiPolygon", "coordinates": [ [ [ [ 690530.500668441760354, 5651416.514411184936762 ], [ 690530.500668441760354, 5651974.068080335855484 ], [ 691135.678713499451987, 5651974.068080335855484 ], [ 691135.678713499451987, 5651416.514411184936762 ], [ 690530.500668441760354, 5651416.514411184936762 ] ] ] ] } },
{ "type": "Feature", "properties": { }, "geometry": { "type": "MultiPolygon", "coordinates": [ [ [ [ 691135.678713499335572, 5651416.514411184936762 ], [ 691135.678713499335572, 5651974.068080335855484 ], [ 691740.856758557027206, 5651974.068080335855484 ], [ 691740.856758557027206, 5651416.514411184936762 ], [ 691135.678713499335572, 5651416.514411184936762 ] ] ] ] } },
{ "type": "Feature", "properties": { }, "geometry": { "type": "MultiPolygon", "coordinates": [ [ [ [ 679637.295857405290008, 5650858.96074203401804 ], [ 679637.295857405290008, 5651416.514411184936762 ], [ 680242.473902462981641, 5651416.514411184936762 ], [ 680242.473902462981641, 5650858.96074203401804 ], [ 679637.295857405290008, 5650858.96074203401804 ] ] ] ] } },
{ "type": "Feature", "properties": { }, "geometry": { "type": "MultiPolygon", "coordinates": [ [ [ [ 680242.473902462865226, 5650858.96074203401804 ], [ 680242.473902462865226, 5651416.514411184936762 ], [ 680847.65194752055686, 5651416.514411184936762 ], [ 680847.65194752055686, 5650858.96074203401804 ], [ 680242.473902462865226, 5650858.96074203401804 ] ] ] ] } },
{ "type": "Feature", "properties": { }, "geometry": { "type": "MultiPolygon", "coordinates": [ [ [ [ 680847.651947520440444, 5650858.96074203401804 ], [ 680847.651947520440444, 5651416.514411184936762 ], [ 681452.829992578132078, 5651416.514411184936762 ], [ 681452.829992578132078, 5650858.96074203401804 ], [ 680847.651947520440444, 5650858.96074203401804 ] ] ] ] } },
{ "type": "Feature", "properties": { }, "geometry": { "type": "MultiPolygon", "coordinates": [ [ [ [ 681452.829992578015663, 5650858.96074203401804 ], [ 681452.829992578015663, 5651416.514411184936762 ], [ 682058.008037635707296, 5651416.514411184936762 ], [ 682058.008037635707296, 5650858.96074203401804 ], [ 681452.829992578015663, 5650858.96074203401804 ] ] ] ] } },
{ "type": "Feature", "properties": { }, "geometry": { "type": "MultiPolygon", "coordinates": [ [ [ [ 682058.008037635590881, 5650858.96074203401804 ], [ 682058.008037635590881, 5651416.514411184936762 ], [ 682663.186082693282515, 5651416.514411184936762 ], [ 682663.186082693282515, 5650858.96074203401804 ], [ 682058.008037635590881, 5650858.96074203401804 ] ] ] ] } },
{ "type": "Feature", "properties": { }, "geometry": { "type": "MultiPolygon", "coordinates": [ [ [ [ 682663.186082693166099, 5650858.96074203401804 ], [ 682663.186082693166099, 5651416.514411184936762 ], [ 683268.364127750857733, 5651416.514411184936762 ], [ 683268.364127750857733, 5650858.96074203401804 ], [ 682663.186082693166099, 5650858.96074203401804 ] ] ] ] } },
{ "type": "Feature", "properties": { }, "geometry": { "type": "MultiPolygon", "coordinates": [ [ [ [ 683268.364127750741318, 5650858.96074203401804 ], [ 683268.364127750741318, 5651416.514411184936762 ], [ 683873.542172808432952, 5651416.514411184936762 ], [ 683873.542172808432952, 5650858.96074203401804 ], [ 683268.364127750741318, 5650858.96074203401804 ] ] ] ] } },
{ "type": "Feature", "properties": { }, "geometry": { "type": "MultiPolygon", "coordinates": [ [ [ [ 683873.542172808316536, 5650858.96074203401804 ], [ 683873.542172808316536, 5651416.514411184936762 ], [ 684478.72021786600817, 5651416.514411184936762 ], [ 684478.72021786600817, 5650858.96074203401804 ], [ 683873.542172808316536, 5650858.96074203401804 ] ] ] ] } },
{ "type": "Feature", "properties": { }, "geometry": { "type": "MultiPolygon", "coordinates": [ [ [ [ 684478.720217865891755, 5650858.96074203401804 ], [ 684478.720217865891755, 5651416.514411184936762 ], [ 685083.898262923583388, 5651416.514411184936762 ], [ 685083.898262923583388, 5650858.96074203401804 ], [ 684478.720217865891755, 5650858.96074203401804 ] ] ] ] } },
{ "type": "Feature", "properties": { }, "geometry": { "type": "MultiPolygon", "coordinates": [ [ [ [ 685083.898262923466973, 5650858.96074203401804 ], [ 685083.898262923466973, 5651416.514411184936762 ], [ 685689.076307981158607, 5651416.514411184936762 ], [ 685689.076307981158607, 5650858.96074203401804 ], [ 685083.898262923466973, 5650858.96074203401804 ] ] ] ] } },
{ "type": "Feature", "properties": { }, "geometry": { "type": "MultiPolygon", "coordinates": [ [ [ [ 685689.076307981158607, 5650858.96074203401804 ], [ 685689.076307981158607, 5651416.514411184936762 ], [ 686294.25435303885024, 5651416.514411184936762 ], [ 686294.25435303885024, 5650858.96074203401804 ], [ 685689.076307981158607, 5650858.96074203401804 ] ] ] ] } },
{ "type": "Feature", "properties": { }, "geometry": { "type": "MultiPolygon", "coordinates": [ [ [ [ 686294.254353038733825, 5650858.96074203401804 ], [ 686294.254353038733825, 5651416.514411184936762 ], [ 686899.432398096425459, 5651416.514411184936762 ], [ 686899.432398096425459, 5650858.96074203401804 ], [ 686294.254353038733825, 5650858.96074203401804 ] ] ] ] } },
{ "type": "Feature", "properties": { }, "geometry": { "type": "MultiPolygon", "coordinates": [ [ [ [ 686899.432398096309043, 5650858.96074203401804 ], [ 686899.432398096309043, 5651416.514411184936762 ], [ 687504.610443154000677, 5651416.514411184936762 ], [ 687504.610443154000677, 5650858.96074203401804 ], [ 686899.432398096309043, 5650858.96074203401804 ] ] ] ] } },
{ "type": "Feature", "properties": { }, "geometry": { "type": "MultiPolygon", "coordinates": [ [ [ [ 687504.610443153884262, 5650858.96074203401804 ], [ 687504.610443153884262, 5651416.514411184936762 ], [ 688109.788488211575896, 5651416.514411184936762 ], [ 688109.788488211575896, 5650858.96074203401804 ], [ 687504.610443153884262, 5650858.96074203401804 ] ] ] ] } },
{ "type": "Feature", "properties": { }, "geometry": { "type": "MultiPolygon", "coordinates": [ [ [ [ 688109.78848821145948, 5650858.96074203401804 ], [ 688109.78848821145948, 5651416.514411184936762 ], [ 688714.966533269151114, 5651416.514411184936762 ], [ 688714.966533269151114, 5650858.96074203401804 ], [ 688109.78848821145948, 5650858.96074203401804 ] ] ] ] } },
{ "type": "Feature", "properties": { }, "geometry": { "type": "MultiPolygon", "coordinates": [ [ [ [ 688714.966533269034699, 5650858.96074203401804 ], [ 688714.966533269034699, 5651416.514411184936762 ], [ 689320.144578326726332, 5651416.514411184936762 ], [ 689320.144578326726332, 5650858.96074203401804 ], [ 688714.966533269034699, 5650858.96074203401804 ] ] ] ] } },
{ "type": "Feature", "properties": { }, "geometry": { "type": "MultiPolygon", "coordinates": [ [ [ [ 689320.144578326609917, 5650858.96074203401804 ], [ 689320.144578326609917, 5651416.514411184936762 ], [ 689925.322623384301551, 5651416.514411184936762 ], [ 689925.322623384301551, 5650858.96074203401804 ], [ 689320.144578326609917, 5650858.96074203401804 ] ] ] ] } },
{ "type": "Feature", "properties": { }, "geometry": { "type": "MultiPolygon", "coordinates": [ [ [ [ 689925.322623384185135, 5650858.96074203401804 ], [ 689925.322623384185135, 5651416.514411184936762 ], [ 690530.500668441876769, 5651416.514411184936762 ], [ 690530.500668441876769, 5650858.96074203401804 ], [ 689925.322623384185135, 5650858.96074203401804 ] ] ] ] } },
{ "type": "Feature", "properties": { }, "geometry": { "type": "MultiPolygon", "coordinates": [ [ [ [ 690530.500668441760354, 5650858.96074203401804 ], [ 690530.500668441760354, 5651416.514411184936762 ], [ 691135.678713499451987, 5651416.514411184936762 ], [ 691135.678713499451987, 5650858.96074203401804 ], [ 690530.500668441760354, 5650858.96074203401804 ] ] ] ] } },
{ "type": "Feature", "properties": { }, "geometry": { "type": "MultiPolygon", "coordinates": [ [ [ [ 691135.678713499335572, 5650858.96074203401804 ], [ 691135.678713499335572, 5651416.514411184936762 ], [ 691740.856758557027206, 5651416.514411184936762 ], [ 691740.856758557027206, 5650858.96074203401804 ], [ 691135.678713499335572, 5650858.96074203401804 ] ] ] ] } },
{ "type": "Feature", "properties": { }, "geometry": { "type": "MultiPolygon", "coordinates": [ [ [ [ 679637.295857405290008, 5650301.407072882167995 ], [ 679637.295857405290008, 5650858.960742033086717 ], [ 680242.473902462981641, 5650858.960742033086717 ], [ 680242.473902462981641, 5650301.407072882167995 ], [ 679637.295857405290008, 5650301.407072882167995 ] ] ] ] } },
{ "type": "Feature", "properties": { }, "geometry": { "type": "MultiPolygon", "coordinates": [ [ [ [ 680242.473902462865226, 5650301.407072882167995 ], [ 680242.473902462865226, 5650858.960742033086717 ], [ 680847.65194752055686, 5650858.960742033086717 ], [ 680847.65194752055686, 5650301.407072882167995 ], [ 680242.473902462865226, 5650301.407072882167995 ] ] ] ] } },
{ "type": "Feature", "properties": { }, "geometry": { "type": "MultiPolygon", "coordinates": [ [ [ [ 680847.651947520440444, 5650301.407072882167995 ], [ 680847.651947520440444, 5650858.960742033086717 ], [ 681452.829992578132078, 5650858.960742033086717 ], [ 681452.829992578132078, 5650301.407072882167995 ], [ 680847.651947520440444, 5650301.407072882167995 ] ] ] ] } },
{ "type": "Feature", "properties": { }, "geometry": { "type": "MultiPolygon", "coordinates": [ [ [ [ 681452.829992578015663, 5650301.407072882167995 ], [ 681452.829992578015663, 5650858.960742033086717 ], [ 682058.008037635707296, 5650858.960742033086717 ], [ 682058.008037635707296, 5650301.407072882167995 ], [ 681452.829992578015663, 5650301.407072882167995 ] ] ] ] } },
{ "type": "Feature", "properties": { }, "geometry": { "type": "MultiPolygon", "coordinates": [ [ [ [ 682058.008037635590881, 5650301.407072882167995 ], [ 682058.008037635590881, 5650858.960742033086717 ], [ 682663.186082693282515, 5650858.960742033086717 ], [ 682663.186082693282515, 5650301.407072882167995 ], [ 682058.008037635590881, 5650301.407072882167995 ] ] ] ] } },
{ "type": "Feature", "properties": { }, "geometry": { "type": "MultiPolygon", "coordinates": [ [ [ [ 682663.186082693166099, 5650301.407072882167995 ], [ 682663.186082693166099, 5650858.960742033086717 ], [ 683268.364127750857733, 5650858.960742033086717 ], [ 683268.364127750857733, 5650301.407072882167995 ], [ 682663.186082693166099, 5650301.407072882167995 ] ] ] ] } },
{ "type": "Feature", "properties": { }, "geometry": { "type": "MultiPolygon", "coordinates": [ [ [ [ 683268.364127750741318, 5650301.407072882167995 ], [ 683268.364127750741318, 5650858.960742033086717 ], [ 683873.542172808432952, 5650858.960742033086717 ], [ 683873.542172808432952, 5650301.407072882167995 ], [ 683268.364127750741318, 5650301.407072882167995 ] ] ] ] } },
{ "type": "Feature", "properties": { }, "geometry": { "type": "MultiPolygon", "coordinates": [ [ [ [ 683873.542172808316536, 5650301.407072882167995 ], [ 683873.542172808316536, 5650858.960742033086717 ], [ 684478.72021786600817, 5650858.960742033086717 ], [ 684478.72021786600817, 5650301.407072882167995 ], [ 683873.542172808316536, 5650301.407072882167995 ] ] ] ] } },
{ "type": "Feature", "properties": { }, "geometry": { "type": "MultiPolygon", "coordinates": [ [ [ [ 684478.720217865891755, 5650301.407072882167995 ], [ 684478.720217865891755, 5650858.960742033086717 ], [ 685083.898262923583388, 5650858.960742033086717 ], [ 685083.898262923583388, 5650301.407072882167995 ], [ 684478.720217865891755, 5650301.407072882167995 ] ] ] ] } },
{ "type": "Feature", "properties": { }, "geometry": { "type": "MultiPolygon", "coordinates": [ [ [ [ 685083.898262923466973, 5650301.407072882167995 ], [ 685083.898262923466973, 5650858.960742033086717 ], [ 685689.076307981158607, 5650858.960742033086717 ], [ 685689.076307981158607, 5650301.407072882167995 ], [ 685083.898262923466973, 5650301.407072882167995 ] ] ] ] } },
{ "type": "Feature", "properties": { }, "geometry": { "type": "MultiPolygon", "coordinates": [ [ [ [ 685689.076307981158607, 5650301.407072882167995 ], [ 685689.076307981158607, 5650858.960742033086717 ], [ 686294.25435303885024, 5650858.960742033086717 ], [ 686294.25435303885024, 5650301.407072882167995 ], [ 685689.076307981158607, 5650301.407072882167995 ] ] ] ] } },
{ "type": "Feature", "properties": { }, "geometry": { "type": "MultiPolygon", "coordinates": [ [ [ [ 686294.254353038733825, 5650301.407072882167995 ], [ 686294.254353038733825, 5650858.960742033086717 ], [ 686899.432398096425459, 5650858.960742033086717 ], [ 686899.432398096425459, 5650301.407072882167995 ], [ 686294.254353038733825, 5650301.407072882167995 ] ] ] ] } },
{ "type": "Feature", "properties": { }, "geometry": { "type": "MultiPolygon", "coordinates": [ [ [ [ 686899.432398096309043, 5650301.407072882167995 ], [ 686899.432398096309043, 5650858.960742033086717 ], [ 687504.610443154000677, 5650858.960742033086717 ], [ 687504.610443154000677, 5650301.407072882167995 ], [ 686899.432398096309043, 5650301.407072882167995 ] ] ] ] } },
{ "type": "Feature", "properties": { }, "geometry": { "type": "MultiPolygon", "coordinates": [ [ [ [ 687504.610443153884262, 5650301.407072882167995 ], [ 687504.610443153884262, 5650858.960742033086717 ], [ 688109.788488211575896, 5650858.960742033086717 ], [ 688109.788488211575896, 5650301.407072882167995 ], [ 687504.610443153884262, 5650301.407072882167995 ] ] ] ] } },
{ "type": "Feature", "properties": { }, "geometry": { "type": "MultiPolygon", "coordinates": [ [ [ [ 688109.78848821145948, 5650301.407072882167995 ], [ 688109.78848821145948, 5650858.960742033086717 ], [ 688714.966533269151114, 5650858.960742033086717 ], [ 688714.966533269151114, 5650301.407072882167995 ], [ 688109.78848821145948, 5650301.407072882167995 ] ] ] ] } },
{ "type": "Feature", "properties": { }, "geometry": { "type": "MultiPolygon", "coordinates": [ [ [ [ 688714.966533269034699, 5650301.407072882167995 ], [ 688714.966533269034699, 5650858.960742033086717 ], [ 689320.144578326726332, 5650858.960742033086717 ], [ 689320.144578326726332, 5650301.407072882167995 ], [ 688714.966533269034699, 5650301.407072882167995 ] ] ] ] } },
{ "type": "Feature", "properties": { }, "geometry": { "type": "MultiPolygon", "coordinates": [ [ [ [ 689320.144578326609917, 5650301.407072882167995 ], [ 689320.144578326609917, 5650858.960742033086717 ], [ 689925.322623384301551, 5650858.960742033086717 ], [ 689925.322623384301551, 5650301.407072882167995 ], [ 689320.144578326609917, 5650301.407072882167995 ] ] ] ] } },
{ "type": "Feature", "properties": { }, "geometry": { "type": "MultiPolygon", "coordinates": [ [ [ [ 689925.322623384185135, 5650301.407072882167995 ], [ 689925.322623384185135, 5650858.960742033086717 ], [ 690530.500668441876769, 5650858.960742033086717 ], [ 690530.500668441876769, 5650301.407072882167995 ], [ 689925.322623384185135, 5650301.407072882167995 ] ] ] ] } },
{ "type": "Feature", "properties": { }, "geometry": { "type": "MultiPolygon", "coordinates": [ [ [ [ 690530.500668441760354, 5650301.407072882167995 ], [ 690530.500668441760354, 5650858.960742033086717 ], [ 691135.678713499451987, 5650858.960742033086717 ], [ 691135.678713499451987, 5650301.407072882167995 ], [ 690530.500668441760354, 5650301.407072882167995 ] ] ] ] } },
{ "type": "Feature", "properties": { }, "geometry": { "type": "MultiPolygon", "coordinates": [ [ [ [ 691135.678713499335572, 5650301.407072882167995 ], [ 691135.678713499335572, 5650858.960742033086717 ], [ 691740.856758557027206, 5650858.960742033086717 ], [ 691740.856758557027206, 5650301.407072882167995 ], [ 691135.678713499335572, 5650301.407072882167995 ] ] ] ] } },
{ "type": "Feature", "properties": { }, "geometry": { "type": "MultiPolygon", "coordinates": [ [ [ [ 679637.295857405290008, 5649743.853403731249273 ], [ 679637.295857405290008, 5650301.407072882167995 ], [ 680242.473902462981641, 5650301.407072882167995 ], [ 680242.473902462981641, 5649743.853403731249273 ], [ 679637.295857405290008, 5649743.853403731249273 ] ] ] ] } },
{ "type": "Feature", "properties": { }, "geometry": { "type": "MultiPolygon", "coordinates": [ [ [ [ 680242.473902462865226, 5649743.853403731249273 ], [ 680242.473902462865226, 5650301.407072882167995 ], [ 680847.65194752055686, 5650301.407072882167995 ], [ 680847.65194752055686, 5649743.853403731249273 ], [ 680242.473902462865226, 5649743.853403731249273 ] ] ] ] } },
{ "type": "Feature", "properties": { }, "geometry": { "type": "MultiPolygon", "coordinates": [ [ [ [ 680847.651947520440444, 5649743.853403731249273 ], [ 680847.651947520440444, 5650301.407072882167995 ], [ 681452.829992578132078, 5650301.407072882167995 ], [ 681452.829992578132078, 5649743.853403731249273 ], [ 680847.651947520440444, 5649743.853403731249273 ] ] ] ] } },
{ "type": "Feature", "properties": { }, "geometry": { "type": "MultiPolygon", "coordinates": [ [ [ [ 681452.829992578015663, 5649743.853403731249273 ], [ 681452.829992578015663, 5650301.407072882167995 ], [ 682058.008037635707296, 5650301.407072882167995 ], [ 682058.008037635707296, 5649743.853403731249273 ], [ 681452.829992578015663, 5649743.853403731249273 ] ] ] ] } },
{ "type": "Feature", "properties": { }, "geometry": { "type": "MultiPolygon", "coordinates": [ [ [ [ 682058.008037635590881, 5649743.853403731249273 ], [ 682058.008037635590881, 5650301.407072882167995 ], [ 682663.186082693282515, 5650301.407072882167995 ], [ 682663.186082693282515, 5649743.853403731249273 ], [ 682058.008037635590881, 5649743.853403731249273 ] ] ] ] } },
{ "type": "Feature", "properties": { }, "geometry": { "type": "MultiPolygon", "coordinates": [ [ [ [ 682663.186082693166099, 5649743.853403731249273 ], [ 682663.186082693166099, 5650301.407072882167995 ], [ 683268.364127750857733, 5650301.407072882167995 ], [ 683268.364127750857733, 5649743.853403731249273 ], [ 682663.186082693166099, 5649743.853403731249273 ] ] ] ] } },
{ "type": "Feature", "properties": { }, "geometry": { "type": "MultiPolygon", "coordinates": [ [ [ [ 683268.364127750741318, 5649743.853403731249273 ], [ 683268.364127750741318, 5650301.407072882167995 ], [ 683873.542172808432952, 5650301.407072882167995 ], [ 683873.542172808432952, 5649743.853403731249273 ], [ 683268.364127750741318, 5649743.853403731249273 ] ] ] ] } },
{ "type": "Feature", "properties": { }, "geometry": { "type": "MultiPolygon", "coordinates": [ [ [ [ 683873.542172808316536, 5649743.853403731249273 ], [ 683873.542172808316536, 5650301.407072882167995 ], [ 684478.72021786600817, 5650301.407072882167995 ], [ 684478.72021786600817, 5649743.853403731249273 ], [ 683873.542172808316536, 5649743.853403731249273 ] ] ] ] } },
{ "type": "Feature", "properties": { }, "geometry": { "type": "MultiPolygon", "coordinates": [ [ [ [ 684478.720217865891755, 5649743.853403731249273 ], [ 684478.720217865891755, 5650301.407072882167995 ], [ 685083.898262923583388, 5650301.407072882167995 ], [ 685083.898262923583388, 5649743.853403731249273 ], [ 684478.720217865891755, 5649743.853403731249273 ] ] ] ] } },
{ "type": "Feature", "properties": { }, "geometry": { "type": "MultiPolygon", "coordinates": [ [ [ [ 685083.898262923466973, 5649743.853403731249273 ], [ 685083.898262923466973, 5650301.407072882167995 ], [ 685689.076307981158607, 5650301.407072882167995 ], [ 685689.076307981158607, 5649743.853403731249273 ], [ 685083.898262923466973, 5649743.853403731249273 ] ] ] ] } },
{ "type": "Feature", "properties": { }, "geometry": { "type": "MultiPolygon", "coordinates": [ [ [ [ 685689.076307981158607, 5649743.853403731249273 ], [ 685689.076307981158607, 5650301.407072882167995 ], [ 686294.25435303885024, 5650301.407072882167995 ], [ 686294.25435303885024, 5649743.853403731249273 ], [ 685689.076307981158607, 5649743.853403731249273 ] ] ] ] } },
{ "type": "Feature", "properties": { }, "geometry": { "type": "MultiPolygon", "coordinates": [ [ [ [ 686294.254353038733825, 5649743.853403731249273 ], [ 686294.254353038733825, 5650301.407072882167995 ], [ 686899.432398096425459, 5650301.407072882167995 ], [ 686899.432398096425459, 5649743.853403731249273 ], [ 686294.254353038733825, 5649743.853403731249273 ] ] ] ] } },
{ "type": "Feature", "properties": { }, "geometry": { "type": "MultiPolygon", "coordinates": [ [ [ [ 686899.432398096309043, 5649743.853403731249273 ], [ 686899.432398096309043, 5650301.407072882167995 ], [ 687504.610443154000677, 5650301.407072882167995 ], [ 687504.610443154000677, 5649743.853403731249273 ], [ 686899.432398096309043, 5649743.853403731249273 ] ] ] ] } },
{ "type": "Feature", "properties": { }, "geometry": { "type": "MultiPolygon", "coordinates": [ [ [ [ 687504.610443153884262, 5649743.853403731249273 ], [ 687504.610443153884262, 5650301.407072882167995 ], [ 688109.788488211575896, 5650301.407072882167995 ], [ 688109.788488211575896, 5649743.853403731249273 ], [ 687504.610443153884262, 5649743.853403731249273 ] ] ] ] } },
{ "type": "Feature", "properties": { }, "geometry": { "type": "MultiPolygon", "coordinates": [ [ [ [ 688109.78848821145948, 5649743.853403731249273 ], [ 688109.78848821145948, 5650301.407072882167995 ], [ 688714.966533269151114, 5650301.407072882167995 ], [ 688714.966533269151114, 5649743.853403731249273 ], [ 688109.78848821145948, 5649743.853403731249273 ] ] ] ] } },
{ "type": "Feature", "properties": { }, "geometry": { "type": "MultiPolygon", "coordinates": [ [ [ [ 688714.966533269034699, 5649743.853403731249273 ], [ 688714.966533269034699, 5650301.407072882167995 ], [ 689320.144578326726332, 5650301.407072882167995 ], [ 689320.144578326726332, 5649743.853403731249273 ], [ 688714.966533269034699, 5649743.853403731249273 ] ] ] ] } },
{ "type": "Feature", "properties": { }, "geometry": { "type": "MultiPolygon", "coordinates": [ [ [ [ 689320.144578326609917, 5649743.853403731249273 ], [ 689320.144578326609917, 5650301.407072882167995 ], [ 689925.322623384301551, 5650301.407072882167995 ], [ 689925.322623384301551, 5649743.853403731249273 ], [ 689320.144578326609917, 5649743.853403731249273 ] ] ] ] } },
{ "type": "Feature", "properties": { }, "geometry": { "type": "MultiPolygon", "coordinates": [ [ [ [ 689925.322623384185135, 5649743.853403731249273 ], [ 689925.322623384185135, 5650301.407072882167995 ], [ 690530.500668441876769, 5650301.407072882167995 ], [ 690530.500668441876769, 5649743.853403731249273 ], [ 689925.322623384185135, 5649743.853403731249273 ] ] ] ] } },
{ "type": "Feature", "properties": { }, "geometry": { "type": "MultiPolygon", "coordinates": [ [ [ [ 690530.500668441760354, 5649743.853403731249273 ], [ 690530.500668441760354, 5650301.407072882167995 ], [ 691135.678713499451987, 5650301.407072882167995 ], [ 691135.678713499451987, 5649743.853403731249273 ], [ 690530.500668441760354, 5649743.853403731249273 ] ] ] ] } },
{ "type": "Feature", "properties": { }, "geometry": { "type": "MultiPolygon", "coordinates": [ [ [ [ 691135.678713499335572, 5649743.853403731249273 ], [ 691135.678713499335572, 5650301.407072882167995 ], [ 691740.856758557027206, 5650301.407072882167995 ], [ 691740.856758557027206, 5649743.853403731249273 ], [ 691135.678713499335572, 5649743.853403731249273 ] ] ] ] } },
{ "type": "Feature", "properties": { }, "geometry": { "type": "MultiPolygon", "coordinates": [ [ [ [ 679637.295857405290008, 5649186.299734580330551 ], [ 679637.295857405290008, 5649743.853403731249273 ], [ 680242.473902462981641, 5649743.853403731249273 ], [ 680242.473902462981641, 5649186.299734580330551 ], [ 679637.295857405290008, 5649186.299734580330551 ] ] ] ] } },
{ "type": "Feature", "properties": { }, "geometry": { "type": "MultiPolygon", "coordinates": [ [ [ [ 680242.473902462865226, 5649186.299734580330551 ], [ 680242.473902462865226, 5649743.853403731249273 ], [ 680847.65194752055686, 5649743.853403731249273 ], [ 680847.65194752055686, 5649186.299734580330551 ], [ 680242.473902462865226, 5649186.299734580330551 ] ] ] ] } },
{ "type": "Feature", "properties": { }, "geometry": { "type": "MultiPolygon", "coordinates": [ [ [ [ 680847.651947520440444, 5649186.299734580330551 ], [ 680847.651947520440444, 5649743.853403731249273 ], [ 681452.829992578132078, 5649743.853403731249273 ], [ 681452.829992578132078, 5649186.299734580330551 ], [ 680847.651947520440444, 5649186.299734580330551 ] ] ] ] } },
{ "type": "Feature", "properties": { }, "geometry": { "type": "MultiPolygon", "coordinates": [ [ [ [ 681452.829992578015663, 5649186.299734580330551 ], [ 681452.829992578015663, 5649743.853403731249273 ], [ 682058.008037635707296, 5649743.853403731249273 ], [ 682058.008037635707296, 5649186.299734580330551 ], [ 681452.829992578015663, 5649186.299734580330551 ] ] ] ] } },
{ "type": "Feature", "properties": { }, "geometry": { "type": "MultiPolygon", "coordinates": [ [ [ [ 682058.008037635590881, 5649186.299734580330551 ], [ 682058.008037635590881, 5649743.853403731249273 ], [ 682663.186082693282515, 5649743.853403731249273 ], [ 682663.186082693282515, 5649186.299734580330551 ], [ 682058.008037635590881, 5649186.299734580330551 ] ] ] ] } },
{ "type": "Feature", "properties": { }, "geometry": { "type": "MultiPolygon", "coordinates": [ [ [ [ 682663.186082693166099, 5649186.299734580330551 ], [ 682663.186082693166099, 5649743.853403731249273 ], [ 683268.364127750857733, 5649743.853403731249273 ], [ 683268.364127750857733, 5649186.299734580330551 ], [ 682663.186082693166099, 5649186.299734580330551 ] ] ] ] } },
{ "type": "Feature", "properties": { }, "geometry": { "type": "MultiPolygon", "coordinates": [ [ [ [ 683268.364127750741318, 5649186.299734580330551 ], [ 683268.364127750741318, 5649743.853403731249273 ], [ 683873.542172808432952, 5649743.853403731249273 ], [ 683873.542172808432952, 5649186.299734580330551 ], [ 683268.364127750741318, 5649186.299734580330551 ] ] ] ] } },
{ "type": "Feature", "properties": { }, "geometry": { "type": "MultiPolygon", "coordinates": [ [ [ [ 683873.542172808316536, 5649186.299734580330551 ], [ 683873.542172808316536, 5649743.853403731249273 ], [ 684478.72021786600817, 5649743.853403731249273 ], [ 684478.72021786600817, 5649186.299734580330551 ], [ 683873.542172808316536, 5649186.299734580330551 ] ] ] ] } },
{ "type": "Feature", "properties": { }, "geometry": { "type": "MultiPolygon", "coordinates": [ [ [ [ 684478.720217865891755, 5649186.299734580330551 ], [ 684478.720217865891755, 5649743.853403731249273 ], [ 685083.898262923583388, 5649743.853403731249273 ], [ 685083.898262923583388, 5649186.299734580330551 ], [ 684478.720217865891755, 5649186.299734580330551 ] ] ] ] } },
{ "type": "Feature", "properties": { }, "geometry": { "type": "MultiPolygon", "coordinates": [ [ [ [ 685083.898262923466973, 5649186.299734580330551 ], [ 685083.898262923466973, 5649743.853403731249273 ], [ 685689.076307981158607, 5649743.853403731249273 ], [ 685689.076307981158607, 5649186.299734580330551 ], [ 685083.898262923466973, 5649186.299734580330551 ] ] ] ] } },
{ "type": "Feature", "properties": { }, "geometry": { "type": "MultiPolygon", "coordinates": [ [ [ [ 685689.076307981158607, 5649186.299734580330551 ], [ 685689.076307981158607, 5649743.853403731249273 ], [ 686294.25435303885024, 5649743.853403731249273 ], [ 686294.25435303885024, 5649186.299734580330551 ], [ 685689.076307981158607, 5649186.299734580330551 ] ] ] ] } },
{ "type": "Feature", "properties": { }, "geometry": { "type": "MultiPolygon", "coordinates": [ [ [ [ 686294.254353038733825, 5649186.299734580330551 ], [ 686294.254353038733825, 5649743.853403731249273 ], [ 686899.432398096425459, 5649743.853403731249273 ], [ 686899.432398096425459, 5649186.299734580330551 ], [ 686294.254353038733825, 5649186.299734580330551 ] ] ] ] } },
{ "type": "Feature", "properties": { }, "geometry": { "type": "MultiPolygon", "coordinates": [ [ [ [ 686899.432398096309043, 5649186.299734580330551 ], [ 686899.432398096309043, 5649743.853403731249273 ], [ 687504.610443154000677, 5649743.853403731249273 ], [ 687504.610443154000677, 5649186.299734580330551 ], [ 686899.432398096309043, 5649186.299734580330551 ] ] ] ] } },
{ "type": "Feature", "properties": { }, "geometry": { "type": "MultiPolygon", "coordinates": [ [ [ [ 687504.610443153884262, 5649186.299734580330551 ], [ 687504.610443153884262, 5649743.853403731249273 ], [ 688109.788488211575896, 5649743.853403731249273 ], [ 688109.788488211575896, 5649186.299734580330551 ], [ 687504.610443153884262, 5649186.299734580330551 ] ] ] ] } },
{ "type": "Feature", "properties": { }, "geometry": { "type": "MultiPolygon", "coordinates": [ [ [ [ 688109.78848821145948, 5649186.299734580330551 ], [ 688109.78848821145948, 5649743.853403731249273 ], [ 688714.966533269151114, 5649743.853403731249273 ], [ 688714.966533269151114, 5649186.299734580330551 ], [ 688109.78848821145948, 5649186.299734580330551 ] ] ] ] } },
{ "type": "Feature", "properties": { }, "geometry": { "type": "MultiPolygon", "coordinates": [ [ [ [ 688714.966533269034699, 5649186.299734580330551 ], [ 688714.966533269034699, 5649743.853403731249273 ], [ 689320.144578326726332, 5649743.853403731249273 ], [ 689320.144578326726332, 5649186.299734580330551 ], [ 688714.966533269034699, 5649186.299734580330551 ] ] ] ] } },
{ "type": "Feature", "properties": { }, "geometry": { "type": "MultiPolygon", "coordinates": [ [ [ [ 689320.144578326609917, 5649186.299734580330551 ], [ 689320.144578326609917, 5649743.853403731249273 ], [ 689925.322623384301551, 5649743.853403731249273 ], [ 689925.322623384301551, 5649186.299734580330551 ], [ 689320.144578326609917, 5649186.299734580330551 ] ] ] ] } },
{ "type": "Feature", "properties": { }, "geometry": { "type": "MultiPolygon", "coordinates": [ [ [ [ 689925.322623384185135, 5649186.299734580330551 ], [ 689925.322623384185135, 5649743.853403731249273 ], [ 690530.500668441876769, 5649743.853403731249273 ], [ 690530.500668441876769, 5649186.299734580330551 ], [ 689925.322623384185135, 5649186.299734580330551 ] ] ] ] } },
{ "type": "Feature", "properties": { }, "geometry": { "type": "MultiPolygon", "coordinates": [ [ [ [ 690530.500668441760354, 5649186.299734580330551 ], [ 690530.500668441760354, 5649743.853403731249273 ], [ 691135.678713499451987, 5649743.853403731249273 ], [ 691135.678713499451987, 5649186.299734580330551 ], [ 690530.500668441760354, 5649186.299734580330551 ] ] ] ] } },
{ "type": "Feature", "properties": { }, "geometry": { "type": "MultiPolygon", "coordinates": [ [ [ [ 691135.678713499335572, 5649186.299734580330551 ], [ 691135.678713499335572, 5649743.853403731249273 ], [ 691740.856758557027206, 5649743.853403731249273 ], [ 691740.856758557027206, 5649186.299734580330551 ], [ 691135.678713499335572, 5649186.299734580330551 ] ] ] ] } },
{ "type": "Feature", "properties": { }, "geometry": { "type": "MultiPolygon", "coordinates": [ [ [ [ 679637.295857405290008, 5648628.746065429411829 ], [ 679637.295857405290008, 5649186.299734580330551 ], [ 680242.473902462981641, 5649186.299734580330551 ], [ 680242.473902462981641, 5648628.746065429411829 ], [ 679637.295857405290008, 5648628.746065429411829 ] ] ] ] } },
{ "type": "Feature", "properties": { }, "geometry": { "type": "MultiPolygon", "coordinates": [ [ [ [ 680242.473902462865226, 5648628.746065429411829 ], [ 680242.473902462865226, 5649186.299734580330551 ], [ 680847.65194752055686, 5649186.299734580330551 ], [ 680847.65194752055686, 5648628.746065429411829 ], [ 680242.473902462865226, 5648628.746065429411829 ] ] ] ] } },
{ "type": "Feature", "properties": { }, "geometry": { "type": "MultiPolygon", "coordinates": [ [ [ [ 680847.651947520440444, 5648628.746065429411829 ], [ 680847.651947520440444, 5649186.299734580330551 ], [ 681452.829992578132078, 5649186.299734580330551 ], [ 681452.829992578132078, 5648628.746065429411829 ], [ 680847.651947520440444, 5648628.746065429411829 ] ] ] ] } },
{ "type": "Feature", "properties": { }, "geometry": { "type": "MultiPolygon", "coordinates": [ [ [ [ 681452.829992578015663, 5648628.746065429411829 ], [ 681452.829992578015663, 5649186.299734580330551 ], [ 682058.008037635707296, 5649186.299734580330551 ], [ 682058.008037635707296, 5648628.746065429411829 ], [ 681452.829992578015663, 5648628.746065429411829 ] ] ] ] } },
{ "type": "Feature", "properties": { }, "geometry": { "type": "MultiPolygon", "coordinates": [ [ [ [ 682058.008037635590881, 5648628.746065429411829 ], [ 682058.008037635590881, 5649186.299734580330551 ], [ 682663.186082693282515, 5649186.299734580330551 ], [ 682663.186082693282515, 5648628.746065429411829 ], [ 682058.008037635590881, 5648628.746065429411829 ] ] ] ] } },
{ "type": "Feature", "properties": { }, "geometry": { "type": "MultiPolygon", "coordinates": [ [ [ [ 682663.186082693166099, 5648628.746065429411829 ], [ 682663.186082693166099, 5649186.299734580330551 ], [ 683268.364127750857733, 5649186.299734580330551 ], [ 683268.364127750857733, 5648628.746065429411829 ], [ 682663.186082693166099, 5648628.746065429411829 ] ] ] ] } },
{ "type": "Feature", "properties": { }, "geometry": { "type": "MultiPolygon", "coordinates": [ [ [ [ 683268.364127750741318, 5648628.746065429411829 ], [ 683268.364127750741318, 5649186.299734580330551 ], [ 683873.542172808432952, 5649186.299734580330551 ], [ 683873.542172808432952, 5648628.746065429411829 ], [ 683268.364127750741318, 5648628.746065429411829 ] ] ] ] } },
{ "type": "Feature", "properties": { }, "geometry": { "type": "MultiPolygon", "coordinates": [ [ [ [ 683873.542172808316536, 5648628.746065429411829 ], [ 683873.542172808316536, 5649186.299734580330551 ], [ 684478.72021786600817, 5649186.299734580330551 ], [ 684478.72021786600817, 5648628.746065429411829 ], [ 683873.542172808316536, 5648628.746065429411829 ] ] ] ] } },
{ "type": "Feature", "properties": { }, "geometry": { "type": "MultiPolygon", "coordinates": [ [ [ [ 684478.720217865891755, 5648628.746065429411829 ], [ 684478.720217865891755, 5649186.299734580330551 ], [ 685083.898262923583388, 5649186.299734580330551 ], [ 685083.898262923583388, 5648628.746065429411829 ], [ 684478.720217865891755, 5648628.746065429411829 ] ] ] ] } },
{ "type": "Feature", "properties": { }, "geometry": { "type": "MultiPolygon", "coordinates": [ [ [ [ 685083.898262923466973, 5648628.746065429411829 ], [ 685083.898262923466973, 5649186.299734580330551 ], [ 685689.076307981158607, 5649186.299734580330551 ], [ 685689.076307981158607, 5648628.746065429411829 ], [ 685083.898262923466973, 5648628.746065429411829 ] ] ] ] } },
{ "type": "Feature", "properties": { }, "geometry": { "type": "MultiPolygon", "coordinates": [ [ [ [ 685689.076307981158607, 5648628.746065429411829 ], [ 685689.076307981158607, 5649186.299734580330551 ], [ 686294.25435303885024, 5649186.299734580330551 ], [ 686294.25435303885024, 5648628.746065429411829 ], [ 685689.076307981158607, 5648628.746065429411829 ] ] ] ] } },
{ "type": "Feature", "properties": { }, "geometry": { "type": "MultiPolygon", "coordinates": [ [ [ [ 686294.254353038733825, 5648628.746065429411829 ], [ 686294.254353038733825, 5649186.299734580330551 ], [ 686899.432398096425459, 5649186.299734580330551 ], [ 686899.432398096425459, 5648628.746065429411829 ], [ 686294.254353038733825, 5648628.746065429411829 ] ] ] ] } },
{ "type": "Feature", "properties": { }, "geometry": { "type": "MultiPolygon", "coordinates": [ [ [ [ 686899.432398096309043, 5648628.746065429411829 ], [ 686899.432398096309043, 5649186.299734580330551 ], [ 687504.610443154000677, 5649186.299734580330551 ], [ 687504.610443154000677, 5648628.746065429411829 ], [ 686899.432398096309043, 5648628.746065429411829 ] ] ] ] } },
{ "type": "Feature", "properties": { }, "geometry": { "type": "MultiPolygon", "coordinates": [ [ [ [ 687504.610443153884262, 5648628.746065429411829 ], [ 687504.610443153884262, 5649186.299734580330551 ], [ 688109.788488211575896, 5649186.299734580330551 ], [ 688109.788488211575896, 5648628.746065429411829 ], [ 687504.610443153884262, 5648628.746065429411829 ] ] ] ] } },
{ "type": "Feature", "properties": { }, "geometry": { "type": "MultiPolygon", "coordinates": [ [ [ [ 688109.78848821145948, 5648628.746065429411829 ], [ 688109.78848821145948, 5649186.299734580330551 ], [ 688714.966533269151114, 5649186.299734580330551 ], [ 688714.966533269151114, 5648628.746065429411829 ], [ 688109.78848821145948, 5648628.746065429411829 ] ] ] ] } },
{ "type": "Feature", "properties": { }, "geometry": { "type": "MultiPolygon", "coordinates": [ [ [ [ 688714.966533269034699, 5648628.746065429411829 ], [ 688714.966533269034699, 5649186.299734580330551 ], [ 689320.144578326726332, 5649186.299734580330551 ], [ 689320.144578326726332, 5648628.746065429411829 ], [ 688714.966533269034699, 5648628.746065429411829 ] ] ] ] } },
{ "type": "Feature", "properties": { }, "geometry": { "type": "MultiPolygon", "coordinates": [ [ [ [ 689320.144578326609917, 5648628.746065429411829 ], [ 689320.144578326609917, 5649186.299734580330551 ], [ 689925.322623384301551, 5649186.299734580330551 ], [ 689925.322623384301551, 5648628.746065429411829 ], [ 689320.144578326609917, 5648628.746065429411829 ] ] ] ] } },
{ "type": "Feature", "properties": { }, "geometry": { "type": "MultiPolygon", "coordinates": [ [ [ [ 689925.322623384185135, 5648628.746065429411829 ], [ 689925.322623384185135, 5649186.299734580330551 ], [ 690530.500668441876769, 5649186.299734580330551 ], [ 690530.500668441876769, 5648628.746065429411829 ], [ 689925.322623384185135, 5648628.746065429411829 ] ] ] ] } },
{ "type": "Feature", "properties": { }, "geometry": { "type": "MultiPolygon", "coordinates": [ [ [ [ 690530.500668441760354, 5648628.746065429411829 ], [ 690530.500668441760354, 5649186.299734580330551 ], [ 691135.678713499451987, 5649186.299734580330551 ], [ 691135.678713499451987, 5648628.746065429411829 ], [ 690530.500668441760354, 5648628.746065429411829 ] ] ] ] } },
{ "type": "Feature", "properties": { }, "geometry": { "type": "MultiPolygon", "coordinates": [ [ [ [ 691135.678713499335572, 5648628.746065429411829 ], [ 691135.678713499335572, 5649186.299734580330551 ], [ 691740.856758557027206, 5649186.299734580330551 ], [ 691740.856758557027206, 5648628.746065429411829 ], [ 691135.678713499335572, 5648628.746065429411829 ] ] ] ] } },
{ "type": "Feature", "properties": { }, "geometry": { "type": "MultiPolygon", "coordinates": [ [ [ [ 679637.295857405290008, 5648071.192396278493106 ], [ 679637.295857405290008, 5648628.746065429411829 ], [ 680242.473902462981641, 5648628.746065429411829 ], [ 680242.473902462981641, 5648071.192396278493106 ], [ 679637.295857405290008, 5648071.192396278493106 ] ] ] ] } },
{ "type": "Feature", "properties": { }, "geometry": { "type": "MultiPolygon", "coordinates": [ [ [ [ 680242.473902462865226, 5648071.192396278493106 ], [ 680242.473902462865226, 5648628.746065429411829 ], [ 680847.65194752055686, 5648628.746065429411829 ], [ 680847.65194752055686, 5648071.192396278493106 ], [ 680242.473902462865226, 5648071.192396278493106 ] ] ] ] } },
{ "type": "Feature", "properties": { }, "geometry": { "type": "MultiPolygon", "coordinates": [ [ [ [ 680847.651947520440444, 5648071.192396278493106 ], [ 680847.651947520440444, 5648628.746065429411829 ], [ 681452.829992578132078, 5648628.746065429411829 ], [ 681452.829992578132078, 5648071.192396278493106 ], [ 680847.651947520440444, 5648071.192396278493106 ] ] ] ] } },
{ "type": "Feature", "properties": { }, "geometry": { "type": "MultiPolygon", "coordinates": [ [ [ [ 681452.829992578015663, 5648071.192396278493106 ], [ 681452.829992578015663, 5648628.746065429411829 ], [ 682058.008037635707296, 5648628.746065429411829 ], [ 682058.008037635707296, 5648071.192396278493106 ], [ 681452.829992578015663, 5648071.192396278493106 ] ] ] ] } },
{ "type": "Feature", "properties": { }, "geometry": { "type": "MultiPolygon", "coordinates": [ [ [ [ 682058.008037635590881, 5648071.192396278493106 ], [ 682058.008037635590881, 5648628.746065429411829 ], [ 682663.186082693282515, 5648628.746065429411829 ], [ 682663.186082693282515, 5648071.192396278493106 ], [ 682058.008037635590881, 5648071.192396278493106 ] ] ] ] } },
{ "type": "Feature", "properties": { }, "geometry": { "type": "MultiPolygon", "coordinates": [ [ [ [ 682663.186082693166099, 5648071.192396278493106 ], [ 682663.186082693166099, 5648628.746065429411829 ], [ 683268.364127750857733, 5648628.746065429411829 ], [ 683268.364127750857733, 5648071.192396278493106 ], [ 682663.186082693166099, 5648071.192396278493106 ] ] ] ] } },
{ "type": "Feature", "properties": { }, "geometry": { "type": "MultiPolygon", "coordinates": [ [ [ [ 683268.364127750741318, 5648071.192396278493106 ], [ 683268.364127750741318, 5648628.746065429411829 ], [ 683873.542172808432952, 5648628.746065429411829 ], [ 683873.542172808432952, 5648071.192396278493106 ], [ 683268.364127750741318, 5648071.192396278493106 ] ] ] ] } },
{ "type": "Feature", "properties": { }, "geometry": { "type": "MultiPolygon", "coordinates": [ [ [ [ 683873.542172808316536, 5648071.192396278493106 ], [ 683873.542172808316536, 5648628.746065429411829 ], [ 684478.72021786600817, 5648628.746065429411829 ], [ 684478.72021786600817, 5648071.192396278493106 ], [ 683873.542172808316536, 5648071.192396278493106 ] ] ] ] } },
{ "type": "Feature", "properties": { }, "geometry": { "type": "MultiPolygon", "coordinates": [ [ [ [ 684478.720217865891755, 5648071.192396278493106 ], [ 684478.720217865891755, 5648628.746065429411829 ], [ 685083.898262923583388, 5648628.746065429411829 ], [ 685083.898262923583388, 5648071.192396278493106 ], [ 684478.720217865891755, 5648071.192396278493106 ] ] ] ] } },
{ "type": "Feature", "properties": { }, "geometry": { "type": "MultiPolygon", "coordinates": [ [ [ [ 685083.898262923466973, 5648071.192396278493106 ], [ 685083.898262923466973, 5648628.746065429411829 ], [ 685689.076307981158607, 5648628.746065429411829 ], [ 685689.076307981158607, 5648071.192396278493106 ], [ 685083.898262923466973, 5648071.192396278493106 ] ] ] ] } },
{ "type": "Feature", "properties": { }, "geometry": { "type": "MultiPolygon", "coordinates": [ [ [ [ 685689.076307981158607, 5648071.192396278493106 ], [ 685689.076307981158607, 5648628.746065429411829 ], [ 686294.25435303885024, 5648628.746065429411829 ], [ 686294.25435303885024, 5648071.192396278493106 ], [ 685689.076307981158607, 5648071.192396278493106 ] ] ] ] } },
{ "type": "Feature", "properties": { }, "geometry": { "type": "MultiPolygon", "coordinates": [ [ [ [ 686294.254353038733825, 5648071.192396278493106 ], [ 686294.254353038733825, 5648628.746065429411829 ], [ 686899.432398096425459, 5648628.746065429411829 ], [ 686899.432398096425459, 5648071.192396278493106 ], [ 686294.254353038733825, 5648071.192396278493106 ] ] ] ] } },
{ "type": "Feature", "properties": { }, "geometry": { "type": "MultiPolygon", "coordinates": [ [ [ [ 686899.432398096309043, 5648071.192396278493106 ], [ 686899.432398096309043, 5648628.746065429411829 ], [ 687504.610443154000677, 5648628.746065429411829 ], [ 687504.610443154000677, 5648071.192396278493106 ], [ 686899.432398096309043, 5648071.192396278493106 ] ] ] ] } },
{ "type": "Feature", "properties": { }, "geometry": { "type": "MultiPolygon", "coordinates": [ [ [ [ 687504.610443153884262, 5648071.192396278493106 ], [ 687504.610443153884262, 5648628.746065429411829 ], [ 688109.788488211575896, 5648628.746065429411829 ], [ 688109.788488211575896, 5648071.192396278493106 ], [ 687504.610443153884262, 5648071.192396278493106 ] ] ] ] } },
{ "type": "Feature", "properties": { }, "geometry": { "type": "MultiPolygon", "coordinates": [ [ [ [ 688109.78848821145948, 5648071.192396278493106 ], [ 688109.78848821145948, 5648628.746065429411829 ], [ 688714.966533269151114, 5648628.746065429411829 ], [ 688714.966533269151114, 5648071.192396278493106 ], [ 688109.78848821145948, 5648071.192396278493106 ] ] ] ] } },
{ "type": "Feature", "properties": { }, "geometry": { "type": "MultiPolygon", "coordinates": [ [ [ [ 688714.966533269034699, 5648071.192396278493106 ], [ 688714.966533269034699, 5648628.746065429411829 ], [ 689320.144578326726332, 5648628.746065429411829 ], [ 689320.144578326726332, 5648071.192396278493106 ], [ 688714.966533269034699, 5648071.192396278493106 ] ] ] ] } },
{ "type": "Feature", "properties": { }, "geometry": { "type": "MultiPolygon", "coordinates": [ [ [ [ 689320.144578326609917, 5648071.192396278493106 ], [ 689320.144578326609917, 5648628.746065429411829 ], [ 689925.322623384301551, 5648628.746065429411829 ], [ 689925.322623384301551, 5648071.192396278493106 ], [ 689320.144578326609917, 5648071.192396278493106 ] ] ] ] } },
{ "type": "Feature", "properties": { }, "geometry": { "type": "MultiPolygon", "coordinates": [ [ [ [ 689925.322623384185135, 5648071.192396278493106 ], [ 689925.322623384185135, 5648628.746065429411829 ], [ 690530.500668441876769, 5648628.746065429411829 ], [ 690530.500668441876769, 5648071.192396278493106 ], [ 689925.322623384185135, 5648071.192396278493106 ] ] ] ] } },
{ "type": "Feature", "properties": { }, "geometry": { "type": "MultiPolygon", "coordinates": [ [ [ [ 690530.500668441760354, 5648071.192396278493106 ], [ 690530.500668441760354, 5648628.746065429411829 ], [ 691135.678713499451987, 5648628.746065429411829 ], [ 691135.678713499451987, 5648071.192396278493106 ], [ 690530.500668441760354, 5648071.192396278493106 ] ] ] ] } },
{ "type": "Feature", "properties": { }, "geometry": { "type": "MultiPolygon", "coordinates": [ [ [ [ 691135.678713499335572, 5648071.192396278493106 ], [ 691135.678713499335572, 5648628.746065429411829 ], [ 691740.856758557027206, 5648628.746065429411829 ], [ 691740.856758557027206, 5648071.192396278493106 ], [ 691135.678713499335572, 5648071.192396278493106 ] ] ] ] } },
{ "type": "Feature", "properties": { }, "geometry": { "type": "MultiPolygon", "coordinates": [ [ [ [ 679637.295857405290008, 5647513.638727127574384 ], [ 679637.295857405290008, 5648071.192396278493106 ], [ 680242.473902462981641, 5648071.192396278493106 ], [ 680242.473902462981641, 5647513.638727127574384 ], [ 679637.295857405290008, 5647513.638727127574384 ] ] ] ] } },
{ "type": "Feature", "properties": { }, "geometry": { "type": "MultiPolygon", "coordinates": [ [ [ [ 680242.473902462865226, 5647513.638727127574384 ], [ 680242.473902462865226, 5648071.192396278493106 ], [ 680847.65194752055686, 5648071.192396278493106 ], [ 680847.65194752055686, 5647513.638727127574384 ], [ 680242.473902462865226, 5647513.638727127574384 ] ] ] ] } },
{ "type": "Feature", "properties": { }, "geometry": { "type": "MultiPolygon", "coordinates": [ [ [ [ 680847.651947520440444, 5647513.638727127574384 ], [ 680847.651947520440444, 5648071.192396278493106 ], [ 681452.829992578132078, 5648071.192396278493106 ], [ 681452.829992578132078, 5647513.638727127574384 ], [ 680847.651947520440444, 5647513.638727127574384 ] ] ] ] } },
{ "type": "Feature", "properties": { }, "geometry": { "type": "MultiPolygon", "coordinates": [ [ [ [ 681452.829992578015663, 5647513.638727127574384 ], [ 681452.829992578015663, 5648071.192396278493106 ], [ 682058.008037635707296, 5648071.192396278493106 ], [ 682058.008037635707296, 5647513.638727127574384 ], [ 681452.829992578015663, 5647513.638727127574384 ] ] ] ] } },
{ "type": "Feature", "properties": { }, "geometry": { "type": "MultiPolygon", "coordinates": [ [ [ [ 682058.008037635590881, 5647513.638727127574384 ], [ 682058.008037635590881, 5648071.192396278493106 ], [ 682663.186082693282515, 5648071.192396278493106 ], [ 682663.186082693282515, 5647513.638727127574384 ], [ 682058.008037635590881, 5647513.638727127574384 ] ] ] ] } },
{ "type": "Feature", "properties": { }, "geometry": { "type": "MultiPolygon", "coordinates": [ [ [ [ 682663.186082693166099, 5647513.638727127574384 ], [ 682663.186082693166099, 5648071.192396278493106 ], [ 683268.364127750857733, 5648071.192396278493106 ], [ 683268.364127750857733, 5647513.638727127574384 ], [ 682663.186082693166099, 5647513.638727127574384 ] ] ] ] } },
{ "type": "Feature", "properties": { }, "geometry": { "type": "MultiPolygon", "coordinates": [ [ [ [ 683268.364127750741318, 5647513.638727127574384 ], [ 683268.364127750741318, 5648071.192396278493106 ], [ 683873.542172808432952, 5648071.192396278493106 ], [ 683873.542172808432952, 5647513.638727127574384 ], [ 683268.364127750741318, 5647513.638727127574384 ] ] ] ] } },
{ "type": "Feature", "properties": { }, "geometry": { "type": "MultiPolygon", "coordinates": [ [ [ [ 683873.542172808316536, 5647513.638727127574384 ], [ 683873.542172808316536, 5648071.192396278493106 ], [ 684478.72021786600817, 5648071.192396278493106 ], [ 684478.72021786600817, 5647513.638727127574384 ], [ 683873.542172808316536, 5647513.638727127574384 ] ] ] ] } },
{ "type": "Feature", "properties": { }, "geometry": { "type": "MultiPolygon", "coordinates": [ [ [ [ 684478.720217865891755, 5647513.638727127574384 ], [ 684478.720217865891755, 5648071.192396278493106 ], [ 685083.898262923583388, 5648071.192396278493106 ], [ 685083.898262923583388, 5647513.638727127574384 ], [ 684478.720217865891755, 5647513.638727127574384 ] ] ] ] } },
{ "type": "Feature", "properties": { }, "geometry": { "type": "MultiPolygon", "coordinates": [ [ [ [ 685083.898262923466973, 5647513.638727127574384 ], [ 685083.898262923466973, 5648071.192396278493106 ], [ 685689.076307981158607, 5648071.192396278493106 ], [ 685689.076307981158607, 5647513.638727127574384 ], [ 685083.898262923466973, 5647513.638727127574384 ] ] ] ] } },
{ "type": "Feature", "properties": { }, "geometry": { "type": "MultiPolygon", "coordinates": [ [ [ [ 685689.076307981158607, 5647513.638727127574384 ], [ 685689.076307981158607, 5648071.192396278493106 ], [ 686294.25435303885024, 5648071.192396278493106 ], [ 686294.25435303885024, 5647513.638727127574384 ], [ 685689.076307981158607, 5647513.638727127574384 ] ] ] ] } },
{ "type": "Feature", "properties": { }, "geometry": { "type": "MultiPolygon", "coordinates": [ [ [ [ 686294.254353038733825, 5647513.638727127574384 ], [ 686294.254353038733825, 5648071.192396278493106 ], [ 686899.432398096425459, 5648071.192396278493106 ], [ 686899.432398096425459, 5647513.638727127574384 ], [ 686294.254353038733825, 5647513.638727127574384 ] ] ] ] } },
{ "type": "Feature", "properties": { }, "geometry": { "type": "MultiPolygon", "coordinates": [ [ [ [ 686899.432398096309043, 5647513.638727127574384 ], [ 686899.432398096309043, 5648071.192396278493106 ], [ 687504.610443154000677, 5648071.192396278493106 ], [ 687504.610443154000677, 5647513.638727127574384 ], [ 686899.432398096309043, 5647513.638727127574384 ] ] ] ] } },
{ "type": "Feature", "properties": { }, "geometry": { "type": "MultiPolygon", "coordinates": [ [ [ [ 687504.610443153884262, 5647513.638727127574384 ], [ 687504.610443153884262, 5648071.192396278493106 ], [ 688109.788488211575896, 5648071.192396278493106 ], [ 688109.788488211575896, 5647513.638727127574384 ], [ 687504.610443153884262, 5647513.638727127574384 ] ] ] ] } },
{ "type": "Feature", "properties": { }, "geometry": { "type": "MultiPolygon", "coordinates": [ [ [ [ 688109.78848821145948, 5647513.638727127574384 ], [ 688109.78848821145948, 5648071.192396278493106 ], [ 688714.966533269151114, 5648071.192396278493106 ], [ 688714.966533269151114, 5647513.638727127574384 ], [ 688109.78848821145948, 5647513.638727127574384 ] ] ] ] } },
{ "type": "Feature", "properties": { }, "geometry": { "type": "MultiPolygon", "coordinates": [ [ [ [ 688714.966533269034699, 5647513.638727127574384 ], [ 688714.966533269034699, 5648071.192396278493106 ], [ 689320.144578326726332, 5648071.192396278493106 ], [ 689320.144578326726332, 5647513.638727127574384 ], [ 688714.966533269034699, 5647513.638727127574384 ] ] ] ] } },
{ "type": "Feature", "properties": { }, "geometry": { "type": "MultiPolygon", "coordinates": [ [ [ [ 689320.144578326609917, 5647513.638727127574384 ], [ 689320.144578326609917, 5648071.192396278493106 ], [ 689925.322623384301551, 5648071.192396278493106 ], [ 689925.322623384301551, 5647513.638727127574384 ], [ 689320.144578326609917, 5647513.638727127574384 ] ] ] ] } },
{ "type": "Feature", "properties": { }, "geometry": { "type": "MultiPolygon", "coordinates": [ [ [ [ 689925.322623384185135, 5647513.638727127574384 ], [ 689925.322623384185135, 5648071.192396278493106 ], [ 690530.500668441876769, 5648071.192396278493106 ], [ 690530.500668441876769, 5647513.638727127574384 ], [ 689925.322623384185135, 5647513.638727127574384 ] ] ] ] } },
{ "type": "Feature", "properties": { }, "geometry": { "type": "MultiPolygon", "coordinates": [ [ [ [ 690530.500668441760354, 5647513.638727127574384 ], [ 690530.500668441760354, 5648071.192396278493106 ], [ 691135.678713499451987, 5648071.192396278493106 ], [ 691135.678713499451987, 5647513.638727127574384 ], [ 690530.500668441760354, 5647513.638727127574384 ] ] ] ] } },
{ "type": "Feature", "properties": { }, "geometry": { "type": "MultiPolygon", "coordinates": [ [ [ [ 691135.678713499335572, 5647513.638727127574384 ], [ 691135.678713499335572, 5648071.192396278493106 ], [ 691740.856758557027206, 5648071.192396278493106 ], [ 691740.856758557027206, 5647513.638727127574384 ], [ 691135.678713499335572, 5647513.638727127574384 ] ] ] ] } },
{ "type": "Feature", "properties": { }, "geometry": { "type": "MultiPolygon", "coordinates": [ [ [ [ 679637.295857405290008, 5646956.085057976655662 ], [ 679637.295857405290008, 5647513.638727127574384 ], [ 680242.473902462981641, 5647513.638727127574384 ], [ 680242.473902462981641, 5646956.085057976655662 ], [ 679637.295857405290008, 5646956.085057976655662 ] ] ] ] } },
{ "type": "Feature", "properties": { }, "geometry": { "type": "MultiPolygon", "coordinates": [ [ [ [ 680242.473902462865226, 5646956.085057976655662 ], [ 680242.473902462865226, 5647513.638727127574384 ], [ 680847.65194752055686, 5647513.638727127574384 ], [ 680847.65194752055686, 5646956.085057976655662 ], [ 680242.473902462865226, 5646956.085057976655662 ] ] ] ] } },
{ "type": "Feature", "properties": { }, "geometry": { "type": "MultiPolygon", "coordinates": [ [ [ [ 680847.651947520440444, 5646956.085057976655662 ], [ 680847.651947520440444, 5647513.638727127574384 ], [ 681452.829992578132078, 5647513.638727127574384 ], [ 681452.829992578132078, 5646956.085057976655662 ], [ 680847.651947520440444, 5646956.085057976655662 ] ] ] ] } },
{ "type": "Feature", "properties": { }, "geometry": { "type": "MultiPolygon", "coordinates": [ [ [ [ 681452.829992578015663, 5646956.085057976655662 ], [ 681452.829992578015663, 5647513.638727127574384 ], [ 682058.008037635707296, 5647513.638727127574384 ], [ 682058.008037635707296, 5646956.085057976655662 ], [ 681452.829992578015663, 5646956.085057976655662 ] ] ] ] } },
{ "type": "Feature", "properties": { }, "geometry": { "type": "MultiPolygon", "coordinates": [ [ [ [ 682058.008037635590881, 5646956.085057976655662 ], [ 682058.008037635590881, 5647513.638727127574384 ], [ 682663.186082693282515, 5647513.638727127574384 ], [ 682663.186082693282515, 5646956.085057976655662 ], [ 682058.008037635590881, 5646956.085057976655662 ] ] ] ] } },
{ "type": "Feature", "properties": { }, "geometry": { "type": "MultiPolygon", "coordinates": [ [ [ [ 682663.186082693166099, 5646956.085057976655662 ], [ 682663.186082693166099, 5647513.638727127574384 ], [ 683268.364127750857733, 5647513.638727127574384 ], [ 683268.364127750857733, 5646956.085057976655662 ], [ 682663.186082693166099, 5646956.085057976655662 ] ] ] ] } },
{ "type": "Feature", "properties": { }, "geometry": { "type": "MultiPolygon", "coordinates": [ [ [ [ 683268.364127750741318, 5646956.085057976655662 ], [ 683268.364127750741318, 5647513.638727127574384 ], [ 683873.542172808432952, 5647513.638727127574384 ], [ 683873.542172808432952, 5646956.085057976655662 ], [ 683268.364127750741318, 5646956.085057976655662 ] ] ] ] } },
{ "type": "Feature", "properties": { }, "geometry": { "type": "MultiPolygon", "coordinates": [ [ [ [ 683873.542172808316536, 5646956.085057976655662 ], [ 683873.542172808316536, 5647513.638727127574384 ], [ 684478.72021786600817, 5647513.638727127574384 ], [ 684478.72021786600817, 5646956.085057976655662 ], [ 683873.542172808316536, 5646956.085057976655662 ] ] ] ] } },
{ "type": "Feature", "properties": { }, "geometry": { "type": "MultiPolygon", "coordinates": [ [ [ [ 684478.720217865891755, 5646956.085057976655662 ], [ 684478.720217865891755, 5647513.638727127574384 ], [ 685083.898262923583388, 5647513.638727127574384 ], [ 685083.898262923583388, 5646956.085057976655662 ], [ 684478.720217865891755, 5646956.085057976655662 ] ] ] ] } },
{ "type": "Feature", "properties": { }, "geometry": { "type": "MultiPolygon", "coordinates": [ [ [ [ 685083.898262923466973, 5646956.085057976655662 ], [ 685083.898262923466973, 5647513.638727127574384 ], [ 685689.076307981158607, 5647513.638727127574384 ], [ 685689.076307981158607, 5646956.085057976655662 ], [ 685083.898262923466973, 5646956.085057976655662 ] ] ] ] } },
{ "type": "Feature", "properties": { }, "geometry": { "type": "MultiPolygon", "coordinates": [ [ [ [ 685689.076307981158607, 5646956.085057976655662 ], [ 685689.076307981158607, 5647513.638727127574384 ], [ 686294.25435303885024, 5647513.638727127574384 ], [ 686294.25435303885024, 5646956.085057976655662 ], [ 685689.076307981158607, 5646956.085057976655662 ] ] ] ] } },
{ "type": "Feature", "properties": { }, "geometry": { "type": "MultiPolygon", "coordinates": [ [ [ [ 686294.254353038733825, 5646956.085057976655662 ], [ 686294.254353038733825, 5647513.638727127574384 ], [ 686899.432398096425459, 5647513.638727127574384 ], [ 686899.432398096425459, 5646956.085057976655662 ], [ 686294.254353038733825, 5646956.085057976655662 ] ] ] ] } },
{ "type": "Feature", "properties": { }, "geometry": { "type": "MultiPolygon", "coordinates": [ [ [ [ 686899.432398096309043, 5646956.085057976655662 ], [ 686899.432398096309043, 5647513.638727127574384 ], [ 687504.610443154000677, 5647513.638727127574384 ], [ 687504.610443154000677, 5646956.085057976655662 ], [ 686899.432398096309043, 5646956.085057976655662 ] ] ] ] } },
{ "type": "Feature", "properties": { }, "geometry": { "type": "MultiPolygon", "coordinates": [ [ [ [ 687504.610443153884262, 5646956.085057976655662 ], [ 687504.610443153884262, 5647513.638727127574384 ], [ 688109.788488211575896, 5647513.638727127574384 ], [ 688109.788488211575896, 5646956.085057976655662 ], [ 687504.610443153884262, 5646956.085057976655662 ] ] ] ] } },
{ "type": "Feature", "properties": { }, "geometry": { "type": "MultiPolygon", "coordinates": [ [ [ [ 688109.78848821145948, 5646956.085057976655662 ], [ 688109.78848821145948, 5647513.638727127574384 ], [ 688714.966533269151114, 5647513.638727127574384 ], [ 688714.966533269151114, 5646956.085057976655662 ], [ 688109.78848821145948, 5646956.085057976655662 ] ] ] ] } },
{ "type": "Feature", "properties": { }, "geometry": { "type": "MultiPolygon", "coordinates": [ [ [ [ 688714.966533269034699, 5646956.085057976655662 ], [ 688714.966533269034699, 5647513.638727127574384 ], [ 689320.144578326726332, 5647513.638727127574384 ], [ 689320.144578326726332, 5646956.085057976655662 ], [ 688714.966533269034699, 5646956.085057976655662 ] ] ] ] } },
{ "type": "Feature", "properties": { }, "geometry": { "type": "MultiPolygon", "coordinates": [ [ [ [ 689320.144578326609917, 5646956.085057976655662 ], [ 689320.144578326609917, 5647513.638727127574384 ], [ 689925.322623384301551, 5647513.638727127574384 ], [ 689925.322623384301551, 5646956.085057976655662 ], [ 689320.144578326609917, 5646956.085057976655662 ] ] ] ] } },
{ "type": "Feature", "properties": { }, "geometry": { "type": "MultiPolygon", "coordinates": [ [ [ [ 689925.322623384185135, 5646956.085057976655662 ], [ 689925.322623384185135, 5647513.638727127574384 ], [ 690530.500668441876769, 5647513.638727127574384 ], [ 690530.500668441876769, 5646956.085057976655662 ], [ 689925.322623384185135, 5646956.085057976655662 ] ] ] ] } },
{ "type": "Feature", "properties": { }, "geometry": { "type": "MultiPolygon", "coordinates": [ [ [ [ 690530.500668441760354, 5646956.085057976655662 ], [ 690530.500668441760354, 5647513.638727127574384 ], [ 691135.678713499451987, 5647513.638727127574384 ], [ 691135.678713499451987, 5646956.085057976655662 ], [ 690530.500668441760354, 5646956.085057976655662 ] ] ] ] } },
{ "type": "Feature", "properties": { }, "geometry": { "type": "MultiPolygon", "coordinates": [ [ [ [ 691135.678713499335572, 5646956.085057976655662 ], [ 691135.678713499335572, 5647513.638727127574384 ], [ 691740.856758557027206, 5647513.638727127574384 ], [ 691740.856758557027206, 5646956.085057976655662 ], [ 691135.678713499335572, 5646956.085057976655662 ] ] ] ] } },
{ "type": "Feature", "properties": { }, "geometry": { "type": "MultiPolygon", "coordinates": [ [ [ [ 679637.295857405290008, 5646398.53138882573694 ], [ 679637.295857405290008, 5646956.085057976655662 ], [ 680242.473902462981641, 5646956.085057976655662 ], [ 680242.473902462981641, 5646398.53138882573694 ], [ 679637.295857405290008, 5646398.53138882573694 ] ] ] ] } },
{ "type": "Feature", "properties": { }, "geometry": { "type": "MultiPolygon", "coordinates": [ [ [ [ 680242.473902462865226, 5646398.53138882573694 ], [ 680242.473902462865226, 5646956.085057976655662 ], [ 680847.65194752055686, 5646956.085057976655662 ], [ 680847.65194752055686, 5646398.53138882573694 ], [ 680242.473902462865226, 5646398.53138882573694 ] ] ] ] } },
{ "type": "Feature", "properties": { }, "geometry": { "type": "MultiPolygon", "coordinates": [ [ [ [ 680847.651947520440444, 5646398.53138882573694 ], [ 680847.651947520440444, 5646956.085057976655662 ], [ 681452.829992578132078, 5646956.085057976655662 ], [ 681452.829992578132078, 5646398.53138882573694 ], [ 680847.651947520440444, 5646398.53138882573694 ] ] ] ] } },
{ "type": "Feature", "properties": { }, "geometry": { "type": "MultiPolygon", "coordinates": [ [ [ [ 681452.829992578015663, 5646398.53138882573694 ], [ 681452.829992578015663, 5646956.085057976655662 ], [ 682058.008037635707296, 5646956.085057976655662 ], [ 682058.008037635707296, 5646398.53138882573694 ], [ 681452.829992578015663, 5646398.53138882573694 ] ] ] ] } },
{ "type": "Feature", "properties": { }, "geometry": { "type": "MultiPolygon", "coordinates": [ [ [ [ 682058.008037635590881, 5646398.53138882573694 ], [ 682058.008037635590881, 5646956.085057976655662 ], [ 682663.186082693282515, 5646956.085057976655662 ], [ 682663.186082693282515, 5646398.53138882573694 ], [ 682058.008037635590881, 5646398.53138882573694 ] ] ] ] } },
{ "type": "Feature", "properties": { }, "geometry": { "type": "MultiPolygon", "coordinates": [ [ [ [ 682663.186082693166099, 5646398.53138882573694 ], [ 682663.186082693166099, 5646956.085057976655662 ], [ 683268.364127750857733, 5646956.085057976655662 ], [ 683268.364127750857733, 5646398.53138882573694 ], [ 682663.186082693166099, 5646398.53138882573694 ] ] ] ] } },
{ "type": "Feature", "properties": { }, "geometry": { "type": "MultiPolygon", "coordinates": [ [ [ [ 683268.364127750741318, 5646398.53138882573694 ], [ 683268.364127750741318, 5646956.085057976655662 ], [ 683873.542172808432952, 5646956.085057976655662 ], [ 683873.542172808432952, 5646398.53138882573694 ], [ 683268.364127750741318, 5646398.53138882573694 ] ] ] ] } },
{ "type": "Feature", "properties": { }, "geometry": { "type": "MultiPolygon", "coordinates": [ [ [ [ 683873.542172808316536, 5646398.53138882573694 ], [ 683873.542172808316536, 5646956.085057976655662 ], [ 684478.72021786600817, 5646956.085057976655662 ], [ 684478.72021786600817, 5646398.53138882573694 ], [ 683873.542172808316536, 5646398.53138882573694 ] ] ] ] } },
{ "type": "Feature", "properties": { }, "geometry": { "type": "MultiPolygon", "coordinates": [ [ [ [ 684478.720217865891755, 5646398.53138882573694 ], [ 684478.720217865891755, 5646956.085057976655662 ], [ 685083.898262923583388, 5646956.085057976655662 ], [ 685083.898262923583388, 5646398.53138882573694 ], [ 684478.720217865891755, 5646398.53138882573694 ] ] ] ] } },
{ "type": "Feature", "properties": { }, "geometry": { "type": "MultiPolygon", "coordinates": [ [ [ [ 685083.898262923466973, 5646398.53138882573694 ], [ 685083.898262923466973, 5646956.085057976655662 ], [ 685689.076307981158607, 5646956.085057976655662 ], [ 685689.076307981158607, 5646398.53138882573694 ], [ 685083.898262923466973, 5646398.53138882573694 ] ] ] ] } },
{ "type": "Feature", "properties": { }, "geometry": { "type": "MultiPolygon", "coordinates": [ [ [ [ 685689.076307981158607, 5646398.53138882573694 ], [ 685689.076307981158607, 5646956.085057976655662 ], [ 686294.25435303885024, 5646956.085057976655662 ], [ 686294.25435303885024, 5646398.53138882573694 ], [ 685689.076307981158607, 5646398.53138882573694 ] ] ] ] } },
{ "type": "Feature", "properties": { }, "geometry": { "type": "MultiPolygon", "coordinates": [ [ [ [ 686294.254353038733825, 5646398.53138882573694 ], [ 686294.254353038733825, 5646956.085057976655662 ], [ 686899.432398096425459, 5646956.085057976655662 ], [ 686899.432398096425459, 5646398.53138882573694 ], [ 686294.254353038733825, 5646398.53138882573694 ] ] ] ] } },
{ "type": "Feature", "properties": { }, "geometry": { "type": "MultiPolygon", "coordinates": [ [ [ [ 686899.432398096309043, 5646398.53138882573694 ], [ 686899.432398096309043, 5646956.085057976655662 ], [ 687504.610443154000677, 5646956.085057976655662 ], [ 687504.610443154000677, 5646398.53138882573694 ], [ 686899.432398096309043, 5646398.53138882573694 ] ] ] ] } },
{ "type": "Feature", "properties": { }, "geometry": { "type": "MultiPolygon", "coordinates": [ [ [ [ 687504.610443153884262, 5646398.53138882573694 ], [ 687504.610443153884262, 5646956.085057976655662 ], [ 688109.788488211575896, 5646956.085057976655662 ], [ 688109.788488211575896, 5646398.53138882573694 ], [ 687504.610443153884262, 5646398.53138882573694 ] ] ] ] } },
{ "type": "Feature", "properties": { }, "geometry": { "type": "MultiPolygon", "coordinates": [ [ [ [ 688109.78848821145948, 5646398.53138882573694 ], [ 688109.78848821145948, 5646956.085057976655662 ], [ 688714.966533269151114, 5646956.085057976655662 ], [ 688714.966533269151114, 5646398.53138882573694 ], [ 688109.78848821145948, 5646398.53138882573694 ] ] ] ] } },
{ "type": "Feature", "properties": { }, "geometry": { "type": "MultiPolygon", "coordinates": [ [ [ [ 688714.966533269034699, 5646398.53138882573694 ], [ 688714.966533269034699, 5646956.085057976655662 ], [ 689320.144578326726332, 5646956.085057976655662 ], [ 689320.144578326726332, 5646398.53138882573694 ], [ 688714.966533269034699, 5646398.53138882573694 ] ] ] ] } },
{ "type": "Feature", "properties": { }, "geometry": { "type": "MultiPolygon", "coordinates": [ [ [ [ 689320.144578326609917, 5646398.53138882573694 ], [ 689320.144578326609917, 5646956.085057976655662 ], [ 689925.322623384301551, 5646956.085057976655662 ], [ 689925.322623384301551, 5646398.53138882573694 ], [ 689320.144578326609917, 5646398.53138882573694 ] ] ] ] } },
{ "type": "Feature", "properties": { }, "geometry": { "type": "MultiPolygon", "coordinates": [ [ [ [ 689925.322623384185135, 5646398.53138882573694 ], [ 689925.322623384185135, 5646956.085057976655662 ], [ 690530.500668441876769, 5646956.085057976655662 ], [ 690530.500668441876769, 5646398.53138882573694 ], [ 689925.322623384185135, 5646398.53138882573694 ] ] ] ] } },
{ "type": "Feature", "properties": { }, "geometry": { "type": "MultiPolygon", "coordinates": [ [ [ [ 690530.500668441760354, 5646398.53138882573694 ], [ 690530.500668441760354, 5646956.085057976655662 ], [ 691135.678713499451987, 5646956.085057976655662 ], [ 691135.678713499451987, 5646398.53138882573694 ], [ 690530.500668441760354, 5646398.53138882573694 ] ] ] ] } },
{ "type": "Feature", "properties": { }, "geometry": { "type": "MultiPolygon", "coordinates": [ [ [ [ 691135.678713499335572, 5646398.53138882573694 ], [ 691135.678713499335572, 5646956.085057976655662 ], [ 691740.856758557027206, 5646956.085057976655662 ], [ 691740.856758557027206, 5646398.53138882573694 ], [ 691135.678713499335572, 5646398.53138882573694 ] ] ] ] } },
{ "type": "Feature", "properties": { }, "geometry": { "type": "MultiPolygon", "coordinates": [ [ [ [ 679637.295857405290008, 5645840.977719674818218 ], [ 679637.295857405290008, 5646398.53138882573694 ], [ 680242.473902462981641, 5646398.53138882573694 ], [ 680242.473902462981641, 5645840.977719674818218 ], [ 679637.295857405290008, 5645840.977719674818218 ] ] ] ] } },
{ "type": "Feature", "properties": { }, "geometry": { "type": "MultiPolygon", "coordinates": [ [ [ [ 680242.473902462865226, 5645840.977719674818218 ], [ 680242.473902462865226, 5646398.53138882573694 ], [ 680847.65194752055686, 5646398.53138882573694 ], [ 680847.65194752055686, 5645840.977719674818218 ], [ 680242.473902462865226, 5645840.977719674818218 ] ] ] ] } },
{ "type": "Feature", "properties": { }, "geometry": { "type": "MultiPolygon", "coordinates": [ [ [ [ 680847.651947520440444, 5645840.977719674818218 ], [ 680847.651947520440444, 5646398.53138882573694 ], [ 681452.829992578132078, 5646398.53138882573694 ], [ 681452.829992578132078, 5645840.977719674818218 ], [ 680847.651947520440444, 5645840.977719674818218 ] ] ] ] } },
{ "type": "Feature", "properties": { }, "geometry": { "type": "MultiPolygon", "coordinates": [ [ [ [ 681452.829992578015663, 5645840.977719674818218 ], [ 681452.829992578015663, 5646398.53138882573694 ], [ 682058.008037635707296, 5646398.53138882573694 ], [ 682058.008037635707296, 5645840.977719674818218 ], [ 681452.829992578015663, 5645840.977719674818218 ] ] ] ] } },
{ "type": "Feature", "properties": { }, "geometry": { "type": "MultiPolygon", "coordinates": [ [ [ [ 682058.008037635590881, 5645840.977719674818218 ], [ 682058.008037635590881, 5646398.53138882573694 ], [ 682663.186082693282515, 5646398.53138882573694 ], [ 682663.186082693282515, 5645840.977719674818218 ], [ 682058.008037635590881, 5645840.977719674818218 ] ] ] ] } },
{ "type": "Feature", "properties": { }, "geometry": { "type": "MultiPolygon", "coordinates": [ [ [ [ 682663.186082693166099, 5645840.977719674818218 ], [ 682663.186082693166099, 5646398.53138882573694 ], [ 683268.364127750857733, 5646398.53138882573694 ], [ 683268.364127750857733, 5645840.977719674818218 ], [ 682663.186082693166099, 5645840.977719674818218 ] ] ] ] } },
{ "type": "Feature", "properties": { }, "geometry": { "type": "MultiPolygon", "coordinates": [ [ [ [ 683268.364127750741318, 5645840.977719674818218 ], [ 683268.364127750741318, 5646398.53138882573694 ], [ 683873.542172808432952, 5646398.53138882573694 ], [ 683873.542172808432952, 5645840.977719674818218 ], [ 683268.364127750741318, 5645840.977719674818218 ] ] ] ] } },
{ "type": "Feature", "properties": { }, "geometry": { "type": "MultiPolygon", "coordinates": [ [ [ [ 683873.542172808316536, 5645840.977719674818218 ], [ 683873.542172808316536, 5646398.53138882573694 ], [ 684478.72021786600817, 5646398.53138882573694 ], [ 684478.72021786600817, 5645840.977719674818218 ], [ 683873.542172808316536, 5645840.977719674818218 ] ] ] ] } },
{ "type": "Feature", "properties": { }, "geometry": { "type": "MultiPolygon", "coordinates": [ [ [ [ 684478.720217865891755, 5645840.977719674818218 ], [ 684478.720217865891755, 5646398.53138882573694 ], [ 685083.898262923583388, 5646398.53138882573694 ], [ 685083.898262923583388, 5645840.977719674818218 ], [ 684478.720217865891755, 5645840.977719674818218 ] ] ] ] } },
{ "type": "Feature", "properties": { }, "geometry": { "type": "MultiPolygon", "coordinates": [ [ [ [ 685083.898262923466973, 5645840.977719674818218 ], [ 685083.898262923466973, 5646398.53138882573694 ], [ 685689.076307981158607, 5646398.53138882573694 ], [ 685689.076307981158607, 5645840.977719674818218 ], [ 685083.898262923466973, 5645840.977719674818218 ] ] ] ] } },
{ "type": "Feature", "properties": { }, "geometry": { "type": "MultiPolygon", "coordinates": [ [ [ [ 685689.076307981158607, 5645840.977719674818218 ], [ 685689.076307981158607, 5646398.53138882573694 ], [ 686294.25435303885024, 5646398.53138882573694 ], [ 686294.25435303885024, 5645840.977719674818218 ], [ 685689.076307981158607, 5645840.977719674818218 ] ] ] ] } },
{ "type": "Feature", "properties": { }, "geometry": { "type": "MultiPolygon", "coordinates": [ [ [ [ 686294.254353038733825, 5645840.977719674818218 ], [ 686294.254353038733825, 5646398.53138882573694 ], [ 686899.432398096425459, 5646398.53138882573694 ], [ 686899.432398096425459, 5645840.977719674818218 ], [ 686294.254353038733825, 5645840.977719674818218 ] ] ] ] } },
{ "type": "Feature", "properties": { }, "geometry": { "type": "MultiPolygon", "coordinates": [ [ [ [ 686899.432398096309043, 5645840.977719674818218 ], [ 686899.432398096309043, 5646398.53138882573694 ], [ 687504.610443154000677, 5646398.53138882573694 ], [ 687504.610443154000677, 5645840.977719674818218 ], [ 686899.432398096309043, 5645840.977719674818218 ] ] ] ] } },
{ "type": "Feature", "properties": { }, "geometry": { "type": "MultiPolygon", "coordinates": [ [ [ [ 687504.610443153884262, 5645840.977719674818218 ], [ 687504.610443153884262, 5646398.53138882573694 ], [ 688109.788488211575896, 5646398.53138882573694 ], [ 688109.788488211575896, 5645840.977719674818218 ], [ 687504.610443153884262, 5645840.977719674818218 ] ] ] ] } },
{ "type": "Feature", "properties": { }, "geometry": { "type": "MultiPolygon", "coordinates": [ [ [ [ 688109.78848821145948, 5645840.977719674818218 ], [ 688109.78848821145948, 5646398.53138882573694 ], [ 688714.966533269151114, 5646398.53138882573694 ], [ 688714.966533269151114, 5645840.977719674818218 ], [ 688109.78848821145948, 5645840.977719674818218 ] ] ] ] } },
{ "type": "Feature", "properties": { }, "geometry": { "type": "MultiPolygon", "coordinates": [ [ [ [ 688714.966533269034699, 5645840.977719674818218 ], [ 688714.966533269034699, 5646398.53138882573694 ], [ 689320.144578326726332, 5646398.53138882573694 ], [ 689320.144578326726332, 5645840.977719674818218 ], [ 688714.966533269034699, 5645840.977719674818218 ] ] ] ] } },
{ "type": "Feature", "properties": { }, "geometry": { "type": "MultiPolygon", "coordinates": [ [ [ [ 689320.144578326609917, 5645840.977719674818218 ], [ 689320.144578326609917, 5646398.53138882573694 ], [ 689925.322623384301551, 5646398.53138882573694 ], [ 689925.322623384301551, 5645840.977719674818218 ], [ 689320.144578326609917, 5645840.977719674818218 ] ] ] ] } },
{ "type": "Feature", "properties": { }, "geometry": { "type": "MultiPolygon", "coordinates": [ [ [ [ 689925.322623384185135, 5645840.977719674818218 ], [ 689925.322623384185135, 5646398.53138882573694 ], [ 690530.500668441876769, 5646398.53138882573694 ], [ 690530.500668441876769, 5645840.977719674818218 ], [ 689925.322623384185135, 5645840.977719674818218 ] ] ] ] } },
{ "type": "Feature", "properties": { }, "geometry": { "type": "MultiPolygon", "coordinates": [ [ [ [ 690530.500668441760354, 5645840.977719674818218 ], [ 690530.500668441760354, 5646398.53138882573694 ], [ 691135.678713499451987, 5646398.53138882573694 ], [ 691135.678713499451987, 5645840.977719674818218 ], [ 690530.500668441760354, 5645840.977719674818218 ] ] ] ] } },
{ "type": "Feature", "properties": { }, "geometry": { "type": "MultiPolygon", "coordinates": [ [ [ [ 691135.678713499335572, 5645840.977719674818218 ], [ 691135.678713499335572, 5646398.53138882573694 ], [ 691740.856758557027206, 5646398.53138882573694 ], [ 691740.856758557027206, 5645840.977719674818218 ], [ 691135.678713499335572, 5645840.977719674818218 ] ] ] ] } },
{ "type": "Feature", "properties": { }, "geometry": { "type": "MultiPolygon", "coordinates": [ [ [ [ 679637.295857405290008, 5645283.424050523899496 ], [ 679637.295857405290008, 5645840.977719674818218 ], [ 680242.473902462981641, 5645840.977719674818218 ], [ 680242.473902462981641, 5645283.424050523899496 ], [ 679637.295857405290008, 5645283.424050523899496 ] ] ] ] } },
{ "type": "Feature", "properties": { }, "geometry": { "type": "MultiPolygon", "coordinates": [ [ [ [ 680242.473902462865226, 5645283.424050523899496 ], [ 680242.473902462865226, 5645840.977719674818218 ], [ 680847.65194752055686, 5645840.977719674818218 ], [ 680847.65194752055686, 5645283.424050523899496 ], [ 680242.473902462865226, 5645283.424050523899496 ] ] ] ] } },
{ "type": "Feature", "properties": { }, "geometry": { "type": "MultiPolygon", "coordinates": [ [ [ [ 680847.651947520440444, 5645283.424050523899496 ], [ 680847.651947520440444, 5645840.977719674818218 ], [ 681452.829992578132078, 5645840.977719674818218 ], [ 681452.829992578132078, 5645283.424050523899496 ], [ 680847.651947520440444, 5645283.424050523899496 ] ] ] ] } },
{ "type": "Feature", "properties": { }, "geometry": { "type": "MultiPolygon", "coordinates": [ [ [ [ 681452.829992578015663, 5645283.424050523899496 ], [ 681452.829992578015663, 5645840.977719674818218 ], [ 682058.008037635707296, 5645840.977719674818218 ], [ 682058.008037635707296, 5645283.424050523899496 ], [ 681452.829992578015663, 5645283.424050523899496 ] ] ] ] } },
{ "type": "Feature", "properties": { }, "geometry": { "type": "MultiPolygon", "coordinates": [ [ [ [ 682058.008037635590881, 5645283.424050523899496 ], [ 682058.008037635590881, 5645840.977719674818218 ], [ 682663.186082693282515, 5645840.977719674818218 ], [ 682663.186082693282515, 5645283.424050523899496 ], [ 682058.008037635590881, 5645283.424050523899496 ] ] ] ] } },
{ "type": "Feature", "properties": { }, "geometry": { "type": "MultiPolygon", "coordinates": [ [ [ [ 682663.186082693166099, 5645283.424050523899496 ], [ 682663.186082693166099, 5645840.977719674818218 ], [ 683268.364127750857733, 5645840.977719674818218 ], [ 683268.364127750857733, 5645283.424050523899496 ], [ 682663.186082693166099, 5645283.424050523899496 ] ] ] ] } },
{ "type": "Feature", "properties": { }, "geometry": { "type": "MultiPolygon", "coordinates": [ [ [ [ 683268.364127750741318, 5645283.424050523899496 ], [ 683268.364127750741318, 5645840.977719674818218 ], [ 683873.542172808432952, 5645840.977719674818218 ], [ 683873.542172808432952, 5645283.424050523899496 ], [ 683268.364127750741318, 5645283.424050523899496 ] ] ] ] } },
{ "type": "Feature", "properties": { }, "geometry": { "type": "MultiPolygon", "coordinates": [ [ [ [ 683873.542172808316536, 5645283.424050523899496 ], [ 683873.542172808316536, 5645840.977719674818218 ], [ 684478.72021786600817, 5645840.977719674818218 ], [ 684478.72021786600817, 5645283.424050523899496 ], [ 683873.542172808316536, 5645283.424050523899496 ] ] ] ] } },
{ "type": "Feature", "properties": { }, "geometry": { "type": "MultiPolygon", "coordinates": [ [ [ [ 684478.720217865891755, 5645283.424050523899496 ], [ 684478.720217865891755, 5645840.977719674818218 ], [ 685083.898262923583388, 5645840.977719674818218 ], [ 685083.898262923583388, 5645283.424050523899496 ], [ 684478.720217865891755, 5645283.424050523899496 ] ] ] ] } },
{ "type": "Feature", "properties": { }, "geometry": { "type": "MultiPolygon", "coordinates": [ [ [ [ 685083.898262923466973, 5645283.424050523899496 ], [ 685083.898262923466973, 5645840.977719674818218 ], [ 685689.076307981158607, 5645840.977719674818218 ], [ 685689.076307981158607, 5645283.424050523899496 ], [ 685083.898262923466973, 5645283.424050523899496 ] ] ] ] } },
{ "type": "Feature", "properties": { }, "geometry": { "type": "MultiPolygon", "coordinates": [ [ [ [ 685689.076307981158607, 5645283.424050523899496 ], [ 685689.076307981158607, 5645840.977719674818218 ], [ 686294.25435303885024, 5645840.977719674818218 ], [ 686294.25435303885024, 5645283.424050523899496 ], [ 685689.076307981158607, 5645283.424050523899496 ] ] ] ] } },
{ "type": "Feature", "properties": { }, "geometry": { "type": "MultiPolygon", "coordinates": [ [ [ [ 686294.254353038733825, 5645283.424050523899496 ], [ 686294.254353038733825, 5645840.977719674818218 ], [ 686899.432398096425459, 5645840.977719674818218 ], [ 686899.432398096425459, 5645283.424050523899496 ], [ 686294.254353038733825, 5645283.424050523899496 ] ] ] ] } },
{ "type": "Feature", "properties": { }, "geometry": { "type": "MultiPolygon", "coordinates": [ [ [ [ 686899.432398096309043, 5645283.424050523899496 ], [ 686899.432398096309043, 5645840.977719674818218 ], [ 687504.610443154000677, 5645840.977719674818218 ], [ 687504.610443154000677, 5645283.424050523899496 ], [ 686899.432398096309043, 5645283.424050523899496 ] ] ] ] } },
{ "type": "Feature", "properties": { }, "geometry": { "type": "MultiPolygon", "coordinates": [ [ [ [ 687504.610443153884262, 5645283.424050523899496 ], [ 687504.610443153884262, 5645840.977719674818218 ], [ 688109.788488211575896, 5645840.977719674818218 ], [ 688109.788488211575896, 5645283.424050523899496 ], [ 687504.610443153884262, 5645283.424050523899496 ] ] ] ] } },
{ "type": "Feature", "properties": { }, "geometry": { "type": "MultiPolygon", "coordinates": [ [ [ [ 688109.78848821145948, 5645283.424050523899496 ], [ 688109.78848821145948, 5645840.977719674818218 ], [ 688714.966533269151114, 5645840.977719674818218 ], [ 688714.966533269151114, 5645283.424050523899496 ], [ 688109.78848821145948, 5645283.424050523899496 ] ] ] ] } },
{ "type": "Feature", "properties": { }, "geometry": { "type": "MultiPolygon", "coordinates": [ [ [ [ 688714.966533269034699, 5645283.424050523899496 ], [ 688714.966533269034699, 5645840.977719674818218 ], [ 689320.144578326726332, 5645840.977719674818218 ], [ 689320.144578326726332, 5645283.424050523899496 ], [ 688714.966533269034699, 5645283.424050523899496 ] ] ] ] } },
{ "type": "Feature", "properties": { }, "geometry": { "type": "MultiPolygon", "coordinates": [ [ [ [ 689320.144578326609917, 5645283.424050523899496 ], [ 689320.144578326609917, 5645840.977719674818218 ], [ 689925.322623384301551, 5645840.977719674818218 ], [ 689925.322623384301551, 5645283.424050523899496 ], [ 689320.144578326609917, 5645283.424050523899496 ] ] ] ] } },
{ "type": "Feature", "properties": { }, "geometry": { "type": "MultiPolygon", "coordinates": [ [ [ [ 689925.322623384185135, 5645283.424050523899496 ], [ 689925.322623384185135, 5645840.977719674818218 ], [ 690530.500668441876769, 5645840.977719674818218 ], [ 690530.500668441876769, 5645283.424050523899496 ], [ 689925.322623384185135, 5645283.424050523899496 ] ] ] ] } },
{ "type": "Feature", "properties": { }, "geometry": { "type": "MultiPolygon", "coordinates": [ [ [ [ 690530.500668441760354, 5645283.424050523899496 ], [ 690530.500668441760354, 5645840.977719674818218 ], [ 691135.678713499451987, 5645840.977719674818218 ], [ 691135.678713499451987, 5645283.424050523899496 ], [ 690530.500668441760354, 5645283.424050523899496 ] ] ] ] } },
{ "type": "Feature", "properties": { }, "geometry": { "type": "MultiPolygon", "coordinates": [ [ [ [ 691135.678713499335572, 5645283.424050523899496 ], [ 691135.678713499335572, 5645840.977719674818218 ], [ 691740.856758557027206, 5645840.977719674818218 ], [ 691740.856758557027206, 5645283.424050523899496 ], [ 691135.678713499335572, 5645283.424050523899496 ] ] ] ] } },
{ "type": "Feature", "properties": { }, "geometry": { "type": "MultiPolygon", "coordinates": [ [ [ [ 679637.295857405290008, 5644725.870381372980773 ], [ 679637.295857405290008, 5645283.424050523899496 ], [ 680242.473902462981641, 5645283.424050523899496 ], [ 680242.473902462981641, 5644725.870381372980773 ], [ 679637.295857405290008, 5644725.870381372980773 ] ] ] ] } },
{ "type": "Feature", "properties": { }, "geometry": { "type": "MultiPolygon", "coordinates": [ [ [ [ 680242.473902462865226, 5644725.870381372980773 ], [ 680242.473902462865226, 5645283.424050523899496 ], [ 680847.65194752055686, 5645283.424050523899496 ], [ 680847.65194752055686, 5644725.870381372980773 ], [ 680242.473902462865226, 5644725.870381372980773 ] ] ] ] } },
{ "type": "Feature", "properties": { }, "geometry": { "type": "MultiPolygon", "coordinates": [ [ [ [ 680847.651947520440444, 5644725.870381372980773 ], [ 680847.651947520440444, 5645283.424050523899496 ], [ 681452.829992578132078, 5645283.424050523899496 ], [ 681452.829992578132078, 5644725.870381372980773 ], [ 680847.651947520440444, 5644725.870381372980773 ] ] ] ] } },
{ "type": "Feature", "properties": { }, "geometry": { "type": "MultiPolygon", "coordinates": [ [ [ [ 681452.829992578015663, 5644725.870381372980773 ], [ 681452.829992578015663, 5645283.424050523899496 ], [ 682058.008037635707296, 5645283.424050523899496 ], [ 682058.008037635707296, 5644725.870381372980773 ], [ 681452.829992578015663, 5644725.870381372980773 ] ] ] ] } },
{ "type": "Feature", "properties": { }, "geometry": { "type": "MultiPolygon", "coordinates": [ [ [ [ 682058.008037635590881, 5644725.870381372980773 ], [ 682058.008037635590881, 5645283.424050523899496 ], [ 682663.186082693282515, 5645283.424050523899496 ], [ 682663.186082693282515, 5644725.870381372980773 ], [ 682058.008037635590881, 5644725.870381372980773 ] ] ] ] } },
{ "type": "Feature", "properties": { }, "geometry": { "type": "MultiPolygon", "coordinates": [ [ [ [ 682663.186082693166099, 5644725.870381372980773 ], [ 682663.186082693166099, 5645283.424050523899496 ], [ 683268.364127750857733, 5645283.424050523899496 ], [ 683268.364127750857733, 5644725.870381372980773 ], [ 682663.186082693166099, 5644725.870381372980773 ] ] ] ] } },
{ "type": "Feature", "properties": { }, "geometry": { "type": "MultiPolygon", "coordinates": [ [ [ [ 683268.364127750741318, 5644725.870381372980773 ], [ 683268.364127750741318, 5645283.424050523899496 ], [ 683873.542172808432952, 5645283.424050523899496 ], [ 683873.542172808432952, 5644725.870381372980773 ], [ 683268.364127750741318, 5644725.870381372980773 ] ] ] ] } },
{ "type": "Feature", "properties": { }, "geometry": { "type": "MultiPolygon", "coordinates": [ [ [ [ 683873.542172808316536, 5644725.870381372980773 ], [ 683873.542172808316536, 5645283.424050523899496 ], [ 684478.72021786600817, 5645283.424050523899496 ], [ 684478.72021786600817, 5644725.870381372980773 ], [ 683873.542172808316536, 5644725.870381372980773 ] ] ] ] } },
{ "type": "Feature", "properties": { }, "geometry": { "type": "MultiPolygon", "coordinates": [ [ [ [ 684478.720217865891755, 5644725.870381372980773 ], [ 684478.720217865891755, 5645283.424050523899496 ], [ 685083.898262923583388, 5645283.424050523899496 ], [ 685083.898262923583388, 5644725.870381372980773 ], [ 684478.720217865891755, 5644725.870381372980773 ] ] ] ] } },
{ "type": "Feature", "properties": { }, "geometry": { "type": "MultiPolygon", "coordinates": [ [ [ [ 685083.898262923466973, 5644725.870381372980773 ], [ 685083.898262923466973, 5645283.424050523899496 ], [ 685689.076307981158607, 5645283.424050523899496 ], [ 685689.076307981158607, 5644725.870381372980773 ], [ 685083.898262923466973, 5644725.870381372980773 ] ] ] ] } },
{ "type": "Feature", "properties": { }, "geometry": { "type": "MultiPolygon", "coordinates": [ [ [ [ 685689.076307981158607, 5644725.870381372980773 ], [ 685689.076307981158607, 5645283.424050523899496 ], [ 686294.25435303885024, 5645283.424050523899496 ], [ 686294.25435303885024, 5644725.870381372980773 ], [ 685689.076307981158607, 5644725.870381372980773 ] ] ] ] } },
{ "type": "Feature", "properties": { }, "geometry": { "type": "MultiPolygon", "coordinates": [ [ [ [ 686294.254353038733825, 5644725.870381372980773 ], [ 686294.254353038733825, 5645283.424050523899496 ], [ 686899.432398096425459, 5645283.424050523899496 ], [ 686899.432398096425459, 5644725.870381372980773 ], [ 686294.254353038733825, 5644725.870381372980773 ] ] ] ] } },
{ "type": "Feature", "properties": { }, "geometry": { "type": "MultiPolygon", "coordinates": [ [ [ [ 686899.432398096309043, 5644725.870381372980773 ], [ 686899.432398096309043, 5645283.424050523899496 ], [ 687504.610443154000677, 5645283.424050523899496 ], [ 687504.610443154000677, 5644725.870381372980773 ], [ 686899.432398096309043, 5644725.870381372980773 ] ] ] ] } },
{ "type": "Feature", "properties": { }, "geometry": { "type": "MultiPolygon", "coordinates": [ [ [ [ 687504.610443153884262, 5644725.870381372980773 ], [ 687504.610443153884262, 5645283.424050523899496 ], [ 688109.788488211575896, 5645283.424050523899496 ], [ 688109.788488211575896, 5644725.870381372980773 ], [ 687504.610443153884262, 5644725.870381372980773 ] ] ] ] } },
{ "type": "Feature", "properties": { }, "geometry": { "type": "MultiPolygon", "coordinates": [ [ [ [ 688109.78848821145948, 5644725.870381372980773 ], [ 688109.78848821145948, 5645283.424050523899496 ], [ 688714.966533269151114, 5645283.424050523899496 ], [ 688714.966533269151114, 5644725.870381372980773 ], [ 688109.78848821145948, 5644725.870381372980773 ] ] ] ] } },
{ "type": "Feature", "properties": { }, "geometry": { "type": "MultiPolygon", "coordinates": [ [ [ [ 688714.966533269034699, 5644725.870381372980773 ], [ 688714.966533269034699, 5645283.424050523899496 ], [ 689320.144578326726332, 5645283.424050523899496 ], [ 689320.144578326726332, 5644725.870381372980773 ], [ 688714.966533269034699, 5644725.870381372980773 ] ] ] ] } },
{ "type": "Feature", "properties": { }, "geometry": { "type": "MultiPolygon", "coordinates": [ [ [ [ 689320.144578326609917, 5644725.870381372980773 ], [ 689320.144578326609917, 5645283.424050523899496 ], [ 689925.322623384301551, 5645283.424050523899496 ], [ 689925.322623384301551, 5644725.870381372980773 ], [ 689320.144578326609917, 5644725.870381372980773 ] ] ] ] } },
{ "type": "Feature", "properties": { }, "geometry": { "type": "MultiPolygon", "coordinates": [ [ [ [ 689925.322623384185135, 5644725.870381372980773 ], [ 689925.322623384185135, 5645283.424050523899496 ], [ 690530.500668441876769, 5645283.424050523899496 ], [ 690530.500668441876769, 5644725.870381372980773 ], [ 689925.322623384185135, 5644725.870381372980773 ] ] ] ] } },
{ "type": "Feature", "properties": { }, "geometry": { "type": "MultiPolygon", "coordinates": [ [ [ [ 690530.500668441760354, 5644725.870381372980773 ], [ 690530.500668441760354, 5645283.424050523899496 ], [ 691135.678713499451987, 5645283.424050523899496 ], [ 691135.678713499451987, 5644725.870381372980773 ], [ 690530.500668441760354, 5644725.870381372980773 ] ] ] ] } },
{ "type": "Feature", "properties": { }, "geometry": { "type": "MultiPolygon", "coordinates": [ [ [ [ 691135.678713499335572, 5644725.870381372980773 ], [ 691135.678713499335572, 5645283.424050523899496 ], [ 691740.856758557027206, 5645283.424050523899496 ], [ 691740.856758557027206, 5644725.870381372980773 ], [ 691135.678713499335572, 5644725.870381372980773 ] ] ] ] } },
{ "type": "Feature", "properties": { }, "geometry": { "type": "MultiPolygon", "coordinates": [ [ [ [ 679637.295857405290008, 5644168.316712222062051 ], [ 679637.295857405290008, 5644725.870381372980773 ], [ 680242.473902462981641, 5644725.870381372980773 ], [ 680242.473902462981641, 5644168.316712222062051 ], [ 679637.295857405290008, 5644168.316712222062051 ] ] ] ] } },
{ "type": "Feature", "properties": { }, "geometry": { "type": "MultiPolygon", "coordinates": [ [ [ [ 680242.473902462865226, 5644168.316712222062051 ], [ 680242.473902462865226, 5644725.870381372980773 ], [ 680847.65194752055686, 5644725.870381372980773 ], [ 680847.65194752055686, 5644168.316712222062051 ], [ 680242.473902462865226, 5644168.316712222062051 ] ] ] ] } },
{ "type": "Feature", "properties": { }, "geometry": { "type": "MultiPolygon", "coordinates": [ [ [ [ 680847.651947520440444, 5644168.316712222062051 ], [ 680847.651947520440444, 5644725.870381372980773 ], [ 681452.829992578132078, 5644725.870381372980773 ], [ 681452.829992578132078, 5644168.316712222062051 ], [ 680847.651947520440444, 5644168.316712222062051 ] ] ] ] } },
{ "type": "Feature", "properties": { }, "geometry": { "type": "MultiPolygon", "coordinates": [ [ [ [ 681452.829992578015663, 5644168.316712222062051 ], [ 681452.829992578015663, 5644725.870381372980773 ], [ 682058.008037635707296, 5644725.870381372980773 ], [ 682058.008037635707296, 5644168.316712222062051 ], [ 681452.829992578015663, 5644168.316712222062051 ] ] ] ] } },
{ "type": "Feature", "properties": { }, "geometry": { "type": "MultiPolygon", "coordinates": [ [ [ [ 682058.008037635590881, 5644168.316712222062051 ], [ 682058.008037635590881, 5644725.870381372980773 ], [ 682663.186082693282515, 5644725.870381372980773 ], [ 682663.186082693282515, 5644168.316712222062051 ], [ 682058.008037635590881, 5644168.316712222062051 ] ] ] ] } },
{ "type": "Feature", "properties": { }, "geometry": { "type": "MultiPolygon", "coordinates": [ [ [ [ 682663.186082693166099, 5644168.316712222062051 ], [ 682663.186082693166099, 5644725.870381372980773 ], [ 683268.364127750857733, 5644725.870381372980773 ], [ 683268.364127750857733, 5644168.316712222062051 ], [ 682663.186082693166099, 5644168.316712222062051 ] ] ] ] } },
{ "type": "Feature", "properties": { }, "geometry": { "type": "MultiPolygon", "coordinates": [ [ [ [ 683268.364127750741318, 5644168.316712222062051 ], [ 683268.364127750741318, 5644725.870381372980773 ], [ 683873.542172808432952, 5644725.870381372980773 ], [ 683873.542172808432952, 5644168.316712222062051 ], [ 683268.364127750741318, 5644168.316712222062051 ] ] ] ] } },
{ "type": "Feature", "properties": { }, "geometry": { "type": "MultiPolygon", "coordinates": [ [ [ [ 683873.542172808316536, 5644168.316712222062051 ], [ 683873.542172808316536, 5644725.870381372980773 ], [ 684478.72021786600817, 5644725.870381372980773 ], [ 684478.72021786600817, 5644168.316712222062051 ], [ 683873.542172808316536, 5644168.316712222062051 ] ] ] ] } },
{ "type": "Feature", "properties": { }, "geometry": { "type": "MultiPolygon", "coordinates": [ [ [ [ 684478.720217865891755, 5644168.316712222062051 ], [ 684478.720217865891755, 5644725.870381372980773 ], [ 685083.898262923583388, 5644725.870381372980773 ], [ 685083.898262923583388, 5644168.316712222062051 ], [ 684478.720217865891755, 5644168.316712222062051 ] ] ] ] } },
{ "type": "Feature", "properties": { }, "geometry": { "type": "MultiPolygon", "coordinates": [ [ [ [ 685083.898262923466973, 5644168.316712222062051 ], [ 685083.898262923466973, 5644725.870381372980773 ], [ 685689.076307981158607, 5644725.870381372980773 ], [ 685689.076307981158607, 5644168.316712222062051 ], [ 685083.898262923466973, 5644168.316712222062051 ] ] ] ] } },
{ "type": "Feature", "properties": { }, "geometry": { "type": "MultiPolygon", "coordinates": [ [ [ [ 685689.076307981158607, 5644168.316712222062051 ], [ 685689.076307981158607, 5644725.870381372980773 ], [ 686294.25435303885024, 5644725.870381372980773 ], [ 686294.25435303885024, 5644168.316712222062051 ], [ 685689.076307981158607, 5644168.316712222062051 ] ] ] ] } },
{ "type": "Feature", "properties": { }, "geometry": { "type": "MultiPolygon", "coordinates": [ [ [ [ 686294.254353038733825, 5644168.316712222062051 ], [ 686294.254353038733825, 5644725.870381372980773 ], [ 686899.432398096425459, 5644725.870381372980773 ], [ 686899.432398096425459, 5644168.316712222062051 ], [ 686294.254353038733825, 5644168.316712222062051 ] ] ] ] } },
{ "type": "Feature", "properties": { }, "geometry": { "type": "MultiPolygon", "coordinates": [ [ [ [ 686899.432398096309043, 5644168.316712222062051 ], [ 686899.432398096309043, 5644725.870381372980773 ], [ 687504.610443154000677, 5644725.870381372980773 ], [ 687504.610443154000677, 5644168.316712222062051 ], [ 686899.432398096309043, 5644168.316712222062051 ] ] ] ] } },
{ "type": "Feature", "properties": { }, "geometry": { "type": "MultiPolygon", "coordinates": [ [ [ [ 687504.610443153884262, 5644168.316712222062051 ], [ 687504.610443153884262, 5644725.870381372980773 ], [ 688109.788488211575896, 5644725.870381372980773 ], [ 688109.788488211575896, 5644168.316712222062051 ], [ 687504.610443153884262, 5644168.316712222062051 ] ] ] ] } },
{ "type": "Feature", "properties": { }, "geometry": { "type": "MultiPolygon", "coordinates": [ [ [ [ 688109.78848821145948, 5644168.316712222062051 ], [ 688109.78848821145948, 5644725.870381372980773 ], [ 688714.966533269151114, 5644725.870381372980773 ], [ 688714.966533269151114, 5644168.316712222062051 ], [ 688109.78848821145948, 5644168.316712222062051 ] ] ] ] } },
{ "type": "Feature", "properties": { }, "geometry": { "type": "MultiPolygon", "coordinates": [ [ [ [ 688714.966533269034699, 5644168.316712222062051 ], [ 688714.966533269034699, 5644725.870381372980773 ], [ 689320.144578326726332, 5644725.870381372980773 ], [ 689320.144578326726332, 5644168.316712222062051 ], [ 688714.966533269034699, 5644168.316712222062051 ] ] ] ] } },
{ "type": "Feature", "properties": { }, "geometry": { "type": "MultiPolygon", "coordinates": [ [ [ [ 689320.144578326609917, 5644168.316712222062051 ], [ 689320.144578326609917, 5644725.870381372980773 ], [ 689925.322623384301551, 5644725.870381372980773 ], [ 689925.322623384301551, 5644168.316712222062051 ], [ 689320.144578326609917, 5644168.316712222062051 ] ] ] ] } },
{ "type": "Feature", "properties": { }, "geometry": { "type": "MultiPolygon", "coordinates": [ [ [ [ 689925.322623384185135, 5644168.316712222062051 ], [ 689925.322623384185135, 5644725.870381372980773 ], [ 690530.500668441876769, 5644725.870381372980773 ], [ 690530.500668441876769, 5644168.316712222062051 ], [ 689925.322623384185135, 5644168.316712222062051 ] ] ] ] } },
{ "type": "Feature", "properties": { }, "geometry": { "type": "MultiPolygon", "coordinates": [ [ [ [ 690530.500668441760354, 5644168.316712222062051 ], [ 690530.500668441760354, 5644725.870381372980773 ], [ 691135.678713499451987, 5644725.870381372980773 ], [ 691135.678713499451987, 5644168.316712222062051 ], [ 690530.500668441760354, 5644168.316712222062051 ] ] ] ] } },
{ "type": "Feature", "properties": { }, "geometry": { "type": "MultiPolygon", "coordinates": [ [ [ [ 691135.678713499335572, 5644168.316712222062051 ], [ 691135.678713499335572, 5644725.870381372980773 ], [ 691740.856758557027206, 5644725.870381372980773 ], [ 691740.856758557027206, 5644168.316712222062051 ], [ 691135.678713499335572, 5644168.316712222062051 ] ] ] ] } }
]
}
