{
"type": "FeatureCollection",
"name": "Knepp_Tiling_Grid_2007",
"crs": { "type": "name", "properties": { "name": "urn:ogc:def:crs:EPSG::32630" } },
"features": [
{ "type": "Feature", "properties": { }, "geometry": { "type": "MultiPolygon", "coordinates": [ [ [ [ 682703.841037735459395, 5658547.625839625485241 ], [ 682703.841037735459395, 5658548.55509574059397 ], [ 682706.164178023696877, 5658548.55509574059397 ], [ 682706.164178023696877, 5658547.625839625485241 ], [ 682703.841037735459395, 5658547.625839625485241 ] ] ] ] } },
{ "type": "Feature", "properties": { }, "geometry": { "type": "MultiPolygon", "coordinates": [ [ [ [ 682706.164178023580462, 5658547.625839625485241 ], [ 682706.164178023580462, 5658548.55509574059397 ], [ 682708.487318311817944, 5658548.55509574059397 ], [ 682708.487318311817944, 5658547.625839625485241 ], [ 682706.164178023580462, 5658547.625839625485241 ] ] ] ] } },
{ "type": "Feature", "properties": { }, "geometry": { "type": "MultiPolygon", "coordinates": [ [ [ [ 682708.487318311701529, 5658547.625839625485241 ], [ 682708.487318311701529, 5658548.55509574059397 ], [ 682710.810458599939011, 5658548.55509574059397 ], [ 682710.810458599939011, 5658547.625839625485241 ], [ 682708.487318311701529, 5658547.625839625485241 ] ] ] ] } },
{ "type": "Feature", "properties": { }, "geometry": { "type": "MultiPolygon", "coordinates": [ [ [ [ 682710.810458599822596, 5658547.625839625485241 ], [ 682710.810458599822596, 5658548.55509574059397 ], [ 682713.133598888060078, 5658548.55509574059397 ], [ 682713.133598888060078, 5658547.625839625485241 ], [ 682710.810458599822596, 5658547.625839625485241 ] ] ] ] } },
{ "type": "Feature", "properties": { }, "geometry": { "type": "MultiPolygon", "coordinates": [ [ [ [ 682713.133598887943663, 5658547.625839625485241 ], [ 682713.133598887943663, 5658548.55509574059397 ], [ 682715.456739176181145, 5658548.55509574059397 ], [ 682715.456739176181145, 5658547.625839625485241 ], [ 682713.133598887943663, 5658547.625839625485241 ] ] ] ] } },
{ "type": "Feature", "properties": { }, "geometry": { "type": "MultiPolygon", "coordinates": [ [ [ [ 682715.45673917606473, 5658547.625839625485241 ], [ 682715.45673917606473, 5658548.55509574059397 ], [ 682717.779879464302212, 5658548.55509574059397 ], [ 682717.779879464302212, 5658547.625839625485241 ], [ 682715.45673917606473, 5658547.625839625485241 ] ] ] ] } },
{ "type": "Feature", "properties": { }, "geometry": { "type": "MultiPolygon", "coordinates": [ [ [ [ 682717.779879464185797, 5658547.625839625485241 ], [ 682717.779879464185797, 5658548.55509574059397 ], [ 682720.103019752423279, 5658548.55509574059397 ], [ 682720.103019752423279, 5658547.625839625485241 ], [ 682717.779879464185797, 5658547.625839625485241 ] ] ] ] } },
{ "type": "Feature", "properties": { }, "geometry": { "type": "MultiPolygon", "coordinates": [ [ [ [ 682720.103019752306864, 5658547.625839625485241 ], [ 682720.103019752306864, 5658548.55509574059397 ], [ 682722.426160040544346, 5658548.55509574059397 ], [ 682722.426160040544346, 5658547.625839625485241 ], [ 682720.103019752306864, 5658547.625839625485241 ] ] ] ] } },
{ "type": "Feature", "properties": { }, "geometry": { "type": "MultiPolygon", "coordinates": [ [ [ [ 682722.426160040427931, 5658547.625839625485241 ], [ 682722.426160040427931, 5658548.55509574059397 ], [ 682724.749300328665413, 5658548.55509574059397 ], [ 682724.749300328665413, 5658547.625839625485241 ], [ 682722.426160040427931, 5658547.625839625485241 ] ] ] ] } },
{ "type": "Feature", "properties": { }, "geometry": { "type": "MultiPolygon", "coordinates": [ [ [ [ 682724.749300328548998, 5658547.625839625485241 ], [ 682724.749300328548998, 5658548.55509574059397 ], [ 682727.07244061678648, 5658548.55509574059397 ], [ 682727.07244061678648, 5658547.625839625485241 ], [ 682724.749300328548998, 5658547.625839625485241 ] ] ] ] } },
{ "type": "Feature", "properties": { }, "geometry": { "type": "MultiPolygon", "coordinates": [ [ [ [ 682703.841037735459395, 5658546.696583510376513 ], [ 682703.841037735459395, 5658547.625839625485241 ], [ 682706.164178023696877, 5658547.625839625485241 ], [ 682706.164178023696877, 5658546.696583510376513 ], [ 682703.841037735459395, 5658546.696583510376513 ] ] ] ] } },
{ "type": "Feature", "properties": { }, "geometry": { "type": "MultiPolygon", "coordinates": [ [ [ [ 682706.164178023580462, 5658546.696583510376513 ], [ 682706.164178023580462, 5658547.625839625485241 ], [ 682708.487318311817944, 5658547.625839625485241 ], [ 682708.487318311817944, 5658546.696583510376513 ], [ 682706.164178023580462, 5658546.696583510376513 ] ] ] ] } },
{ "type": "Feature", "properties": { }, "geometry": { "type": "MultiPolygon", "coordinates": [ [ [ [ 682708.487318311701529, 5658546.696583510376513 ], [ 682708.487318311701529, 5658547.625839625485241 ], [ 682710.810458599939011, 5658547.625839625485241 ], [ 682710.810458599939011, 5658546.696583510376513 ], [ 682708.487318311701529, 5658546.696583510376513 ] ] ] ] } },
{ "type": "Feature", "properties": { }, "geometry": { "type": "MultiPolygon", "coordinates": [ [ [ [ 682710.810458599822596, 5658546.696583510376513 ], [ 682710.810458599822596, 5658547.625839625485241 ], [ 682713.133598888060078, 5658547.625839625485241 ], [ 682713.133598888060078, 5658546.696583510376513 ], [ 682710.810458599822596, 5658546.696583510376513 ] ] ] ] } },
{ "type": "Feature", "properties": { }, "geometry": { "type": "MultiPolygon", "coordinates": [ [ [ [ 682713.133598887943663, 5658546.696583510376513 ], [ 682713.133598887943663, 5658547.625839625485241 ], [ 682715.456739176181145, 5658547.625839625485241 ], [ 682715.456739176181145, 5658546.696583510376513 ], [ 682713.133598887943663, 5658546.696583510376513 ] ] ] ] } },
{ "type": "Feature", "properties": { }, "geometry": { "type": "MultiPolygon", "coordinates": [ [ [ [ 682715.45673917606473, 5658546.696583510376513 ], [ 682715.45673917606473, 5658547.625839625485241 ], [ 682717.779879464302212, 5658547.625839625485241 ], [ 682717.779879464302212, 5658546.696583510376513 ], [ 682715.45673917606473, 5658546.696583510376513 ] ] ] ] } },
{ "type": "Feature", "properties": { }, "geometry": { "type": "MultiPolygon", "coordinates": [ [ [ [ 682717.779879464185797, 5658546.696583510376513 ], [ 682717.779879464185797, 5658547.625839625485241 ], [ 682720.103019752423279, 5658547.625839625485241 ], [ 682720.103019752423279, 5658546.696583510376513 ], [ 682717.779879464185797, 5658546.696583510376513 ] ] ] ] } },
{ "type": "Feature", "properties": { }, "geometry": { "type": "MultiPolygon", "coordinates": [ [ [ [ 682720.103019752306864, 5658546.696583510376513 ], [ 682720.103019752306864, 5658547.625839625485241 ], [ 682722.426160040544346, 5658547.625839625485241 ], [ 682722.426160040544346, 5658546.696583510376513 ], [ 682720.103019752306864, 5658546.696583510376513 ] ] ] ] } },
{ "type": "Feature", "properties": { }, "geometry": { "type": "MultiPolygon", "coordinates": [ [ [ [ 682722.426160040427931, 5658546.696583510376513 ], [ 682722.426160040427931, 5658547.625839625485241 ], [ 682724.749300328665413, 5658547.625839625485241 ], [ 682724.749300328665413, 5658546.696583510376513 ], [ 682722.426160040427931, 5658546.696583510376513 ] ] ] ] } },
{ "type": "Feature", "properties": { }, "geometry": { "type": "MultiPolygon", "coordinates": [ [ [ [ 682724.749300328548998, 5658546.696583510376513 ], [ 682724.749300328548998, 5658547.625839625485241 ], [ 682727.07244061678648, 5658547.625839625485241 ], [ 682727.07244061678648, 5658546.696583510376513 ], [ 682724.749300328548998, 5658546.696583510376513 ] ] ] ] } },
{ "type": "Feature", "properties": { }, "geometry": { "type": "MultiPolygon", "coordinates": [ [ [ [ 682703.841037735459395, 5658545.767327395267785 ], [ 682703.841037735459395, 5658546.696583510376513 ], [ 682706.164178023696877, 5658546.696583510376513 ], [ 682706.164178023696877, 5658545.767327395267785 ], [ 682703.841037735459395, 5658545.767327395267785 ] ] ] ] } },
{ "type": "Feature", "properties": { }, "geometry": { "type": "MultiPolygon", "coordinates": [ [ [ [ 682706.164178023580462, 5658545.767327395267785 ], [ 682706.164178023580462, 5658546.696583510376513 ], [ 682708.487318311817944, 5658546.696583510376513 ], [ 682708.487318311817944, 5658545.767327395267785 ], [ 682706.164178023580462, 5658545.767327395267785 ] ] ] ] } },
{ "type": "Feature", "properties": { }, "geometry": { "type": "MultiPolygon", "coordinates": [ [ [ [ 682708.487318311701529, 5658545.767327395267785 ], [ 682708.487318311701529, 5658546.696583510376513 ], [ 682710.810458599939011, 5658546.696583510376513 ], [ 682710.810458599939011, 5658545.767327395267785 ], [ 682708.487318311701529, 5658545.767327395267785 ] ] ] ] } },
{ "type": "Feature", "properties": { }, "geometry": { "type": "MultiPolygon", "coordinates": [ [ [ [ 682710.810458599822596, 5658545.767327395267785 ], [ 682710.810458599822596, 5658546.696583510376513 ], [ 682713.133598888060078, 5658546.696583510376513 ], [ 682713.133598888060078, 5658545.767327395267785 ], [ 682710.810458599822596, 5658545.767327395267785 ] ] ] ] } },
{ "type": "Feature", "properties": { }, "geometry": { "type": "MultiPolygon", "coordinates": [ [ [ [ 682713.133598887943663, 5658545.767327395267785 ], [ 682713.133598887943663, 5658546.696583510376513 ], [ 682715.456739176181145, 5658546.696583510376513 ], [ 682715.456739176181145, 5658545.767327395267785 ], [ 682713.133598887943663, 5658545.767327395267785 ] ] ] ] } },
{ "type": "Feature", "properties": { }, "geometry": { "type": "MultiPolygon", "coordinates": [ [ [ [ 682715.45673917606473, 5658545.767327395267785 ], [ 682715.45673917606473, 5658546.696583510376513 ], [ 682717.779879464302212, 5658546.696583510376513 ], [ 682717.779879464302212, 5658545.767327395267785 ], [ 682715.45673917606473, 5658545.767327395267785 ] ] ] ] } },
{ "type": "Feature", "properties": { }, "geometry": { "type": "MultiPolygon", "coordinates": [ [ [ [ 682717.779879464185797, 5658545.767327395267785 ], [ 682717.779879464185797, 5658546.696583510376513 ], [ 682720.103019752423279, 5658546.696583510376513 ], [ 682720.103019752423279, 5658545.767327395267785 ], [ 682717.779879464185797, 5658545.767327395267785 ] ] ] ] } },
{ "type": "Feature", "properties": { }, "geometry": { "type": "MultiPolygon", "coordinates": [ [ [ [ 682720.103019752306864, 5658545.767327395267785 ], [ 682720.103019752306864, 5658546.696583510376513 ], [ 682722.426160040544346, 5658546.696583510376513 ], [ 682722.426160040544346, 5658545.767327395267785 ], [ 682720.103019752306864, 5658545.767327395267785 ] ] ] ] } },
{ "type": "Feature", "properties": { }, "geometry": { "type": "MultiPolygon", "coordinates": [ [ [ [ 682722.426160040427931, 5658545.767327395267785 ], [ 682722.426160040427931, 5658546.696583510376513 ], [ 682724.749300328665413, 5658546.696583510376513 ], [ 682724.749300328665413, 5658545.767327395267785 ], [ 682722.426160040427931, 5658545.767327395267785 ] ] ] ] } },
{ "type": "Feature", "properties": { }, "geometry": { "type": "MultiPolygon", "coordinates": [ [ [ [ 682724.749300328548998, 5658545.767327395267785 ], [ 682724.749300328548998, 5658546.696583510376513 ], [ 682727.07244061678648, 5658546.696583510376513 ], [ 682727.07244061678648, 5658545.767327395267785 ], [ 682724.749300328548998, 5658545.767327395267785 ] ] ] ] } },
{ "type": "Feature", "properties": { }, "geometry": { "type": "MultiPolygon", "coordinates": [ [ [ [ 682703.841037735459395, 5658544.838071279227734 ], [ 682703.841037735459395, 5658545.767327394336462 ], [ 682706.164178023696877, 5658545.767327394336462 ], [ 682706.164178023696877, 5658544.838071279227734 ], [ 682703.841037735459395, 5658544.838071279227734 ] ] ] ] } },
{ "type": "Feature", "properties": { }, "geometry": { "type": "MultiPolygon", "coordinates": [ [ [ [ 682706.164178023580462, 5658544.838071279227734 ], [ 682706.164178023580462, 5658545.767327394336462 ], [ 682708.487318311817944, 5658545.767327394336462 ], [ 682708.487318311817944, 5658544.838071279227734 ], [ 682706.164178023580462, 5658544.838071279227734 ] ] ] ] } },
{ "type": "Feature", "properties": { }, "geometry": { "type": "MultiPolygon", "coordinates": [ [ [ [ 682708.487318311701529, 5658544.838071279227734 ], [ 682708.487318311701529, 5658545.767327394336462 ], [ 682710.810458599939011, 5658545.767327394336462 ], [ 682710.810458599939011, 5658544.838071279227734 ], [ 682708.487318311701529, 5658544.838071279227734 ] ] ] ] } },
{ "type": "Feature", "properties": { }, "geometry": { "type": "MultiPolygon", "coordinates": [ [ [ [ 682710.810458599822596, 5658544.838071279227734 ], [ 682710.810458599822596, 5658545.767327394336462 ], [ 682713.133598888060078, 5658545.767327394336462 ], [ 682713.133598888060078, 5658544.838071279227734 ], [ 682710.810458599822596, 5658544.838071279227734 ] ] ] ] } },
{ "type": "Feature", "properties": { }, "geometry": { "type": "MultiPolygon", "coordinates": [ [ [ [ 682713.133598887943663, 5658544.838071279227734 ], [ 682713.133598887943663, 5658545.767327394336462 ], [ 682715.456739176181145, 5658545.767327394336462 ], [ 682715.456739176181145, 5658544.838071279227734 ], [ 682713.133598887943663, 5658544.838071279227734 ] ] ] ] } },
{ "type": "Feature", "properties": { }, "geometry": { "type": "MultiPolygon", "coordinates": [ [ [ [ 682715.45673917606473, 5658544.838071279227734 ], [ 682715.45673917606473, 5658545.767327394336462 ], [ 682717.779879464302212, 5658545.767327394336462 ], [ 682717.779879464302212, 5658544.838071279227734 ], [ 682715.45673917606473, 5658544.838071279227734 ] ] ] ] } },
{ "type": "Feature", "properties": { }, "geometry": { "type": "MultiPolygon", "coordinates": [ [ [ [ 682717.779879464185797, 5658544.838071279227734 ], [ 682717.779879464185797, 5658545.767327394336462 ], [ 682720.103019752423279, 5658545.767327394336462 ], [ 682720.103019752423279, 5658544.838071279227734 ], [ 682717.779879464185797, 5658544.838071279227734 ] ] ] ] } },
{ "type": "Feature", "properties": { }, "geometry": { "type": "MultiPolygon", "coordinates": [ [ [ [ 682720.103019752306864, 5658544.838071279227734 ], [ 682720.103019752306864, 5658545.767327394336462 ], [ 682722.426160040544346, 5658545.767327394336462 ], [ 682722.426160040544346, 5658544.838071279227734 ], [ 682720.103019752306864, 5658544.838071279227734 ] ] ] ] } },
{ "type": "Feature", "properties": { }, "geometry": { "type": "MultiPolygon", "coordinates": [ [ [ [ 682722.426160040427931, 5658544.838071279227734 ], [ 682722.426160040427931, 5658545.767327394336462 ], [ 682724.749300328665413, 5658545.767327394336462 ], [ 682724.749300328665413, 5658544.838071279227734 ], [ 682722.426160040427931, 5658544.838071279227734 ] ] ] ] } },
{ "type": "Feature", "properties": { }, "geometry": { "type": "MultiPolygon", "coordinates": [ [ [ [ 682724.749300328548998, 5658544.838071279227734 ], [ 682724.749300328548998, 5658545.767327394336462 ], [ 682727.07244061678648, 5658545.767327394336462 ], [ 682727.07244061678648, 5658544.838071279227734 ], [ 682724.749300328548998, 5658544.838071279227734 ] ] ] ] } },
{ "type": "Feature", "properties": { }, "geometry": { "type": "MultiPolygon", "coordinates": [ [ [ [ 682703.841037735459395, 5658543.908815164119005 ], [ 682703.841037735459395, 5658544.838071279227734 ], [ 682706.164178023696877, 5658544.838071279227734 ], [ 682706.164178023696877, 5658543.908815164119005 ], [ 682703.841037735459395, 5658543.908815164119005 ] ] ] ] } },
{ "type": "Feature", "properties": { }, "geometry": { "type": "MultiPolygon", "coordinates": [ [ [ [ 682706.164178023580462, 5658543.908815164119005 ], [ 682706.164178023580462, 5658544.838071279227734 ], [ 682708.487318311817944, 5658544.838071279227734 ], [ 682708.487318311817944, 5658543.908815164119005 ], [ 682706.164178023580462, 5658543.908815164119005 ] ] ] ] } },
{ "type": "Feature", "properties": { }, "geometry": { "type": "MultiPolygon", "coordinates": [ [ [ [ 682708.487318311701529, 5658543.908815164119005 ], [ 682708.487318311701529, 5658544.838071279227734 ], [ 682710.810458599939011, 5658544.838071279227734 ], [ 682710.810458599939011, 5658543.908815164119005 ], [ 682708.487318311701529, 5658543.908815164119005 ] ] ] ] } },
{ "type": "Feature", "properties": { }, "geometry": { "type": "MultiPolygon", "coordinates": [ [ [ [ 682710.810458599822596, 5658543.908815164119005 ], [ 682710.810458599822596, 5658544.838071279227734 ], [ 682713.133598888060078, 5658544.838071279227734 ], [ 682713.133598888060078, 5658543.908815164119005 ], [ 682710.810458599822596, 5658543.908815164119005 ] ] ] ] } },
{ "type": "Feature", "properties": { }, "geometry": { "type": "MultiPolygon", "coordinates": [ [ [ [ 682713.133598887943663, 5658543.908815164119005 ], [ 682713.133598887943663, 5658544.838071279227734 ], [ 682715.456739176181145, 5658544.838071279227734 ], [ 682715.456739176181145, 5658543.908815164119005 ], [ 682713.133598887943663, 5658543.908815164119005 ] ] ] ] } },
{ "type": "Feature", "properties": { }, "geometry": { "type": "MultiPolygon", "coordinates": [ [ [ [ 682715.45673917606473, 5658543.908815164119005 ], [ 682715.45673917606473, 5658544.838071279227734 ], [ 682717.779879464302212, 5658544.838071279227734 ], [ 682717.779879464302212, 5658543.908815164119005 ], [ 682715.45673917606473, 5658543.908815164119005 ] ] ] ] } },
{ "type": "Feature", "properties": { }, "geometry": { "type": "MultiPolygon", "coordinates": [ [ [ [ 682717.779879464185797, 5658543.908815164119005 ], [ 682717.779879464185797, 5658544.838071279227734 ], [ 682720.103019752423279, 5658544.838071279227734 ], [ 682720.103019752423279, 5658543.908815164119005 ], [ 682717.779879464185797, 5658543.908815164119005 ] ] ] ] } },
{ "type": "Feature", "properties": { }, "geometry": { "type": "MultiPolygon", "coordinates": [ [ [ [ 682720.103019752306864, 5658543.908815164119005 ], [ 682720.103019752306864, 5658544.838071279227734 ], [ 682722.426160040544346, 5658544.838071279227734 ], [ 682722.426160040544346, 5658543.908815164119005 ], [ 682720.103019752306864, 5658543.908815164119005 ] ] ] ] } },
{ "type": "Feature", "properties": { }, "geometry": { "type": "MultiPolygon", "coordinates": [ [ [ [ 682722.426160040427931, 5658543.908815164119005 ], [ 682722.426160040427931, 5658544.838071279227734 ], [ 682724.749300328665413, 5658544.838071279227734 ], [ 682724.749300328665413, 5658543.908815164119005 ], [ 682722.426160040427931, 5658543.908815164119005 ] ] ] ] } },
{ "type": "Feature", "properties": { }, "geometry": { "type": "MultiPolygon", "coordinates": [ [ [ [ 682724.749300328548998, 5658543.908815164119005 ], [ 682724.749300328548998, 5658544.838071279227734 ], [ 682727.07244061678648, 5658544.838071279227734 ], [ 682727.07244061678648, 5658543.908815164119005 ], [ 682724.749300328548998, 5658543.908815164119005 ] ] ] ] } },
{ "type": "Feature", "properties": { }, "geometry": { "type": "MultiPolygon", "coordinates": [ [ [ [ 682703.841037735459395, 5658542.979559049010277 ], [ 682703.841037735459395, 5658543.908815164119005 ], [ 682706.164178023696877, 5658543.908815164119005 ], [ 682706.164178023696877, 5658542.979559049010277 ], [ 682703.841037735459395, 5658542.979559049010277 ] ] ] ] } },
{ "type": "Feature", "properties": { }, "geometry": { "type": "MultiPolygon", "coordinates": [ [ [ [ 682706.164178023580462, 5658542.979559049010277 ], [ 682706.164178023580462, 5658543.908815164119005 ], [ 682708.487318311817944, 5658543.908815164119005 ], [ 682708.487318311817944, 5658542.979559049010277 ], [ 682706.164178023580462, 5658542.979559049010277 ] ] ] ] } },
{ "type": "Feature", "properties": { }, "geometry": { "type": "MultiPolygon", "coordinates": [ [ [ [ 682708.487318311701529, 5658542.979559049010277 ], [ 682708.487318311701529, 5658543.908815164119005 ], [ 682710.810458599939011, 5658543.908815164119005 ], [ 682710.810458599939011, 5658542.979559049010277 ], [ 682708.487318311701529, 5658542.979559049010277 ] ] ] ] } },
{ "type": "Feature", "properties": { }, "geometry": { "type": "MultiPolygon", "coordinates": [ [ [ [ 682710.810458599822596, 5658542.979559049010277 ], [ 682710.810458599822596, 5658543.908815164119005 ], [ 682713.133598888060078, 5658543.908815164119005 ], [ 682713.133598888060078, 5658542.979559049010277 ], [ 682710.810458599822596, 5658542.979559049010277 ] ] ] ] } },
{ "type": "Feature", "properties": { }, "geometry": { "type": "MultiPolygon", "coordinates": [ [ [ [ 682713.133598887943663, 5658542.979559049010277 ], [ 682713.133598887943663, 5658543.908815164119005 ], [ 682715.456739176181145, 5658543.908815164119005 ], [ 682715.456739176181145, 5658542.979559049010277 ], [ 682713.133598887943663, 5658542.979559049010277 ] ] ] ] } },
{ "type": "Feature", "properties": { }, "geometry": { "type": "MultiPolygon", "coordinates": [ [ [ [ 682715.45673917606473, 5658542.979559049010277 ], [ 682715.45673917606473, 5658543.908815164119005 ], [ 682717.779879464302212, 5658543.908815164119005 ], [ 682717.779879464302212, 5658542.979559049010277 ], [ 682715.45673917606473, 5658542.979559049010277 ] ] ] ] } },
{ "type": "Feature", "properties": { }, "geometry": { "type": "MultiPolygon", "coordinates": [ [ [ [ 682717.779879464185797, 5658542.979559049010277 ], [ 682717.779879464185797, 5658543.908815164119005 ], [ 682720.103019752423279, 5658543.908815164119005 ], [ 682720.103019752423279, 5658542.979559049010277 ], [ 682717.779879464185797, 5658542.979559049010277 ] ] ] ] } },
{ "type": "Feature", "properties": { }, "geometry": { "type": "MultiPolygon", "coordinates": [ [ [ [ 682720.103019752306864, 5658542.979559049010277 ], [ 682720.103019752306864, 5658543.908815164119005 ], [ 682722.426160040544346, 5658543.908815164119005 ], [ 682722.426160040544346, 5658542.979559049010277 ], [ 682720.103019752306864, 5658542.979559049010277 ] ] ] ] } },
{ "type": "Feature", "properties": { }, "geometry": { "type": "MultiPolygon", "coordinates": [ [ [ [ 682722.426160040427931, 5658542.979559049010277 ], [ 682722.426160040427931, 5658543.908815164119005 ], [ 682724.749300328665413, 5658543.908815164119005 ], [ 682724.749300328665413, 5658542.979559049010277 ], [ 682722.426160040427931, 5658542.979559049010277 ] ] ] ] } },
{ "type": "Feature", "properties": { }, "geometry": { "type": "MultiPolygon", "coordinates": [ [ [ [ 682724.749300328548998, 5658542.979559049010277 ], [ 682724.749300328548998, 5658543.908815164119005 ], [ 682727.07244061678648, 5658543.908815164119005 ], [ 682727.07244061678648, 5658542.979559049010277 ], [ 682724.749300328548998, 5658542.979559049010277 ] ] ] ] } },
{ "type": "Feature", "properties": { }, "geometry": { "type": "MultiPolygon", "coordinates": [ [ [ [ 682703.841037735459395, 5658542.050302933901548 ], [ 682703.841037735459395, 5658542.979559049010277 ], [ 682706.164178023696877, 5658542.979559049010277 ], [ 682706.164178023696877, 5658542.050302933901548 ], [ 682703.841037735459395, 5658542.050302933901548 ] ] ] ] } },
{ "type": "Feature", "properties": { }, "geometry": { "type": "MultiPolygon", "coordinates": [ [ [ [ 682706.164178023580462, 5658542.050302933901548 ], [ 682706.164178023580462, 5658542.979559049010277 ], [ 682708.487318311817944, 5658542.979559049010277 ], [ 682708.487318311817944, 5658542.050302933901548 ], [ 682706.164178023580462, 5658542.050302933901548 ] ] ] ] } },
{ "type": "Feature", "properties": { }, "geometry": { "type": "MultiPolygon", "coordinates": [ [ [ [ 682708.487318311701529, 5658542.050302933901548 ], [ 682708.487318311701529, 5658542.979559049010277 ], [ 682710.810458599939011, 5658542.979559049010277 ], [ 682710.810458599939011, 5658542.050302933901548 ], [ 682708.487318311701529, 5658542.050302933901548 ] ] ] ] } },
{ "type": "Feature", "properties": { }, "geometry": { "type": "MultiPolygon", "coordinates": [ [ [ [ 682710.810458599822596, 5658542.050302933901548 ], [ 682710.810458599822596, 5658542.979559049010277 ], [ 682713.133598888060078, 5658542.979559049010277 ], [ 682713.133598888060078, 5658542.050302933901548 ], [ 682710.810458599822596, 5658542.050302933901548 ] ] ] ] } },
{ "type": "Feature", "properties": { }, "geometry": { "type": "MultiPolygon", "coordinates": [ [ [ [ 682713.133598887943663, 5658542.050302933901548 ], [ 682713.133598887943663, 5658542.979559049010277 ], [ 682715.456739176181145, 5658542.979559049010277 ], [ 682715.456739176181145, 5658542.050302933901548 ], [ 682713.133598887943663, 5658542.050302933901548 ] ] ] ] } },
{ "type": "Feature", "properties": { }, "geometry": { "type": "MultiPolygon", "coordinates": [ [ [ [ 682715.45673917606473, 5658542.050302933901548 ], [ 682715.45673917606473, 5658542.979559049010277 ], [ 682717.779879464302212, 5658542.979559049010277 ], [ 682717.779879464302212, 5658542.050302933901548 ], [ 682715.45673917606473, 5658542.050302933901548 ] ] ] ] } },
{ "type": "Feature", "properties": { }, "geometry": { "type": "MultiPolygon", "coordinates": [ [ [ [ 682717.779879464185797, 5658542.050302933901548 ], [ 682717.779879464185797, 5658542.979559049010277 ], [ 682720.103019752423279, 5658542.979559049010277 ], [ 682720.103019752423279, 5658542.050302933901548 ], [ 682717.779879464185797, 5658542.050302933901548 ] ] ] ] } },
{ "type": "Feature", "properties": { }, "geometry": { "type": "MultiPolygon", "coordinates": [ [ [ [ 682720.103019752306864, 5658542.050302933901548 ], [ 682720.103019752306864, 5658542.979559049010277 ], [ 682722.426160040544346, 5658542.979559049010277 ], [ 682722.426160040544346, 5658542.050302933901548 ], [ 682720.103019752306864, 5658542.050302933901548 ] ] ] ] } },
{ "type": "Feature", "properties": { }, "geometry": { "type": "MultiPolygon", "coordinates": [ [ [ [ 682722.426160040427931, 5658542.050302933901548 ], [ 682722.426160040427931, 5658542.979559049010277 ], [ 682724.749300328665413, 5658542.979559049010277 ], [ 682724.749300328665413, 5658542.050302933901548 ], [ 682722.426160040427931, 5658542.050302933901548 ] ] ] ] } },
{ "type": "Feature", "properties": { }, "geometry": { "type": "MultiPolygon", "coordinates": [ [ [ [ 682724.749300328548998, 5658542.050302933901548 ], [ 682724.749300328548998, 5658542.979559049010277 ], [ 682727.07244061678648, 5658542.979559049010277 ], [ 682727.07244061678648, 5658542.050302933901548 ], [ 682724.749300328548998, 5658542.050302933901548 ] ] ] ] } },
{ "type": "Feature", "properties": { }, "geometry": { "type": "MultiPolygon", "coordinates": [ [ [ [ 682703.841037735459395, 5658541.12104681879282 ], [ 682703.841037735459395, 5658542.050302933901548 ], [ 682706.164178023696877, 5658542.050302933901548 ], [ 682706.164178023696877, 5658541.12104681879282 ], [ 682703.841037735459395, 5658541.12104681879282 ] ] ] ] } },
{ "type": "Feature", "properties": { }, "geometry": { "type": "MultiPolygon", "coordinates": [ [ [ [ 682706.164178023580462, 5658541.12104681879282 ], [ 682706.164178023580462, 5658542.050302933901548 ], [ 682708.487318311817944, 5658542.050302933901548 ], [ 682708.487318311817944, 5658541.12104681879282 ], [ 682706.164178023580462, 5658541.12104681879282 ] ] ] ] } },
{ "type": "Feature", "properties": { }, "geometry": { "type": "MultiPolygon", "coordinates": [ [ [ [ 682708.487318311701529, 5658541.12104681879282 ], [ 682708.487318311701529, 5658542.050302933901548 ], [ 682710.810458599939011, 5658542.050302933901548 ], [ 682710.810458599939011, 5658541.12104681879282 ], [ 682708.487318311701529, 5658541.12104681879282 ] ] ] ] } },
{ "type": "Feature", "properties": { }, "geometry": { "type": "MultiPolygon", "coordinates": [ [ [ [ 682710.810458599822596, 5658541.12104681879282 ], [ 682710.810458599822596, 5658542.050302933901548 ], [ 682713.133598888060078, 5658542.050302933901548 ], [ 682713.133598888060078, 5658541.12104681879282 ], [ 682710.810458599822596, 5658541.12104681879282 ] ] ] ] } },
{ "type": "Feature", "properties": { }, "geometry": { "type": "MultiPolygon", "coordinates": [ [ [ [ 682713.133598887943663, 5658541.12104681879282 ], [ 682713.133598887943663, 5658542.050302933901548 ], [ 682715.456739176181145, 5658542.050302933901548 ], [ 682715.456739176181145, 5658541.12104681879282 ], [ 682713.133598887943663, 5658541.12104681879282 ] ] ] ] } },
{ "type": "Feature", "properties": { }, "geometry": { "type": "MultiPolygon", "coordinates": [ [ [ [ 682715.45673917606473, 5658541.12104681879282 ], [ 682715.45673917606473, 5658542.050302933901548 ], [ 682717.779879464302212, 5658542.050302933901548 ], [ 682717.779879464302212, 5658541.12104681879282 ], [ 682715.45673917606473, 5658541.12104681879282 ] ] ] ] } },
{ "type": "Feature", "properties": { }, "geometry": { "type": "MultiPolygon", "coordinates": [ [ [ [ 682717.779879464185797, 5658541.12104681879282 ], [ 682717.779879464185797, 5658542.050302933901548 ], [ 682720.103019752423279, 5658542.050302933901548 ], [ 682720.103019752423279, 5658541.12104681879282 ], [ 682717.779879464185797, 5658541.12104681879282 ] ] ] ] } },
{ "type": "Feature", "properties": { }, "geometry": { "type": "MultiPolygon", "coordinates": [ [ [ [ 682720.103019752306864, 5658541.12104681879282 ], [ 682720.103019752306864, 5658542.050302933901548 ], [ 682722.426160040544346, 5658542.050302933901548 ], [ 682722.426160040544346, 5658541.12104681879282 ], [ 682720.103019752306864, 5658541.12104681879282 ] ] ] ] } },
{ "type": "Feature", "properties": { }, "geometry": { "type": "MultiPolygon", "coordinates": [ [ [ [ 682722.426160040427931, 5658541.12104681879282 ], [ 682722.426160040427931, 5658542.050302933901548 ], [ 682724.749300328665413, 5658542.050302933901548 ], [ 682724.749300328665413, 5658541.12104681879282 ], [ 682722.426160040427931, 5658541.12104681879282 ] ] ] ] } },
{ "type": "Feature", "properties": { }, "geometry": { "type": "MultiPolygon", "coordinates": [ [ [ [ 682724.749300328548998, 5658541.12104681879282 ], [ 682724.749300328548998, 5658542.050302933901548 ], [ 682727.07244061678648, 5658542.050302933901548 ], [ 682727.07244061678648, 5658541.12104681879282 ], [ 682724.749300328548998, 5658541.12104681879282 ] ] ] ] } },
{ "type": "Feature", "properties": { }, "geometry": { "type": "MultiPolygon", "coordinates": [ [ [ [ 682703.841037735459395, 5658540.191790703684092 ], [ 682703.841037735459395, 5658541.12104681879282 ], [ 682706.164178023696877, 5658541.12104681879282 ], [ 682706.164178023696877, 5658540.191790703684092 ], [ 682703.841037735459395, 5658540.191790703684092 ] ] ] ] } },
{ "type": "Feature", "properties": { }, "geometry": { "type": "MultiPolygon", "coordinates": [ [ [ [ 682706.164178023580462, 5658540.191790703684092 ], [ 682706.164178023580462, 5658541.12104681879282 ], [ 682708.487318311817944, 5658541.12104681879282 ], [ 682708.487318311817944, 5658540.191790703684092 ], [ 682706.164178023580462, 5658540.191790703684092 ] ] ] ] } },
{ "type": "Feature", "properties": { }, "geometry": { "type": "MultiPolygon", "coordinates": [ [ [ [ 682708.487318311701529, 5658540.191790703684092 ], [ 682708.487318311701529, 5658541.12104681879282 ], [ 682710.810458599939011, 5658541.12104681879282 ], [ 682710.810458599939011, 5658540.191790703684092 ], [ 682708.487318311701529, 5658540.191790703684092 ] ] ] ] } },
{ "type": "Feature", "properties": { }, "geometry": { "type": "MultiPolygon", "coordinates": [ [ [ [ 682710.810458599822596, 5658540.191790703684092 ], [ 682710.810458599822596, 5658541.12104681879282 ], [ 682713.133598888060078, 5658541.12104681879282 ], [ 682713.133598888060078, 5658540.191790703684092 ], [ 682710.810458599822596, 5658540.191790703684092 ] ] ] ] } },
{ "type": "Feature", "properties": { }, "geometry": { "type": "MultiPolygon", "coordinates": [ [ [ [ 682713.133598887943663, 5658540.191790703684092 ], [ 682713.133598887943663, 5658541.12104681879282 ], [ 682715.456739176181145, 5658541.12104681879282 ], [ 682715.456739176181145, 5658540.191790703684092 ], [ 682713.133598887943663, 5658540.191790703684092 ] ] ] ] } },
{ "type": "Feature", "properties": { }, "geometry": { "type": "MultiPolygon", "coordinates": [ [ [ [ 682715.45673917606473, 5658540.191790703684092 ], [ 682715.45673917606473, 5658541.12104681879282 ], [ 682717.779879464302212, 5658541.12104681879282 ], [ 682717.779879464302212, 5658540.191790703684092 ], [ 682715.45673917606473, 5658540.191790703684092 ] ] ] ] } },
{ "type": "Feature", "properties": { }, "geometry": { "type": "MultiPolygon", "coordinates": [ [ [ [ 682717.779879464185797, 5658540.191790703684092 ], [ 682717.779879464185797, 5658541.12104681879282 ], [ 682720.103019752423279, 5658541.12104681879282 ], [ 682720.103019752423279, 5658540.191790703684092 ], [ 682717.779879464185797, 5658540.191790703684092 ] ] ] ] } },
{ "type": "Feature", "properties": { }, "geometry": { "type": "MultiPolygon", "coordinates": [ [ [ [ 682720.103019752306864, 5658540.191790703684092 ], [ 682720.103019752306864, 5658541.12104681879282 ], [ 682722.426160040544346, 5658541.12104681879282 ], [ 682722.426160040544346, 5658540.191790703684092 ], [ 682720.103019752306864, 5658540.191790703684092 ] ] ] ] } },
{ "type": "Feature", "properties": { }, "geometry": { "type": "MultiPolygon", "coordinates": [ [ [ [ 682722.426160040427931, 5658540.191790703684092 ], [ 682722.426160040427931, 5658541.12104681879282 ], [ 682724.749300328665413, 5658541.12104681879282 ], [ 682724.749300328665413, 5658540.191790703684092 ], [ 682722.426160040427931, 5658540.191790703684092 ] ] ] ] } },
{ "type": "Feature", "properties": { }, "geometry": { "type": "MultiPolygon", "coordinates": [ [ [ [ 682724.749300328548998, 5658540.191790703684092 ], [ 682724.749300328548998, 5658541.12104681879282 ], [ 682727.07244061678648, 5658541.12104681879282 ], [ 682727.07244061678648, 5658540.191790703684092 ], [ 682724.749300328548998, 5658540.191790703684092 ] ] ] ] } },
{ "type": "Feature", "properties": { }, "geometry": { "type": "MultiPolygon", "coordinates": [ [ [ [ 682703.841037735459395, 5658539.262534587644041 ], [ 682703.841037735459395, 5658540.191790702752769 ], [ 682706.164178023696877, 5658540.191790702752769 ], [ 682706.164178023696877, 5658539.262534587644041 ], [ 682703.841037735459395, 5658539.262534587644041 ] ] ] ] } },
{ "type": "Feature", "properties": { }, "geometry": { "type": "MultiPolygon", "coordinates": [ [ [ [ 682706.164178023580462, 5658539.262534587644041 ], [ 682706.164178023580462, 5658540.191790702752769 ], [ 682708.487318311817944, 5658540.191790702752769 ], [ 682708.487318311817944, 5658539.262534587644041 ], [ 682706.164178023580462, 5658539.262534587644041 ] ] ] ] } },
{ "type": "Feature", "properties": { }, "geometry": { "type": "MultiPolygon", "coordinates": [ [ [ [ 682708.487318311701529, 5658539.262534587644041 ], [ 682708.487318311701529, 5658540.191790702752769 ], [ 682710.810458599939011, 5658540.191790702752769 ], [ 682710.810458599939011, 5658539.262534587644041 ], [ 682708.487318311701529, 5658539.262534587644041 ] ] ] ] } },
{ "type": "Feature", "properties": { }, "geometry": { "type": "MultiPolygon", "coordinates": [ [ [ [ 682710.810458599822596, 5658539.262534587644041 ], [ 682710.810458599822596, 5658540.191790702752769 ], [ 682713.133598888060078, 5658540.191790702752769 ], [ 682713.133598888060078, 5658539.262534587644041 ], [ 682710.810458599822596, 5658539.262534587644041 ] ] ] ] } },
{ "type": "Feature", "properties": { }, "geometry": { "type": "MultiPolygon", "coordinates": [ [ [ [ 682713.133598887943663, 5658539.262534587644041 ], [ 682713.133598887943663, 5658540.191790702752769 ], [ 682715.456739176181145, 5658540.191790702752769 ], [ 682715.456739176181145, 5658539.262534587644041 ], [ 682713.133598887943663, 5658539.262534587644041 ] ] ] ] } },
{ "type": "Feature", "properties": { }, "geometry": { "type": "MultiPolygon", "coordinates": [ [ [ [ 682715.45673917606473, 5658539.262534587644041 ], [ 682715.45673917606473, 5658540.191790702752769 ], [ 682717.779879464302212, 5658540.191790702752769 ], [ 682717.779879464302212, 5658539.262534587644041 ], [ 682715.45673917606473, 5658539.262534587644041 ] ] ] ] } },
{ "type": "Feature", "properties": { }, "geometry": { "type": "MultiPolygon", "coordinates": [ [ [ [ 682717.779879464185797, 5658539.262534587644041 ], [ 682717.779879464185797, 5658540.191790702752769 ], [ 682720.103019752423279, 5658540.191790702752769 ], [ 682720.103019752423279, 5658539.262534587644041 ], [ 682717.779879464185797, 5658539.262534587644041 ] ] ] ] } },
{ "type": "Feature", "properties": { }, "geometry": { "type": "MultiPolygon", "coordinates": [ [ [ [ 682720.103019752306864, 5658539.262534587644041 ], [ 682720.103019752306864, 5658540.191790702752769 ], [ 682722.426160040544346, 5658540.191790702752769 ], [ 682722.426160040544346, 5658539.262534587644041 ], [ 682720.103019752306864, 5658539.262534587644041 ] ] ] ] } },
{ "type": "Feature", "properties": { }, "geometry": { "type": "MultiPolygon", "coordinates": [ [ [ [ 682722.426160040427931, 5658539.262534587644041 ], [ 682722.426160040427931, 5658540.191790702752769 ], [ 682724.749300328665413, 5658540.191790702752769 ], [ 682724.749300328665413, 5658539.262534587644041 ], [ 682722.426160040427931, 5658539.262534587644041 ] ] ] ] } },
{ "type": "Feature", "properties": { }, "geometry": { "type": "MultiPolygon", "coordinates": [ [ [ [ 682724.749300328548998, 5658539.262534587644041 ], [ 682724.749300328548998, 5658540.191790702752769 ], [ 682727.07244061678648, 5658540.191790702752769 ], [ 682727.07244061678648, 5658539.262534587644041 ], [ 682724.749300328548998, 5658539.262534587644041 ] ] ] ] } },
{ "type": "Feature", "properties": { }, "geometry": { "type": "MultiPolygon", "coordinates": [ [ [ [ 682703.841037735459395, 5658538.333278472535312 ], [ 682703.841037735459395, 5658539.262534587644041 ], [ 682706.164178023696877, 5658539.262534587644041 ], [ 682706.164178023696877, 5658538.333278472535312 ], [ 682703.841037735459395, 5658538.333278472535312 ] ] ] ] } },
{ "type": "Feature", "properties": { }, "geometry": { "type": "MultiPolygon", "coordinates": [ [ [ [ 682706.164178023580462, 5658538.333278472535312 ], [ 682706.164178023580462, 5658539.262534587644041 ], [ 682708.487318311817944, 5658539.262534587644041 ], [ 682708.487318311817944, 5658538.333278472535312 ], [ 682706.164178023580462, 5658538.333278472535312 ] ] ] ] } },
{ "type": "Feature", "properties": { }, "geometry": { "type": "MultiPolygon", "coordinates": [ [ [ [ 682708.487318311701529, 5658538.333278472535312 ], [ 682708.487318311701529, 5658539.262534587644041 ], [ 682710.810458599939011, 5658539.262534587644041 ], [ 682710.810458599939011, 5658538.333278472535312 ], [ 682708.487318311701529, 5658538.333278472535312 ] ] ] ] } },
{ "type": "Feature", "properties": { }, "geometry": { "type": "MultiPolygon", "coordinates": [ [ [ [ 682710.810458599822596, 5658538.333278472535312 ], [ 682710.810458599822596, 5658539.262534587644041 ], [ 682713.133598888060078, 5658539.262534587644041 ], [ 682713.133598888060078, 5658538.333278472535312 ], [ 682710.810458599822596, 5658538.333278472535312 ] ] ] ] } },
{ "type": "Feature", "properties": { }, "geometry": { "type": "MultiPolygon", "coordinates": [ [ [ [ 682713.133598887943663, 5658538.333278472535312 ], [ 682713.133598887943663, 5658539.262534587644041 ], [ 682715.456739176181145, 5658539.262534587644041 ], [ 682715.456739176181145, 5658538.333278472535312 ], [ 682713.133598887943663, 5658538.333278472535312 ] ] ] ] } },
{ "type": "Feature", "properties": { }, "geometry": { "type": "MultiPolygon", "coordinates": [ [ [ [ 682715.45673917606473, 5658538.333278472535312 ], [ 682715.45673917606473, 5658539.262534587644041 ], [ 682717.779879464302212, 5658539.262534587644041 ], [ 682717.779879464302212, 5658538.333278472535312 ], [ 682715.45673917606473, 5658538.333278472535312 ] ] ] ] } },
{ "type": "Feature", "properties": { }, "geometry": { "type": "MultiPolygon", "coordinates": [ [ [ [ 682717.779879464185797, 5658538.333278472535312 ], [ 682717.779879464185797, 5658539.262534587644041 ], [ 682720.103019752423279, 5658539.262534587644041 ], [ 682720.103019752423279, 5658538.333278472535312 ], [ 682717.779879464185797, 5658538.333278472535312 ] ] ] ] } },
{ "type": "Feature", "properties": { }, "geometry": { "type": "MultiPolygon", "coordinates": [ [ [ [ 682720.103019752306864, 5658538.333278472535312 ], [ 682720.103019752306864, 5658539.262534587644041 ], [ 682722.426160040544346, 5658539.262534587644041 ], [ 682722.426160040544346, 5658538.333278472535312 ], [ 682720.103019752306864, 5658538.333278472535312 ] ] ] ] } },
{ "type": "Feature", "properties": { }, "geometry": { "type": "MultiPolygon", "coordinates": [ [ [ [ 682722.426160040427931, 5658538.333278472535312 ], [ 682722.426160040427931, 5658539.262534587644041 ], [ 682724.749300328665413, 5658539.262534587644041 ], [ 682724.749300328665413, 5658538.333278472535312 ], [ 682722.426160040427931, 5658538.333278472535312 ] ] ] ] } },
{ "type": "Feature", "properties": { }, "geometry": { "type": "MultiPolygon", "coordinates": [ [ [ [ 682724.749300328548998, 5658538.333278472535312 ], [ 682724.749300328548998, 5658539.262534587644041 ], [ 682727.07244061678648, 5658539.262534587644041 ], [ 682727.07244061678648, 5658538.333278472535312 ], [ 682724.749300328548998, 5658538.333278472535312 ] ] ] ] } },
{ "type": "Feature", "properties": { }, "geometry": { "type": "MultiPolygon", "coordinates": [ [ [ [ 682703.841037735459395, 5658537.404022357426584 ], [ 682703.841037735459395, 5658538.333278472535312 ], [ 682706.164178023696877, 5658538.333278472535312 ], [ 682706.164178023696877, 5658537.404022357426584 ], [ 682703.841037735459395, 5658537.404022357426584 ] ] ] ] } },
{ "type": "Feature", "properties": { }, "geometry": { "type": "MultiPolygon", "coordinates": [ [ [ [ 682706.164178023580462, 5658537.404022357426584 ], [ 682706.164178023580462, 5658538.333278472535312 ], [ 682708.487318311817944, 5658538.333278472535312 ], [ 682708.487318311817944, 5658537.404022357426584 ], [ 682706.164178023580462, 5658537.404022357426584 ] ] ] ] } },
{ "type": "Feature", "properties": { }, "geometry": { "type": "MultiPolygon", "coordinates": [ [ [ [ 682708.487318311701529, 5658537.404022357426584 ], [ 682708.487318311701529, 5658538.333278472535312 ], [ 682710.810458599939011, 5658538.333278472535312 ], [ 682710.810458599939011, 5658537.404022357426584 ], [ 682708.487318311701529, 5658537.404022357426584 ] ] ] ] } },
{ "type": "Feature", "properties": { }, "geometry": { "type": "MultiPolygon", "coordinates": [ [ [ [ 682710.810458599822596, 5658537.404022357426584 ], [ 682710.810458599822596, 5658538.333278472535312 ], [ 682713.133598888060078, 5658538.333278472535312 ], [ 682713.133598888060078, 5658537.404022357426584 ], [ 682710.810458599822596, 5658537.404022357426584 ] ] ] ] } },
{ "type": "Feature", "properties": { }, "geometry": { "type": "MultiPolygon", "coordinates": [ [ [ [ 682713.133598887943663, 5658537.404022357426584 ], [ 682713.133598887943663, 5658538.333278472535312 ], [ 682715.456739176181145, 5658538.333278472535312 ], [ 682715.456739176181145, 5658537.404022357426584 ], [ 682713.133598887943663, 5658537.404022357426584 ] ] ] ] } },
{ "type": "Feature", "properties": { }, "geometry": { "type": "MultiPolygon", "coordinates": [ [ [ [ 682715.45673917606473, 5658537.404022357426584 ], [ 682715.45673917606473, 5658538.333278472535312 ], [ 682717.779879464302212, 5658538.333278472535312 ], [ 682717.779879464302212, 5658537.404022357426584 ], [ 682715.45673917606473, 5658537.404022357426584 ] ] ] ] } },
{ "type": "Feature", "properties": { }, "geometry": { "type": "MultiPolygon", "coordinates": [ [ [ [ 682717.779879464185797, 5658537.404022357426584 ], [ 682717.779879464185797, 5658538.333278472535312 ], [ 682720.103019752423279, 5658538.333278472535312 ], [ 682720.103019752423279, 5658537.404022357426584 ], [ 682717.779879464185797, 5658537.404022357426584 ] ] ] ] } },
{ "type": "Feature", "properties": { }, "geometry": { "type": "MultiPolygon", "coordinates": [ [ [ [ 682720.103019752306864, 5658537.404022357426584 ], [ 682720.103019752306864, 5658538.333278472535312 ], [ 682722.426160040544346, 5658538.333278472535312 ], [ 682722.426160040544346, 5658537.404022357426584 ], [ 682720.103019752306864, 5658537.404022357426584 ] ] ] ] } },
{ "type": "Feature", "properties": { }, "geometry": { "type": "MultiPolygon", "coordinates": [ [ [ [ 682722.426160040427931, 5658537.404022357426584 ], [ 682722.426160040427931, 5658538.333278472535312 ], [ 682724.749300328665413, 5658538.333278472535312 ], [ 682724.749300328665413, 5658537.404022357426584 ], [ 682722.426160040427931, 5658537.404022357426584 ] ] ] ] } },
{ "type": "Feature", "properties": { }, "geometry": { "type": "MultiPolygon", "coordinates": [ [ [ [ 682724.749300328548998, 5658537.404022357426584 ], [ 682724.749300328548998, 5658538.333278472535312 ], [ 682727.07244061678648, 5658538.333278472535312 ], [ 682727.07244061678648, 5658537.404022357426584 ], [ 682724.749300328548998, 5658537.404022357426584 ] ] ] ] } },
{ "type": "Feature", "properties": { }, "geometry": { "type": "MultiPolygon", "coordinates": [ [ [ [ 682703.841037735459395, 5658536.474766242317855 ], [ 682703.841037735459395, 5658537.404022357426584 ], [ 682706.164178023696877, 5658537.404022357426584 ], [ 682706.164178023696877, 5658536.474766242317855 ], [ 682703.841037735459395, 5658536.474766242317855 ] ] ] ] } },
{ "type": "Feature", "properties": { }, "geometry": { "type": "MultiPolygon", "coordinates": [ [ [ [ 682706.164178023580462, 5658536.474766242317855 ], [ 682706.164178023580462, 5658537.404022357426584 ], [ 682708.487318311817944, 5658537.404022357426584 ], [ 682708.487318311817944, 5658536.474766242317855 ], [ 682706.164178023580462, 5658536.474766242317855 ] ] ] ] } },
{ "type": "Feature", "properties": { }, "geometry": { "type": "MultiPolygon", "coordinates": [ [ [ [ 682708.487318311701529, 5658536.474766242317855 ], [ 682708.487318311701529, 5658537.404022357426584 ], [ 682710.810458599939011, 5658537.404022357426584 ], [ 682710.810458599939011, 5658536.474766242317855 ], [ 682708.487318311701529, 5658536.474766242317855 ] ] ] ] } },
{ "type": "Feature", "properties": { }, "geometry": { "type": "MultiPolygon", "coordinates": [ [ [ [ 682710.810458599822596, 5658536.474766242317855 ], [ 682710.810458599822596, 5658537.404022357426584 ], [ 682713.133598888060078, 5658537.404022357426584 ], [ 682713.133598888060078, 5658536.474766242317855 ], [ 682710.810458599822596, 5658536.474766242317855 ] ] ] ] } },
{ "type": "Feature", "properties": { }, "geometry": { "type": "MultiPolygon", "coordinates": [ [ [ [ 682713.133598887943663, 5658536.474766242317855 ], [ 682713.133598887943663, 5658537.404022357426584 ], [ 682715.456739176181145, 5658537.404022357426584 ], [ 682715.456739176181145, 5658536.474766242317855 ], [ 682713.133598887943663, 5658536.474766242317855 ] ] ] ] } },
{ "type": "Feature", "properties": { }, "geometry": { "type": "MultiPolygon", "coordinates": [ [ [ [ 682715.45673917606473, 5658536.474766242317855 ], [ 682715.45673917606473, 5658537.404022357426584 ], [ 682717.779879464302212, 5658537.404022357426584 ], [ 682717.779879464302212, 5658536.474766242317855 ], [ 682715.45673917606473, 5658536.474766242317855 ] ] ] ] } },
{ "type": "Feature", "properties": { }, "geometry": { "type": "MultiPolygon", "coordinates": [ [ [ [ 682717.779879464185797, 5658536.474766242317855 ], [ 682717.779879464185797, 5658537.404022357426584 ], [ 682720.103019752423279, 5658537.404022357426584 ], [ 682720.103019752423279, 5658536.474766242317855 ], [ 682717.779879464185797, 5658536.474766242317855 ] ] ] ] } },
{ "type": "Feature", "properties": { }, "geometry": { "type": "MultiPolygon", "coordinates": [ [ [ [ 682720.103019752306864, 5658536.474766242317855 ], [ 682720.103019752306864, 5658537.404022357426584 ], [ 682722.426160040544346, 5658537.404022357426584 ], [ 682722.426160040544346, 5658536.474766242317855 ], [ 682720.103019752306864, 5658536.474766242317855 ] ] ] ] } },
{ "type": "Feature", "properties": { }, "geometry": { "type": "MultiPolygon", "coordinates": [ [ [ [ 682722.426160040427931, 5658536.474766242317855 ], [ 682722.426160040427931, 5658537.404022357426584 ], [ 682724.749300328665413, 5658537.404022357426584 ], [ 682724.749300328665413, 5658536.474766242317855 ], [ 682722.426160040427931, 5658536.474766242317855 ] ] ] ] } },
{ "type": "Feature", "properties": { }, "geometry": { "type": "MultiPolygon", "coordinates": [ [ [ [ 682724.749300328548998, 5658536.474766242317855 ], [ 682724.749300328548998, 5658537.404022357426584 ], [ 682727.07244061678648, 5658537.404022357426584 ], [ 682727.07244061678648, 5658536.474766242317855 ], [ 682724.749300328548998, 5658536.474766242317855 ] ] ] ] } },
{ "type": "Feature", "properties": { }, "geometry": { "type": "MultiPolygon", "coordinates": [ [ [ [ 682703.841037735459395, 5658535.545510127209127 ], [ 682703.841037735459395, 5658536.474766242317855 ], [ 682706.164178023696877, 5658536.474766242317855 ], [ 682706.164178023696877, 5658535.545510127209127 ], [ 682703.841037735459395, 5658535.545510127209127 ] ] ] ] } },
{ "type": "Feature", "properties": { }, "geometry": { "type": "MultiPolygon", "coordinates": [ [ [ [ 682706.164178023580462, 5658535.545510127209127 ], [ 682706.164178023580462, 5658536.474766242317855 ], [ 682708.487318311817944, 5658536.474766242317855 ], [ 682708.487318311817944, 5658535.545510127209127 ], [ 682706.164178023580462, 5658535.545510127209127 ] ] ] ] } },
{ "type": "Feature", "properties": { }, "geometry": { "type": "MultiPolygon", "coordinates": [ [ [ [ 682708.487318311701529, 5658535.545510127209127 ], [ 682708.487318311701529, 5658536.474766242317855 ], [ 682710.810458599939011, 5658536.474766242317855 ], [ 682710.810458599939011, 5658535.545510127209127 ], [ 682708.487318311701529, 5658535.545510127209127 ] ] ] ] } },
{ "type": "Feature", "properties": { }, "geometry": { "type": "MultiPolygon", "coordinates": [ [ [ [ 682710.810458599822596, 5658535.545510127209127 ], [ 682710.810458599822596, 5658536.474766242317855 ], [ 682713.133598888060078, 5658536.474766242317855 ], [ 682713.133598888060078, 5658535.545510127209127 ], [ 682710.810458599822596, 5658535.545510127209127 ] ] ] ] } },
{ "type": "Feature", "properties": { }, "geometry": { "type": "MultiPolygon", "coordinates": [ [ [ [ 682713.133598887943663, 5658535.545510127209127 ], [ 682713.133598887943663, 5658536.474766242317855 ], [ 682715.456739176181145, 5658536.474766242317855 ], [ 682715.456739176181145, 5658535.545510127209127 ], [ 682713.133598887943663, 5658535.545510127209127 ] ] ] ] } },
{ "type": "Feature", "properties": { }, "geometry": { "type": "MultiPolygon", "coordinates": [ [ [ [ 682715.45673917606473, 5658535.545510127209127 ], [ 682715.45673917606473, 5658536.474766242317855 ], [ 682717.779879464302212, 5658536.474766242317855 ], [ 682717.779879464302212, 5658535.545510127209127 ], [ 682715.45673917606473, 5658535.545510127209127 ] ] ] ] } },
{ "type": "Feature", "properties": { }, "geometry": { "type": "MultiPolygon", "coordinates": [ [ [ [ 682717.779879464185797, 5658535.545510127209127 ], [ 682717.779879464185797, 5658536.474766242317855 ], [ 682720.103019752423279, 5658536.474766242317855 ], [ 682720.103019752423279, 5658535.545510127209127 ], [ 682717.779879464185797, 5658535.545510127209127 ] ] ] ] } },
{ "type": "Feature", "properties": { }, "geometry": { "type": "MultiPolygon", "coordinates": [ [ [ [ 682720.103019752306864, 5658535.545510127209127 ], [ 682720.103019752306864, 5658536.474766242317855 ], [ 682722.426160040544346, 5658536.474766242317855 ], [ 682722.426160040544346, 5658535.545510127209127 ], [ 682720.103019752306864, 5658535.545510127209127 ] ] ] ] } },
{ "type": "Feature", "properties": { }, "geometry": { "type": "MultiPolygon", "coordinates": [ [ [ [ 682722.426160040427931, 5658535.545510127209127 ], [ 682722.426160040427931, 5658536.474766242317855 ], [ 682724.749300328665413, 5658536.474766242317855 ], [ 682724.749300328665413, 5658535.545510127209127 ], [ 682722.426160040427931, 5658535.545510127209127 ] ] ] ] } },
{ "type": "Feature", "properties": { }, "geometry": { "type": "MultiPolygon", "coordinates": [ [ [ [ 682724.749300328548998, 5658535.545510127209127 ], [ 682724.749300328548998, 5658536.474766242317855 ], [ 682727.07244061678648, 5658536.474766242317855 ], [ 682727.07244061678648, 5658535.545510127209127 ], [ 682724.749300328548998, 5658535.545510127209127 ] ] ] ] } },
{ "type": "Feature", "properties": { }, "geometry": { "type": "MultiPolygon", "coordinates": [ [ [ [ 682703.841037735459395, 5658534.616254012100399 ], [ 682703.841037735459395, 5658535.545510127209127 ], [ 682706.164178023696877, 5658535.545510127209127 ], [ 682706.164178023696877, 5658534.616254012100399 ], [ 682703.841037735459395, 5658534.616254012100399 ] ] ] ] } },
{ "type": "Feature", "properties": { }, "geometry": { "type": "MultiPolygon", "coordinates": [ [ [ [ 682706.164178023580462, 5658534.616254012100399 ], [ 682706.164178023580462, 5658535.545510127209127 ], [ 682708.487318311817944, 5658535.545510127209127 ], [ 682708.487318311817944, 5658534.616254012100399 ], [ 682706.164178023580462, 5658534.616254012100399 ] ] ] ] } },
{ "type": "Feature", "properties": { }, "geometry": { "type": "MultiPolygon", "coordinates": [ [ [ [ 682708.487318311701529, 5658534.616254012100399 ], [ 682708.487318311701529, 5658535.545510127209127 ], [ 682710.810458599939011, 5658535.545510127209127 ], [ 682710.810458599939011, 5658534.616254012100399 ], [ 682708.487318311701529, 5658534.616254012100399 ] ] ] ] } },
{ "type": "Feature", "properties": { }, "geometry": { "type": "MultiPolygon", "coordinates": [ [ [ [ 682710.810458599822596, 5658534.616254012100399 ], [ 682710.810458599822596, 5658535.545510127209127 ], [ 682713.133598888060078, 5658535.545510127209127 ], [ 682713.133598888060078, 5658534.616254012100399 ], [ 682710.810458599822596, 5658534.616254012100399 ] ] ] ] } },
{ "type": "Feature", "properties": { }, "geometry": { "type": "MultiPolygon", "coordinates": [ [ [ [ 682713.133598887943663, 5658534.616254012100399 ], [ 682713.133598887943663, 5658535.545510127209127 ], [ 682715.456739176181145, 5658535.545510127209127 ], [ 682715.456739176181145, 5658534.616254012100399 ], [ 682713.133598887943663, 5658534.616254012100399 ] ] ] ] } },
{ "type": "Feature", "properties": { }, "geometry": { "type": "MultiPolygon", "coordinates": [ [ [ [ 682715.45673917606473, 5658534.616254012100399 ], [ 682715.45673917606473, 5658535.545510127209127 ], [ 682717.779879464302212, 5658535.545510127209127 ], [ 682717.779879464302212, 5658534.616254012100399 ], [ 682715.45673917606473, 5658534.616254012100399 ] ] ] ] } },
{ "type": "Feature", "properties": { }, "geometry": { "type": "MultiPolygon", "coordinates": [ [ [ [ 682717.779879464185797, 5658534.616254012100399 ], [ 682717.779879464185797, 5658535.545510127209127 ], [ 682720.103019752423279, 5658535.545510127209127 ], [ 682720.103019752423279, 5658534.616254012100399 ], [ 682717.779879464185797, 5658534.616254012100399 ] ] ] ] } },
{ "type": "Feature", "properties": { }, "geometry": { "type": "MultiPolygon", "coordinates": [ [ [ [ 682720.103019752306864, 5658534.616254012100399 ], [ 682720.103019752306864, 5658535.545510127209127 ], [ 682722.426160040544346, 5658535.545510127209127 ], [ 682722.426160040544346, 5658534.616254012100399 ], [ 682720.103019752306864, 5658534.616254012100399 ] ] ] ] } },
{ "type": "Feature", "properties": { }, "geometry": { "type": "MultiPolygon", "coordinates": [ [ [ [ 682722.426160040427931, 5658534.616254012100399 ], [ 682722.426160040427931, 5658535.545510127209127 ], [ 682724.749300328665413, 5658535.545510127209127 ], [ 682724.749300328665413, 5658534.616254012100399 ], [ 682722.426160040427931, 5658534.616254012100399 ] ] ] ] } },
{ "type": "Feature", "properties": { }, "geometry": { "type": "MultiPolygon", "coordinates": [ [ [ [ 682724.749300328548998, 5658534.616254012100399 ], [ 682724.749300328548998, 5658535.545510127209127 ], [ 682727.07244061678648, 5658535.545510127209127 ], [ 682727.07244061678648, 5658534.616254012100399 ], [ 682724.749300328548998, 5658534.616254012100399 ] ] ] ] } },
{ "type": "Feature", "properties": { }, "geometry": { "type": "MultiPolygon", "coordinates": [ [ [ [ 682703.841037735459395, 5658533.68699789699167 ], [ 682703.841037735459395, 5658534.616254012100399 ], [ 682706.164178023696877, 5658534.616254012100399 ], [ 682706.164178023696877, 5658533.68699789699167 ], [ 682703.841037735459395, 5658533.68699789699167 ] ] ] ] } },
{ "type": "Feature", "properties": { }, "geometry": { "type": "MultiPolygon", "coordinates": [ [ [ [ 682706.164178023580462, 5658533.68699789699167 ], [ 682706.164178023580462, 5658534.616254012100399 ], [ 682708.487318311817944, 5658534.616254012100399 ], [ 682708.487318311817944, 5658533.68699789699167 ], [ 682706.164178023580462, 5658533.68699789699167 ] ] ] ] } },
{ "type": "Feature", "properties": { }, "geometry": { "type": "MultiPolygon", "coordinates": [ [ [ [ 682708.487318311701529, 5658533.68699789699167 ], [ 682708.487318311701529, 5658534.616254012100399 ], [ 682710.810458599939011, 5658534.616254012100399 ], [ 682710.810458599939011, 5658533.68699789699167 ], [ 682708.487318311701529, 5658533.68699789699167 ] ] ] ] } },
{ "type": "Feature", "properties": { }, "geometry": { "type": "MultiPolygon", "coordinates": [ [ [ [ 682710.810458599822596, 5658533.68699789699167 ], [ 682710.810458599822596, 5658534.616254012100399 ], [ 682713.133598888060078, 5658534.616254012100399 ], [ 682713.133598888060078, 5658533.68699789699167 ], [ 682710.810458599822596, 5658533.68699789699167 ] ] ] ] } },
{ "type": "Feature", "properties": { }, "geometry": { "type": "MultiPolygon", "coordinates": [ [ [ [ 682713.133598887943663, 5658533.68699789699167 ], [ 682713.133598887943663, 5658534.616254012100399 ], [ 682715.456739176181145, 5658534.616254012100399 ], [ 682715.456739176181145, 5658533.68699789699167 ], [ 682713.133598887943663, 5658533.68699789699167 ] ] ] ] } },
{ "type": "Feature", "properties": { }, "geometry": { "type": "MultiPolygon", "coordinates": [ [ [ [ 682715.45673917606473, 5658533.68699789699167 ], [ 682715.45673917606473, 5658534.616254012100399 ], [ 682717.779879464302212, 5658534.616254012100399 ], [ 682717.779879464302212, 5658533.68699789699167 ], [ 682715.45673917606473, 5658533.68699789699167 ] ] ] ] } },
{ "type": "Feature", "properties": { }, "geometry": { "type": "MultiPolygon", "coordinates": [ [ [ [ 682717.779879464185797, 5658533.68699789699167 ], [ 682717.779879464185797, 5658534.616254012100399 ], [ 682720.103019752423279, 5658534.616254012100399 ], [ 682720.103019752423279, 5658533.68699789699167 ], [ 682717.779879464185797, 5658533.68699789699167 ] ] ] ] } },
{ "type": "Feature", "properties": { }, "geometry": { "type": "MultiPolygon", "coordinates": [ [ [ [ 682720.103019752306864, 5658533.68699789699167 ], [ 682720.103019752306864, 5658534.616254012100399 ], [ 682722.426160040544346, 5658534.616254012100399 ], [ 682722.426160040544346, 5658533.68699789699167 ], [ 682720.103019752306864, 5658533.68699789699167 ] ] ] ] } },
{ "type": "Feature", "properties": { }, "geometry": { "type": "MultiPolygon", "coordinates": [ [ [ [ 682722.426160040427931, 5658533.68699789699167 ], [ 682722.426160040427931, 5658534.616254012100399 ], [ 682724.749300328665413, 5658534.616254012100399 ], [ 682724.749300328665413, 5658533.68699789699167 ], [ 682722.426160040427931, 5658533.68699789699167 ] ] ] ] } },
{ "type": "Feature", "properties": { }, "geometry": { "type": "MultiPolygon", "coordinates": [ [ [ [ 682724.749300328548998, 5658533.68699789699167 ], [ 682724.749300328548998, 5658534.616254012100399 ], [ 682727.07244061678648, 5658534.616254012100399 ], [ 682727.07244061678648, 5658533.68699789699167 ], [ 682724.749300328548998, 5658533.68699789699167 ] ] ] ] } },
{ "type": "Feature", "properties": { }, "geometry": { "type": "MultiPolygon", "coordinates": [ [ [ [ 682703.841037735459395, 5658532.757741780951619 ], [ 682703.841037735459395, 5658533.686997896060348 ], [ 682706.164178023696877, 5658533.686997896060348 ], [ 682706.164178023696877, 5658532.757741780951619 ], [ 682703.841037735459395, 5658532.757741780951619 ] ] ] ] } },
{ "type": "Feature", "properties": { }, "geometry": { "type": "MultiPolygon", "coordinates": [ [ [ [ 682706.164178023580462, 5658532.757741780951619 ], [ 682706.164178023580462, 5658533.686997896060348 ], [ 682708.487318311817944, 5658533.686997896060348 ], [ 682708.487318311817944, 5658532.757741780951619 ], [ 682706.164178023580462, 5658532.757741780951619 ] ] ] ] } },
{ "type": "Feature", "properties": { }, "geometry": { "type": "MultiPolygon", "coordinates": [ [ [ [ 682708.487318311701529, 5658532.757741780951619 ], [ 682708.487318311701529, 5658533.686997896060348 ], [ 682710.810458599939011, 5658533.686997896060348 ], [ 682710.810458599939011, 5658532.757741780951619 ], [ 682708.487318311701529, 5658532.757741780951619 ] ] ] ] } },
{ "type": "Feature", "properties": { }, "geometry": { "type": "MultiPolygon", "coordinates": [ [ [ [ 682710.810458599822596, 5658532.757741780951619 ], [ 682710.810458599822596, 5658533.686997896060348 ], [ 682713.133598888060078, 5658533.686997896060348 ], [ 682713.133598888060078, 5658532.757741780951619 ], [ 682710.810458599822596, 5658532.757741780951619 ] ] ] ] } },
{ "type": "Feature", "properties": { }, "geometry": { "type": "MultiPolygon", "coordinates": [ [ [ [ 682713.133598887943663, 5658532.757741780951619 ], [ 682713.133598887943663, 5658533.686997896060348 ], [ 682715.456739176181145, 5658533.686997896060348 ], [ 682715.456739176181145, 5658532.757741780951619 ], [ 682713.133598887943663, 5658532.757741780951619 ] ] ] ] } },
{ "type": "Feature", "properties": { }, "geometry": { "type": "MultiPolygon", "coordinates": [ [ [ [ 682715.45673917606473, 5658532.757741780951619 ], [ 682715.45673917606473, 5658533.686997896060348 ], [ 682717.779879464302212, 5658533.686997896060348 ], [ 682717.779879464302212, 5658532.757741780951619 ], [ 682715.45673917606473, 5658532.757741780951619 ] ] ] ] } },
{ "type": "Feature", "properties": { }, "geometry": { "type": "MultiPolygon", "coordinates": [ [ [ [ 682717.779879464185797, 5658532.757741780951619 ], [ 682717.779879464185797, 5658533.686997896060348 ], [ 682720.103019752423279, 5658533.686997896060348 ], [ 682720.103019752423279, 5658532.757741780951619 ], [ 682717.779879464185797, 5658532.757741780951619 ] ] ] ] } },
{ "type": "Feature", "properties": { }, "geometry": { "type": "MultiPolygon", "coordinates": [ [ [ [ 682720.103019752306864, 5658532.757741780951619 ], [ 682720.103019752306864, 5658533.686997896060348 ], [ 682722.426160040544346, 5658533.686997896060348 ], [ 682722.426160040544346, 5658532.757741780951619 ], [ 682720.103019752306864, 5658532.757741780951619 ] ] ] ] } },
{ "type": "Feature", "properties": { }, "geometry": { "type": "MultiPolygon", "coordinates": [ [ [ [ 682722.426160040427931, 5658532.757741780951619 ], [ 682722.426160040427931, 5658533.686997896060348 ], [ 682724.749300328665413, 5658533.686997896060348 ], [ 682724.749300328665413, 5658532.757741780951619 ], [ 682722.426160040427931, 5658532.757741780951619 ] ] ] ] } },
{ "type": "Feature", "properties": { }, "geometry": { "type": "MultiPolygon", "coordinates": [ [ [ [ 682724.749300328548998, 5658532.757741780951619 ], [ 682724.749300328548998, 5658533.686997896060348 ], [ 682727.07244061678648, 5658533.686997896060348 ], [ 682727.07244061678648, 5658532.757741780951619 ], [ 682724.749300328548998, 5658532.757741780951619 ] ] ] ] } },
{ "type": "Feature", "properties": { }, "geometry": { "type": "MultiPolygon", "coordinates": [ [ [ [ 682703.841037735459395, 5658531.828485665842891 ], [ 682703.841037735459395, 5658532.757741780951619 ], [ 682706.164178023696877, 5658532.757741780951619 ], [ 682706.164178023696877, 5658531.828485665842891 ], [ 682703.841037735459395, 5658531.828485665842891 ] ] ] ] } },
{ "type": "Feature", "properties": { }, "geometry": { "type": "MultiPolygon", "coordinates": [ [ [ [ 682706.164178023580462, 5658531.828485665842891 ], [ 682706.164178023580462, 5658532.757741780951619 ], [ 682708.487318311817944, 5658532.757741780951619 ], [ 682708.487318311817944, 5658531.828485665842891 ], [ 682706.164178023580462, 5658531.828485665842891 ] ] ] ] } },
{ "type": "Feature", "properties": { }, "geometry": { "type": "MultiPolygon", "coordinates": [ [ [ [ 682708.487318311701529, 5658531.828485665842891 ], [ 682708.487318311701529, 5658532.757741780951619 ], [ 682710.810458599939011, 5658532.757741780951619 ], [ 682710.810458599939011, 5658531.828485665842891 ], [ 682708.487318311701529, 5658531.828485665842891 ] ] ] ] } },
{ "type": "Feature", "properties": { }, "geometry": { "type": "MultiPolygon", "coordinates": [ [ [ [ 682710.810458599822596, 5658531.828485665842891 ], [ 682710.810458599822596, 5658532.757741780951619 ], [ 682713.133598888060078, 5658532.757741780951619 ], [ 682713.133598888060078, 5658531.828485665842891 ], [ 682710.810458599822596, 5658531.828485665842891 ] ] ] ] } },
{ "type": "Feature", "properties": { }, "geometry": { "type": "MultiPolygon", "coordinates": [ [ [ [ 682713.133598887943663, 5658531.828485665842891 ], [ 682713.133598887943663, 5658532.757741780951619 ], [ 682715.456739176181145, 5658532.757741780951619 ], [ 682715.456739176181145, 5658531.828485665842891 ], [ 682713.133598887943663, 5658531.828485665842891 ] ] ] ] } },
{ "type": "Feature", "properties": { }, "geometry": { "type": "MultiPolygon", "coordinates": [ [ [ [ 682715.45673917606473, 5658531.828485665842891 ], [ 682715.45673917606473, 5658532.757741780951619 ], [ 682717.779879464302212, 5658532.757741780951619 ], [ 682717.779879464302212, 5658531.828485665842891 ], [ 682715.45673917606473, 5658531.828485665842891 ] ] ] ] } },
{ "type": "Feature", "properties": { }, "geometry": { "type": "MultiPolygon", "coordinates": [ [ [ [ 682717.779879464185797, 5658531.828485665842891 ], [ 682717.779879464185797, 5658532.757741780951619 ], [ 682720.103019752423279, 5658532.757741780951619 ], [ 682720.103019752423279, 5658531.828485665842891 ], [ 682717.779879464185797, 5658531.828485665842891 ] ] ] ] } },
{ "type": "Feature", "properties": { }, "geometry": { "type": "MultiPolygon", "coordinates": [ [ [ [ 682720.103019752306864, 5658531.828485665842891 ], [ 682720.103019752306864, 5658532.757741780951619 ], [ 682722.426160040544346, 5658532.757741780951619 ], [ 682722.426160040544346, 5658531.828485665842891 ], [ 682720.103019752306864, 5658531.828485665842891 ] ] ] ] } },
{ "type": "Feature", "properties": { }, "geometry": { "type": "MultiPolygon", "coordinates": [ [ [ [ 682722.426160040427931, 5658531.828485665842891 ], [ 682722.426160040427931, 5658532.757741780951619 ], [ 682724.749300328665413, 5658532.757741780951619 ], [ 682724.749300328665413, 5658531.828485665842891 ], [ 682722.426160040427931, 5658531.828485665842891 ] ] ] ] } },
{ "type": "Feature", "properties": { }, "geometry": { "type": "MultiPolygon", "coordinates": [ [ [ [ 682724.749300328548998, 5658531.828485665842891 ], [ 682724.749300328548998, 5658532.757741780951619 ], [ 682727.07244061678648, 5658532.757741780951619 ], [ 682727.07244061678648, 5658531.828485665842891 ], [ 682724.749300328548998, 5658531.828485665842891 ] ] ] ] } },
{ "type": "Feature", "properties": { }, "geometry": { "type": "MultiPolygon", "coordinates": [ [ [ [ 682703.841037735459395, 5658530.899229550734162 ], [ 682703.841037735459395, 5658531.828485665842891 ], [ 682706.164178023696877, 5658531.828485665842891 ], [ 682706.164178023696877, 5658530.899229550734162 ], [ 682703.841037735459395, 5658530.899229550734162 ] ] ] ] } },
{ "type": "Feature", "properties": { }, "geometry": { "type": "MultiPolygon", "coordinates": [ [ [ [ 682706.164178023580462, 5658530.899229550734162 ], [ 682706.164178023580462, 5658531.828485665842891 ], [ 682708.487318311817944, 5658531.828485665842891 ], [ 682708.487318311817944, 5658530.899229550734162 ], [ 682706.164178023580462, 5658530.899229550734162 ] ] ] ] } },
{ "type": "Feature", "properties": { }, "geometry": { "type": "MultiPolygon", "coordinates": [ [ [ [ 682708.487318311701529, 5658530.899229550734162 ], [ 682708.487318311701529, 5658531.828485665842891 ], [ 682710.810458599939011, 5658531.828485665842891 ], [ 682710.810458599939011, 5658530.899229550734162 ], [ 682708.487318311701529, 5658530.899229550734162 ] ] ] ] } },
{ "type": "Feature", "properties": { }, "geometry": { "type": "MultiPolygon", "coordinates": [ [ [ [ 682710.810458599822596, 5658530.899229550734162 ], [ 682710.810458599822596, 5658531.828485665842891 ], [ 682713.133598888060078, 5658531.828485665842891 ], [ 682713.133598888060078, 5658530.899229550734162 ], [ 682710.810458599822596, 5658530.899229550734162 ] ] ] ] } },
{ "type": "Feature", "properties": { }, "geometry": { "type": "MultiPolygon", "coordinates": [ [ [ [ 682713.133598887943663, 5658530.899229550734162 ], [ 682713.133598887943663, 5658531.828485665842891 ], [ 682715.456739176181145, 5658531.828485665842891 ], [ 682715.456739176181145, 5658530.899229550734162 ], [ 682713.133598887943663, 5658530.899229550734162 ] ] ] ] } },
{ "type": "Feature", "properties": { }, "geometry": { "type": "MultiPolygon", "coordinates": [ [ [ [ 682715.45673917606473, 5658530.899229550734162 ], [ 682715.45673917606473, 5658531.828485665842891 ], [ 682717.779879464302212, 5658531.828485665842891 ], [ 682717.779879464302212, 5658530.899229550734162 ], [ 682715.45673917606473, 5658530.899229550734162 ] ] ] ] } },
{ "type": "Feature", "properties": { }, "geometry": { "type": "MultiPolygon", "coordinates": [ [ [ [ 682717.779879464185797, 5658530.899229550734162 ], [ 682717.779879464185797, 5658531.828485665842891 ], [ 682720.103019752423279, 5658531.828485665842891 ], [ 682720.103019752423279, 5658530.899229550734162 ], [ 682717.779879464185797, 5658530.899229550734162 ] ] ] ] } },
{ "type": "Feature", "properties": { }, "geometry": { "type": "MultiPolygon", "coordinates": [ [ [ [ 682720.103019752306864, 5658530.899229550734162 ], [ 682720.103019752306864, 5658531.828485665842891 ], [ 682722.426160040544346, 5658531.828485665842891 ], [ 682722.426160040544346, 5658530.899229550734162 ], [ 682720.103019752306864, 5658530.899229550734162 ] ] ] ] } },
{ "type": "Feature", "properties": { }, "geometry": { "type": "MultiPolygon", "coordinates": [ [ [ [ 682722.426160040427931, 5658530.899229550734162 ], [ 682722.426160040427931, 5658531.828485665842891 ], [ 682724.749300328665413, 5658531.828485665842891 ], [ 682724.749300328665413, 5658530.899229550734162 ], [ 682722.426160040427931, 5658530.899229550734162 ] ] ] ] } },
{ "type": "Feature", "properties": { }, "geometry": { "type": "MultiPolygon", "coordinates": [ [ [ [ 682724.749300328548998, 5658530.899229550734162 ], [ 682724.749300328548998, 5658531.828485665842891 ], [ 682727.07244061678648, 5658531.828485665842891 ], [ 682727.07244061678648, 5658530.899229550734162 ], [ 682724.749300328548998, 5658530.899229550734162 ] ] ] ] } },
{ "type": "Feature", "properties": { }, "geometry": { "type": "MultiPolygon", "coordinates": [ [ [ [ 682703.841037735459395, 5658529.969973435625434 ], [ 682703.841037735459395, 5658530.899229550734162 ], [ 682706.164178023696877, 5658530.899229550734162 ], [ 682706.164178023696877, 5658529.969973435625434 ], [ 682703.841037735459395, 5658529.969973435625434 ] ] ] ] } },
{ "type": "Feature", "properties": { }, "geometry": { "type": "MultiPolygon", "coordinates": [ [ [ [ 682706.164178023580462, 5658529.969973435625434 ], [ 682706.164178023580462, 5658530.899229550734162 ], [ 682708.487318311817944, 5658530.899229550734162 ], [ 682708.487318311817944, 5658529.969973435625434 ], [ 682706.164178023580462, 5658529.969973435625434 ] ] ] ] } },
{ "type": "Feature", "properties": { }, "geometry": { "type": "MultiPolygon", "coordinates": [ [ [ [ 682708.487318311701529, 5658529.969973435625434 ], [ 682708.487318311701529, 5658530.899229550734162 ], [ 682710.810458599939011, 5658530.899229550734162 ], [ 682710.810458599939011, 5658529.969973435625434 ], [ 682708.487318311701529, 5658529.969973435625434 ] ] ] ] } },
{ "type": "Feature", "properties": { }, "geometry": { "type": "MultiPolygon", "coordinates": [ [ [ [ 682710.810458599822596, 5658529.969973435625434 ], [ 682710.810458599822596, 5658530.899229550734162 ], [ 682713.133598888060078, 5658530.899229550734162 ], [ 682713.133598888060078, 5658529.969973435625434 ], [ 682710.810458599822596, 5658529.969973435625434 ] ] ] ] } },
{ "type": "Feature", "properties": { }, "geometry": { "type": "MultiPolygon", "coordinates": [ [ [ [ 682713.133598887943663, 5658529.969973435625434 ], [ 682713.133598887943663, 5658530.899229550734162 ], [ 682715.456739176181145, 5658530.899229550734162 ], [ 682715.456739176181145, 5658529.969973435625434 ], [ 682713.133598887943663, 5658529.969973435625434 ] ] ] ] } },
{ "type": "Feature", "properties": { }, "geometry": { "type": "MultiPolygon", "coordinates": [ [ [ [ 682715.45673917606473, 5658529.969973435625434 ], [ 682715.45673917606473, 5658530.899229550734162 ], [ 682717.779879464302212, 5658530.899229550734162 ], [ 682717.779879464302212, 5658529.969973435625434 ], [ 682715.45673917606473, 5658529.969973435625434 ] ] ] ] } },
{ "type": "Feature", "properties": { }, "geometry": { "type": "MultiPolygon", "coordinates": [ [ [ [ 682717.779879464185797, 5658529.969973435625434 ], [ 682717.779879464185797, 5658530.899229550734162 ], [ 682720.103019752423279, 5658530.899229550734162 ], [ 682720.103019752423279, 5658529.969973435625434 ], [ 682717.779879464185797, 5658529.969973435625434 ] ] ] ] } },
{ "type": "Feature", "properties": { }, "geometry": { "type": "MultiPolygon", "coordinates": [ [ [ [ 682720.103019752306864, 5658529.969973435625434 ], [ 682720.103019752306864, 5658530.899229550734162 ], [ 682722.426160040544346, 5658530.899229550734162 ], [ 682722.426160040544346, 5658529.969973435625434 ], [ 682720.103019752306864, 5658529.969973435625434 ] ] ] ] } },
{ "type": "Feature", "properties": { }, "geometry": { "type": "MultiPolygon", "coordinates": [ [ [ [ 682722.426160040427931, 5658529.969973435625434 ], [ 682722.426160040427931, 5658530.899229550734162 ], [ 682724.749300328665413, 5658530.899229550734162 ], [ 682724.749300328665413, 5658529.969973435625434 ], [ 682722.426160040427931, 5658529.969973435625434 ] ] ] ] } },
{ "type": "Feature", "properties": { }, "geometry": { "type": "MultiPolygon", "coordinates": [ [ [ [ 682724.749300328548998, 5658529.969973435625434 ], [ 682724.749300328548998, 5658530.899229550734162 ], [ 682727.07244061678648, 5658530.899229550734162 ], [ 682727.07244061678648, 5658529.969973435625434 ], [ 682724.749300328548998, 5658529.969973435625434 ] ] ] ] } },
{ "type": "Feature", "properties": { }, "geometry": { "type": "MultiPolygon", "coordinates": [ [ [ [ 682703.841037735459395, 5658529.040717320516706 ], [ 682703.841037735459395, 5658529.969973435625434 ], [ 682706.164178023696877, 5658529.969973435625434 ], [ 682706.164178023696877, 5658529.040717320516706 ], [ 682703.841037735459395, 5658529.040717320516706 ] ] ] ] } },
{ "type": "Feature", "properties": { }, "geometry": { "type": "MultiPolygon", "coordinates": [ [ [ [ 682706.164178023580462, 5658529.040717320516706 ], [ 682706.164178023580462, 5658529.969973435625434 ], [ 682708.487318311817944, 5658529.969973435625434 ], [ 682708.487318311817944, 5658529.040717320516706 ], [ 682706.164178023580462, 5658529.040717320516706 ] ] ] ] } },
{ "type": "Feature", "properties": { }, "geometry": { "type": "MultiPolygon", "coordinates": [ [ [ [ 682708.487318311701529, 5658529.040717320516706 ], [ 682708.487318311701529, 5658529.969973435625434 ], [ 682710.810458599939011, 5658529.969973435625434 ], [ 682710.810458599939011, 5658529.040717320516706 ], [ 682708.487318311701529, 5658529.040717320516706 ] ] ] ] } },
{ "type": "Feature", "properties": { }, "geometry": { "type": "MultiPolygon", "coordinates": [ [ [ [ 682710.810458599822596, 5658529.040717320516706 ], [ 682710.810458599822596, 5658529.969973435625434 ], [ 682713.133598888060078, 5658529.969973435625434 ], [ 682713.133598888060078, 5658529.040717320516706 ], [ 682710.810458599822596, 5658529.040717320516706 ] ] ] ] } },
{ "type": "Feature", "properties": { }, "geometry": { "type": "MultiPolygon", "coordinates": [ [ [ [ 682713.133598887943663, 5658529.040717320516706 ], [ 682713.133598887943663, 5658529.969973435625434 ], [ 682715.456739176181145, 5658529.969973435625434 ], [ 682715.456739176181145, 5658529.040717320516706 ], [ 682713.133598887943663, 5658529.040717320516706 ] ] ] ] } },
{ "type": "Feature", "properties": { }, "geometry": { "type": "MultiPolygon", "coordinates": [ [ [ [ 682715.45673917606473, 5658529.040717320516706 ], [ 682715.45673917606473, 5658529.969973435625434 ], [ 682717.779879464302212, 5658529.969973435625434 ], [ 682717.779879464302212, 5658529.040717320516706 ], [ 682715.45673917606473, 5658529.040717320516706 ] ] ] ] } },
{ "type": "Feature", "properties": { }, "geometry": { "type": "MultiPolygon", "coordinates": [ [ [ [ 682717.779879464185797, 5658529.040717320516706 ], [ 682717.779879464185797, 5658529.969973435625434 ], [ 682720.103019752423279, 5658529.969973435625434 ], [ 682720.103019752423279, 5658529.040717320516706 ], [ 682717.779879464185797, 5658529.040717320516706 ] ] ] ] } },
{ "type": "Feature", "properties": { }, "geometry": { "type": "MultiPolygon", "coordinates": [ [ [ [ 682720.103019752306864, 5658529.040717320516706 ], [ 682720.103019752306864, 5658529.969973435625434 ], [ 682722.426160040544346, 5658529.969973435625434 ], [ 682722.426160040544346, 5658529.040717320516706 ], [ 682720.103019752306864, 5658529.040717320516706 ] ] ] ] } },
{ "type": "Feature", "properties": { }, "geometry": { "type": "MultiPolygon", "coordinates": [ [ [ [ 682722.426160040427931, 5658529.040717320516706 ], [ 682722.426160040427931, 5658529.969973435625434 ], [ 682724.749300328665413, 5658529.969973435625434 ], [ 682724.749300328665413, 5658529.040717320516706 ], [ 682722.426160040427931, 5658529.040717320516706 ] ] ] ] } },
{ "type": "Feature", "properties": { }, "geometry": { "type": "MultiPolygon", "coordinates": [ [ [ [ 682724.749300328548998, 5658529.040717320516706 ], [ 682724.749300328548998, 5658529.969973435625434 ], [ 682727.07244061678648, 5658529.969973435625434 ], [ 682727.07244061678648, 5658529.040717320516706 ], [ 682724.749300328548998, 5658529.040717320516706 ] ] ] ] } },
{ "type": "Feature", "properties": { }, "geometry": { "type": "MultiPolygon", "coordinates": [ [ [ [ 682703.841037735459395, 5658528.111461205407977 ], [ 682703.841037735459395, 5658529.040717320516706 ], [ 682706.164178023696877, 5658529.040717320516706 ], [ 682706.164178023696877, 5658528.111461205407977 ], [ 682703.841037735459395, 5658528.111461205407977 ] ] ] ] } },
{ "type": "Feature", "properties": { }, "geometry": { "type": "MultiPolygon", "coordinates": [ [ [ [ 682706.164178023580462, 5658528.111461205407977 ], [ 682706.164178023580462, 5658529.040717320516706 ], [ 682708.487318311817944, 5658529.040717320516706 ], [ 682708.487318311817944, 5658528.111461205407977 ], [ 682706.164178023580462, 5658528.111461205407977 ] ] ] ] } },
{ "type": "Feature", "properties": { }, "geometry": { "type": "MultiPolygon", "coordinates": [ [ [ [ 682708.487318311701529, 5658528.111461205407977 ], [ 682708.487318311701529, 5658529.040717320516706 ], [ 682710.810458599939011, 5658529.040717320516706 ], [ 682710.810458599939011, 5658528.111461205407977 ], [ 682708.487318311701529, 5658528.111461205407977 ] ] ] ] } },
{ "type": "Feature", "properties": { }, "geometry": { "type": "MultiPolygon", "coordinates": [ [ [ [ 682710.810458599822596, 5658528.111461205407977 ], [ 682710.810458599822596, 5658529.040717320516706 ], [ 682713.133598888060078, 5658529.040717320516706 ], [ 682713.133598888060078, 5658528.111461205407977 ], [ 682710.810458599822596, 5658528.111461205407977 ] ] ] ] } },
{ "type": "Feature", "properties": { }, "geometry": { "type": "MultiPolygon", "coordinates": [ [ [ [ 682713.133598887943663, 5658528.111461205407977 ], [ 682713.133598887943663, 5658529.040717320516706 ], [ 682715.456739176181145, 5658529.040717320516706 ], [ 682715.456739176181145, 5658528.111461205407977 ], [ 682713.133598887943663, 5658528.111461205407977 ] ] ] ] } },
{ "type": "Feature", "properties": { }, "geometry": { "type": "MultiPolygon", "coordinates": [ [ [ [ 682715.45673917606473, 5658528.111461205407977 ], [ 682715.45673917606473, 5658529.040717320516706 ], [ 682717.779879464302212, 5658529.040717320516706 ], [ 682717.779879464302212, 5658528.111461205407977 ], [ 682715.45673917606473, 5658528.111461205407977 ] ] ] ] } },
{ "type": "Feature", "properties": { }, "geometry": { "type": "MultiPolygon", "coordinates": [ [ [ [ 682717.779879464185797, 5658528.111461205407977 ], [ 682717.779879464185797, 5658529.040717320516706 ], [ 682720.103019752423279, 5658529.040717320516706 ], [ 682720.103019752423279, 5658528.111461205407977 ], [ 682717.779879464185797, 5658528.111461205407977 ] ] ] ] } },
{ "type": "Feature", "properties": { }, "geometry": { "type": "MultiPolygon", "coordinates": [ [ [ [ 682720.103019752306864, 5658528.111461205407977 ], [ 682720.103019752306864, 5658529.040717320516706 ], [ 682722.426160040544346, 5658529.040717320516706 ], [ 682722.426160040544346, 5658528.111461205407977 ], [ 682720.103019752306864, 5658528.111461205407977 ] ] ] ] } },
{ "type": "Feature", "properties": { }, "geometry": { "type": "MultiPolygon", "coordinates": [ [ [ [ 682722.426160040427931, 5658528.111461205407977 ], [ 682722.426160040427931, 5658529.040717320516706 ], [ 682724.749300328665413, 5658529.040717320516706 ], [ 682724.749300328665413, 5658528.111461205407977 ], [ 682722.426160040427931, 5658528.111461205407977 ] ] ] ] } },
{ "type": "Feature", "properties": { }, "geometry": { "type": "MultiPolygon", "coordinates": [ [ [ [ 682724.749300328548998, 5658528.111461205407977 ], [ 682724.749300328548998, 5658529.040717320516706 ], [ 682727.07244061678648, 5658529.040717320516706 ], [ 682727.07244061678648, 5658528.111461205407977 ], [ 682724.749300328548998, 5658528.111461205407977 ] ] ] ] } },
{ "type": "Feature", "properties": { }, "geometry": { "type": "MultiPolygon", "coordinates": [ [ [ [ 682703.841037735459395, 5658527.182205089367926 ], [ 682703.841037735459395, 5658528.111461204476655 ], [ 682706.164178023696877, 5658528.111461204476655 ], [ 682706.164178023696877, 5658527.182205089367926 ], [ 682703.841037735459395, 5658527.182205089367926 ] ] ] ] } },
{ "type": "Feature", "properties": { }, "geometry": { "type": "MultiPolygon", "coordinates": [ [ [ [ 682706.164178023580462, 5658527.182205089367926 ], [ 682706.164178023580462, 5658528.111461204476655 ], [ 682708.487318311817944, 5658528.111461204476655 ], [ 682708.487318311817944, 5658527.182205089367926 ], [ 682706.164178023580462, 5658527.182205089367926 ] ] ] ] } },
{ "type": "Feature", "properties": { }, "geometry": { "type": "MultiPolygon", "coordinates": [ [ [ [ 682708.487318311701529, 5658527.182205089367926 ], [ 682708.487318311701529, 5658528.111461204476655 ], [ 682710.810458599939011, 5658528.111461204476655 ], [ 682710.810458599939011, 5658527.182205089367926 ], [ 682708.487318311701529, 5658527.182205089367926 ] ] ] ] } },
{ "type": "Feature", "properties": { }, "geometry": { "type": "MultiPolygon", "coordinates": [ [ [ [ 682710.810458599822596, 5658527.182205089367926 ], [ 682710.810458599822596, 5658528.111461204476655 ], [ 682713.133598888060078, 5658528.111461204476655 ], [ 682713.133598888060078, 5658527.182205089367926 ], [ 682710.810458599822596, 5658527.182205089367926 ] ] ] ] } },
{ "type": "Feature", "properties": { }, "geometry": { "type": "MultiPolygon", "coordinates": [ [ [ [ 682713.133598887943663, 5658527.182205089367926 ], [ 682713.133598887943663, 5658528.111461204476655 ], [ 682715.456739176181145, 5658528.111461204476655 ], [ 682715.456739176181145, 5658527.182205089367926 ], [ 682713.133598887943663, 5658527.182205089367926 ] ] ] ] } },
{ "type": "Feature", "properties": { }, "geometry": { "type": "MultiPolygon", "coordinates": [ [ [ [ 682715.45673917606473, 5658527.182205089367926 ], [ 682715.45673917606473, 5658528.111461204476655 ], [ 682717.779879464302212, 5658528.111461204476655 ], [ 682717.779879464302212, 5658527.182205089367926 ], [ 682715.45673917606473, 5658527.182205089367926 ] ] ] ] } },
{ "type": "Feature", "properties": { }, "geometry": { "type": "MultiPolygon", "coordinates": [ [ [ [ 682717.779879464185797, 5658527.182205089367926 ], [ 682717.779879464185797, 5658528.111461204476655 ], [ 682720.103019752423279, 5658528.111461204476655 ], [ 682720.103019752423279, 5658527.182205089367926 ], [ 682717.779879464185797, 5658527.182205089367926 ] ] ] ] } },
{ "type": "Feature", "properties": { }, "geometry": { "type": "MultiPolygon", "coordinates": [ [ [ [ 682720.103019752306864, 5658527.182205089367926 ], [ 682720.103019752306864, 5658528.111461204476655 ], [ 682722.426160040544346, 5658528.111461204476655 ], [ 682722.426160040544346, 5658527.182205089367926 ], [ 682720.103019752306864, 5658527.182205089367926 ] ] ] ] } },
{ "type": "Feature", "properties": { }, "geometry": { "type": "MultiPolygon", "coordinates": [ [ [ [ 682722.426160040427931, 5658527.182205089367926 ], [ 682722.426160040427931, 5658528.111461204476655 ], [ 682724.749300328665413, 5658528.111461204476655 ], [ 682724.749300328665413, 5658527.182205089367926 ], [ 682722.426160040427931, 5658527.182205089367926 ] ] ] ] } },
{ "type": "Feature", "properties": { }, "geometry": { "type": "MultiPolygon", "coordinates": [ [ [ [ 682724.749300328548998, 5658527.182205089367926 ], [ 682724.749300328548998, 5658528.111461204476655 ], [ 682727.07244061678648, 5658528.111461204476655 ], [ 682727.07244061678648, 5658527.182205089367926 ], [ 682724.749300328548998, 5658527.182205089367926 ] ] ] ] } },
{ "type": "Feature", "properties": { }, "geometry": { "type": "MultiPolygon", "coordinates": [ [ [ [ 682703.841037735459395, 5658526.252948974259198 ], [ 682703.841037735459395, 5658527.182205089367926 ], [ 682706.164178023696877, 5658527.182205089367926 ], [ 682706.164178023696877, 5658526.252948974259198 ], [ 682703.841037735459395, 5658526.252948974259198 ] ] ] ] } },
{ "type": "Feature", "properties": { }, "geometry": { "type": "MultiPolygon", "coordinates": [ [ [ [ 682706.164178023580462, 5658526.252948974259198 ], [ 682706.164178023580462, 5658527.182205089367926 ], [ 682708.487318311817944, 5658527.182205089367926 ], [ 682708.487318311817944, 5658526.252948974259198 ], [ 682706.164178023580462, 5658526.252948974259198 ] ] ] ] } },
{ "type": "Feature", "properties": { }, "geometry": { "type": "MultiPolygon", "coordinates": [ [ [ [ 682708.487318311701529, 5658526.252948974259198 ], [ 682708.487318311701529, 5658527.182205089367926 ], [ 682710.810458599939011, 5658527.182205089367926 ], [ 682710.810458599939011, 5658526.252948974259198 ], [ 682708.487318311701529, 5658526.252948974259198 ] ] ] ] } },
{ "type": "Feature", "properties": { }, "geometry": { "type": "MultiPolygon", "coordinates": [ [ [ [ 682710.810458599822596, 5658526.252948974259198 ], [ 682710.810458599822596, 5658527.182205089367926 ], [ 682713.133598888060078, 5658527.182205089367926 ], [ 682713.133598888060078, 5658526.252948974259198 ], [ 682710.810458599822596, 5658526.252948974259198 ] ] ] ] } },
{ "type": "Feature", "properties": { }, "geometry": { "type": "MultiPolygon", "coordinates": [ [ [ [ 682713.133598887943663, 5658526.252948974259198 ], [ 682713.133598887943663, 5658527.182205089367926 ], [ 682715.456739176181145, 5658527.182205089367926 ], [ 682715.456739176181145, 5658526.252948974259198 ], [ 682713.133598887943663, 5658526.252948974259198 ] ] ] ] } },
{ "type": "Feature", "properties": { }, "geometry": { "type": "MultiPolygon", "coordinates": [ [ [ [ 682715.45673917606473, 5658526.252948974259198 ], [ 682715.45673917606473, 5658527.182205089367926 ], [ 682717.779879464302212, 5658527.182205089367926 ], [ 682717.779879464302212, 5658526.252948974259198 ], [ 682715.45673917606473, 5658526.252948974259198 ] ] ] ] } },
{ "type": "Feature", "properties": { }, "geometry": { "type": "MultiPolygon", "coordinates": [ [ [ [ 682717.779879464185797, 5658526.252948974259198 ], [ 682717.779879464185797, 5658527.182205089367926 ], [ 682720.103019752423279, 5658527.182205089367926 ], [ 682720.103019752423279, 5658526.252948974259198 ], [ 682717.779879464185797, 5658526.252948974259198 ] ] ] ] } },
{ "type": "Feature", "properties": { }, "geometry": { "type": "MultiPolygon", "coordinates": [ [ [ [ 682720.103019752306864, 5658526.252948974259198 ], [ 682720.103019752306864, 5658527.182205089367926 ], [ 682722.426160040544346, 5658527.182205089367926 ], [ 682722.426160040544346, 5658526.252948974259198 ], [ 682720.103019752306864, 5658526.252948974259198 ] ] ] ] } },
{ "type": "Feature", "properties": { }, "geometry": { "type": "MultiPolygon", "coordinates": [ [ [ [ 682722.426160040427931, 5658526.252948974259198 ], [ 682722.426160040427931, 5658527.182205089367926 ], [ 682724.749300328665413, 5658527.182205089367926 ], [ 682724.749300328665413, 5658526.252948974259198 ], [ 682722.426160040427931, 5658526.252948974259198 ] ] ] ] } },
{ "type": "Feature", "properties": { }, "geometry": { "type": "MultiPolygon", "coordinates": [ [ [ [ 682724.749300328548998, 5658526.252948974259198 ], [ 682724.749300328548998, 5658527.182205089367926 ], [ 682727.07244061678648, 5658527.182205089367926 ], [ 682727.07244061678648, 5658526.252948974259198 ], [ 682724.749300328548998, 5658526.252948974259198 ] ] ] ] } },
{ "type": "Feature", "properties": { }, "geometry": { "type": "MultiPolygon", "coordinates": [ [ [ [ 682703.841037735459395, 5658525.323692859150469 ], [ 682703.841037735459395, 5658526.252948974259198 ], [ 682706.164178023696877, 5658526.252948974259198 ], [ 682706.164178023696877, 5658525.323692859150469 ], [ 682703.841037735459395, 5658525.323692859150469 ] ] ] ] } },
{ "type": "Feature", "properties": { }, "geometry": { "type": "MultiPolygon", "coordinates": [ [ [ [ 682706.164178023580462, 5658525.323692859150469 ], [ 682706.164178023580462, 5658526.252948974259198 ], [ 682708.487318311817944, 5658526.252948974259198 ], [ 682708.487318311817944, 5658525.323692859150469 ], [ 682706.164178023580462, 5658525.323692859150469 ] ] ] ] } },
{ "type": "Feature", "properties": { }, "geometry": { "type": "MultiPolygon", "coordinates": [ [ [ [ 682708.487318311701529, 5658525.323692859150469 ], [ 682708.487318311701529, 5658526.252948974259198 ], [ 682710.810458599939011, 5658526.252948974259198 ], [ 682710.810458599939011, 5658525.323692859150469 ], [ 682708.487318311701529, 5658525.323692859150469 ] ] ] ] } },
{ "type": "Feature", "properties": { }, "geometry": { "type": "MultiPolygon", "coordinates": [ [ [ [ 682710.810458599822596, 5658525.323692859150469 ], [ 682710.810458599822596, 5658526.252948974259198 ], [ 682713.133598888060078, 5658526.252948974259198 ], [ 682713.133598888060078, 5658525.323692859150469 ], [ 682710.810458599822596, 5658525.323692859150469 ] ] ] ] } },
{ "type": "Feature", "properties": { }, "geometry": { "type": "MultiPolygon", "coordinates": [ [ [ [ 682713.133598887943663, 5658525.323692859150469 ], [ 682713.133598887943663, 5658526.252948974259198 ], [ 682715.456739176181145, 5658526.252948974259198 ], [ 682715.456739176181145, 5658525.323692859150469 ], [ 682713.133598887943663, 5658525.323692859150469 ] ] ] ] } },
{ "type": "Feature", "properties": { }, "geometry": { "type": "MultiPolygon", "coordinates": [ [ [ [ 682715.45673917606473, 5658525.323692859150469 ], [ 682715.45673917606473, 5658526.252948974259198 ], [ 682717.779879464302212, 5658526.252948974259198 ], [ 682717.779879464302212, 5658525.323692859150469 ], [ 682715.45673917606473, 5658525.323692859150469 ] ] ] ] } },
{ "type": "Feature", "properties": { }, "geometry": { "type": "MultiPolygon", "coordinates": [ [ [ [ 682717.779879464185797, 5658525.323692859150469 ], [ 682717.779879464185797, 5658526.252948974259198 ], [ 682720.103019752423279, 5658526.252948974259198 ], [ 682720.103019752423279, 5658525.323692859150469 ], [ 682717.779879464185797, 5658525.323692859150469 ] ] ] ] } },
{ "type": "Feature", "properties": { }, "geometry": { "type": "MultiPolygon", "coordinates": [ [ [ [ 682720.103019752306864, 5658525.323692859150469 ], [ 682720.103019752306864, 5658526.252948974259198 ], [ 682722.426160040544346, 5658526.252948974259198 ], [ 682722.426160040544346, 5658525.323692859150469 ], [ 682720.103019752306864, 5658525.323692859150469 ] ] ] ] } },
{ "type": "Feature", "properties": { }, "geometry": { "type": "MultiPolygon", "coordinates": [ [ [ [ 682722.426160040427931, 5658525.323692859150469 ], [ 682722.426160040427931, 5658526.252948974259198 ], [ 682724.749300328665413, 5658526.252948974259198 ], [ 682724.749300328665413, 5658525.323692859150469 ], [ 682722.426160040427931, 5658525.323692859150469 ] ] ] ] } },
{ "type": "Feature", "properties": { }, "geometry": { "type": "MultiPolygon", "coordinates": [ [ [ [ 682724.749300328548998, 5658525.323692859150469 ], [ 682724.749300328548998, 5658526.252948974259198 ], [ 682727.07244061678648, 5658526.252948974259198 ], [ 682727.07244061678648, 5658525.323692859150469 ], [ 682724.749300328548998, 5658525.323692859150469 ] ] ] ] } },
{ "type": "Feature", "properties": { }, "geometry": { "type": "MultiPolygon", "coordinates": [ [ [ [ 682703.841037735459395, 5658524.394436744041741 ], [ 682703.841037735459395, 5658525.323692859150469 ], [ 682706.164178023696877, 5658525.323692859150469 ], [ 682706.164178023696877, 5658524.394436744041741 ], [ 682703.841037735459395, 5658524.394436744041741 ] ] ] ] } },
{ "type": "Feature", "properties": { }, "geometry": { "type": "MultiPolygon", "coordinates": [ [ [ [ 682706.164178023580462, 5658524.394436744041741 ], [ 682706.164178023580462, 5658525.323692859150469 ], [ 682708.487318311817944, 5658525.323692859150469 ], [ 682708.487318311817944, 5658524.394436744041741 ], [ 682706.164178023580462, 5658524.394436744041741 ] ] ] ] } },
{ "type": "Feature", "properties": { }, "geometry": { "type": "MultiPolygon", "coordinates": [ [ [ [ 682708.487318311701529, 5658524.394436744041741 ], [ 682708.487318311701529, 5658525.323692859150469 ], [ 682710.810458599939011, 5658525.323692859150469 ], [ 682710.810458599939011, 5658524.394436744041741 ], [ 682708.487318311701529, 5658524.394436744041741 ] ] ] ] } },
{ "type": "Feature", "properties": { }, "geometry": { "type": "MultiPolygon", "coordinates": [ [ [ [ 682710.810458599822596, 5658524.394436744041741 ], [ 682710.810458599822596, 5658525.323692859150469 ], [ 682713.133598888060078, 5658525.323692859150469 ], [ 682713.133598888060078, 5658524.394436744041741 ], [ 682710.810458599822596, 5658524.394436744041741 ] ] ] ] } },
{ "type": "Feature", "properties": { }, "geometry": { "type": "MultiPolygon", "coordinates": [ [ [ [ 682713.133598887943663, 5658524.394436744041741 ], [ 682713.133598887943663, 5658525.323692859150469 ], [ 682715.456739176181145, 5658525.323692859150469 ], [ 682715.456739176181145, 5658524.394436744041741 ], [ 682713.133598887943663, 5658524.394436744041741 ] ] ] ] } },
{ "type": "Feature", "properties": { }, "geometry": { "type": "MultiPolygon", "coordinates": [ [ [ [ 682715.45673917606473, 5658524.394436744041741 ], [ 682715.45673917606473, 5658525.323692859150469 ], [ 682717.779879464302212, 5658525.323692859150469 ], [ 682717.779879464302212, 5658524.394436744041741 ], [ 682715.45673917606473, 5658524.394436744041741 ] ] ] ] } },
{ "type": "Feature", "properties": { }, "geometry": { "type": "MultiPolygon", "coordinates": [ [ [ [ 682717.779879464185797, 5658524.394436744041741 ], [ 682717.779879464185797, 5658525.323692859150469 ], [ 682720.103019752423279, 5658525.323692859150469 ], [ 682720.103019752423279, 5658524.394436744041741 ], [ 682717.779879464185797, 5658524.394436744041741 ] ] ] ] } },
{ "type": "Feature", "properties": { }, "geometry": { "type": "MultiPolygon", "coordinates": [ [ [ [ 682720.103019752306864, 5658524.394436744041741 ], [ 682720.103019752306864, 5658525.323692859150469 ], [ 682722.426160040544346, 5658525.323692859150469 ], [ 682722.426160040544346, 5658524.394436744041741 ], [ 682720.103019752306864, 5658524.394436744041741 ] ] ] ] } },
{ "type": "Feature", "properties": { }, "geometry": { "type": "MultiPolygon", "coordinates": [ [ [ [ 682722.426160040427931, 5658524.394436744041741 ], [ 682722.426160040427931, 5658525.323692859150469 ], [ 682724.749300328665413, 5658525.323692859150469 ], [ 682724.749300328665413, 5658524.394436744041741 ], [ 682722.426160040427931, 5658524.394436744041741 ] ] ] ] } },
{ "type": "Feature", "properties": { }, "geometry": { "type": "MultiPolygon", "coordinates": [ [ [ [ 682724.749300328548998, 5658524.394436744041741 ], [ 682724.749300328548998, 5658525.323692859150469 ], [ 682727.07244061678648, 5658525.323692859150469 ], [ 682727.07244061678648, 5658524.394436744041741 ], [ 682724.749300328548998, 5658524.394436744041741 ] ] ] ] } },
{ "type": "Feature", "properties": { }, "geometry": { "type": "MultiPolygon", "coordinates": [ [ [ [ 682703.841037735459395, 5658523.465180628933012 ], [ 682703.841037735459395, 5658524.394436744041741 ], [ 682706.164178023696877, 5658524.394436744041741 ], [ 682706.164178023696877, 5658523.465180628933012 ], [ 682703.841037735459395, 5658523.465180628933012 ] ] ] ] } },
{ "type": "Feature", "properties": { }, "geometry": { "type": "MultiPolygon", "coordinates": [ [ [ [ 682706.164178023580462, 5658523.465180628933012 ], [ 682706.164178023580462, 5658524.394436744041741 ], [ 682708.487318311817944, 5658524.394436744041741 ], [ 682708.487318311817944, 5658523.465180628933012 ], [ 682706.164178023580462, 5658523.465180628933012 ] ] ] ] } },
{ "type": "Feature", "properties": { }, "geometry": { "type": "MultiPolygon", "coordinates": [ [ [ [ 682708.487318311701529, 5658523.465180628933012 ], [ 682708.487318311701529, 5658524.394436744041741 ], [ 682710.810458599939011, 5658524.394436744041741 ], [ 682710.810458599939011, 5658523.465180628933012 ], [ 682708.487318311701529, 5658523.465180628933012 ] ] ] ] } },
{ "type": "Feature", "properties": { }, "geometry": { "type": "MultiPolygon", "coordinates": [ [ [ [ 682710.810458599822596, 5658523.465180628933012 ], [ 682710.810458599822596, 5658524.394436744041741 ], [ 682713.133598888060078, 5658524.394436744041741 ], [ 682713.133598888060078, 5658523.465180628933012 ], [ 682710.810458599822596, 5658523.465180628933012 ] ] ] ] } },
{ "type": "Feature", "properties": { }, "geometry": { "type": "MultiPolygon", "coordinates": [ [ [ [ 682713.133598887943663, 5658523.465180628933012 ], [ 682713.133598887943663, 5658524.394436744041741 ], [ 682715.456739176181145, 5658524.394436744041741 ], [ 682715.456739176181145, 5658523.465180628933012 ], [ 682713.133598887943663, 5658523.465180628933012 ] ] ] ] } },
{ "type": "Feature", "properties": { }, "geometry": { "type": "MultiPolygon", "coordinates": [ [ [ [ 682715.45673917606473, 5658523.465180628933012 ], [ 682715.45673917606473, 5658524.394436744041741 ], [ 682717.779879464302212, 5658524.394436744041741 ], [ 682717.779879464302212, 5658523.465180628933012 ], [ 682715.45673917606473, 5658523.465180628933012 ] ] ] ] } },
{ "type": "Feature", "properties": { }, "geometry": { "type": "MultiPolygon", "coordinates": [ [ [ [ 682717.779879464185797, 5658523.465180628933012 ], [ 682717.779879464185797, 5658524.394436744041741 ], [ 682720.103019752423279, 5658524.394436744041741 ], [ 682720.103019752423279, 5658523.465180628933012 ], [ 682717.779879464185797, 5658523.465180628933012 ] ] ] ] } },
{ "type": "Feature", "properties": { }, "geometry": { "type": "MultiPolygon", "coordinates": [ [ [ [ 682720.103019752306864, 5658523.465180628933012 ], [ 682720.103019752306864, 5658524.394436744041741 ], [ 682722.426160040544346, 5658524.394436744041741 ], [ 682722.426160040544346, 5658523.465180628933012 ], [ 682720.103019752306864, 5658523.465180628933012 ] ] ] ] } },
{ "type": "Feature", "properties": { }, "geometry": { "type": "MultiPolygon", "coordinates": [ [ [ [ 682722.426160040427931, 5658523.465180628933012 ], [ 682722.426160040427931, 5658524.394436744041741 ], [ 682724.749300328665413, 5658524.394436744041741 ], [ 682724.749300328665413, 5658523.465180628933012 ], [ 682722.426160040427931, 5658523.465180628933012 ] ] ] ] } },
{ "type": "Feature", "properties": { }, "geometry": { "type": "MultiPolygon", "coordinates": [ [ [ [ 682724.749300328548998, 5658523.465180628933012 ], [ 682724.749300328548998, 5658524.394436744041741 ], [ 682727.07244061678648, 5658524.394436744041741 ], [ 682727.07244061678648, 5658523.465180628933012 ], [ 682724.749300328548998, 5658523.465180628933012 ] ] ] ] } },
{ "type": "Feature", "properties": { }, "geometry": { "type": "MultiPolygon", "coordinates": [ [ [ [ 682703.841037735459395, 5658522.535924513824284 ], [ 682703.841037735459395, 5658523.465180628933012 ], [ 682706.164178023696877, 5658523.465180628933012 ], [ 682706.164178023696877, 5658522.535924513824284 ], [ 682703.841037735459395, 5658522.535924513824284 ] ] ] ] } },
{ "type": "Feature", "properties": { }, "geometry": { "type": "MultiPolygon", "coordinates": [ [ [ [ 682706.164178023580462, 5658522.535924513824284 ], [ 682706.164178023580462, 5658523.465180628933012 ], [ 682708.487318311817944, 5658523.465180628933012 ], [ 682708.487318311817944, 5658522.535924513824284 ], [ 682706.164178023580462, 5658522.535924513824284 ] ] ] ] } },
{ "type": "Feature", "properties": { }, "geometry": { "type": "MultiPolygon", "coordinates": [ [ [ [ 682708.487318311701529, 5658522.535924513824284 ], [ 682708.487318311701529, 5658523.465180628933012 ], [ 682710.810458599939011, 5658523.465180628933012 ], [ 682710.810458599939011, 5658522.535924513824284 ], [ 682708.487318311701529, 5658522.535924513824284 ] ] ] ] } },
{ "type": "Feature", "properties": { }, "geometry": { "type": "MultiPolygon", "coordinates": [ [ [ [ 682710.810458599822596, 5658522.535924513824284 ], [ 682710.810458599822596, 5658523.465180628933012 ], [ 682713.133598888060078, 5658523.465180628933012 ], [ 682713.133598888060078, 5658522.535924513824284 ], [ 682710.810458599822596, 5658522.535924513824284 ] ] ] ] } },
{ "type": "Feature", "properties": { }, "geometry": { "type": "MultiPolygon", "coordinates": [ [ [ [ 682713.133598887943663, 5658522.535924513824284 ], [ 682713.133598887943663, 5658523.465180628933012 ], [ 682715.456739176181145, 5658523.465180628933012 ], [ 682715.456739176181145, 5658522.535924513824284 ], [ 682713.133598887943663, 5658522.535924513824284 ] ] ] ] } },
{ "type": "Feature", "properties": { }, "geometry": { "type": "MultiPolygon", "coordinates": [ [ [ [ 682715.45673917606473, 5658522.535924513824284 ], [ 682715.45673917606473, 5658523.465180628933012 ], [ 682717.779879464302212, 5658523.465180628933012 ], [ 682717.779879464302212, 5658522.535924513824284 ], [ 682715.45673917606473, 5658522.535924513824284 ] ] ] ] } },
{ "type": "Feature", "properties": { }, "geometry": { "type": "MultiPolygon", "coordinates": [ [ [ [ 682717.779879464185797, 5658522.535924513824284 ], [ 682717.779879464185797, 5658523.465180628933012 ], [ 682720.103019752423279, 5658523.465180628933012 ], [ 682720.103019752423279, 5658522.535924513824284 ], [ 682717.779879464185797, 5658522.535924513824284 ] ] ] ] } },
{ "type": "Feature", "properties": { }, "geometry": { "type": "MultiPolygon", "coordinates": [ [ [ [ 682720.103019752306864, 5658522.535924513824284 ], [ 682720.103019752306864, 5658523.465180628933012 ], [ 682722.426160040544346, 5658523.465180628933012 ], [ 682722.426160040544346, 5658522.535924513824284 ], [ 682720.103019752306864, 5658522.535924513824284 ] ] ] ] } },
{ "type": "Feature", "properties": { }, "geometry": { "type": "MultiPolygon", "coordinates": [ [ [ [ 682722.426160040427931, 5658522.535924513824284 ], [ 682722.426160040427931, 5658523.465180628933012 ], [ 682724.749300328665413, 5658523.465180628933012 ], [ 682724.749300328665413, 5658522.535924513824284 ], [ 682722.426160040427931, 5658522.535924513824284 ] ] ] ] } },
{ "type": "Feature", "properties": { }, "geometry": { "type": "MultiPolygon", "coordinates": [ [ [ [ 682724.749300328548998, 5658522.535924513824284 ], [ 682724.749300328548998, 5658523.465180628933012 ], [ 682727.07244061678648, 5658523.465180628933012 ], [ 682727.07244061678648, 5658522.535924513824284 ], [ 682724.749300328548998, 5658522.535924513824284 ] ] ] ] } },
{ "type": "Feature", "properties": { }, "geometry": { "type": "MultiPolygon", "coordinates": [ [ [ [ 682703.841037735459395, 5658521.606668397784233 ], [ 682703.841037735459395, 5658522.535924512892962 ], [ 682706.164178023696877, 5658522.535924512892962 ], [ 682706.164178023696877, 5658521.606668397784233 ], [ 682703.841037735459395, 5658521.606668397784233 ] ] ] ] } },
{ "type": "Feature", "properties": { }, "geometry": { "type": "MultiPolygon", "coordinates": [ [ [ [ 682706.164178023580462, 5658521.606668397784233 ], [ 682706.164178023580462, 5658522.535924512892962 ], [ 682708.487318311817944, 5658522.535924512892962 ], [ 682708.487318311817944, 5658521.606668397784233 ], [ 682706.164178023580462, 5658521.606668397784233 ] ] ] ] } },
{ "type": "Feature", "properties": { }, "geometry": { "type": "MultiPolygon", "coordinates": [ [ [ [ 682708.487318311701529, 5658521.606668397784233 ], [ 682708.487318311701529, 5658522.535924512892962 ], [ 682710.810458599939011, 5658522.535924512892962 ], [ 682710.810458599939011, 5658521.606668397784233 ], [ 682708.487318311701529, 5658521.606668397784233 ] ] ] ] } },
{ "type": "Feature", "properties": { }, "geometry": { "type": "MultiPolygon", "coordinates": [ [ [ [ 682710.810458599822596, 5658521.606668397784233 ], [ 682710.810458599822596, 5658522.535924512892962 ], [ 682713.133598888060078, 5658522.535924512892962 ], [ 682713.133598888060078, 5658521.606668397784233 ], [ 682710.810458599822596, 5658521.606668397784233 ] ] ] ] } },
{ "type": "Feature", "properties": { }, "geometry": { "type": "MultiPolygon", "coordinates": [ [ [ [ 682713.133598887943663, 5658521.606668397784233 ], [ 682713.133598887943663, 5658522.535924512892962 ], [ 682715.456739176181145, 5658522.535924512892962 ], [ 682715.456739176181145, 5658521.606668397784233 ], [ 682713.133598887943663, 5658521.606668397784233 ] ] ] ] } },
{ "type": "Feature", "properties": { }, "geometry": { "type": "MultiPolygon", "coordinates": [ [ [ [ 682715.45673917606473, 5658521.606668397784233 ], [ 682715.45673917606473, 5658522.535924512892962 ], [ 682717.779879464302212, 5658522.535924512892962 ], [ 682717.779879464302212, 5658521.606668397784233 ], [ 682715.45673917606473, 5658521.606668397784233 ] ] ] ] } },
{ "type": "Feature", "properties": { }, "geometry": { "type": "MultiPolygon", "coordinates": [ [ [ [ 682717.779879464185797, 5658521.606668397784233 ], [ 682717.779879464185797, 5658522.535924512892962 ], [ 682720.103019752423279, 5658522.535924512892962 ], [ 682720.103019752423279, 5658521.606668397784233 ], [ 682717.779879464185797, 5658521.606668397784233 ] ] ] ] } },
{ "type": "Feature", "properties": { }, "geometry": { "type": "MultiPolygon", "coordinates": [ [ [ [ 682720.103019752306864, 5658521.606668397784233 ], [ 682720.103019752306864, 5658522.535924512892962 ], [ 682722.426160040544346, 5658522.535924512892962 ], [ 682722.426160040544346, 5658521.606668397784233 ], [ 682720.103019752306864, 5658521.606668397784233 ] ] ] ] } },
{ "type": "Feature", "properties": { }, "geometry": { "type": "MultiPolygon", "coordinates": [ [ [ [ 682722.426160040427931, 5658521.606668397784233 ], [ 682722.426160040427931, 5658522.535924512892962 ], [ 682724.749300328665413, 5658522.535924512892962 ], [ 682724.749300328665413, 5658521.606668397784233 ], [ 682722.426160040427931, 5658521.606668397784233 ] ] ] ] } },
{ "type": "Feature", "properties": { }, "geometry": { "type": "MultiPolygon", "coordinates": [ [ [ [ 682724.749300328548998, 5658521.606668397784233 ], [ 682724.749300328548998, 5658522.535924512892962 ], [ 682727.07244061678648, 5658522.535924512892962 ], [ 682727.07244061678648, 5658521.606668397784233 ], [ 682724.749300328548998, 5658521.606668397784233 ] ] ] ] } },
{ "type": "Feature", "properties": { }, "geometry": { "type": "MultiPolygon", "coordinates": [ [ [ [ 682703.841037735459395, 5658520.677412282675505 ], [ 682703.841037735459395, 5658521.606668397784233 ], [ 682706.164178023696877, 5658521.606668397784233 ], [ 682706.164178023696877, 5658520.677412282675505 ], [ 682703.841037735459395, 5658520.677412282675505 ] ] ] ] } },
{ "type": "Feature", "properties": { }, "geometry": { "type": "MultiPolygon", "coordinates": [ [ [ [ 682706.164178023580462, 5658520.677412282675505 ], [ 682706.164178023580462, 5658521.606668397784233 ], [ 682708.487318311817944, 5658521.606668397784233 ], [ 682708.487318311817944, 5658520.677412282675505 ], [ 682706.164178023580462, 5658520.677412282675505 ] ] ] ] } },
{ "type": "Feature", "properties": { }, "geometry": { "type": "MultiPolygon", "coordinates": [ [ [ [ 682708.487318311701529, 5658520.677412282675505 ], [ 682708.487318311701529, 5658521.606668397784233 ], [ 682710.810458599939011, 5658521.606668397784233 ], [ 682710.810458599939011, 5658520.677412282675505 ], [ 682708.487318311701529, 5658520.677412282675505 ] ] ] ] } },
{ "type": "Feature", "properties": { }, "geometry": { "type": "MultiPolygon", "coordinates": [ [ [ [ 682710.810458599822596, 5658520.677412282675505 ], [ 682710.810458599822596, 5658521.606668397784233 ], [ 682713.133598888060078, 5658521.606668397784233 ], [ 682713.133598888060078, 5658520.677412282675505 ], [ 682710.810458599822596, 5658520.677412282675505 ] ] ] ] } },
{ "type": "Feature", "properties": { }, "geometry": { "type": "MultiPolygon", "coordinates": [ [ [ [ 682713.133598887943663, 5658520.677412282675505 ], [ 682713.133598887943663, 5658521.606668397784233 ], [ 682715.456739176181145, 5658521.606668397784233 ], [ 682715.456739176181145, 5658520.677412282675505 ], [ 682713.133598887943663, 5658520.677412282675505 ] ] ] ] } },
{ "type": "Feature", "properties": { }, "geometry": { "type": "MultiPolygon", "coordinates": [ [ [ [ 682715.45673917606473, 5658520.677412282675505 ], [ 682715.45673917606473, 5658521.606668397784233 ], [ 682717.779879464302212, 5658521.606668397784233 ], [ 682717.779879464302212, 5658520.677412282675505 ], [ 682715.45673917606473, 5658520.677412282675505 ] ] ] ] } },
{ "type": "Feature", "properties": { }, "geometry": { "type": "MultiPolygon", "coordinates": [ [ [ [ 682717.779879464185797, 5658520.677412282675505 ], [ 682717.779879464185797, 5658521.606668397784233 ], [ 682720.103019752423279, 5658521.606668397784233 ], [ 682720.103019752423279, 5658520.677412282675505 ], [ 682717.779879464185797, 5658520.677412282675505 ] ] ] ] } },
{ "type": "Feature", "properties": { }, "geometry": { "type": "MultiPolygon", "coordinates": [ [ [ [ 682720.103019752306864, 5658520.677412282675505 ], [ 682720.103019752306864, 5658521.606668397784233 ], [ 682722.426160040544346, 5658521.606668397784233 ], [ 682722.426160040544346, 5658520.677412282675505 ], [ 682720.103019752306864, 5658520.677412282675505 ] ] ] ] } },
{ "type": "Feature", "properties": { }, "geometry": { "type": "MultiPolygon", "coordinates": [ [ [ [ 682722.426160040427931, 5658520.677412282675505 ], [ 682722.426160040427931, 5658521.606668397784233 ], [ 682724.749300328665413, 5658521.606668397784233 ], [ 682724.749300328665413, 5658520.677412282675505 ], [ 682722.426160040427931, 5658520.677412282675505 ] ] ] ] } },
{ "type": "Feature", "properties": { }, "geometry": { "type": "MultiPolygon", "coordinates": [ [ [ [ 682724.749300328548998, 5658520.677412282675505 ], [ 682724.749300328548998, 5658521.606668397784233 ], [ 682727.07244061678648, 5658521.606668397784233 ], [ 682727.07244061678648, 5658520.677412282675505 ], [ 682724.749300328548998, 5658520.677412282675505 ] ] ] ] } },
{ "type": "Feature", "properties": { }, "geometry": { "type": "MultiPolygon", "coordinates": [ [ [ [ 682703.841037735459395, 5658519.748156167566776 ], [ 682703.841037735459395, 5658520.677412282675505 ], [ 682706.164178023696877, 5658520.677412282675505 ], [ 682706.164178023696877, 5658519.748156167566776 ], [ 682703.841037735459395, 5658519.748156167566776 ] ] ] ] } },
{ "type": "Feature", "properties": { }, "geometry": { "type": "MultiPolygon", "coordinates": [ [ [ [ 682706.164178023580462, 5658519.748156167566776 ], [ 682706.164178023580462, 5658520.677412282675505 ], [ 682708.487318311817944, 5658520.677412282675505 ], [ 682708.487318311817944, 5658519.748156167566776 ], [ 682706.164178023580462, 5658519.748156167566776 ] ] ] ] } },
{ "type": "Feature", "properties": { }, "geometry": { "type": "MultiPolygon", "coordinates": [ [ [ [ 682708.487318311701529, 5658519.748156167566776 ], [ 682708.487318311701529, 5658520.677412282675505 ], [ 682710.810458599939011, 5658520.677412282675505 ], [ 682710.810458599939011, 5658519.748156167566776 ], [ 682708.487318311701529, 5658519.748156167566776 ] ] ] ] } },
{ "type": "Feature", "properties": { }, "geometry": { "type": "MultiPolygon", "coordinates": [ [ [ [ 682710.810458599822596, 5658519.748156167566776 ], [ 682710.810458599822596, 5658520.677412282675505 ], [ 682713.133598888060078, 5658520.677412282675505 ], [ 682713.133598888060078, 5658519.748156167566776 ], [ 682710.810458599822596, 5658519.748156167566776 ] ] ] ] } },
{ "type": "Feature", "properties": { }, "geometry": { "type": "MultiPolygon", "coordinates": [ [ [ [ 682713.133598887943663, 5658519.748156167566776 ], [ 682713.133598887943663, 5658520.677412282675505 ], [ 682715.456739176181145, 5658520.677412282675505 ], [ 682715.456739176181145, 5658519.748156167566776 ], [ 682713.133598887943663, 5658519.748156167566776 ] ] ] ] } },
{ "type": "Feature", "properties": { }, "geometry": { "type": "MultiPolygon", "coordinates": [ [ [ [ 682715.45673917606473, 5658519.748156167566776 ], [ 682715.45673917606473, 5658520.677412282675505 ], [ 682717.779879464302212, 5658520.677412282675505 ], [ 682717.779879464302212, 5658519.748156167566776 ], [ 682715.45673917606473, 5658519.748156167566776 ] ] ] ] } },
{ "type": "Feature", "properties": { }, "geometry": { "type": "MultiPolygon", "coordinates": [ [ [ [ 682717.779879464185797, 5658519.748156167566776 ], [ 682717.779879464185797, 5658520.677412282675505 ], [ 682720.103019752423279, 5658520.677412282675505 ], [ 682720.103019752423279, 5658519.748156167566776 ], [ 682717.779879464185797, 5658519.748156167566776 ] ] ] ] } },
{ "type": "Feature", "properties": { }, "geometry": { "type": "MultiPolygon", "coordinates": [ [ [ [ 682720.103019752306864, 5658519.748156167566776 ], [ 682720.103019752306864, 5658520.677412282675505 ], [ 682722.426160040544346, 5658520.677412282675505 ], [ 682722.426160040544346, 5658519.748156167566776 ], [ 682720.103019752306864, 5658519.748156167566776 ] ] ] ] } },
{ "type": "Feature", "properties": { }, "geometry": { "type": "MultiPolygon", "coordinates": [ [ [ [ 682722.426160040427931, 5658519.748156167566776 ], [ 682722.426160040427931, 5658520.677412282675505 ], [ 682724.749300328665413, 5658520.677412282675505 ], [ 682724.749300328665413, 5658519.748156167566776 ], [ 682722.426160040427931, 5658519.748156167566776 ] ] ] ] } },
{ "type": "Feature", "properties": { }, "geometry": { "type": "MultiPolygon", "coordinates": [ [ [ [ 682724.749300328548998, 5658519.748156167566776 ], [ 682724.749300328548998, 5658520.677412282675505 ], [ 682727.07244061678648, 5658520.677412282675505 ], [ 682727.07244061678648, 5658519.748156167566776 ], [ 682724.749300328548998, 5658519.748156167566776 ] ] ] ] } },
{ "type": "Feature", "properties": { }, "geometry": { "type": "MultiPolygon", "coordinates": [ [ [ [ 682703.841037735459395, 5658518.818900052458048 ], [ 682703.841037735459395, 5658519.748156167566776 ], [ 682706.164178023696877, 5658519.748156167566776 ], [ 682706.164178023696877, 5658518.818900052458048 ], [ 682703.841037735459395, 5658518.818900052458048 ] ] ] ] } },
{ "type": "Feature", "properties": { }, "geometry": { "type": "MultiPolygon", "coordinates": [ [ [ [ 682706.164178023580462, 5658518.818900052458048 ], [ 682706.164178023580462, 5658519.748156167566776 ], [ 682708.487318311817944, 5658519.748156167566776 ], [ 682708.487318311817944, 5658518.818900052458048 ], [ 682706.164178023580462, 5658518.818900052458048 ] ] ] ] } },
{ "type": "Feature", "properties": { }, "geometry": { "type": "MultiPolygon", "coordinates": [ [ [ [ 682708.487318311701529, 5658518.818900052458048 ], [ 682708.487318311701529, 5658519.748156167566776 ], [ 682710.810458599939011, 5658519.748156167566776 ], [ 682710.810458599939011, 5658518.818900052458048 ], [ 682708.487318311701529, 5658518.818900052458048 ] ] ] ] } },
{ "type": "Feature", "properties": { }, "geometry": { "type": "MultiPolygon", "coordinates": [ [ [ [ 682710.810458599822596, 5658518.818900052458048 ], [ 682710.810458599822596, 5658519.748156167566776 ], [ 682713.133598888060078, 5658519.748156167566776 ], [ 682713.133598888060078, 5658518.818900052458048 ], [ 682710.810458599822596, 5658518.818900052458048 ] ] ] ] } },
{ "type": "Feature", "properties": { }, "geometry": { "type": "MultiPolygon", "coordinates": [ [ [ [ 682713.133598887943663, 5658518.818900052458048 ], [ 682713.133598887943663, 5658519.748156167566776 ], [ 682715.456739176181145, 5658519.748156167566776 ], [ 682715.456739176181145, 5658518.818900052458048 ], [ 682713.133598887943663, 5658518.818900052458048 ] ] ] ] } },
{ "type": "Feature", "properties": { }, "geometry": { "type": "MultiPolygon", "coordinates": [ [ [ [ 682715.45673917606473, 5658518.818900052458048 ], [ 682715.45673917606473, 5658519.748156167566776 ], [ 682717.779879464302212, 5658519.748156167566776 ], [ 682717.779879464302212, 5658518.818900052458048 ], [ 682715.45673917606473, 5658518.818900052458048 ] ] ] ] } },
{ "type": "Feature", "properties": { }, "geometry": { "type": "MultiPolygon", "coordinates": [ [ [ [ 682717.779879464185797, 5658518.818900052458048 ], [ 682717.779879464185797, 5658519.748156167566776 ], [ 682720.103019752423279, 5658519.748156167566776 ], [ 682720.103019752423279, 5658518.818900052458048 ], [ 682717.779879464185797, 5658518.818900052458048 ] ] ] ] } },
{ "type": "Feature", "properties": { }, "geometry": { "type": "MultiPolygon", "coordinates": [ [ [ [ 682720.103019752306864, 5658518.818900052458048 ], [ 682720.103019752306864, 5658519.748156167566776 ], [ 682722.426160040544346, 5658519.748156167566776 ], [ 682722.426160040544346, 5658518.818900052458048 ], [ 682720.103019752306864, 5658518.818900052458048 ] ] ] ] } },
{ "type": "Feature", "properties": { }, "geometry": { "type": "MultiPolygon", "coordinates": [ [ [ [ 682722.426160040427931, 5658518.818900052458048 ], [ 682722.426160040427931, 5658519.748156167566776 ], [ 682724.749300328665413, 5658519.748156167566776 ], [ 682724.749300328665413, 5658518.818900052458048 ], [ 682722.426160040427931, 5658518.818900052458048 ] ] ] ] } },
{ "type": "Feature", "properties": { }, "geometry": { "type": "MultiPolygon", "coordinates": [ [ [ [ 682724.749300328548998, 5658518.818900052458048 ], [ 682724.749300328548998, 5658519.748156167566776 ], [ 682727.07244061678648, 5658519.748156167566776 ], [ 682727.07244061678648, 5658518.818900052458048 ], [ 682724.749300328548998, 5658518.818900052458048 ] ] ] ] } },
{ "type": "Feature", "properties": { }, "geometry": { "type": "MultiPolygon", "coordinates": [ [ [ [ 682703.841037735459395, 5658517.889643937349319 ], [ 682703.841037735459395, 5658518.818900052458048 ], [ 682706.164178023696877, 5658518.818900052458048 ], [ 682706.164178023696877, 5658517.889643937349319 ], [ 682703.841037735459395, 5658517.889643937349319 ] ] ] ] } },
{ "type": "Feature", "properties": { }, "geometry": { "type": "MultiPolygon", "coordinates": [ [ [ [ 682706.164178023580462, 5658517.889643937349319 ], [ 682706.164178023580462, 5658518.818900052458048 ], [ 682708.487318311817944, 5658518.818900052458048 ], [ 682708.487318311817944, 5658517.889643937349319 ], [ 682706.164178023580462, 5658517.889643937349319 ] ] ] ] } },
{ "type": "Feature", "properties": { }, "geometry": { "type": "MultiPolygon", "coordinates": [ [ [ [ 682708.487318311701529, 5658517.889643937349319 ], [ 682708.487318311701529, 5658518.818900052458048 ], [ 682710.810458599939011, 5658518.818900052458048 ], [ 682710.810458599939011, 5658517.889643937349319 ], [ 682708.487318311701529, 5658517.889643937349319 ] ] ] ] } },
{ "type": "Feature", "properties": { }, "geometry": { "type": "MultiPolygon", "coordinates": [ [ [ [ 682710.810458599822596, 5658517.889643937349319 ], [ 682710.810458599822596, 5658518.818900052458048 ], [ 682713.133598888060078, 5658518.818900052458048 ], [ 682713.133598888060078, 5658517.889643937349319 ], [ 682710.810458599822596, 5658517.889643937349319 ] ] ] ] } },
{ "type": "Feature", "properties": { }, "geometry": { "type": "MultiPolygon", "coordinates": [ [ [ [ 682713.133598887943663, 5658517.889643937349319 ], [ 682713.133598887943663, 5658518.818900052458048 ], [ 682715.456739176181145, 5658518.818900052458048 ], [ 682715.456739176181145, 5658517.889643937349319 ], [ 682713.133598887943663, 5658517.889643937349319 ] ] ] ] } },
{ "type": "Feature", "properties": { }, "geometry": { "type": "MultiPolygon", "coordinates": [ [ [ [ 682715.45673917606473, 5658517.889643937349319 ], [ 682715.45673917606473, 5658518.818900052458048 ], [ 682717.779879464302212, 5658518.818900052458048 ], [ 682717.779879464302212, 5658517.889643937349319 ], [ 682715.45673917606473, 5658517.889643937349319 ] ] ] ] } },
{ "type": "Feature", "properties": { }, "geometry": { "type": "MultiPolygon", "coordinates": [ [ [ [ 682717.779879464185797, 5658517.889643937349319 ], [ 682717.779879464185797, 5658518.818900052458048 ], [ 682720.103019752423279, 5658518.818900052458048 ], [ 682720.103019752423279, 5658517.889643937349319 ], [ 682717.779879464185797, 5658517.889643937349319 ] ] ] ] } },
{ "type": "Feature", "properties": { }, "geometry": { "type": "MultiPolygon", "coordinates": [ [ [ [ 682720.103019752306864, 5658517.889643937349319 ], [ 682720.103019752306864, 5658518.818900052458048 ], [ 682722.426160040544346, 5658518.818900052458048 ], [ 682722.426160040544346, 5658517.889643937349319 ], [ 682720.103019752306864, 5658517.889643937349319 ] ] ] ] } },
{ "type": "Feature", "properties": { }, "geometry": { "type": "MultiPolygon", "coordinates": [ [ [ [ 682722.426160040427931, 5658517.889643937349319 ], [ 682722.426160040427931, 5658518.818900052458048 ], [ 682724.749300328665413, 5658518.818900052458048 ], [ 682724.749300328665413, 5658517.889643937349319 ], [ 682722.426160040427931, 5658517.889643937349319 ] ] ] ] } },
{ "type": "Feature", "properties": { }, "geometry": { "type": "MultiPolygon", "coordinates": [ [ [ [ 682724.749300328548998, 5658517.889643937349319 ], [ 682724.749300328548998, 5658518.818900052458048 ], [ 682727.07244061678648, 5658518.818900052458048 ], [ 682727.07244061678648, 5658517.889643937349319 ], [ 682724.749300328548998, 5658517.889643937349319 ] ] ] ] } },
{ "type": "Feature", "properties": { }, "geometry": { "type": "MultiPolygon", "coordinates": [ [ [ [ 682703.841037735459395, 5658516.960387822240591 ], [ 682703.841037735459395, 5658517.889643937349319 ], [ 682706.164178023696877, 5658517.889643937349319 ], [ 682706.164178023696877, 5658516.960387822240591 ], [ 682703.841037735459395, 5658516.960387822240591 ] ] ] ] } },
{ "type": "Feature", "properties": { }, "geometry": { "type": "MultiPolygon", "coordinates": [ [ [ [ 682706.164178023580462, 5658516.960387822240591 ], [ 682706.164178023580462, 5658517.889643937349319 ], [ 682708.487318311817944, 5658517.889643937349319 ], [ 682708.487318311817944, 5658516.960387822240591 ], [ 682706.164178023580462, 5658516.960387822240591 ] ] ] ] } },
{ "type": "Feature", "properties": { }, "geometry": { "type": "MultiPolygon", "coordinates": [ [ [ [ 682708.487318311701529, 5658516.960387822240591 ], [ 682708.487318311701529, 5658517.889643937349319 ], [ 682710.810458599939011, 5658517.889643937349319 ], [ 682710.810458599939011, 5658516.960387822240591 ], [ 682708.487318311701529, 5658516.960387822240591 ] ] ] ] } },
{ "type": "Feature", "properties": { }, "geometry": { "type": "MultiPolygon", "coordinates": [ [ [ [ 682710.810458599822596, 5658516.960387822240591 ], [ 682710.810458599822596, 5658517.889643937349319 ], [ 682713.133598888060078, 5658517.889643937349319 ], [ 682713.133598888060078, 5658516.960387822240591 ], [ 682710.810458599822596, 5658516.960387822240591 ] ] ] ] } },
{ "type": "Feature", "properties": { }, "geometry": { "type": "MultiPolygon", "coordinates": [ [ [ [ 682713.133598887943663, 5658516.960387822240591 ], [ 682713.133598887943663, 5658517.889643937349319 ], [ 682715.456739176181145, 5658517.889643937349319 ], [ 682715.456739176181145, 5658516.960387822240591 ], [ 682713.133598887943663, 5658516.960387822240591 ] ] ] ] } },
{ "type": "Feature", "properties": { }, "geometry": { "type": "MultiPolygon", "coordinates": [ [ [ [ 682715.45673917606473, 5658516.960387822240591 ], [ 682715.45673917606473, 5658517.889643937349319 ], [ 682717.779879464302212, 5658517.889643937349319 ], [ 682717.779879464302212, 5658516.960387822240591 ], [ 682715.45673917606473, 5658516.960387822240591 ] ] ] ] } },
{ "type": "Feature", "properties": { }, "geometry": { "type": "MultiPolygon", "coordinates": [ [ [ [ 682717.779879464185797, 5658516.960387822240591 ], [ 682717.779879464185797, 5658517.889643937349319 ], [ 682720.103019752423279, 5658517.889643937349319 ], [ 682720.103019752423279, 5658516.960387822240591 ], [ 682717.779879464185797, 5658516.960387822240591 ] ] ] ] } },
{ "type": "Feature", "properties": { }, "geometry": { "type": "MultiPolygon", "coordinates": [ [ [ [ 682720.103019752306864, 5658516.960387822240591 ], [ 682720.103019752306864, 5658517.889643937349319 ], [ 682722.426160040544346, 5658517.889643937349319 ], [ 682722.426160040544346, 5658516.960387822240591 ], [ 682720.103019752306864, 5658516.960387822240591 ] ] ] ] } },
{ "type": "Feature", "properties": { }, "geometry": { "type": "MultiPolygon", "coordinates": [ [ [ [ 682722.426160040427931, 5658516.960387822240591 ], [ 682722.426160040427931, 5658517.889643937349319 ], [ 682724.749300328665413, 5658517.889643937349319 ], [ 682724.749300328665413, 5658516.960387822240591 ], [ 682722.426160040427931, 5658516.960387822240591 ] ] ] ] } },
{ "type": "Feature", "properties": { }, "geometry": { "type": "MultiPolygon", "coordinates": [ [ [ [ 682724.749300328548998, 5658516.960387822240591 ], [ 682724.749300328548998, 5658517.889643937349319 ], [ 682727.07244061678648, 5658517.889643937349319 ], [ 682727.07244061678648, 5658516.960387822240591 ], [ 682724.749300328548998, 5658516.960387822240591 ] ] ] ] } },
{ "type": "Feature", "properties": { }, "geometry": { "type": "MultiPolygon", "coordinates": [ [ [ [ 682703.841037735459395, 5658516.03113170620054 ], [ 682703.841037735459395, 5658516.960387821309268 ], [ 682706.164178023696877, 5658516.960387821309268 ], [ 682706.164178023696877, 5658516.03113170620054 ], [ 682703.841037735459395, 5658516.03113170620054 ] ] ] ] } },
{ "type": "Feature", "properties": { }, "geometry": { "type": "MultiPolygon", "coordinates": [ [ [ [ 682706.164178023580462, 5658516.03113170620054 ], [ 682706.164178023580462, 5658516.960387821309268 ], [ 682708.487318311817944, 5658516.960387821309268 ], [ 682708.487318311817944, 5658516.03113170620054 ], [ 682706.164178023580462, 5658516.03113170620054 ] ] ] ] } },
{ "type": "Feature", "properties": { }, "geometry": { "type": "MultiPolygon", "coordinates": [ [ [ [ 682708.487318311701529, 5658516.03113170620054 ], [ 682708.487318311701529, 5658516.960387821309268 ], [ 682710.810458599939011, 5658516.960387821309268 ], [ 682710.810458599939011, 5658516.03113170620054 ], [ 682708.487318311701529, 5658516.03113170620054 ] ] ] ] } },
{ "type": "Feature", "properties": { }, "geometry": { "type": "MultiPolygon", "coordinates": [ [ [ [ 682710.810458599822596, 5658516.03113170620054 ], [ 682710.810458599822596, 5658516.960387821309268 ], [ 682713.133598888060078, 5658516.960387821309268 ], [ 682713.133598888060078, 5658516.03113170620054 ], [ 682710.810458599822596, 5658516.03113170620054 ] ] ] ] } },
{ "type": "Feature", "properties": { }, "geometry": { "type": "MultiPolygon", "coordinates": [ [ [ [ 682713.133598887943663, 5658516.03113170620054 ], [ 682713.133598887943663, 5658516.960387821309268 ], [ 682715.456739176181145, 5658516.960387821309268 ], [ 682715.456739176181145, 5658516.03113170620054 ], [ 682713.133598887943663, 5658516.03113170620054 ] ] ] ] } },
{ "type": "Feature", "properties": { }, "geometry": { "type": "MultiPolygon", "coordinates": [ [ [ [ 682715.45673917606473, 5658516.03113170620054 ], [ 682715.45673917606473, 5658516.960387821309268 ], [ 682717.779879464302212, 5658516.960387821309268 ], [ 682717.779879464302212, 5658516.03113170620054 ], [ 682715.45673917606473, 5658516.03113170620054 ] ] ] ] } },
{ "type": "Feature", "properties": { }, "geometry": { "type": "MultiPolygon", "coordinates": [ [ [ [ 682717.779879464185797, 5658516.03113170620054 ], [ 682717.779879464185797, 5658516.960387821309268 ], [ 682720.103019752423279, 5658516.960387821309268 ], [ 682720.103019752423279, 5658516.03113170620054 ], [ 682717.779879464185797, 5658516.03113170620054 ] ] ] ] } },
{ "type": "Feature", "properties": { }, "geometry": { "type": "MultiPolygon", "coordinates": [ [ [ [ 682720.103019752306864, 5658516.03113170620054 ], [ 682720.103019752306864, 5658516.960387821309268 ], [ 682722.426160040544346, 5658516.960387821309268 ], [ 682722.426160040544346, 5658516.03113170620054 ], [ 682720.103019752306864, 5658516.03113170620054 ] ] ] ] } },
{ "type": "Feature", "properties": { }, "geometry": { "type": "MultiPolygon", "coordinates": [ [ [ [ 682722.426160040427931, 5658516.03113170620054 ], [ 682722.426160040427931, 5658516.960387821309268 ], [ 682724.749300328665413, 5658516.960387821309268 ], [ 682724.749300328665413, 5658516.03113170620054 ], [ 682722.426160040427931, 5658516.03113170620054 ] ] ] ] } },
{ "type": "Feature", "properties": { }, "geometry": { "type": "MultiPolygon", "coordinates": [ [ [ [ 682724.749300328548998, 5658516.03113170620054 ], [ 682724.749300328548998, 5658516.960387821309268 ], [ 682727.07244061678648, 5658516.960387821309268 ], [ 682727.07244061678648, 5658516.03113170620054 ], [ 682724.749300328548998, 5658516.03113170620054 ] ] ] ] } },
{ "type": "Feature", "properties": { }, "geometry": { "type": "MultiPolygon", "coordinates": [ [ [ [ 682703.841037735459395, 5658515.101875591091812 ], [ 682703.841037735459395, 5658516.03113170620054 ], [ 682706.164178023696877, 5658516.03113170620054 ], [ 682706.164178023696877, 5658515.101875591091812 ], [ 682703.841037735459395, 5658515.101875591091812 ] ] ] ] } },
{ "type": "Feature", "properties": { }, "geometry": { "type": "MultiPolygon", "coordinates": [ [ [ [ 682706.164178023580462, 5658515.101875591091812 ], [ 682706.164178023580462, 5658516.03113170620054 ], [ 682708.487318311817944, 5658516.03113170620054 ], [ 682708.487318311817944, 5658515.101875591091812 ], [ 682706.164178023580462, 5658515.101875591091812 ] ] ] ] } },
{ "type": "Feature", "properties": { }, "geometry": { "type": "MultiPolygon", "coordinates": [ [ [ [ 682708.487318311701529, 5658515.101875591091812 ], [ 682708.487318311701529, 5658516.03113170620054 ], [ 682710.810458599939011, 5658516.03113170620054 ], [ 682710.810458599939011, 5658515.101875591091812 ], [ 682708.487318311701529, 5658515.101875591091812 ] ] ] ] } },
{ "type": "Feature", "properties": { }, "geometry": { "type": "MultiPolygon", "coordinates": [ [ [ [ 682710.810458599822596, 5658515.101875591091812 ], [ 682710.810458599822596, 5658516.03113170620054 ], [ 682713.133598888060078, 5658516.03113170620054 ], [ 682713.133598888060078, 5658515.101875591091812 ], [ 682710.810458599822596, 5658515.101875591091812 ] ] ] ] } },
{ "type": "Feature", "properties": { }, "geometry": { "type": "MultiPolygon", "coordinates": [ [ [ [ 682713.133598887943663, 5658515.101875591091812 ], [ 682713.133598887943663, 5658516.03113170620054 ], [ 682715.456739176181145, 5658516.03113170620054 ], [ 682715.456739176181145, 5658515.101875591091812 ], [ 682713.133598887943663, 5658515.101875591091812 ] ] ] ] } },
{ "type": "Feature", "properties": { }, "geometry": { "type": "MultiPolygon", "coordinates": [ [ [ [ 682715.45673917606473, 5658515.101875591091812 ], [ 682715.45673917606473, 5658516.03113170620054 ], [ 682717.779879464302212, 5658516.03113170620054 ], [ 682717.779879464302212, 5658515.101875591091812 ], [ 682715.45673917606473, 5658515.101875591091812 ] ] ] ] } },
{ "type": "Feature", "properties": { }, "geometry": { "type": "MultiPolygon", "coordinates": [ [ [ [ 682717.779879464185797, 5658515.101875591091812 ], [ 682717.779879464185797, 5658516.03113170620054 ], [ 682720.103019752423279, 5658516.03113170620054 ], [ 682720.103019752423279, 5658515.101875591091812 ], [ 682717.779879464185797, 5658515.101875591091812 ] ] ] ] } },
{ "type": "Feature", "properties": { }, "geometry": { "type": "MultiPolygon", "coordinates": [ [ [ [ 682720.103019752306864, 5658515.101875591091812 ], [ 682720.103019752306864, 5658516.03113170620054 ], [ 682722.426160040544346, 5658516.03113170620054 ], [ 682722.426160040544346, 5658515.101875591091812 ], [ 682720.103019752306864, 5658515.101875591091812 ] ] ] ] } },
{ "type": "Feature", "properties": { }, "geometry": { "type": "MultiPolygon", "coordinates": [ [ [ [ 682722.426160040427931, 5658515.101875591091812 ], [ 682722.426160040427931, 5658516.03113170620054 ], [ 682724.749300328665413, 5658516.03113170620054 ], [ 682724.749300328665413, 5658515.101875591091812 ], [ 682722.426160040427931, 5658515.101875591091812 ] ] ] ] } },
{ "type": "Feature", "properties": { }, "geometry": { "type": "MultiPolygon", "coordinates": [ [ [ [ 682724.749300328548998, 5658515.101875591091812 ], [ 682724.749300328548998, 5658516.03113170620054 ], [ 682727.07244061678648, 5658516.03113170620054 ], [ 682727.07244061678648, 5658515.101875591091812 ], [ 682724.749300328548998, 5658515.101875591091812 ] ] ] ] } },
{ "type": "Feature", "properties": { }, "geometry": { "type": "MultiPolygon", "coordinates": [ [ [ [ 682703.841037735459395, 5658514.172619475983083 ], [ 682703.841037735459395, 5658515.101875591091812 ], [ 682706.164178023696877, 5658515.101875591091812 ], [ 682706.164178023696877, 5658514.172619475983083 ], [ 682703.841037735459395, 5658514.172619475983083 ] ] ] ] } },
{ "type": "Feature", "properties": { }, "geometry": { "type": "MultiPolygon", "coordinates": [ [ [ [ 682706.164178023580462, 5658514.172619475983083 ], [ 682706.164178023580462, 5658515.101875591091812 ], [ 682708.487318311817944, 5658515.101875591091812 ], [ 682708.487318311817944, 5658514.172619475983083 ], [ 682706.164178023580462, 5658514.172619475983083 ] ] ] ] } },
{ "type": "Feature", "properties": { }, "geometry": { "type": "MultiPolygon", "coordinates": [ [ [ [ 682708.487318311701529, 5658514.172619475983083 ], [ 682708.487318311701529, 5658515.101875591091812 ], [ 682710.810458599939011, 5658515.101875591091812 ], [ 682710.810458599939011, 5658514.172619475983083 ], [ 682708.487318311701529, 5658514.172619475983083 ] ] ] ] } },
{ "type": "Feature", "properties": { }, "geometry": { "type": "MultiPolygon", "coordinates": [ [ [ [ 682710.810458599822596, 5658514.172619475983083 ], [ 682710.810458599822596, 5658515.101875591091812 ], [ 682713.133598888060078, 5658515.101875591091812 ], [ 682713.133598888060078, 5658514.172619475983083 ], [ 682710.810458599822596, 5658514.172619475983083 ] ] ] ] } },
{ "type": "Feature", "properties": { }, "geometry": { "type": "MultiPolygon", "coordinates": [ [ [ [ 682713.133598887943663, 5658514.172619475983083 ], [ 682713.133598887943663, 5658515.101875591091812 ], [ 682715.456739176181145, 5658515.101875591091812 ], [ 682715.456739176181145, 5658514.172619475983083 ], [ 682713.133598887943663, 5658514.172619475983083 ] ] ] ] } },
{ "type": "Feature", "properties": { }, "geometry": { "type": "MultiPolygon", "coordinates": [ [ [ [ 682715.45673917606473, 5658514.172619475983083 ], [ 682715.45673917606473, 5658515.101875591091812 ], [ 682717.779879464302212, 5658515.101875591091812 ], [ 682717.779879464302212, 5658514.172619475983083 ], [ 682715.45673917606473, 5658514.172619475983083 ] ] ] ] } },
{ "type": "Feature", "properties": { }, "geometry": { "type": "MultiPolygon", "coordinates": [ [ [ [ 682717.779879464185797, 5658514.172619475983083 ], [ 682717.779879464185797, 5658515.101875591091812 ], [ 682720.103019752423279, 5658515.101875591091812 ], [ 682720.103019752423279, 5658514.172619475983083 ], [ 682717.779879464185797, 5658514.172619475983083 ] ] ] ] } },
{ "type": "Feature", "properties": { }, "geometry": { "type": "MultiPolygon", "coordinates": [ [ [ [ 682720.103019752306864, 5658514.172619475983083 ], [ 682720.103019752306864, 5658515.101875591091812 ], [ 682722.426160040544346, 5658515.101875591091812 ], [ 682722.426160040544346, 5658514.172619475983083 ], [ 682720.103019752306864, 5658514.172619475983083 ] ] ] ] } },
{ "type": "Feature", "properties": { }, "geometry": { "type": "MultiPolygon", "coordinates": [ [ [ [ 682722.426160040427931, 5658514.172619475983083 ], [ 682722.426160040427931, 5658515.101875591091812 ], [ 682724.749300328665413, 5658515.101875591091812 ], [ 682724.749300328665413, 5658514.172619475983083 ], [ 682722.426160040427931, 5658514.172619475983083 ] ] ] ] } },
{ "type": "Feature", "properties": { }, "geometry": { "type": "MultiPolygon", "coordinates": [ [ [ [ 682724.749300328548998, 5658514.172619475983083 ], [ 682724.749300328548998, 5658515.101875591091812 ], [ 682727.07244061678648, 5658515.101875591091812 ], [ 682727.07244061678648, 5658514.172619475983083 ], [ 682724.749300328548998, 5658514.172619475983083 ] ] ] ] } },
{ "type": "Feature", "properties": { }, "geometry": { "type": "MultiPolygon", "coordinates": [ [ [ [ 682703.841037735459395, 5658513.243363360874355 ], [ 682703.841037735459395, 5658514.172619475983083 ], [ 682706.164178023696877, 5658514.172619475983083 ], [ 682706.164178023696877, 5658513.243363360874355 ], [ 682703.841037735459395, 5658513.243363360874355 ] ] ] ] } },
{ "type": "Feature", "properties": { }, "geometry": { "type": "MultiPolygon", "coordinates": [ [ [ [ 682706.164178023580462, 5658513.243363360874355 ], [ 682706.164178023580462, 5658514.172619475983083 ], [ 682708.487318311817944, 5658514.172619475983083 ], [ 682708.487318311817944, 5658513.243363360874355 ], [ 682706.164178023580462, 5658513.243363360874355 ] ] ] ] } },
{ "type": "Feature", "properties": { }, "geometry": { "type": "MultiPolygon", "coordinates": [ [ [ [ 682708.487318311701529, 5658513.243363360874355 ], [ 682708.487318311701529, 5658514.172619475983083 ], [ 682710.810458599939011, 5658514.172619475983083 ], [ 682710.810458599939011, 5658513.243363360874355 ], [ 682708.487318311701529, 5658513.243363360874355 ] ] ] ] } },
{ "type": "Feature", "properties": { }, "geometry": { "type": "MultiPolygon", "coordinates": [ [ [ [ 682710.810458599822596, 5658513.243363360874355 ], [ 682710.810458599822596, 5658514.172619475983083 ], [ 682713.133598888060078, 5658514.172619475983083 ], [ 682713.133598888060078, 5658513.243363360874355 ], [ 682710.810458599822596, 5658513.243363360874355 ] ] ] ] } },
{ "type": "Feature", "properties": { }, "geometry": { "type": "MultiPolygon", "coordinates": [ [ [ [ 682713.133598887943663, 5658513.243363360874355 ], [ 682713.133598887943663, 5658514.172619475983083 ], [ 682715.456739176181145, 5658514.172619475983083 ], [ 682715.456739176181145, 5658513.243363360874355 ], [ 682713.133598887943663, 5658513.243363360874355 ] ] ] ] } },
{ "type": "Feature", "properties": { }, "geometry": { "type": "MultiPolygon", "coordinates": [ [ [ [ 682715.45673917606473, 5658513.243363360874355 ], [ 682715.45673917606473, 5658514.172619475983083 ], [ 682717.779879464302212, 5658514.172619475983083 ], [ 682717.779879464302212, 5658513.243363360874355 ], [ 682715.45673917606473, 5658513.243363360874355 ] ] ] ] } },
{ "type": "Feature", "properties": { }, "geometry": { "type": "MultiPolygon", "coordinates": [ [ [ [ 682717.779879464185797, 5658513.243363360874355 ], [ 682717.779879464185797, 5658514.172619475983083 ], [ 682720.103019752423279, 5658514.172619475983083 ], [ 682720.103019752423279, 5658513.243363360874355 ], [ 682717.779879464185797, 5658513.243363360874355 ] ] ] ] } },
{ "type": "Feature", "properties": { }, "geometry": { "type": "MultiPolygon", "coordinates": [ [ [ [ 682720.103019752306864, 5658513.243363360874355 ], [ 682720.103019752306864, 5658514.172619475983083 ], [ 682722.426160040544346, 5658514.172619475983083 ], [ 682722.426160040544346, 5658513.243363360874355 ], [ 682720.103019752306864, 5658513.243363360874355 ] ] ] ] } },
{ "type": "Feature", "properties": { }, "geometry": { "type": "MultiPolygon", "coordinates": [ [ [ [ 682722.426160040427931, 5658513.243363360874355 ], [ 682722.426160040427931, 5658514.172619475983083 ], [ 682724.749300328665413, 5658514.172619475983083 ], [ 682724.749300328665413, 5658513.243363360874355 ], [ 682722.426160040427931, 5658513.243363360874355 ] ] ] ] } },
{ "type": "Feature", "properties": { }, "geometry": { "type": "MultiPolygon", "coordinates": [ [ [ [ 682724.749300328548998, 5658513.243363360874355 ], [ 682724.749300328548998, 5658514.172619475983083 ], [ 682727.07244061678648, 5658514.172619475983083 ], [ 682727.07244061678648, 5658513.243363360874355 ], [ 682724.749300328548998, 5658513.243363360874355 ] ] ] ] } },
{ "type": "Feature", "properties": { }, "geometry": { "type": "MultiPolygon", "coordinates": [ [ [ [ 682703.841037735459395, 5658512.314107245765626 ], [ 682703.841037735459395, 5658513.243363360874355 ], [ 682706.164178023696877, 5658513.243363360874355 ], [ 682706.164178023696877, 5658512.314107245765626 ], [ 682703.841037735459395, 5658512.314107245765626 ] ] ] ] } },
{ "type": "Feature", "properties": { }, "geometry": { "type": "MultiPolygon", "coordinates": [ [ [ [ 682706.164178023580462, 5658512.314107245765626 ], [ 682706.164178023580462, 5658513.243363360874355 ], [ 682708.487318311817944, 5658513.243363360874355 ], [ 682708.487318311817944, 5658512.314107245765626 ], [ 682706.164178023580462, 5658512.314107245765626 ] ] ] ] } },
{ "type": "Feature", "properties": { }, "geometry": { "type": "MultiPolygon", "coordinates": [ [ [ [ 682708.487318311701529, 5658512.314107245765626 ], [ 682708.487318311701529, 5658513.243363360874355 ], [ 682710.810458599939011, 5658513.243363360874355 ], [ 682710.810458599939011, 5658512.314107245765626 ], [ 682708.487318311701529, 5658512.314107245765626 ] ] ] ] } },
{ "type": "Feature", "properties": { }, "geometry": { "type": "MultiPolygon", "coordinates": [ [ [ [ 682710.810458599822596, 5658512.314107245765626 ], [ 682710.810458599822596, 5658513.243363360874355 ], [ 682713.133598888060078, 5658513.243363360874355 ], [ 682713.133598888060078, 5658512.314107245765626 ], [ 682710.810458599822596, 5658512.314107245765626 ] ] ] ] } },
{ "type": "Feature", "properties": { }, "geometry": { "type": "MultiPolygon", "coordinates": [ [ [ [ 682713.133598887943663, 5658512.314107245765626 ], [ 682713.133598887943663, 5658513.243363360874355 ], [ 682715.456739176181145, 5658513.243363360874355 ], [ 682715.456739176181145, 5658512.314107245765626 ], [ 682713.133598887943663, 5658512.314107245765626 ] ] ] ] } },
{ "type": "Feature", "properties": { }, "geometry": { "type": "MultiPolygon", "coordinates": [ [ [ [ 682715.45673917606473, 5658512.314107245765626 ], [ 682715.45673917606473, 5658513.243363360874355 ], [ 682717.779879464302212, 5658513.243363360874355 ], [ 682717.779879464302212, 5658512.314107245765626 ], [ 682715.45673917606473, 5658512.314107245765626 ] ] ] ] } },
{ "type": "Feature", "properties": { }, "geometry": { "type": "MultiPolygon", "coordinates": [ [ [ [ 682717.779879464185797, 5658512.314107245765626 ], [ 682717.779879464185797, 5658513.243363360874355 ], [ 682720.103019752423279, 5658513.243363360874355 ], [ 682720.103019752423279, 5658512.314107245765626 ], [ 682717.779879464185797, 5658512.314107245765626 ] ] ] ] } },
{ "type": "Feature", "properties": { }, "geometry": { "type": "MultiPolygon", "coordinates": [ [ [ [ 682720.103019752306864, 5658512.314107245765626 ], [ 682720.103019752306864, 5658513.243363360874355 ], [ 682722.426160040544346, 5658513.243363360874355 ], [ 682722.426160040544346, 5658512.314107245765626 ], [ 682720.103019752306864, 5658512.314107245765626 ] ] ] ] } },
{ "type": "Feature", "properties": { }, "geometry": { "type": "MultiPolygon", "coordinates": [ [ [ [ 682722.426160040427931, 5658512.314107245765626 ], [ 682722.426160040427931, 5658513.243363360874355 ], [ 682724.749300328665413, 5658513.243363360874355 ], [ 682724.749300328665413, 5658512.314107245765626 ], [ 682722.426160040427931, 5658512.314107245765626 ] ] ] ] } },
{ "type": "Feature", "properties": { }, "geometry": { "type": "MultiPolygon", "coordinates": [ [ [ [ 682724.749300328548998, 5658512.314107245765626 ], [ 682724.749300328548998, 5658513.243363360874355 ], [ 682727.07244061678648, 5658513.243363360874355 ], [ 682727.07244061678648, 5658512.314107245765626 ], [ 682724.749300328548998, 5658512.314107245765626 ] ] ] ] } },
{ "type": "Feature", "properties": { }, "geometry": { "type": "MultiPolygon", "coordinates": [ [ [ [ 682703.841037735459395, 5658511.384851130656898 ], [ 682703.841037735459395, 5658512.314107245765626 ], [ 682706.164178023696877, 5658512.314107245765626 ], [ 682706.164178023696877, 5658511.384851130656898 ], [ 682703.841037735459395, 5658511.384851130656898 ] ] ] ] } },
{ "type": "Feature", "properties": { }, "geometry": { "type": "MultiPolygon", "coordinates": [ [ [ [ 682706.164178023580462, 5658511.384851130656898 ], [ 682706.164178023580462, 5658512.314107245765626 ], [ 682708.487318311817944, 5658512.314107245765626 ], [ 682708.487318311817944, 5658511.384851130656898 ], [ 682706.164178023580462, 5658511.384851130656898 ] ] ] ] } },
{ "type": "Feature", "properties": { }, "geometry": { "type": "MultiPolygon", "coordinates": [ [ [ [ 682708.487318311701529, 5658511.384851130656898 ], [ 682708.487318311701529, 5658512.314107245765626 ], [ 682710.810458599939011, 5658512.314107245765626 ], [ 682710.810458599939011, 5658511.384851130656898 ], [ 682708.487318311701529, 5658511.384851130656898 ] ] ] ] } },
{ "type": "Feature", "properties": { }, "geometry": { "type": "MultiPolygon", "coordinates": [ [ [ [ 682710.810458599822596, 5658511.384851130656898 ], [ 682710.810458599822596, 5658512.314107245765626 ], [ 682713.133598888060078, 5658512.314107245765626 ], [ 682713.133598888060078, 5658511.384851130656898 ], [ 682710.810458599822596, 5658511.384851130656898 ] ] ] ] } },
{ "type": "Feature", "properties": { }, "geometry": { "type": "MultiPolygon", "coordinates": [ [ [ [ 682713.133598887943663, 5658511.384851130656898 ], [ 682713.133598887943663, 5658512.314107245765626 ], [ 682715.456739176181145, 5658512.314107245765626 ], [ 682715.456739176181145, 5658511.384851130656898 ], [ 682713.133598887943663, 5658511.384851130656898 ] ] ] ] } },
{ "type": "Feature", "properties": { }, "geometry": { "type": "MultiPolygon", "coordinates": [ [ [ [ 682715.45673917606473, 5658511.384851130656898 ], [ 682715.45673917606473, 5658512.314107245765626 ], [ 682717.779879464302212, 5658512.314107245765626 ], [ 682717.779879464302212, 5658511.384851130656898 ], [ 682715.45673917606473, 5658511.384851130656898 ] ] ] ] } },
{ "type": "Feature", "properties": { }, "geometry": { "type": "MultiPolygon", "coordinates": [ [ [ [ 682717.779879464185797, 5658511.384851130656898 ], [ 682717.779879464185797, 5658512.314107245765626 ], [ 682720.103019752423279, 5658512.314107245765626 ], [ 682720.103019752423279, 5658511.384851130656898 ], [ 682717.779879464185797, 5658511.384851130656898 ] ] ] ] } },
{ "type": "Feature", "properties": { }, "geometry": { "type": "MultiPolygon", "coordinates": [ [ [ [ 682720.103019752306864, 5658511.384851130656898 ], [ 682720.103019752306864, 5658512.314107245765626 ], [ 682722.426160040544346, 5658512.314107245765626 ], [ 682722.426160040544346, 5658511.384851130656898 ], [ 682720.103019752306864, 5658511.384851130656898 ] ] ] ] } },
{ "type": "Feature", "properties": { }, "geometry": { "type": "MultiPolygon", "coordinates": [ [ [ [ 682722.426160040427931, 5658511.384851130656898 ], [ 682722.426160040427931, 5658512.314107245765626 ], [ 682724.749300328665413, 5658512.314107245765626 ], [ 682724.749300328665413, 5658511.384851130656898 ], [ 682722.426160040427931, 5658511.384851130656898 ] ] ] ] } },
{ "type": "Feature", "properties": { }, "geometry": { "type": "MultiPolygon", "coordinates": [ [ [ [ 682724.749300328548998, 5658511.384851130656898 ], [ 682724.749300328548998, 5658512.314107245765626 ], [ 682727.07244061678648, 5658512.314107245765626 ], [ 682727.07244061678648, 5658511.384851130656898 ], [ 682724.749300328548998, 5658511.384851130656898 ] ] ] ] } },
{ "type": "Feature", "properties": { }, "geometry": { "type": "MultiPolygon", "coordinates": [ [ [ [ 682703.841037735459395, 5658510.45559501554817 ], [ 682703.841037735459395, 5658511.384851130656898 ], [ 682706.164178023696877, 5658511.384851130656898 ], [ 682706.164178023696877, 5658510.45559501554817 ], [ 682703.841037735459395, 5658510.45559501554817 ] ] ] ] } },
{ "type": "Feature", "properties": { }, "geometry": { "type": "MultiPolygon", "coordinates": [ [ [ [ 682706.164178023580462, 5658510.45559501554817 ], [ 682706.164178023580462, 5658511.384851130656898 ], [ 682708.487318311817944, 5658511.384851130656898 ], [ 682708.487318311817944, 5658510.45559501554817 ], [ 682706.164178023580462, 5658510.45559501554817 ] ] ] ] } },
{ "type": "Feature", "properties": { }, "geometry": { "type": "MultiPolygon", "coordinates": [ [ [ [ 682708.487318311701529, 5658510.45559501554817 ], [ 682708.487318311701529, 5658511.384851130656898 ], [ 682710.810458599939011, 5658511.384851130656898 ], [ 682710.810458599939011, 5658510.45559501554817 ], [ 682708.487318311701529, 5658510.45559501554817 ] ] ] ] } },
{ "type": "Feature", "properties": { }, "geometry": { "type": "MultiPolygon", "coordinates": [ [ [ [ 682710.810458599822596, 5658510.45559501554817 ], [ 682710.810458599822596, 5658511.384851130656898 ], [ 682713.133598888060078, 5658511.384851130656898 ], [ 682713.133598888060078, 5658510.45559501554817 ], [ 682710.810458599822596, 5658510.45559501554817 ] ] ] ] } },
{ "type": "Feature", "properties": { }, "geometry": { "type": "MultiPolygon", "coordinates": [ [ [ [ 682713.133598887943663, 5658510.45559501554817 ], [ 682713.133598887943663, 5658511.384851130656898 ], [ 682715.456739176181145, 5658511.384851130656898 ], [ 682715.456739176181145, 5658510.45559501554817 ], [ 682713.133598887943663, 5658510.45559501554817 ] ] ] ] } },
{ "type": "Feature", "properties": { }, "geometry": { "type": "MultiPolygon", "coordinates": [ [ [ [ 682715.45673917606473, 5658510.45559501554817 ], [ 682715.45673917606473, 5658511.384851130656898 ], [ 682717.779879464302212, 5658511.384851130656898 ], [ 682717.779879464302212, 5658510.45559501554817 ], [ 682715.45673917606473, 5658510.45559501554817 ] ] ] ] } },
{ "type": "Feature", "properties": { }, "geometry": { "type": "MultiPolygon", "coordinates": [ [ [ [ 682717.779879464185797, 5658510.45559501554817 ], [ 682717.779879464185797, 5658511.384851130656898 ], [ 682720.103019752423279, 5658511.384851130656898 ], [ 682720.103019752423279, 5658510.45559501554817 ], [ 682717.779879464185797, 5658510.45559501554817 ] ] ] ] } },
{ "type": "Feature", "properties": { }, "geometry": { "type": "MultiPolygon", "coordinates": [ [ [ [ 682720.103019752306864, 5658510.45559501554817 ], [ 682720.103019752306864, 5658511.384851130656898 ], [ 682722.426160040544346, 5658511.384851130656898 ], [ 682722.426160040544346, 5658510.45559501554817 ], [ 682720.103019752306864, 5658510.45559501554817 ] ] ] ] } },
{ "type": "Feature", "properties": { }, "geometry": { "type": "MultiPolygon", "coordinates": [ [ [ [ 682722.426160040427931, 5658510.45559501554817 ], [ 682722.426160040427931, 5658511.384851130656898 ], [ 682724.749300328665413, 5658511.384851130656898 ], [ 682724.749300328665413, 5658510.45559501554817 ], [ 682722.426160040427931, 5658510.45559501554817 ] ] ] ] } },
{ "type": "Feature", "properties": { }, "geometry": { "type": "MultiPolygon", "coordinates": [ [ [ [ 682724.749300328548998, 5658510.45559501554817 ], [ 682724.749300328548998, 5658511.384851130656898 ], [ 682727.07244061678648, 5658511.384851130656898 ], [ 682727.07244061678648, 5658510.45559501554817 ], [ 682724.749300328548998, 5658510.45559501554817 ] ] ] ] } },
{ "type": "Feature", "properties": { }, "geometry": { "type": "MultiPolygon", "coordinates": [ [ [ [ 682703.841037735459395, 5658509.526338899508119 ], [ 682703.841037735459395, 5658510.455595014616847 ], [ 682706.164178023696877, 5658510.455595014616847 ], [ 682706.164178023696877, 5658509.526338899508119 ], [ 682703.841037735459395, 5658509.526338899508119 ] ] ] ] } },
{ "type": "Feature", "properties": { }, "geometry": { "type": "MultiPolygon", "coordinates": [ [ [ [ 682706.164178023580462, 5658509.526338899508119 ], [ 682706.164178023580462, 5658510.455595014616847 ], [ 682708.487318311817944, 5658510.455595014616847 ], [ 682708.487318311817944, 5658509.526338899508119 ], [ 682706.164178023580462, 5658509.526338899508119 ] ] ] ] } },
{ "type": "Feature", "properties": { }, "geometry": { "type": "MultiPolygon", "coordinates": [ [ [ [ 682708.487318311701529, 5658509.526338899508119 ], [ 682708.487318311701529, 5658510.455595014616847 ], [ 682710.810458599939011, 5658510.455595014616847 ], [ 682710.810458599939011, 5658509.526338899508119 ], [ 682708.487318311701529, 5658509.526338899508119 ] ] ] ] } },
{ "type": "Feature", "properties": { }, "geometry": { "type": "MultiPolygon", "coordinates": [ [ [ [ 682710.810458599822596, 5658509.526338899508119 ], [ 682710.810458599822596, 5658510.455595014616847 ], [ 682713.133598888060078, 5658510.455595014616847 ], [ 682713.133598888060078, 5658509.526338899508119 ], [ 682710.810458599822596, 5658509.526338899508119 ] ] ] ] } },
{ "type": "Feature", "properties": { }, "geometry": { "type": "MultiPolygon", "coordinates": [ [ [ [ 682713.133598887943663, 5658509.526338899508119 ], [ 682713.133598887943663, 5658510.455595014616847 ], [ 682715.456739176181145, 5658510.455595014616847 ], [ 682715.456739176181145, 5658509.526338899508119 ], [ 682713.133598887943663, 5658509.526338899508119 ] ] ] ] } },
{ "type": "Feature", "properties": { }, "geometry": { "type": "MultiPolygon", "coordinates": [ [ [ [ 682715.45673917606473, 5658509.526338899508119 ], [ 682715.45673917606473, 5658510.455595014616847 ], [ 682717.779879464302212, 5658510.455595014616847 ], [ 682717.779879464302212, 5658509.526338899508119 ], [ 682715.45673917606473, 5658509.526338899508119 ] ] ] ] } },
{ "type": "Feature", "properties": { }, "geometry": { "type": "MultiPolygon", "coordinates": [ [ [ [ 682717.779879464185797, 5658509.526338899508119 ], [ 682717.779879464185797, 5658510.455595014616847 ], [ 682720.103019752423279, 5658510.455595014616847 ], [ 682720.103019752423279, 5658509.526338899508119 ], [ 682717.779879464185797, 5658509.526338899508119 ] ] ] ] } },
{ "type": "Feature", "properties": { }, "geometry": { "type": "MultiPolygon", "coordinates": [ [ [ [ 682720.103019752306864, 5658509.526338899508119 ], [ 682720.103019752306864, 5658510.455595014616847 ], [ 682722.426160040544346, 5658510.455595014616847 ], [ 682722.426160040544346, 5658509.526338899508119 ], [ 682720.103019752306864, 5658509.526338899508119 ] ] ] ] } },
{ "type": "Feature", "properties": { }, "geometry": { "type": "MultiPolygon", "coordinates": [ [ [ [ 682722.426160040427931, 5658509.526338899508119 ], [ 682722.426160040427931, 5658510.455595014616847 ], [ 682724.749300328665413, 5658510.455595014616847 ], [ 682724.749300328665413, 5658509.526338899508119 ], [ 682722.426160040427931, 5658509.526338899508119 ] ] ] ] } },
{ "type": "Feature", "properties": { }, "geometry": { "type": "MultiPolygon", "coordinates": [ [ [ [ 682724.749300328548998, 5658509.526338899508119 ], [ 682724.749300328548998, 5658510.455595014616847 ], [ 682727.07244061678648, 5658510.455595014616847 ], [ 682727.07244061678648, 5658509.526338899508119 ], [ 682724.749300328548998, 5658509.526338899508119 ] ] ] ] } },
{ "type": "Feature", "properties": { }, "geometry": { "type": "MultiPolygon", "coordinates": [ [ [ [ 682703.841037735459395, 5658508.59708278439939 ], [ 682703.841037735459395, 5658509.526338899508119 ], [ 682706.164178023696877, 5658509.526338899508119 ], [ 682706.164178023696877, 5658508.59708278439939 ], [ 682703.841037735459395, 5658508.59708278439939 ] ] ] ] } },
{ "type": "Feature", "properties": { }, "geometry": { "type": "MultiPolygon", "coordinates": [ [ [ [ 682706.164178023580462, 5658508.59708278439939 ], [ 682706.164178023580462, 5658509.526338899508119 ], [ 682708.487318311817944, 5658509.526338899508119 ], [ 682708.487318311817944, 5658508.59708278439939 ], [ 682706.164178023580462, 5658508.59708278439939 ] ] ] ] } },
{ "type": "Feature", "properties": { }, "geometry": { "type": "MultiPolygon", "coordinates": [ [ [ [ 682708.487318311701529, 5658508.59708278439939 ], [ 682708.487318311701529, 5658509.526338899508119 ], [ 682710.810458599939011, 5658509.526338899508119 ], [ 682710.810458599939011, 5658508.59708278439939 ], [ 682708.487318311701529, 5658508.59708278439939 ] ] ] ] } },
{ "type": "Feature", "properties": { }, "geometry": { "type": "MultiPolygon", "coordinates": [ [ [ [ 682710.810458599822596, 5658508.59708278439939 ], [ 682710.810458599822596, 5658509.526338899508119 ], [ 682713.133598888060078, 5658509.526338899508119 ], [ 682713.133598888060078, 5658508.59708278439939 ], [ 682710.810458599822596, 5658508.59708278439939 ] ] ] ] } },
{ "type": "Feature", "properties": { }, "geometry": { "type": "MultiPolygon", "coordinates": [ [ [ [ 682713.133598887943663, 5658508.59708278439939 ], [ 682713.133598887943663, 5658509.526338899508119 ], [ 682715.456739176181145, 5658509.526338899508119 ], [ 682715.456739176181145, 5658508.59708278439939 ], [ 682713.133598887943663, 5658508.59708278439939 ] ] ] ] } },
{ "type": "Feature", "properties": { }, "geometry": { "type": "MultiPolygon", "coordinates": [ [ [ [ 682715.45673917606473, 5658508.59708278439939 ], [ 682715.45673917606473, 5658509.526338899508119 ], [ 682717.779879464302212, 5658509.526338899508119 ], [ 682717.779879464302212, 5658508.59708278439939 ], [ 682715.45673917606473, 5658508.59708278439939 ] ] ] ] } },
{ "type": "Feature", "properties": { }, "geometry": { "type": "MultiPolygon", "coordinates": [ [ [ [ 682717.779879464185797, 5658508.59708278439939 ], [ 682717.779879464185797, 5658509.526338899508119 ], [ 682720.103019752423279, 5658509.526338899508119 ], [ 682720.103019752423279, 5658508.59708278439939 ], [ 682717.779879464185797, 5658508.59708278439939 ] ] ] ] } },
{ "type": "Feature", "properties": { }, "geometry": { "type": "MultiPolygon", "coordinates": [ [ [ [ 682720.103019752306864, 5658508.59708278439939 ], [ 682720.103019752306864, 5658509.526338899508119 ], [ 682722.426160040544346, 5658509.526338899508119 ], [ 682722.426160040544346, 5658508.59708278439939 ], [ 682720.103019752306864, 5658508.59708278439939 ] ] ] ] } },
{ "type": "Feature", "properties": { }, "geometry": { "type": "MultiPolygon", "coordinates": [ [ [ [ 682722.426160040427931, 5658508.59708278439939 ], [ 682722.426160040427931, 5658509.526338899508119 ], [ 682724.749300328665413, 5658509.526338899508119 ], [ 682724.749300328665413, 5658508.59708278439939 ], [ 682722.426160040427931, 5658508.59708278439939 ] ] ] ] } },
{ "type": "Feature", "properties": { }, "geometry": { "type": "MultiPolygon", "coordinates": [ [ [ [ 682724.749300328548998, 5658508.59708278439939 ], [ 682724.749300328548998, 5658509.526338899508119 ], [ 682727.07244061678648, 5658509.526338899508119 ], [ 682727.07244061678648, 5658508.59708278439939 ], [ 682724.749300328548998, 5658508.59708278439939 ] ] ] ] } },
{ "type": "Feature", "properties": { }, "geometry": { "type": "MultiPolygon", "coordinates": [ [ [ [ 682703.841037735459395, 5658507.667826669290662 ], [ 682703.841037735459395, 5658508.59708278439939 ], [ 682706.164178023696877, 5658508.59708278439939 ], [ 682706.164178023696877, 5658507.667826669290662 ], [ 682703.841037735459395, 5658507.667826669290662 ] ] ] ] } },
{ "type": "Feature", "properties": { }, "geometry": { "type": "MultiPolygon", "coordinates": [ [ [ [ 682706.164178023580462, 5658507.667826669290662 ], [ 682706.164178023580462, 5658508.59708278439939 ], [ 682708.487318311817944, 5658508.59708278439939 ], [ 682708.487318311817944, 5658507.667826669290662 ], [ 682706.164178023580462, 5658507.667826669290662 ] ] ] ] } },
{ "type": "Feature", "properties": { }, "geometry": { "type": "MultiPolygon", "coordinates": [ [ [ [ 682708.487318311701529, 5658507.667826669290662 ], [ 682708.487318311701529, 5658508.59708278439939 ], [ 682710.810458599939011, 5658508.59708278439939 ], [ 682710.810458599939011, 5658507.667826669290662 ], [ 682708.487318311701529, 5658507.667826669290662 ] ] ] ] } },
{ "type": "Feature", "properties": { }, "geometry": { "type": "MultiPolygon", "coordinates": [ [ [ [ 682710.810458599822596, 5658507.667826669290662 ], [ 682710.810458599822596, 5658508.59708278439939 ], [ 682713.133598888060078, 5658508.59708278439939 ], [ 682713.133598888060078, 5658507.667826669290662 ], [ 682710.810458599822596, 5658507.667826669290662 ] ] ] ] } },
{ "type": "Feature", "properties": { }, "geometry": { "type": "MultiPolygon", "coordinates": [ [ [ [ 682713.133598887943663, 5658507.667826669290662 ], [ 682713.133598887943663, 5658508.59708278439939 ], [ 682715.456739176181145, 5658508.59708278439939 ], [ 682715.456739176181145, 5658507.667826669290662 ], [ 682713.133598887943663, 5658507.667826669290662 ] ] ] ] } },
{ "type": "Feature", "properties": { }, "geometry": { "type": "MultiPolygon", "coordinates": [ [ [ [ 682715.45673917606473, 5658507.667826669290662 ], [ 682715.45673917606473, 5658508.59708278439939 ], [ 682717.779879464302212, 5658508.59708278439939 ], [ 682717.779879464302212, 5658507.667826669290662 ], [ 682715.45673917606473, 5658507.667826669290662 ] ] ] ] } },
{ "type": "Feature", "properties": { }, "geometry": { "type": "MultiPolygon", "coordinates": [ [ [ [ 682717.779879464185797, 5658507.667826669290662 ], [ 682717.779879464185797, 5658508.59708278439939 ], [ 682720.103019752423279, 5658508.59708278439939 ], [ 682720.103019752423279, 5658507.667826669290662 ], [ 682717.779879464185797, 5658507.667826669290662 ] ] ] ] } },
{ "type": "Feature", "properties": { }, "geometry": { "type": "MultiPolygon", "coordinates": [ [ [ [ 682720.103019752306864, 5658507.667826669290662 ], [ 682720.103019752306864, 5658508.59708278439939 ], [ 682722.426160040544346, 5658508.59708278439939 ], [ 682722.426160040544346, 5658507.667826669290662 ], [ 682720.103019752306864, 5658507.667826669290662 ] ] ] ] } },
{ "type": "Feature", "properties": { }, "geometry": { "type": "MultiPolygon", "coordinates": [ [ [ [ 682722.426160040427931, 5658507.667826669290662 ], [ 682722.426160040427931, 5658508.59708278439939 ], [ 682724.749300328665413, 5658508.59708278439939 ], [ 682724.749300328665413, 5658507.667826669290662 ], [ 682722.426160040427931, 5658507.667826669290662 ] ] ] ] } },
{ "type": "Feature", "properties": { }, "geometry": { "type": "MultiPolygon", "coordinates": [ [ [ [ 682724.749300328548998, 5658507.667826669290662 ], [ 682724.749300328548998, 5658508.59708278439939 ], [ 682727.07244061678648, 5658508.59708278439939 ], [ 682727.07244061678648, 5658507.667826669290662 ], [ 682724.749300328548998, 5658507.667826669290662 ] ] ] ] } },
{ "type": "Feature", "properties": { }, "geometry": { "type": "MultiPolygon", "coordinates": [ [ [ [ 682703.841037735459395, 5658506.738570554181933 ], [ 682703.841037735459395, 5658507.667826669290662 ], [ 682706.164178023696877, 5658507.667826669290662 ], [ 682706.164178023696877, 5658506.738570554181933 ], [ 682703.841037735459395, 5658506.738570554181933 ] ] ] ] } },
{ "type": "Feature", "properties": { }, "geometry": { "type": "MultiPolygon", "coordinates": [ [ [ [ 682706.164178023580462, 5658506.738570554181933 ], [ 682706.164178023580462, 5658507.667826669290662 ], [ 682708.487318311817944, 5658507.667826669290662 ], [ 682708.487318311817944, 5658506.738570554181933 ], [ 682706.164178023580462, 5658506.738570554181933 ] ] ] ] } },
{ "type": "Feature", "properties": { }, "geometry": { "type": "MultiPolygon", "coordinates": [ [ [ [ 682708.487318311701529, 5658506.738570554181933 ], [ 682708.487318311701529, 5658507.667826669290662 ], [ 682710.810458599939011, 5658507.667826669290662 ], [ 682710.810458599939011, 5658506.738570554181933 ], [ 682708.487318311701529, 5658506.738570554181933 ] ] ] ] } },
{ "type": "Feature", "properties": { }, "geometry": { "type": "MultiPolygon", "coordinates": [ [ [ [ 682710.810458599822596, 5658506.738570554181933 ], [ 682710.810458599822596, 5658507.667826669290662 ], [ 682713.133598888060078, 5658507.667826669290662 ], [ 682713.133598888060078, 5658506.738570554181933 ], [ 682710.810458599822596, 5658506.738570554181933 ] ] ] ] } },
{ "type": "Feature", "properties": { }, "geometry": { "type": "MultiPolygon", "coordinates": [ [ [ [ 682713.133598887943663, 5658506.738570554181933 ], [ 682713.133598887943663, 5658507.667826669290662 ], [ 682715.456739176181145, 5658507.667826669290662 ], [ 682715.456739176181145, 5658506.738570554181933 ], [ 682713.133598887943663, 5658506.738570554181933 ] ] ] ] } },
{ "type": "Feature", "properties": { }, "geometry": { "type": "MultiPolygon", "coordinates": [ [ [ [ 682715.45673917606473, 5658506.738570554181933 ], [ 682715.45673917606473, 5658507.667826669290662 ], [ 682717.779879464302212, 5658507.667826669290662 ], [ 682717.779879464302212, 5658506.738570554181933 ], [ 682715.45673917606473, 5658506.738570554181933 ] ] ] ] } },
{ "type": "Feature", "properties": { }, "geometry": { "type": "MultiPolygon", "coordinates": [ [ [ [ 682717.779879464185797, 5658506.738570554181933 ], [ 682717.779879464185797, 5658507.667826669290662 ], [ 682720.103019752423279, 5658507.667826669290662 ], [ 682720.103019752423279, 5658506.738570554181933 ], [ 682717.779879464185797, 5658506.738570554181933 ] ] ] ] } },
{ "type": "Feature", "properties": { }, "geometry": { "type": "MultiPolygon", "coordinates": [ [ [ [ 682720.103019752306864, 5658506.738570554181933 ], [ 682720.103019752306864, 5658507.667826669290662 ], [ 682722.426160040544346, 5658507.667826669290662 ], [ 682722.426160040544346, 5658506.738570554181933 ], [ 682720.103019752306864, 5658506.738570554181933 ] ] ] ] } },
{ "type": "Feature", "properties": { }, "geometry": { "type": "MultiPolygon", "coordinates": [ [ [ [ 682722.426160040427931, 5658506.738570554181933 ], [ 682722.426160040427931, 5658507.667826669290662 ], [ 682724.749300328665413, 5658507.667826669290662 ], [ 682724.749300328665413, 5658506.738570554181933 ], [ 682722.426160040427931, 5658506.738570554181933 ] ] ] ] } },
{ "type": "Feature", "properties": { }, "geometry": { "type": "MultiPolygon", "coordinates": [ [ [ [ 682724.749300328548998, 5658506.738570554181933 ], [ 682724.749300328548998, 5658507.667826669290662 ], [ 682727.07244061678648, 5658507.667826669290662 ], [ 682727.07244061678648, 5658506.738570554181933 ], [ 682724.749300328548998, 5658506.738570554181933 ] ] ] ] } },
{ "type": "Feature", "properties": { }, "geometry": { "type": "MultiPolygon", "coordinates": [ [ [ [ 682703.841037735459395, 5658505.809314439073205 ], [ 682703.841037735459395, 5658506.738570554181933 ], [ 682706.164178023696877, 5658506.738570554181933 ], [ 682706.164178023696877, 5658505.809314439073205 ], [ 682703.841037735459395, 5658505.809314439073205 ] ] ] ] } },
{ "type": "Feature", "properties": { }, "geometry": { "type": "MultiPolygon", "coordinates": [ [ [ [ 682706.164178023580462, 5658505.809314439073205 ], [ 682706.164178023580462, 5658506.738570554181933 ], [ 682708.487318311817944, 5658506.738570554181933 ], [ 682708.487318311817944, 5658505.809314439073205 ], [ 682706.164178023580462, 5658505.809314439073205 ] ] ] ] } },
{ "type": "Feature", "properties": { }, "geometry": { "type": "MultiPolygon", "coordinates": [ [ [ [ 682708.487318311701529, 5658505.809314439073205 ], [ 682708.487318311701529, 5658506.738570554181933 ], [ 682710.810458599939011, 5658506.738570554181933 ], [ 682710.810458599939011, 5658505.809314439073205 ], [ 682708.487318311701529, 5658505.809314439073205 ] ] ] ] } },
{ "type": "Feature", "properties": { }, "geometry": { "type": "MultiPolygon", "coordinates": [ [ [ [ 682710.810458599822596, 5658505.809314439073205 ], [ 682710.810458599822596, 5658506.738570554181933 ], [ 682713.133598888060078, 5658506.738570554181933 ], [ 682713.133598888060078, 5658505.809314439073205 ], [ 682710.810458599822596, 5658505.809314439073205 ] ] ] ] } },
{ "type": "Feature", "properties": { }, "geometry": { "type": "MultiPolygon", "coordinates": [ [ [ [ 682713.133598887943663, 5658505.809314439073205 ], [ 682713.133598887943663, 5658506.738570554181933 ], [ 682715.456739176181145, 5658506.738570554181933 ], [ 682715.456739176181145, 5658505.809314439073205 ], [ 682713.133598887943663, 5658505.809314439073205 ] ] ] ] } },
{ "type": "Feature", "properties": { }, "geometry": { "type": "MultiPolygon", "coordinates": [ [ [ [ 682715.45673917606473, 5658505.809314439073205 ], [ 682715.45673917606473, 5658506.738570554181933 ], [ 682717.779879464302212, 5658506.738570554181933 ], [ 682717.779879464302212, 5658505.809314439073205 ], [ 682715.45673917606473, 5658505.809314439073205 ] ] ] ] } },
{ "type": "Feature", "properties": { }, "geometry": { "type": "MultiPolygon", "coordinates": [ [ [ [ 682717.779879464185797, 5658505.809314439073205 ], [ 682717.779879464185797, 5658506.738570554181933 ], [ 682720.103019752423279, 5658506.738570554181933 ], [ 682720.103019752423279, 5658505.809314439073205 ], [ 682717.779879464185797, 5658505.809314439073205 ] ] ] ] } },
{ "type": "Feature", "properties": { }, "geometry": { "type": "MultiPolygon", "coordinates": [ [ [ [ 682720.103019752306864, 5658505.809314439073205 ], [ 682720.103019752306864, 5658506.738570554181933 ], [ 682722.426160040544346, 5658506.738570554181933 ], [ 682722.426160040544346, 5658505.809314439073205 ], [ 682720.103019752306864, 5658505.809314439073205 ] ] ] ] } },
{ "type": "Feature", "properties": { }, "geometry": { "type": "MultiPolygon", "coordinates": [ [ [ [ 682722.426160040427931, 5658505.809314439073205 ], [ 682722.426160040427931, 5658506.738570554181933 ], [ 682724.749300328665413, 5658506.738570554181933 ], [ 682724.749300328665413, 5658505.809314439073205 ], [ 682722.426160040427931, 5658505.809314439073205 ] ] ] ] } },
{ "type": "Feature", "properties": { }, "geometry": { "type": "MultiPolygon", "coordinates": [ [ [ [ 682724.749300328548998, 5658505.809314439073205 ], [ 682724.749300328548998, 5658506.738570554181933 ], [ 682727.07244061678648, 5658506.738570554181933 ], [ 682727.07244061678648, 5658505.809314439073205 ], [ 682724.749300328548998, 5658505.809314439073205 ] ] ] ] } },
{ "type": "Feature", "properties": { }, "geometry": { "type": "MultiPolygon", "coordinates": [ [ [ [ 682703.841037735459395, 5658504.880058323964477 ], [ 682703.841037735459395, 5658505.809314439073205 ], [ 682706.164178023696877, 5658505.809314439073205 ], [ 682706.164178023696877, 5658504.880058323964477 ], [ 682703.841037735459395, 5658504.880058323964477 ] ] ] ] } },
{ "type": "Feature", "properties": { }, "geometry": { "type": "MultiPolygon", "coordinates": [ [ [ [ 682706.164178023580462, 5658504.880058323964477 ], [ 682706.164178023580462, 5658505.809314439073205 ], [ 682708.487318311817944, 5658505.809314439073205 ], [ 682708.487318311817944, 5658504.880058323964477 ], [ 682706.164178023580462, 5658504.880058323964477 ] ] ] ] } },
{ "type": "Feature", "properties": { }, "geometry": { "type": "MultiPolygon", "coordinates": [ [ [ [ 682708.487318311701529, 5658504.880058323964477 ], [ 682708.487318311701529, 5658505.809314439073205 ], [ 682710.810458599939011, 5658505.809314439073205 ], [ 682710.810458599939011, 5658504.880058323964477 ], [ 682708.487318311701529, 5658504.880058323964477 ] ] ] ] } },
{ "type": "Feature", "properties": { }, "geometry": { "type": "MultiPolygon", "coordinates": [ [ [ [ 682710.810458599822596, 5658504.880058323964477 ], [ 682710.810458599822596, 5658505.809314439073205 ], [ 682713.133598888060078, 5658505.809314439073205 ], [ 682713.133598888060078, 5658504.880058323964477 ], [ 682710.810458599822596, 5658504.880058323964477 ] ] ] ] } },
{ "type": "Feature", "properties": { }, "geometry": { "type": "MultiPolygon", "coordinates": [ [ [ [ 682713.133598887943663, 5658504.880058323964477 ], [ 682713.133598887943663, 5658505.809314439073205 ], [ 682715.456739176181145, 5658505.809314439073205 ], [ 682715.456739176181145, 5658504.880058323964477 ], [ 682713.133598887943663, 5658504.880058323964477 ] ] ] ] } },
{ "type": "Feature", "properties": { }, "geometry": { "type": "MultiPolygon", "coordinates": [ [ [ [ 682715.45673917606473, 5658504.880058323964477 ], [ 682715.45673917606473, 5658505.809314439073205 ], [ 682717.779879464302212, 5658505.809314439073205 ], [ 682717.779879464302212, 5658504.880058323964477 ], [ 682715.45673917606473, 5658504.880058323964477 ] ] ] ] } },
{ "type": "Feature", "properties": { }, "geometry": { "type": "MultiPolygon", "coordinates": [ [ [ [ 682717.779879464185797, 5658504.880058323964477 ], [ 682717.779879464185797, 5658505.809314439073205 ], [ 682720.103019752423279, 5658505.809314439073205 ], [ 682720.103019752423279, 5658504.880058323964477 ], [ 682717.779879464185797, 5658504.880058323964477 ] ] ] ] } },
{ "type": "Feature", "properties": { }, "geometry": { "type": "MultiPolygon", "coordinates": [ [ [ [ 682720.103019752306864, 5658504.880058323964477 ], [ 682720.103019752306864, 5658505.809314439073205 ], [ 682722.426160040544346, 5658505.809314439073205 ], [ 682722.426160040544346, 5658504.880058323964477 ], [ 682720.103019752306864, 5658504.880058323964477 ] ] ] ] } },
{ "type": "Feature", "properties": { }, "geometry": { "type": "MultiPolygon", "coordinates": [ [ [ [ 682722.426160040427931, 5658504.880058323964477 ], [ 682722.426160040427931, 5658505.809314439073205 ], [ 682724.749300328665413, 5658505.809314439073205 ], [ 682724.749300328665413, 5658504.880058323964477 ], [ 682722.426160040427931, 5658504.880058323964477 ] ] ] ] } },
{ "type": "Feature", "properties": { }, "geometry": { "type": "MultiPolygon", "coordinates": [ [ [ [ 682724.749300328548998, 5658504.880058323964477 ], [ 682724.749300328548998, 5658505.809314439073205 ], [ 682727.07244061678648, 5658505.809314439073205 ], [ 682727.07244061678648, 5658504.880058323964477 ], [ 682724.749300328548998, 5658504.880058323964477 ] ] ] ] } },
{ "type": "Feature", "properties": { }, "geometry": { "type": "MultiPolygon", "coordinates": [ [ [ [ 682703.841037735459395, 5658503.950802207924426 ], [ 682703.841037735459395, 5658504.880058323033154 ], [ 682706.164178023696877, 5658504.880058323033154 ], [ 682706.164178023696877, 5658503.950802207924426 ], [ 682703.841037735459395, 5658503.950802207924426 ] ] ] ] } },
{ "type": "Feature", "properties": { }, "geometry": { "type": "MultiPolygon", "coordinates": [ [ [ [ 682706.164178023580462, 5658503.950802207924426 ], [ 682706.164178023580462, 5658504.880058323033154 ], [ 682708.487318311817944, 5658504.880058323033154 ], [ 682708.487318311817944, 5658503.950802207924426 ], [ 682706.164178023580462, 5658503.950802207924426 ] ] ] ] } },
{ "type": "Feature", "properties": { }, "geometry": { "type": "MultiPolygon", "coordinates": [ [ [ [ 682708.487318311701529, 5658503.950802207924426 ], [ 682708.487318311701529, 5658504.880058323033154 ], [ 682710.810458599939011, 5658504.880058323033154 ], [ 682710.810458599939011, 5658503.950802207924426 ], [ 682708.487318311701529, 5658503.950802207924426 ] ] ] ] } },
{ "type": "Feature", "properties": { }, "geometry": { "type": "MultiPolygon", "coordinates": [ [ [ [ 682710.810458599822596, 5658503.950802207924426 ], [ 682710.810458599822596, 5658504.880058323033154 ], [ 682713.133598888060078, 5658504.880058323033154 ], [ 682713.133598888060078, 5658503.950802207924426 ], [ 682710.810458599822596, 5658503.950802207924426 ] ] ] ] } },
{ "type": "Feature", "properties": { }, "geometry": { "type": "MultiPolygon", "coordinates": [ [ [ [ 682713.133598887943663, 5658503.950802207924426 ], [ 682713.133598887943663, 5658504.880058323033154 ], [ 682715.456739176181145, 5658504.880058323033154 ], [ 682715.456739176181145, 5658503.950802207924426 ], [ 682713.133598887943663, 5658503.950802207924426 ] ] ] ] } },
{ "type": "Feature", "properties": { }, "geometry": { "type": "MultiPolygon", "coordinates": [ [ [ [ 682715.45673917606473, 5658503.950802207924426 ], [ 682715.45673917606473, 5658504.880058323033154 ], [ 682717.779879464302212, 5658504.880058323033154 ], [ 682717.779879464302212, 5658503.950802207924426 ], [ 682715.45673917606473, 5658503.950802207924426 ] ] ] ] } },
{ "type": "Feature", "properties": { }, "geometry": { "type": "MultiPolygon", "coordinates": [ [ [ [ 682717.779879464185797, 5658503.950802207924426 ], [ 682717.779879464185797, 5658504.880058323033154 ], [ 682720.103019752423279, 5658504.880058323033154 ], [ 682720.103019752423279, 5658503.950802207924426 ], [ 682717.779879464185797, 5658503.950802207924426 ] ] ] ] } },
{ "type": "Feature", "properties": { }, "geometry": { "type": "MultiPolygon", "coordinates": [ [ [ [ 682720.103019752306864, 5658503.950802207924426 ], [ 682720.103019752306864, 5658504.880058323033154 ], [ 682722.426160040544346, 5658504.880058323033154 ], [ 682722.426160040544346, 5658503.950802207924426 ], [ 682720.103019752306864, 5658503.950802207924426 ] ] ] ] } },
{ "type": "Feature", "properties": { }, "geometry": { "type": "MultiPolygon", "coordinates": [ [ [ [ 682722.426160040427931, 5658503.950802207924426 ], [ 682722.426160040427931, 5658504.880058323033154 ], [ 682724.749300328665413, 5658504.880058323033154 ], [ 682724.749300328665413, 5658503.950802207924426 ], [ 682722.426160040427931, 5658503.950802207924426 ] ] ] ] } },
{ "type": "Feature", "properties": { }, "geometry": { "type": "MultiPolygon", "coordinates": [ [ [ [ 682724.749300328548998, 5658503.950802207924426 ], [ 682724.749300328548998, 5658504.880058323033154 ], [ 682727.07244061678648, 5658504.880058323033154 ], [ 682727.07244061678648, 5658503.950802207924426 ], [ 682724.749300328548998, 5658503.950802207924426 ] ] ] ] } },
{ "type": "Feature", "properties": { }, "geometry": { "type": "MultiPolygon", "coordinates": [ [ [ [ 682703.841037735459395, 5658503.021546092815697 ], [ 682703.841037735459395, 5658503.950802207924426 ], [ 682706.164178023696877, 5658503.950802207924426 ], [ 682706.164178023696877, 5658503.021546092815697 ], [ 682703.841037735459395, 5658503.021546092815697 ] ] ] ] } },
{ "type": "Feature", "properties": { }, "geometry": { "type": "MultiPolygon", "coordinates": [ [ [ [ 682706.164178023580462, 5658503.021546092815697 ], [ 682706.164178023580462, 5658503.950802207924426 ], [ 682708.487318311817944, 5658503.950802207924426 ], [ 682708.487318311817944, 5658503.021546092815697 ], [ 682706.164178023580462, 5658503.021546092815697 ] ] ] ] } },
{ "type": "Feature", "properties": { }, "geometry": { "type": "MultiPolygon", "coordinates": [ [ [ [ 682708.487318311701529, 5658503.021546092815697 ], [ 682708.487318311701529, 5658503.950802207924426 ], [ 682710.810458599939011, 5658503.950802207924426 ], [ 682710.810458599939011, 5658503.021546092815697 ], [ 682708.487318311701529, 5658503.021546092815697 ] ] ] ] } },
{ "type": "Feature", "properties": { }, "geometry": { "type": "MultiPolygon", "coordinates": [ [ [ [ 682710.810458599822596, 5658503.021546092815697 ], [ 682710.810458599822596, 5658503.950802207924426 ], [ 682713.133598888060078, 5658503.950802207924426 ], [ 682713.133598888060078, 5658503.021546092815697 ], [ 682710.810458599822596, 5658503.021546092815697 ] ] ] ] } },
{ "type": "Feature", "properties": { }, "geometry": { "type": "MultiPolygon", "coordinates": [ [ [ [ 682713.133598887943663, 5658503.021546092815697 ], [ 682713.133598887943663, 5658503.950802207924426 ], [ 682715.456739176181145, 5658503.950802207924426 ], [ 682715.456739176181145, 5658503.021546092815697 ], [ 682713.133598887943663, 5658503.021546092815697 ] ] ] ] } },
{ "type": "Feature", "properties": { }, "geometry": { "type": "MultiPolygon", "coordinates": [ [ [ [ 682715.45673917606473, 5658503.021546092815697 ], [ 682715.45673917606473, 5658503.950802207924426 ], [ 682717.779879464302212, 5658503.950802207924426 ], [ 682717.779879464302212, 5658503.021546092815697 ], [ 682715.45673917606473, 5658503.021546092815697 ] ] ] ] } },
{ "type": "Feature", "properties": { }, "geometry": { "type": "MultiPolygon", "coordinates": [ [ [ [ 682717.779879464185797, 5658503.021546092815697 ], [ 682717.779879464185797, 5658503.950802207924426 ], [ 682720.103019752423279, 5658503.950802207924426 ], [ 682720.103019752423279, 5658503.021546092815697 ], [ 682717.779879464185797, 5658503.021546092815697 ] ] ] ] } },
{ "type": "Feature", "properties": { }, "geometry": { "type": "MultiPolygon", "coordinates": [ [ [ [ 682720.103019752306864, 5658503.021546092815697 ], [ 682720.103019752306864, 5658503.950802207924426 ], [ 682722.426160040544346, 5658503.950802207924426 ], [ 682722.426160040544346, 5658503.021546092815697 ], [ 682720.103019752306864, 5658503.021546092815697 ] ] ] ] } },
{ "type": "Feature", "properties": { }, "geometry": { "type": "MultiPolygon", "coordinates": [ [ [ [ 682722.426160040427931, 5658503.021546092815697 ], [ 682722.426160040427931, 5658503.950802207924426 ], [ 682724.749300328665413, 5658503.950802207924426 ], [ 682724.749300328665413, 5658503.021546092815697 ], [ 682722.426160040427931, 5658503.021546092815697 ] ] ] ] } },
{ "type": "Feature", "properties": { }, "geometry": { "type": "MultiPolygon", "coordinates": [ [ [ [ 682724.749300328548998, 5658503.021546092815697 ], [ 682724.749300328548998, 5658503.950802207924426 ], [ 682727.07244061678648, 5658503.950802207924426 ], [ 682727.07244061678648, 5658503.021546092815697 ], [ 682724.749300328548998, 5658503.021546092815697 ] ] ] ] } },
{ "type": "Feature", "properties": { }, "geometry": { "type": "MultiPolygon", "coordinates": [ [ [ [ 682703.841037735459395, 5658502.092289977706969 ], [ 682703.841037735459395, 5658503.021546092815697 ], [ 682706.164178023696877, 5658503.021546092815697 ], [ 682706.164178023696877, 5658502.092289977706969 ], [ 682703.841037735459395, 5658502.092289977706969 ] ] ] ] } },
{ "type": "Feature", "properties": { }, "geometry": { "type": "MultiPolygon", "coordinates": [ [ [ [ 682706.164178023580462, 5658502.092289977706969 ], [ 682706.164178023580462, 5658503.021546092815697 ], [ 682708.487318311817944, 5658503.021546092815697 ], [ 682708.487318311817944, 5658502.092289977706969 ], [ 682706.164178023580462, 5658502.092289977706969 ] ] ] ] } },
{ "type": "Feature", "properties": { }, "geometry": { "type": "MultiPolygon", "coordinates": [ [ [ [ 682708.487318311701529, 5658502.092289977706969 ], [ 682708.487318311701529, 5658503.021546092815697 ], [ 682710.810458599939011, 5658503.021546092815697 ], [ 682710.810458599939011, 5658502.092289977706969 ], [ 682708.487318311701529, 5658502.092289977706969 ] ] ] ] } },
{ "type": "Feature", "properties": { }, "geometry": { "type": "MultiPolygon", "coordinates": [ [ [ [ 682710.810458599822596, 5658502.092289977706969 ], [ 682710.810458599822596, 5658503.021546092815697 ], [ 682713.133598888060078, 5658503.021546092815697 ], [ 682713.133598888060078, 5658502.092289977706969 ], [ 682710.810458599822596, 5658502.092289977706969 ] ] ] ] } },
{ "type": "Feature", "properties": { }, "geometry": { "type": "MultiPolygon", "coordinates": [ [ [ [ 682713.133598887943663, 5658502.092289977706969 ], [ 682713.133598887943663, 5658503.021546092815697 ], [ 682715.456739176181145, 5658503.021546092815697 ], [ 682715.456739176181145, 5658502.092289977706969 ], [ 682713.133598887943663, 5658502.092289977706969 ] ] ] ] } },
{ "type": "Feature", "properties": { }, "geometry": { "type": "MultiPolygon", "coordinates": [ [ [ [ 682715.45673917606473, 5658502.092289977706969 ], [ 682715.45673917606473, 5658503.021546092815697 ], [ 682717.779879464302212, 5658503.021546092815697 ], [ 682717.779879464302212, 5658502.092289977706969 ], [ 682715.45673917606473, 5658502.092289977706969 ] ] ] ] } },
{ "type": "Feature", "properties": { }, "geometry": { "type": "MultiPolygon", "coordinates": [ [ [ [ 682717.779879464185797, 5658502.092289977706969 ], [ 682717.779879464185797, 5658503.021546092815697 ], [ 682720.103019752423279, 5658503.021546092815697 ], [ 682720.103019752423279, 5658502.092289977706969 ], [ 682717.779879464185797, 5658502.092289977706969 ] ] ] ] } },
{ "type": "Feature", "properties": { }, "geometry": { "type": "MultiPolygon", "coordinates": [ [ [ [ 682720.103019752306864, 5658502.092289977706969 ], [ 682720.103019752306864, 5658503.021546092815697 ], [ 682722.426160040544346, 5658503.021546092815697 ], [ 682722.426160040544346, 5658502.092289977706969 ], [ 682720.103019752306864, 5658502.092289977706969 ] ] ] ] } },
{ "type": "Feature", "properties": { }, "geometry": { "type": "MultiPolygon", "coordinates": [ [ [ [ 682722.426160040427931, 5658502.092289977706969 ], [ 682722.426160040427931, 5658503.021546092815697 ], [ 682724.749300328665413, 5658503.021546092815697 ], [ 682724.749300328665413, 5658502.092289977706969 ], [ 682722.426160040427931, 5658502.092289977706969 ] ] ] ] } },
{ "type": "Feature", "properties": { }, "geometry": { "type": "MultiPolygon", "coordinates": [ [ [ [ 682724.749300328548998, 5658502.092289977706969 ], [ 682724.749300328548998, 5658503.021546092815697 ], [ 682727.07244061678648, 5658503.021546092815697 ], [ 682727.07244061678648, 5658502.092289977706969 ], [ 682724.749300328548998, 5658502.092289977706969 ] ] ] ] } }
]
}
